{
"type": "FeatureCollection",
"name": "admin_south_bali",
"xy_coordinate_resolution": 1e-06,
"features": [
{ "type": "Feature", "properties": { "id": 4, "fid": 4, "objectid": 4148, "namobj": "Kuta", "fcode": "BA03070040", "wadmkc": "Kuta", "wadmkk": "Badung", "wadmpr": "Bali", "jumlah_penduduk": 59160, "area_admini": 22198778.710149616 }, "geometry": { "type": "MultiPolygon", "coordinates": [ [ [ [ 115.188699, -8.765627 ], [ 115.188821, -8.765565 ], [ 115.188916, -8.765444 ], [ 115.188973, -8.765235 ], [ 115.188966, -8.764968 ], [ 115.18886, -8.764444 ], [ 115.188757, -8.764199 ], [ 115.188622, -8.764036 ], [ 115.188504, -8.763972 ], [ 115.188296, -8.763958 ], [ 115.188171, -8.763993 ], [ 115.188044, -8.764123 ], [ 115.187881, -8.764558 ], [ 115.187837, -8.76466 ], [ 115.187796, -8.764686 ], [ 115.18772, -8.764961 ], [ 115.18771, -8.76513 ], [ 115.187764, -8.765275 ], [ 115.187961, -8.76548 ], [ 115.188163, -8.76559 ], [ 115.188502, -8.765646 ], [ 115.188699, -8.765627 ] ] ], [ [ [ 115.151851, -8.682503 ], [ 115.151772, -8.682482 ], [ 115.15157, -8.682313 ], [ 115.151387, -8.682131 ], [ 115.151161, -8.682049 ], [ 115.151015, -8.68205 ], [ 115.150779, -8.682154 ], [ 115.150726, -8.682184 ], [ 115.150726, -8.682184 ], [ 115.150726, -8.682184 ], [ 115.150726, -8.682185 ], [ 115.150908, -8.682625 ], [ 115.15112, -8.682972 ], [ 115.151324, -8.683232 ], [ 115.152165, -8.684224 ], [ 115.152684, -8.685042 ], [ 115.153839, -8.686895 ], [ 115.154338, -8.687582 ], [ 115.154805, -8.688386 ], [ 115.155002, -8.688654 ], [ 115.155464, -8.689097 ], [ 115.156112, -8.68956 ], [ 115.15629, -8.68974 ], [ 115.156334, -8.689795 ], [ 115.156666, -8.690264 ], [ 115.156884, -8.690658 ], [ 115.157066, -8.691018 ], [ 115.157418, -8.691542 ], [ 115.158102, -8.692386 ], [ 115.158937, -8.693708 ], [ 115.159787, -8.69475 ], [ 115.160114, -8.695237 ], [ 115.160378, -8.69578 ], [ 115.161023, -8.697127 ], [ 115.161337, -8.69762 ], [ 115.161423, -8.697755 ], [ 115.161585, -8.698009 ], [ 115.162073, -8.698756 ], [ 115.16303, -8.700753 ], [ 115.163235, -8.701259 ], [ 115.163703, -8.702253 ], [ 115.164622, -8.704182 ], [ 115.164844, -8.704853 ], [ 115.164964, -8.705249 ], [ 115.165006, -8.705353 ], [ 115.165175, -8.705865 ], [ 115.165541, -8.706924 ], [ 115.165799, -8.707679 ], [ 115.166042, -8.708619 ], [ 115.166182, -8.709289 ], [ 115.166632, -8.711517 ], [ 115.166729, -8.71188 ], [ 115.167095, -8.713259 ], [ 115.16719, -8.713613 ], [ 115.167574, -8.714818 ], [ 115.167827, -8.715519 ], [ 115.167871, -8.715765 ], [ 115.168297, -8.717676 ], [ 115.168776, -8.719802 ], [ 115.16926, -8.721989 ], [ 115.169347, -8.722907 ], [ 115.169328, -8.723453 ], [ 115.169218, -8.724093 ], [ 115.169079, -8.72448 ], [ 115.168896, -8.724842 ], [ 115.168477, -8.725524 ], [ 115.167968, -8.726189 ], [ 115.167487, -8.726676 ], [ 115.166806, -8.72717 ], [ 115.165371, -8.728127 ], [ 115.165002, -8.728471 ], [ 115.164445, -8.729084 ], [ 115.164042, -8.729755 ], [ 115.163837, -8.730249 ], [ 115.163719, -8.730651 ], [ 115.163623, -8.731642 ], [ 115.163354, -8.733175 ], [ 115.162943, -8.734784 ], [ 115.162541, -8.735597 ], [ 115.162082, -8.736425 ], [ 115.161762, -8.736705 ], [ 115.161436, -8.736991 ], [ 115.160998, -8.737124 ], [ 115.160656, -8.737105 ], [ 115.160199, -8.737238 ], [ 115.160199, -8.737619 ], [ 115.160484, -8.737771 ], [ 115.160789, -8.7384 ], [ 115.160789, -8.739046 ], [ 115.160789, -8.739561 ], [ 115.160339, -8.740892 ], [ 115.160325, -8.741044 ], [ 115.160216, -8.741858 ], [ 115.160165, -8.742147 ], [ 115.159529, -8.74207 ], [ 115.156822, -8.742159 ], [ 115.156941, -8.744033 ], [ 115.151974, -8.744301 ], [ 115.152252, -8.74726 ], [ 115.152159, -8.747523 ], [ 115.152197, -8.748775 ], [ 115.152215, -8.749551 ], [ 115.152215, -8.749552 ], [ 115.152217, -8.75 ], [ 115.152217, -8.750001 ], [ 115.152217, -8.750123 ], [ 115.152278, -8.750348 ], [ 115.152411, -8.750486 ], [ 115.152524, -8.75052 ], [ 115.152756, -8.750499 ], [ 115.153021, -8.750497 ], [ 115.153724, -8.750493 ], [ 115.155281, -8.750415 ], [ 115.157552, -8.750321 ], [ 115.158432, -8.75024 ], [ 115.158957, -8.750227 ], [ 115.159594, -8.750291 ], [ 115.159769, -8.750383 ], [ 115.160152, -8.750695 ], [ 115.160932, -8.751599 ], [ 115.161228, -8.751828 ], [ 115.161538, -8.751958 ], [ 115.162009, -8.752151 ], [ 115.162488, -8.752445 ], [ 115.163098, -8.753003 ], [ 115.163552, -8.753487 ], [ 115.164021, -8.753967 ], [ 115.164573, -8.754454 ], [ 115.165926, -8.755571 ], [ 115.166566, -8.75612 ], [ 115.167025, -8.756559 ], [ 115.167225, -8.756778 ], [ 115.167228, -8.756782 ], [ 115.167265, -8.756836 ], [ 115.167478, -8.757165 ], [ 115.167757, -8.757568 ], [ 115.167949, -8.75797 ], [ 115.168563, -8.759387 ], [ 115.168769, -8.760085 ], [ 115.168945, -8.760756 ], [ 115.169133, -8.761683 ], [ 115.16915, -8.762156 ], [ 115.169158, -8.764346 ], [ 115.169072, -8.765924 ], [ 115.168826, -8.767349 ], [ 115.168819, -8.767388 ], [ 115.169808, -8.767313 ], [ 115.169826, -8.767313 ], [ 115.170167, -8.767317 ], [ 115.170782, -8.767336 ], [ 115.172004, -8.767455 ], [ 115.172794, -8.767495 ], [ 115.17408, -8.767512 ], [ 115.174136, -8.767511 ], [ 115.174161, -8.767541 ], [ 115.174432, -8.767696 ], [ 115.174799, -8.767838 ], [ 115.17503, -8.767941 ], [ 115.175518, -8.768051 ], [ 115.176429, -8.76833 ], [ 115.176996, -8.768535 ], [ 115.177016, -8.768542 ], [ 115.177019, -8.768542 ], [ 115.17734, -8.768623 ], [ 115.178076, -8.768502 ], [ 115.178134, -8.768508 ], [ 115.178258, -8.768635 ], [ 115.178588, -8.768979 ], [ 115.178844, -8.769201 ], [ 115.178965, -8.769255 ], [ 115.179039, -8.769255 ], [ 115.17912, -8.769228 ], [ 115.179167, -8.769174 ], [ 115.179235, -8.769059 ], [ 115.179322, -8.768676 ], [ 115.179376, -8.768531 ], [ 115.179515, -8.768521 ], [ 115.179538, -8.768541 ], [ 115.179834, -8.768628 ], [ 115.18013, -8.768736 ], [ 115.180373, -8.768783 ], [ 115.180541, -8.76877 ], [ 115.180824, -8.768709 ], [ 115.181057, -8.768713 ], [ 115.181504, -8.768905 ], [ 115.182174, -8.76947 ], [ 115.183135, -8.770348 ], [ 115.183395, -8.770443 ], [ 115.18368, -8.770421 ], [ 115.184177, -8.770423 ], [ 115.184722, -8.770355 ], [ 115.185291, -8.770099 ], [ 115.185957, -8.769702 ], [ 115.186597, -8.769517 ], [ 115.187308, -8.769379 ], [ 115.188042, -8.769336 ], [ 115.188326, -8.769384 ], [ 115.188681, -8.769574 ], [ 115.189058, -8.769788 ], [ 115.189319, -8.76986 ], [ 115.189626, -8.769885 ], [ 115.189935, -8.769745 ], [ 115.190221, -8.769417 ], [ 115.19039, -8.768782 ], [ 115.190441, -8.767959 ], [ 115.190328, -8.766923 ], [ 115.190343, -8.766809 ], [ 115.190328, -8.766803 ], [ 115.190322, -8.7668 ], [ 115.190319, -8.766797 ], [ 115.19024, -8.766721 ], [ 115.190189, -8.766646 ], [ 115.190161, -8.766605 ], [ 115.190166, -8.76614 ], [ 115.190146, -8.765953 ], [ 115.190035, -8.765724 ], [ 115.189922, -8.765596 ], [ 115.189814, -8.765556 ], [ 115.189782, -8.765544 ], [ 115.189645, -8.76555 ], [ 115.189216, -8.765962 ], [ 115.189061, -8.766113 ], [ 115.189023, -8.76615 ], [ 115.188846, -8.766239 ], [ 115.18867, -8.766254 ], [ 115.18788, -8.765872 ], [ 115.187247, -8.765563 ], [ 115.187005, -8.765431 ], [ 115.186877, -8.765313 ], [ 115.186807, -8.764743 ], [ 115.186761, -8.764576 ], [ 115.186711, -8.764453 ], [ 115.186708, -8.764414 ], [ 115.186708, -8.764413 ], [ 115.186711, -8.764408 ], [ 115.186906, -8.764066 ], [ 115.18713, -8.763637 ], [ 115.187173, -8.763485 ], [ 115.187185, -8.763444 ], [ 115.187168, -8.763318 ], [ 115.187129, -8.763254 ], [ 115.187106, -8.763236 ], [ 115.186745, -8.763043 ], [ 115.186463, -8.762877 ], [ 115.186176, -8.762788 ], [ 115.186011, -8.762781 ], [ 115.185988, -8.76278 ], [ 115.185779, -8.762858 ], [ 115.185632, -8.762979 ], [ 115.185549, -8.763136 ], [ 115.185532, -8.763168 ], [ 115.185486, -8.763626 ], [ 115.185484, -8.763644 ], [ 115.185486, -8.763703 ], [ 115.185502, -8.764222 ], [ 115.185511, -8.764496 ], [ 115.185486, -8.764589 ], [ 115.185465, -8.764666 ], [ 115.185431, -8.764712 ], [ 115.185339, -8.764838 ], [ 115.1853, -8.764865 ], [ 115.185009, -8.765069 ], [ 115.184633, -8.765308 ], [ 115.184411, -8.765535 ], [ 115.184327, -8.765605 ], [ 115.183716, -8.765612 ], [ 115.183692, -8.765612 ], [ 115.18365, -8.765613 ], [ 115.183619, -8.765456 ], [ 115.183653, -8.765365 ], [ 115.183806, -8.765306 ], [ 115.18387, -8.765281 ], [ 115.18398, -8.76524 ], [ 115.18407, -8.765131 ], [ 115.184137, -8.764842 ], [ 115.184139, -8.764765 ], [ 115.184082, -8.764765 ], [ 115.183288, -8.76477 ], [ 115.183041, -8.764764 ], [ 115.182835, -8.764701 ], [ 115.182761, -8.764645 ], [ 115.182761, -8.764588 ], [ 115.182761, -8.764449 ], [ 115.182762, -8.764442 ], [ 115.182782, -8.764327 ], [ 115.182729, -8.764041 ], [ 115.182729, -8.764039 ], [ 115.182678, -8.763925 ], [ 115.182577, -8.763699 ], [ 115.18205, -8.763057 ], [ 115.181776, -8.762704 ], [ 115.181371, -8.761667 ], [ 115.18133, -8.761563 ], [ 115.181238, -8.761066 ], [ 115.180943, -8.759464 ], [ 115.180877, -8.75897 ], [ 115.180885, -8.758479 ], [ 115.180966, -8.758082 ], [ 115.181042, -8.75771 ], [ 115.181227, -8.757081 ], [ 115.181233, -8.757058 ], [ 115.181468, -8.756567 ], [ 115.18198, -8.755621 ], [ 115.182103, -8.755422 ], [ 115.182138, -8.755382 ], [ 115.182175, -8.755337 ], [ 115.182493, -8.754862 ], [ 115.182813, -8.75422 ], [ 115.183085, -8.753562 ], [ 115.183109, -8.753503 ], [ 115.183119, -8.753452 ], [ 115.18318, -8.753144 ], [ 115.183289, -8.752538 ], [ 115.183295, -8.752502 ], [ 115.183509, -8.751817 ], [ 115.183575, -8.75158 ], [ 115.183621, -8.751413 ], [ 115.183758, -8.75088 ], [ 115.184015, -8.750001 ], [ 115.184015, -8.75 ], [ 115.184082, -8.749773 ], [ 115.184131, -8.749608 ], [ 115.184282, -8.749161 ], [ 115.184302, -8.749103 ], [ 115.184641, -8.74835 ], [ 115.184752, -8.748046 ], [ 115.184741, -8.747899 ], [ 115.184616, -8.747529 ], [ 115.184592, -8.747338 ], [ 115.184491, -8.746147 ], [ 115.184462, -8.745341 ], [ 115.184421, -8.745063 ], [ 115.184339, -8.744922 ], [ 115.184094, -8.744714 ], [ 115.184037, -8.744633 ], [ 115.184006, -8.744458 ], [ 115.184057, -8.744263 ], [ 115.184213, -8.74398 ], [ 115.184674, -8.743404 ], [ 115.184847, -8.743285 ], [ 115.184847, -8.743285 ], [ 115.185154, -8.743196 ], [ 115.185162, -8.743194 ], [ 115.185485, -8.743101 ], [ 115.185485, -8.743101 ], [ 115.185487, -8.743104 ], [ 115.185517, -8.743151 ], [ 115.185744, -8.74343 ], [ 115.185864, -8.743492 ], [ 115.185983, -8.743378 ], [ 115.185992, -8.743356 ], [ 115.18605, -8.743206 ], [ 115.18608, -8.742991 ], [ 115.18608, -8.742465 ], [ 115.186096, -8.742231 ], [ 115.18611, -8.742032 ], [ 115.186265, -8.741448 ], [ 115.186314, -8.741364 ], [ 115.186438, -8.741153 ], [ 115.186621, -8.741042 ], [ 115.186657, -8.741019 ], [ 115.187029, -8.740779 ], [ 115.1872, -8.740724 ], [ 115.187368, -8.74075 ], [ 115.187461, -8.740784 ], [ 115.187656, -8.740854 ], [ 115.187938, -8.740917 ], [ 115.188203, -8.740938 ], [ 115.188372, -8.740906 ], [ 115.188476, -8.740886 ], [ 115.188601, -8.740812 ], [ 115.188724, -8.74074 ], [ 115.188745, -8.740706 ], [ 115.188821, -8.740586 ], [ 115.188873, -8.740349 ], [ 115.188945, -8.740065 ], [ 115.189134, -8.739912 ], [ 115.189345, -8.739741 ], [ 115.189368, -8.739661 ], [ 115.189385, -8.739599 ], [ 115.189349, -8.739515 ], [ 115.189256, -8.739467 ], [ 115.188983, -8.739404 ], [ 115.188892, -8.739356 ], [ 115.188755, -8.739338 ], [ 115.188754, -8.739338 ], [ 115.188839, -8.739045 ], [ 115.188764, -8.739038 ], [ 115.188703, -8.739015 ], [ 115.188298, -8.738863 ], [ 115.188248, -8.738833 ], [ 115.187775, -8.738544 ], [ 115.187645, -8.738305 ], [ 115.187563, -8.738155 ], [ 115.187434, -8.737917 ], [ 115.18724, -8.737168 ], [ 115.187268, -8.736237 ], [ 115.187272, -8.736082 ], [ 115.187275, -8.736005 ], [ 115.187377, -8.735882 ], [ 115.187447, -8.735696 ], [ 115.187447, -8.735492 ], [ 115.187421, -8.735248 ], [ 115.18743, -8.735221 ], [ 115.187437, -8.735181 ], [ 115.187461, -8.735147 ], [ 115.189024, -8.7345 ], [ 115.189004, -8.734379 ], [ 115.189664, -8.733512 ], [ 115.189881, -8.733227 ], [ 115.18815, -8.728654 ], [ 115.187288, -8.721473 ], [ 115.187067, -8.721451 ], [ 115.186961, -8.721441 ], [ 115.186934, -8.7207 ], [ 115.18708, -8.720223 ], [ 115.18716, -8.720014 ], [ 115.187417, -8.71964 ], [ 115.188116, -8.7187 ], [ 115.188038, -8.718639 ], [ 115.187912, -8.718529 ], [ 115.187815, -8.718458 ], [ 115.18775, -8.718376 ], [ 115.187744, -8.718298 ], [ 115.187695, -8.718267 ], [ 115.187628, -8.718244 ], [ 115.18758, -8.71822 ], [ 115.187555, -8.718202 ], [ 115.187502, -8.718164 ], [ 115.187275, -8.718017 ], [ 115.187204, -8.71797 ], [ 115.187153, -8.717947 ], [ 115.187095, -8.717928 ], [ 115.187059, -8.717901 ], [ 115.187043, -8.717873 ], [ 115.187026, -8.717825 ], [ 115.186974, -8.717659 ], [ 115.186881, -8.717282 ], [ 115.186865, -8.717179 ], [ 115.186855, -8.717077 ], [ 115.186847, -8.71696 ], [ 115.186848, -8.716875 ], [ 115.186871, -8.71667 ], [ 115.186905, -8.716562 ], [ 115.186924, -8.716497 ], [ 115.186951, -8.716446 ], [ 115.187009, -8.716326 ], [ 115.187042, -8.716242 ], [ 115.18708, -8.715991 ], [ 115.187095, -8.71572 ], [ 115.187082, -8.715503 ], [ 115.187066, -8.715347 ], [ 115.187066, -8.715326 ], [ 115.187061, -8.715301 ], [ 115.187044, -8.715282 ], [ 115.186877, -8.715212 ], [ 115.186858, -8.7152 ], [ 115.18684, -8.715183 ], [ 115.186831, -8.715132 ], [ 115.186831, -8.714904 ], [ 115.186822, -8.714823 ], [ 115.186797, -8.71473 ], [ 115.186793, -8.714685 ], [ 115.1868, -8.714599 ], [ 115.186835, -8.71429 ], [ 115.18685, -8.714061 ], [ 115.186852, -8.713854 ], [ 115.186884, -8.713585 ], [ 115.186923, -8.713247 ], [ 115.186471, -8.713221 ], [ 115.186435, -8.712899 ], [ 115.186383, -8.712648 ], [ 115.186311, -8.712367 ], [ 115.186231, -8.712123 ], [ 115.18617, -8.711946 ], [ 115.186041, -8.711718 ], [ 115.185988, -8.711617 ], [ 115.185967, -8.711577 ], [ 115.185993, -8.711563 ], [ 115.186384, -8.711352 ], [ 115.186403, -8.711283 ], [ 115.186392, -8.711223 ], [ 115.186368, -8.711164 ], [ 115.186227, -8.710862 ], [ 115.186209, -8.710823 ], [ 115.186193, -8.710776 ], [ 115.186185, -8.71073 ], [ 115.186192, -8.710688 ], [ 115.186225, -8.710611 ], [ 115.18629, -8.710501 ], [ 115.186373, -8.710396 ], [ 115.186385, -8.710387 ], [ 115.186509, -8.710291 ], [ 115.186672, -8.710184 ], [ 115.18673, -8.710106 ], [ 115.186831, -8.709768 ], [ 115.186857, -8.709648 ], [ 115.186882, -8.709535 ], [ 115.186894, -8.709444 ], [ 115.186894, -8.709356 ], [ 115.186877, -8.709129 ], [ 115.18688, -8.708975 ], [ 115.186898, -8.708855 ], [ 115.186958, -8.708624 ], [ 115.186965, -8.70859 ], [ 115.186981, -8.708567 ], [ 115.187, -8.708553 ], [ 115.187024, -8.708548 ], [ 115.187045, -8.708544 ], [ 115.187074, -8.708531 ], [ 115.187096, -8.708504 ], [ 115.187203, -8.708287 ], [ 115.187296, -8.707975 ], [ 115.187417, -8.707528 ], [ 115.187562, -8.706966 ], [ 115.187442, -8.706926 ], [ 115.187335, -8.70689 ], [ 115.186561, -8.706655 ], [ 115.186595, -8.706522 ], [ 115.18592, -8.706326 ], [ 115.185611, -8.706261 ], [ 115.185808, -8.70585 ], [ 115.185937, -8.705621 ], [ 115.186057, -8.705416 ], [ 115.186092, -8.70534 ], [ 115.186136, -8.705209 ], [ 115.186162, -8.705125 ], [ 115.186152, -8.70497 ], [ 115.18615, -8.704964 ], [ 115.186155, -8.704956 ], [ 115.186159, -8.704952 ], [ 115.186171, -8.704947 ], [ 115.186182, -8.704942 ], [ 115.186188, -8.704933 ], [ 115.186206, -8.704898 ], [ 115.186232, -8.704815 ], [ 115.186237, -8.704805 ], [ 115.186243, -8.704797 ], [ 115.186251, -8.704788 ], [ 115.186272, -8.70477 ], [ 115.186276, -8.704762 ], [ 115.18628, -8.704746 ], [ 115.186281, -8.704727 ], [ 115.18628, -8.704714 ], [ 115.186282, -8.7047 ], [ 115.186297, -8.704631 ], [ 115.186281, -8.704556 ], [ 115.186243, -8.704539 ], [ 115.185854, -8.704459 ], [ 115.185326, -8.704358 ], [ 115.1848, -8.70425 ], [ 115.184426, -8.704136 ], [ 115.184282, -8.704351 ], [ 115.184178, -8.704517 ], [ 115.183822, -8.704392 ], [ 115.182627, -8.703924 ], [ 115.182146, -8.703749 ], [ 115.182166, -8.703023 ], [ 115.182168, -8.702955 ], [ 115.182169, -8.702906 ], [ 115.18219, -8.702762 ], [ 115.1822, -8.702622 ], [ 115.182222, -8.702464 ], [ 115.182235, -8.702282 ], [ 115.18224, -8.702179 ], [ 115.182243, -8.702122 ], [ 115.182232, -8.701929 ], [ 115.182224, -8.701864 ], [ 115.182218, -8.701784 ], [ 115.182209, -8.701664 ], [ 115.182208, -8.701639 ], [ 115.182195, -8.701595 ], [ 115.182194, -8.701564 ], [ 115.182201, -8.701464 ], [ 115.18221, -8.701427 ], [ 115.182241, -8.701335 ], [ 115.182297, -8.700988 ], [ 115.182327, -8.700808 ], [ 115.18235, -8.700409 ], [ 115.182353, -8.700303 ], [ 115.182395, -8.699953 ], [ 115.181549, -8.699885 ], [ 115.181644, -8.698885 ], [ 115.181761, -8.697969 ], [ 115.179812, -8.69782 ], [ 115.179246, -8.697777 ], [ 115.179013, -8.697677 ], [ 115.17895, -8.697649 ], [ 115.178773, -8.697655 ], [ 115.178418, -8.697543 ], [ 115.178388, -8.697541 ], [ 115.178365, -8.697547 ], [ 115.178351, -8.697556 ], [ 115.178335, -8.697568 ], [ 115.178318, -8.697591 ], [ 115.178311, -8.697611 ], [ 115.178307, -8.697639 ], [ 115.178289, -8.69786 ], [ 115.178288, -8.697882 ], [ 115.178154, -8.69785 ], [ 115.178069, -8.697833 ], [ 115.177989, -8.697813 ], [ 115.177947, -8.697799 ], [ 115.177933, -8.69779 ], [ 115.177886, -8.697758 ], [ 115.177811, -8.697705 ], [ 115.177736, -8.697644 ], [ 115.177681, -8.697626 ], [ 115.177652, -8.697623 ], [ 115.177608, -8.697631 ], [ 115.177558, -8.697657 ], [ 115.177477, -8.697703 ], [ 115.177188, -8.697863 ], [ 115.17707, -8.697629 ], [ 115.177069, -8.697627 ], [ 115.176972, -8.697462 ], [ 115.176588, -8.696777 ], [ 115.176437, -8.696465 ], [ 115.176334, -8.696294 ], [ 115.176342, -8.696203 ], [ 115.176364, -8.696051 ], [ 115.176378, -8.695942 ], [ 115.176392, -8.695886 ], [ 115.176424, -8.695817 ], [ 115.17647, -8.695754 ], [ 115.176573, -8.695632 ], [ 115.176621, -8.695563 ], [ 115.176703, -8.695505 ], [ 115.176788, -8.695482 ], [ 115.176831, -8.695475 ], [ 115.176906, -8.695479 ], [ 115.177029, -8.695492 ], [ 115.177106, -8.695489 ], [ 115.177432, -8.695425 ], [ 115.177555, -8.695395 ], [ 115.177756, -8.695328 ], [ 115.177867, -8.69529 ], [ 115.177937, -8.695273 ], [ 115.178005, -8.695253 ], [ 115.178038, -8.695255 ], [ 115.178088, -8.695265 ], [ 115.178149, -8.695276 ], [ 115.178206, -8.69528 ], [ 115.178373, -8.695289 ], [ 115.178505, -8.695316 ], [ 115.178612, -8.695362 ], [ 115.178754, -8.695427 ], [ 115.178817, -8.695453 ], [ 115.178854, -8.695464 ], [ 115.178911, -8.695464 ], [ 115.178958, -8.695454 ], [ 115.179066, -8.695395 ], [ 115.179226, -8.695245 ], [ 115.179346, -8.695145 ], [ 115.179481, -8.695063 ], [ 115.179538, -8.695025 ], [ 115.179583, -8.694972 ], [ 115.179615, -8.694922 ], [ 115.179622, -8.694856 ], [ 115.179628, -8.694565 ], [ 115.179651, -8.694307 ], [ 115.179635, -8.694217 ], [ 115.179604, -8.694126 ], [ 115.179491, -8.69396 ], [ 115.179466, -8.693839 ], [ 115.179465, -8.693751 ], [ 115.179465, -8.693673 ], [ 115.179476, -8.693583 ], [ 115.179516, -8.693548 ], [ 115.179666, -8.69345 ], [ 115.179972, -8.693171 ], [ 115.179984, -8.69316 ], [ 115.18011, -8.693006 ], [ 115.180194, -8.692836 ], [ 115.180231, -8.692711 ], [ 115.180276, -8.692534 ], [ 115.180277, -8.692499 ], [ 115.180273, -8.69247 ], [ 115.180258, -8.69245 ], [ 115.180159, -8.692355 ], [ 115.180147, -8.692329 ], [ 115.180148, -8.692297 ], [ 115.180157, -8.692253 ], [ 115.180191, -8.692183 ], [ 115.180223, -8.692118 ], [ 115.180259, -8.692021 ], [ 115.180272, -8.691969 ], [ 115.180264, -8.691933 ], [ 115.180254, -8.691899 ], [ 115.180222, -8.691862 ], [ 115.180094, -8.691777 ], [ 115.180029, -8.691747 ], [ 115.17986, -8.691687 ], [ 115.179771, -8.691668 ], [ 115.179756, -8.691667 ], [ 115.179728, -8.691666 ], [ 115.179687, -8.691676 ], [ 115.179646, -8.6917 ], [ 115.179595, -8.691752 ], [ 115.179457, -8.691907 ], [ 115.179399, -8.691954 ], [ 115.179348, -8.691974 ], [ 115.179311, -8.691976 ], [ 115.179275, -8.691968 ], [ 115.179224, -8.691938 ], [ 115.179155, -8.691873 ], [ 115.179107, -8.691851 ], [ 115.179038, -8.691851 ], [ 115.178978, -8.691862 ], [ 115.178921, -8.691877 ], [ 115.178887, -8.691884 ], [ 115.178841, -8.691884 ], [ 115.17879, -8.691882 ], [ 115.178508, -8.691875 ], [ 115.17845, -8.691874 ], [ 115.178369, -8.691878 ], [ 115.178272, -8.691869 ], [ 115.178153, -8.691842 ], [ 115.178042, -8.6918 ], [ 115.177876, -8.691715 ], [ 115.177842, -8.691697 ], [ 115.177821, -8.691678 ], [ 115.17781, -8.69165 ], [ 115.177802, -8.691626 ], [ 115.177794, -8.691579 ], [ 115.177787, -8.691532 ], [ 115.177759, -8.691415 ], [ 115.177729, -8.691317 ], [ 115.177726, -8.69131 ], [ 115.177669, -8.691177 ], [ 115.177662, -8.691116 ], [ 115.177651, -8.690999 ], [ 115.177654, -8.690952 ], [ 115.177658, -8.690891 ], [ 115.177654, -8.690854 ], [ 115.177645, -8.690839 ], [ 115.177618, -8.690822 ], [ 115.177561, -8.690819 ], [ 115.177532, -8.690821 ], [ 115.177483, -8.690838 ], [ 115.177478, -8.69084 ], [ 115.177446, -8.690852 ], [ 115.177407, -8.690859 ], [ 115.177384, -8.690852 ], [ 115.177371, -8.690839 ], [ 115.177368, -8.690832 ], [ 115.177368, -8.690811 ], [ 115.177369, -8.690756 ], [ 115.177366, -8.690649 ], [ 115.177319, -8.690439 ], [ 115.177265, -8.690227 ], [ 115.177214, -8.690094 ], [ 115.17719, -8.690031 ], [ 115.177178, -8.689969 ], [ 115.177178, -8.689909 ], [ 115.177177, -8.689809 ], [ 115.177173, -8.689733 ], [ 115.177155, -8.689701 ], [ 115.177125, -8.68965 ], [ 115.177116, -8.689612 ], [ 115.177106, -8.689541 ], [ 115.177099, -8.689502 ], [ 115.177083, -8.689443 ], [ 115.177076, -8.689361 ], [ 115.177082, -8.689313 ], [ 115.177101, -8.689251 ], [ 115.177141, -8.68912 ], [ 115.177149, -8.689042 ], [ 115.177162, -8.688951 ], [ 115.17719, -8.688839 ], [ 115.177215, -8.688767 ], [ 115.17723, -8.688734 ], [ 115.177244, -8.688697 ], [ 115.177254, -8.688647 ], [ 115.177253, -8.68857 ], [ 115.177259, -8.688486 ], [ 115.177291, -8.688289 ], [ 115.177306, -8.68821 ], [ 115.177335, -8.688072 ], [ 115.177359, -8.68795 ], [ 115.177385, -8.687866 ], [ 115.177397, -8.687846 ], [ 115.177421, -8.687803 ], [ 115.177426, -8.68777 ], [ 115.177425, -8.687743 ], [ 115.177412, -8.687709 ], [ 115.17739, -8.687685 ], [ 115.17736, -8.687652 ], [ 115.177345, -8.687616 ], [ 115.177344, -8.687599 ], [ 115.177346, -8.687576 ], [ 115.177352, -8.687549 ], [ 115.177365, -8.687497 ], [ 115.177365, -8.687471 ], [ 115.177357, -8.687376 ], [ 115.17735, -8.687352 ], [ 115.177343, -8.687329 ], [ 115.177327, -8.687294 ], [ 115.177323, -8.687284 ], [ 115.177314, -8.687257 ], [ 115.177309, -8.687219 ], [ 115.177306, -8.687191 ], [ 115.177303, -8.687157 ], [ 115.177297, -8.687125 ], [ 115.177292, -8.687113 ], [ 115.177285, -8.687106 ], [ 115.177269, -8.687102 ], [ 115.177122, -8.687112 ], [ 115.177117, -8.687111 ], [ 115.177105, -8.687109 ], [ 115.177096, -8.687105 ], [ 115.177093, -8.687099 ], [ 115.177091, -8.687093 ], [ 115.17709, -8.687079 ], [ 115.177088, -8.687062 ], [ 115.177087, -8.687042 ], [ 115.177087, -8.687025 ], [ 115.177088, -8.686995 ], [ 115.177088, -8.686967 ], [ 115.177089, -8.686964 ], [ 115.177092, -8.686933 ], [ 115.177096, -8.686911 ], [ 115.177102, -8.686899 ], [ 115.17711, -8.686889 ], [ 115.177117, -8.686872 ], [ 115.177118, -8.686865 ], [ 115.177119, -8.686845 ], [ 115.177116, -8.686817 ], [ 115.177111, -8.686786 ], [ 115.177103, -8.686764 ], [ 115.177091, -8.686753 ], [ 115.177072, -8.686742 ], [ 115.177059, -8.68674 ], [ 115.177025, -8.686738 ], [ 115.176987, -8.68674 ], [ 115.176872, -8.686751 ], [ 115.176776, -8.686763 ], [ 115.176761, -8.68677 ], [ 115.176672, -8.68681 ], [ 115.176637, -8.686818 ], [ 115.176597, -8.686824 ], [ 115.176571, -8.686825 ], [ 115.176545, -8.686822 ], [ 115.176516, -8.686813 ], [ 115.176463, -8.686794 ], [ 115.176418, -8.686783 ], [ 115.176371, -8.68678 ], [ 115.176271, -8.686779 ], [ 115.176087, -8.686802 ], [ 115.175931, -8.686832 ], [ 115.175821, -8.686834 ], [ 115.175806, -8.686839 ], [ 115.175769, -8.686862 ], [ 115.175659, -8.686912 ], [ 115.17554, -8.686925 ], [ 115.175447, -8.686933 ], [ 115.175364, -8.686941 ], [ 115.175291, -8.686948 ], [ 115.175205, -8.686948 ], [ 115.175135, -8.68694 ], [ 115.175047, -8.686928 ], [ 115.17501, -8.686922 ], [ 115.174925, -8.686909 ], [ 115.174856, -8.686908 ], [ 115.174772, -8.686904 ], [ 115.174735, -8.686897 ], [ 115.17468, -8.686885 ], [ 115.17459, -8.686875 ], [ 115.174517, -8.686879 ], [ 115.174469, -8.686887 ], [ 115.174395, -8.686906 ], [ 115.174356, -8.686912 ], [ 115.174332, -8.686908 ], [ 115.174318, -8.686896 ], [ 115.174306, -8.686862 ], [ 115.174273, -8.686727 ], [ 115.174255, -8.686632 ], [ 115.174229, -8.686538 ], [ 115.174226, -8.686529 ], [ 115.174219, -8.686507 ], [ 115.174208, -8.686485 ], [ 115.174173, -8.68646 ], [ 115.174158, -8.68645 ], [ 115.17409, -8.686408 ], [ 115.174045, -8.686355 ], [ 115.17403, -8.686332 ], [ 115.17401, -8.686282 ], [ 115.173996, -8.686222 ], [ 115.173982, -8.686158 ], [ 115.17395, -8.686054 ], [ 115.1739, -8.685922 ], [ 115.173839, -8.685769 ], [ 115.173764, -8.685621 ], [ 115.173723, -8.685549 ], [ 115.173706, -8.685532 ], [ 115.173687, -8.685523 ], [ 115.17367, -8.685505 ], [ 115.173662, -8.685482 ], [ 115.173657, -8.685458 ], [ 115.173662, -8.685418 ], [ 115.173664, -8.685383 ], [ 115.173668, -8.685367 ], [ 115.173681, -8.685329 ], [ 115.173686, -8.685303 ], [ 115.173683, -8.685256 ], [ 115.173674, -8.685202 ], [ 115.173663, -8.685164 ], [ 115.173664, -8.685141 ], [ 115.173671, -8.685107 ], [ 115.173681, -8.685067 ], [ 115.173689, -8.685036 ], [ 115.173703, -8.684985 ], [ 115.173711, -8.684938 ], [ 115.173717, -8.684861 ], [ 115.173719, -8.68484 ], [ 115.173709, -8.68477 ], [ 115.173708, -8.684721 ], [ 115.173716, -8.684687 ], [ 115.173722, -8.68463 ], [ 115.173735, -8.684548 ], [ 115.173742, -8.684496 ], [ 115.173738, -8.684478 ], [ 115.17373, -8.684465 ], [ 115.173705, -8.684449 ], [ 115.173674, -8.684444 ], [ 115.173645, -8.684445 ], [ 115.173634, -8.684446 ], [ 115.173572, -8.684454 ], [ 115.173544, -8.684456 ], [ 115.173522, -8.684454 ], [ 115.173497, -8.684444 ], [ 115.173479, -8.684429 ], [ 115.173462, -8.684399 ], [ 115.17344, -8.684334 ], [ 115.173383, -8.684189 ], [ 115.173354, -8.6841 ], [ 115.173332, -8.684007 ], [ 115.173294, -8.68389 ], [ 115.173289, -8.683875 ], [ 115.17327, -8.68386 ], [ 115.173234, -8.683852 ], [ 115.173211, -8.683845 ], [ 115.173198, -8.683837 ], [ 115.173194, -8.683824 ], [ 115.173193, -8.683801 ], [ 115.173199, -8.683772 ], [ 115.173206, -8.683748 ], [ 115.173218, -8.683714 ], [ 115.173231, -8.68368 ], [ 115.173245, -8.683634 ], [ 115.173258, -8.683602 ], [ 115.173285, -8.683586 ], [ 115.173321, -8.683574 ], [ 115.173343, -8.683558 ], [ 115.173353, -8.683547 ], [ 115.173362, -8.683521 ], [ 115.173362, -8.683504 ], [ 115.173362, -8.683497 ], [ 115.173361, -8.683468 ], [ 115.173359, -8.683439 ], [ 115.173351, -8.683398 ], [ 115.173323, -8.683364 ], [ 115.173322, -8.683363 ], [ 115.173283, -8.683325 ], [ 115.173257, -8.6833 ], [ 115.173241, -8.683268 ], [ 115.17317, -8.68324 ], [ 115.173154, -8.68321 ], [ 115.173005, -8.683202 ], [ 115.17274, -8.683188 ], [ 115.172226, -8.68315 ], [ 115.171616, -8.683169 ], [ 115.171121, -8.68315 ], [ 115.17056, -8.683093 ], [ 115.169894, -8.682912 ], [ 115.169313, -8.682675 ], [ 115.16858, -8.682513 ], [ 115.168047, -8.682379 ], [ 115.167609, -8.682275 ], [ 115.1674, -8.682208 ], [ 115.167324, -8.682465 ], [ 115.167172, -8.682836 ], [ 115.166953, -8.683122 ], [ 115.166838, -8.683198 ], [ 115.166562, -8.683198 ], [ 115.166125, -8.683084 ], [ 115.16543, -8.682903 ], [ 115.164821, -8.682684 ], [ 115.164621, -8.682646 ], [ 115.164526, -8.683055 ], [ 115.164421, -8.683512 ], [ 115.163498, -8.683683 ], [ 115.162679, -8.683883 ], [ 115.161851, -8.684045 ], [ 115.161042, -8.68415 ], [ 115.160271, -8.684188 ], [ 115.159434, -8.68415 ], [ 115.158672, -8.68415 ], [ 115.158111, -8.684112 ], [ 115.157625, -8.68395 ], [ 115.157321, -8.683798 ], [ 115.157387, -8.68336 ], [ 115.157616, -8.683417 ], [ 115.157844, -8.683331 ], [ 115.158025, -8.683169 ], [ 115.158101, -8.68296 ], [ 115.158168, -8.682418 ], [ 115.158168, -8.682218 ], [ 115.158082, -8.682056 ], [ 115.157911, -8.682056 ], [ 115.157796, -8.682246 ], [ 115.15773, -8.682541 ], [ 115.157635, -8.68276 ], [ 115.157463, -8.682808 ], [ 115.156721, -8.682703 ], [ 115.155084, -8.682418 ], [ 115.154959, -8.682425 ], [ 115.154917, -8.682395 ], [ 115.154273, -8.68234 ], [ 115.153307, -8.682358 ], [ 115.153195, -8.682365 ], [ 115.152984, -8.682362 ], [ 115.152849, -8.682249 ], [ 115.152672, -8.682392 ], [ 115.152354, -8.682492 ], [ 115.152322, -8.682502 ], [ 115.151944, -8.682528 ], [ 115.151851, -8.682503 ] ] ] ] } },
{ "type": "Feature", "properties": { "id": 5, "fid": 5, "objectid": 4149, "namobj": "Mengwi", "fcode": "BA03070040", "wadmkc": "Mengwi", "wadmkk": "Badung", "wadmpr": "Bali", "jumlah_penduduk": 132786, "area_admini": 61365680.790394202 }, "geometry": { "type": "MultiPolygon", "coordinates": [ [ [ [ 115.198126, -8.512425 ], [ 115.198284, -8.512281 ], [ 115.198424, -8.512049 ], [ 115.198564, -8.511624 ], [ 115.198569, -8.511236 ], [ 115.198157, -8.51048 ], [ 115.197901, -8.509744 ], [ 115.197729, -8.509364 ], [ 115.197633, -8.509177 ], [ 115.197665, -8.508774 ], [ 115.197668, -8.508719 ], [ 115.197676, -8.508557 ], [ 115.197611, -8.508288 ], [ 115.197466, -8.507993 ], [ 115.197182, -8.507593 ], [ 115.197042, -8.507251 ], [ 115.19699, -8.507121 ], [ 115.196956, -8.506822 ], [ 115.197012, -8.506546 ], [ 115.197211, -8.50624 ], [ 115.197659, -8.505814 ], [ 115.197848, -8.505643 ], [ 115.19792, -8.505496 ], [ 115.197944, -8.505446 ], [ 115.198016, -8.50476 ], [ 115.197987, -8.504295 ], [ 115.197715, -8.503743 ], [ 115.197628, -8.503568 ], [ 115.197449, -8.503181 ], [ 115.197358, -8.502815 ], [ 115.197403, -8.502408 ], [ 115.197478, -8.501741 ], [ 115.197502, -8.50143 ], [ 115.197455, -8.500737 ], [ 115.197425, -8.500566 ], [ 115.197394, -8.500394 ], [ 115.197311, -8.5 ], [ 115.197311, -8.5 ], [ 115.182648, -8.5 ], [ 115.182495, -8.500269 ], [ 115.181931, -8.501004 ], [ 115.181521, -8.50134 ], [ 115.180713, -8.501721 ], [ 115.180342, -8.502221 ], [ 115.180228, -8.5024 ], [ 115.179972, -8.502679 ], [ 115.179677, -8.502812 ], [ 115.179366, -8.50295 ], [ 115.179168, -8.503125 ], [ 115.178811, -8.503641 ], [ 115.178132, -8.504694 ], [ 115.177985, -8.505395 ], [ 115.177923, -8.505913 ], [ 115.178046, -8.507028 ], [ 115.178185, -8.507706 ], [ 115.178189, -8.507999 ], [ 115.17807, -8.508479 ], [ 115.177719, -8.509677 ], [ 115.177537, -8.51007 ], [ 115.177148, -8.510755 ], [ 115.176541, -8.511563 ], [ 115.176212, -8.51208 ], [ 115.175883, -8.512711 ], [ 115.175091, -8.513846 ], [ 115.17452, -8.514523 ], [ 115.174371, -8.514779 ], [ 115.174266, -8.515035 ], [ 115.174187, -8.515516 ], [ 115.173822, -8.516156 ], [ 115.173044, -8.516856 ], [ 115.172622, -8.517297 ], [ 115.172541, -8.517457 ], [ 115.17243, -8.517674 ], [ 115.172191, -8.518263 ], [ 115.171855, -8.518788 ], [ 115.171981, -8.519778 ], [ 115.171913, -8.520264 ], [ 115.171731, -8.52075 ], [ 115.171517, -8.5213 ], [ 115.171433, -8.521754 ], [ 115.171544, -8.522517 ], [ 115.171507, -8.523065 ], [ 115.171293, -8.523469 ], [ 115.171046, -8.523971 ], [ 115.171011, -8.524538 ], [ 115.171153, -8.525463 ], [ 115.171136, -8.52569 ], [ 115.171021, -8.52582 ], [ 115.170776, -8.525997 ], [ 115.17053, -8.526223 ], [ 115.170382, -8.526384 ], [ 115.170201, -8.526789 ], [ 115.170052, -8.527372 ], [ 115.16992, -8.527615 ], [ 115.169707, -8.527857 ], [ 115.16892, -8.528567 ], [ 115.168016, -8.529451 ], [ 115.167437, -8.53002 ], [ 115.166852, -8.530597 ], [ 115.166381, -8.531317 ], [ 115.166165, -8.531647 ], [ 115.165682, -8.532384 ], [ 115.165603, -8.532505 ], [ 115.16557, -8.532552 ], [ 115.164585, -8.53396 ], [ 115.16439, -8.534125 ], [ 115.164241, -8.53425 ], [ 115.163865, -8.534362 ], [ 115.163538, -8.534474 ], [ 115.163407, -8.534652 ], [ 115.163435, -8.534938 ], [ 115.16379, -8.535735 ], [ 115.163798, -8.535989 ], [ 115.163804, -8.536221 ], [ 115.163657, -8.536448 ], [ 115.163493, -8.536561 ], [ 115.163133, -8.536786 ], [ 115.163051, -8.536867 ], [ 115.163017, -8.53711 ], [ 115.16308, -8.537694 ], [ 115.163322, -8.538263 ], [ 115.163361, -8.538751 ], [ 115.163368, -8.538831 ], [ 115.163418, -8.539204 ], [ 115.163264, -8.53969 ], [ 115.163033, -8.540716 ], [ 115.162666, -8.542223 ], [ 115.162709, -8.543045 ], [ 115.16264, -8.543611 ], [ 115.162419, -8.544251 ], [ 115.162425, -8.544327 ], [ 115.162464, -8.544769 ], [ 115.162453, -8.545126 ], [ 115.162307, -8.545686 ], [ 115.162343, -8.5461 ], [ 115.162671, -8.54696 ], [ 115.16266, -8.547253 ], [ 115.162538, -8.547749 ], [ 115.162349, -8.548448 ], [ 115.162145, -8.549646 ], [ 115.16208, -8.550074 ], [ 115.16204, -8.550531 ], [ 115.161986, -8.551006 ], [ 115.161909, -8.551336 ], [ 115.161519, -8.551849 ], [ 115.161268, -8.55217 ], [ 115.161154, -8.552304 ], [ 115.160865, -8.553171 ], [ 115.160826, -8.553445 ], [ 115.160749, -8.553652 ], [ 115.160576, -8.553878 ], [ 115.160338, -8.554188 ], [ 115.160046, -8.554439 ], [ 115.159889, -8.554734 ], [ 115.159744, -8.555506 ], [ 115.159642, -8.555837 ], [ 115.159599, -8.555977 ], [ 115.159587, -8.556628 ], [ 115.159546, -8.557147 ], [ 115.15941, -8.557429 ], [ 115.159211, -8.557797 ], [ 115.159168, -8.558045 ], [ 115.159171, -8.558231 ], [ 115.159174, -8.558236 ], [ 115.159265, -8.558392 ], [ 115.159359, -8.558581 ], [ 115.159288, -8.558807 ], [ 115.159261, -8.558894 ], [ 115.159221, -8.559069 ], [ 115.159216, -8.559094 ], [ 115.159191, -8.559203 ], [ 115.159143, -8.559412 ], [ 115.159093, -8.560245 ], [ 115.158931, -8.560701 ], [ 115.158745, -8.560997 ], [ 115.15837, -8.561449 ], [ 115.158154, -8.561722 ], [ 115.158039, -8.562276 ], [ 115.157997, -8.56243 ], [ 115.157868, -8.562904 ], [ 115.15779, -8.563581 ], [ 115.15764, -8.563751 ], [ 115.157443, -8.563885 ], [ 115.156972, -8.564125 ], [ 115.156664, -8.564438 ], [ 115.156603, -8.5645 ], [ 115.156026, -8.565034 ], [ 115.155853, -8.565238 ], [ 115.155772, -8.565386 ], [ 115.15584, -8.565474 ], [ 115.15604, -8.565612 ], [ 115.156228, -8.565784 ], [ 115.156364, -8.566333 ], [ 115.156351, -8.566492 ], [ 115.156235, -8.56672 ], [ 115.156085, -8.566925 ], [ 115.155992, -8.56713 ], [ 115.15597, -8.567251 ], [ 115.155957, -8.567324 ], [ 115.155944, -8.567586 ], [ 115.155917, -8.567727 ], [ 115.155909, -8.567769 ], [ 115.155839, -8.567917 ], [ 115.155736, -8.567985 ], [ 115.155552, -8.568075 ], [ 115.155228, -8.568416 ], [ 115.155147, -8.568644 ], [ 115.154843, -8.569269 ], [ 115.154683, -8.569715 ], [ 115.154689, -8.570477 ], [ 115.154599, -8.570646 ], [ 115.1544, -8.570909 ], [ 115.154277, -8.57109 ], [ 115.154158, -8.571378 ], [ 115.154109, -8.571707 ], [ 115.154005, -8.57198 ], [ 115.15382, -8.572219 ], [ 115.153382, -8.572548 ], [ 115.153208, -8.572707 ], [ 115.153093, -8.572969 ], [ 115.153045, -8.573334 ], [ 115.152941, -8.573585 ], [ 115.152805, -8.573801 ], [ 115.152661, -8.574125 ], [ 115.152661, -8.574405 ], [ 115.152815, -8.575352 ], [ 115.152879, -8.576288 ], [ 115.152974, -8.576454 ], [ 115.153152, -8.576692 ], [ 115.153335, -8.576912 ], [ 115.15353, -8.577136 ], [ 115.153553, -8.57747 ], [ 115.153447, -8.577695 ], [ 115.153228, -8.577939 ], [ 115.152917, -8.578273 ], [ 115.152604, -8.578616 ], [ 115.152466, -8.578867 ], [ 115.152453, -8.578889 ], [ 115.152269, -8.579128 ], [ 115.152028, -8.579127 ], [ 115.151729, -8.579038 ], [ 115.151454, -8.579021 ], [ 115.151247, -8.579054 ], [ 115.150556, -8.579519 ], [ 115.150464, -8.579667 ], [ 115.150437, -8.579798 ], [ 115.150311, -8.580431 ], [ 115.150183, -8.580704 ], [ 115.150044, -8.580886 ], [ 115.150044, -8.580949 ], [ 115.150044, -8.580951 ], [ 115.150043, -8.581311 ], [ 115.150112, -8.581828 ], [ 115.150293, -8.582306 ], [ 115.150485, -8.582682 ], [ 115.150525, -8.582966 ], [ 115.150482, -8.58327 ], [ 115.150265, -8.583827 ], [ 115.149914, -8.584665 ], [ 115.149511, -8.585617 ], [ 115.149335, -8.586062 ], [ 115.1492, -8.586721 ], [ 115.149104, -8.58785 ], [ 115.149039, -8.588614 ], [ 115.149075, -8.589558 ], [ 115.149113, -8.590156 ], [ 115.149224, -8.590481 ], [ 115.149406, -8.590634 ], [ 115.149549, -8.590665 ], [ 115.149825, -8.590667 ], [ 115.149837, -8.590664 ], [ 115.150008, -8.590627 ], [ 115.150213, -8.590547 ], [ 115.150346, -8.590517 ], [ 115.150458, -8.590538 ], [ 115.15059, -8.59064 ], [ 115.150752, -8.590803 ], [ 115.150884, -8.591057 ], [ 115.151025, -8.591464 ], [ 115.151216, -8.592043 ], [ 115.151589, -8.592345 ], [ 115.152201, -8.592646 ], [ 115.153607, -8.592585 ], [ 115.155598, -8.592679 ], [ 115.155598, -8.592683 ], [ 115.155597, -8.594047 ], [ 115.155475, -8.594334 ], [ 115.155122, -8.595163 ], [ 115.155116, -8.596421 ], [ 115.155613, -8.597213 ], [ 115.155724, -8.597447 ], [ 115.156706, -8.598074 ], [ 115.156707, -8.598074 ], [ 115.156702, -8.598087 ], [ 115.156385, -8.598809 ], [ 115.156213, -8.599321 ], [ 115.155999, -8.599943 ], [ 115.155884, -8.600423 ], [ 115.155503, -8.600861 ], [ 115.155229, -8.60121 ], [ 115.15521, -8.601235 ], [ 115.154893, -8.60127 ], [ 115.154345, -8.601166 ], [ 115.153348, -8.601013 ], [ 115.152149, -8.601006 ], [ 115.151567, -8.601232 ], [ 115.150801, -8.601342 ], [ 115.150273, -8.601414 ], [ 115.15, -8.601683 ], [ 115.15, -8.602535 ], [ 115.149817, -8.602838 ], [ 115.149488, -8.603245 ], [ 115.149534, -8.604208 ], [ 115.15039, -8.605447 ], [ 115.150708, -8.606398 ], [ 115.150647, -8.606935 ], [ 115.149199, -8.606165 ], [ 115.14868, -8.606 ], [ 115.146916, -8.607328 ], [ 115.143725, -8.61093 ], [ 115.142954, -8.609324 ], [ 115.142197, -8.609008 ], [ 115.142006, -8.609179 ], [ 115.140875, -8.610959 ], [ 115.140783, -8.612473 ], [ 115.140879, -8.612621 ], [ 115.140661, -8.612932 ], [ 115.140015, -8.613653 ], [ 115.139843, -8.614069 ], [ 115.139762, -8.614519 ], [ 115.139938, -8.615913 ], [ 115.140093, -8.616442 ], [ 115.140085, -8.616689 ], [ 115.139979, -8.616884 ], [ 115.139488, -8.617342 ], [ 115.138194, -8.618379 ], [ 115.138197, -8.61833 ], [ 115.138345, -8.615681 ], [ 115.136656, -8.61498 ], [ 115.136286, -8.614909 ], [ 115.136027, -8.614721 ], [ 115.13541, -8.61439 ], [ 115.134864, -8.614236 ], [ 115.134621, -8.61388 ], [ 115.133477, -8.613445 ], [ 115.133518, -8.613325 ], [ 115.133683, -8.612833 ], [ 115.134127, -8.612739 ], [ 115.134148, -8.612581 ], [ 115.134517, -8.611224 ], [ 115.135013, -8.611365 ], [ 115.135641, -8.611756 ], [ 115.137161, -8.611024 ], [ 115.136839, -8.610585 ], [ 115.136531, -8.610703 ], [ 115.136049, -8.609906 ], [ 115.136119, -8.609903 ], [ 115.136266, -8.609896 ], [ 115.136628, -8.609804 ], [ 115.137039, -8.609717 ], [ 115.13739, -8.609609 ], [ 115.137599, -8.609511 ], [ 115.137567, -8.609393 ], [ 115.137463, -8.609012 ], [ 115.137456, -8.608987 ], [ 115.137421, -8.608859 ], [ 115.137408, -8.608808 ], [ 115.137208, -8.608835 ], [ 115.136941, -8.608796 ], [ 115.136469, -8.608728 ], [ 115.136009, -8.608726 ], [ 115.135721, -8.60873 ], [ 115.13544, -8.608745 ], [ 115.135284, -8.608833 ], [ 115.135042, -8.609036 ], [ 115.13475, -8.609264 ], [ 115.134586, -8.609344 ], [ 115.134246, -8.609394 ], [ 115.134083, -8.609342 ], [ 115.133803, -8.609112 ], [ 115.133451, -8.608603 ], [ 115.133259, -8.608426 ], [ 115.133002, -8.608331 ], [ 115.132764, -8.608342 ], [ 115.132445, -8.608377 ], [ 115.131402, -8.608475 ], [ 115.130842, -8.608373 ], [ 115.130583, -8.608247 ], [ 115.130181, -8.608098 ], [ 115.129543, -8.608018 ], [ 115.129178, -8.607997 ], [ 115.128867, -8.60805 ], [ 115.128083, -8.608405 ], [ 115.127831, -8.608578 ], [ 115.127464, -8.608829 ], [ 115.127426, -8.608857 ], [ 115.127064, -8.609131 ], [ 115.126851, -8.609217 ], [ 115.126476, -8.609307 ], [ 115.126217, -8.60931 ], [ 115.125892, -8.609314 ], [ 115.125699, -8.609289 ], [ 115.125509, -8.609266 ], [ 115.125102, -8.609254 ], [ 115.125, -8.609241 ], [ 115.125, -8.625 ], [ 115.125, -8.653709 ], [ 115.125262, -8.653418 ], [ 115.125519, -8.653285 ], [ 115.126128, -8.65298 ], [ 115.126547, -8.652818 ], [ 115.126699, -8.652695 ], [ 115.127023, -8.652533 ], [ 115.127261, -8.652219 ], [ 115.127499, -8.652057 ], [ 115.127955, -8.651591 ], [ 115.128279, -8.651324 ], [ 115.128555, -8.650934 ], [ 115.128755, -8.650686 ], [ 115.129002, -8.650544 ], [ 115.129488, -8.650087 ], [ 115.129688, -8.649839 ], [ 115.129973, -8.649677 ], [ 115.130249, -8.649535 ], [ 115.130411, -8.649373 ], [ 115.130592, -8.649106 ], [ 115.130763, -8.649002 ], [ 115.13083, -8.648792 ], [ 115.130849, -8.648421 ], [ 115.130849, -8.648145 ], [ 115.130925, -8.647955 ], [ 115.13103, -8.647717 ], [ 115.131182, -8.647279 ], [ 115.131486, -8.646594 ], [ 115.13162, -8.646004 ], [ 115.131563, -8.645718 ], [ 115.13152, -8.64554 ], [ 115.131571, -8.645413 ], [ 115.131702, -8.645227 ], [ 115.131711, -8.645221 ], [ 115.131895, -8.645115 ], [ 115.132113, -8.64504 ], [ 115.133042, -8.644744 ], [ 115.133279, -8.644634 ], [ 115.133498, -8.644477 ], [ 115.133613, -8.644287 ], [ 115.133597, -8.644157 ], [ 115.133513, -8.643911 ], [ 115.133545, -8.643827 ], [ 115.133651, -8.643761 ], [ 115.134032, -8.643583 ], [ 115.134242, -8.643335 ], [ 115.134285, -8.64318 ], [ 115.134369, -8.643043 ], [ 115.134502, -8.64296 ], [ 115.1348, -8.64285 ], [ 115.135006, -8.642739 ], [ 115.135094, -8.642613 ], [ 115.135262, -8.642384 ], [ 115.135495, -8.642231 ], [ 115.135724, -8.642175 ], [ 115.136121, -8.642103 ], [ 115.136172, -8.641962 ], [ 115.136329, -8.641719 ], [ 115.136596, -8.641486 ], [ 115.136929, -8.64128 ], [ 115.13709, -8.641172 ], [ 115.137132, -8.641137 ], [ 115.13749, -8.640839 ], [ 115.13777, -8.640723 ], [ 115.138375, -8.64048 ], [ 115.139077, -8.640052 ], [ 115.139162, -8.639842 ], [ 115.139204, -8.639573 ], [ 115.139179, -8.639343 ], [ 115.139114, -8.639075 ], [ 115.13915, -8.639011 ], [ 115.139383, -8.638784 ], [ 115.139394, -8.63808 ], [ 115.13939, -8.637863 ], [ 115.139667, -8.63742 ], [ 115.139848, -8.637115 ], [ 115.140004, -8.636933 ], [ 115.140119, -8.636907 ], [ 115.140536, -8.636784 ], [ 115.14066, -8.636687 ], [ 115.14084, -8.636566 ], [ 115.14143, -8.636256 ], [ 115.142158, -8.635782 ], [ 115.142197, -8.635707 ], [ 115.142215, -8.635647 ], [ 115.142229, -8.635602 ], [ 115.142123, -8.63525 ], [ 115.142014, -8.635042 ], [ 115.141893, -8.634847 ], [ 115.141857, -8.634661 ], [ 115.141853, -8.634527 ], [ 115.141546, -8.634223 ], [ 115.141245, -8.633931 ], [ 115.141356, -8.63345 ], [ 115.141425, -8.633216 ], [ 115.141477, -8.63304 ], [ 115.141697, -8.63272 ], [ 115.141682, -8.632432 ], [ 115.14167, -8.632313 ], [ 115.141651, -8.632144 ], [ 115.141697, -8.631852 ], [ 115.141982, -8.631631 ], [ 115.14215, -8.631499 ], [ 115.142244, -8.631266 ], [ 115.142537, -8.630437 ], [ 115.142586, -8.630299 ], [ 115.142647, -8.630159 ], [ 115.142967, -8.629881 ], [ 115.143089, -8.629732 ], [ 115.143061, -8.629199 ], [ 115.143068, -8.628986 ], [ 115.143122, -8.628855 ], [ 115.143583, -8.628611 ], [ 115.143951, -8.628449 ], [ 115.144364, -8.628215 ], [ 115.144534, -8.628083 ], [ 115.144766, -8.627903 ], [ 115.145204, -8.627437 ], [ 115.145384, -8.627176 ], [ 115.145406, -8.626618 ], [ 115.145462, -8.626227 ], [ 115.14555, -8.626008 ], [ 115.145766, -8.6257 ], [ 115.145825, -8.625385 ], [ 115.145794, -8.625066 ], [ 115.14578, -8.625001 ], [ 115.14578, -8.625 ], [ 115.14571, -8.624669 ], [ 115.145714, -8.624501 ], [ 115.146289, -8.623361 ], [ 115.146991, -8.62234 ], [ 115.147146, -8.622111 ], [ 115.14717, -8.621866 ], [ 115.147185, -8.62177 ], [ 115.147272, -8.621652 ], [ 115.147394, -8.621575 ], [ 115.147767, -8.621563 ], [ 115.147952, -8.621533 ], [ 115.148193, -8.62141 ], [ 115.148701, -8.620904 ], [ 115.148727, -8.620878 ], [ 115.148936, -8.62067 ], [ 115.149349, -8.620131 ], [ 115.149629, -8.619797 ], [ 115.149682, -8.619749 ], [ 115.150003, -8.619488 ], [ 115.150078, -8.619381 ], [ 115.150142, -8.619238 ], [ 115.150378, -8.619028 ], [ 115.150632, -8.618902 ], [ 115.15081, -8.618859 ], [ 115.150927, -8.618881 ], [ 115.151152, -8.618979 ], [ 115.151295, -8.619007 ], [ 115.151641, -8.618732 ], [ 115.151909, -8.618611 ], [ 115.152193, -8.618509 ], [ 115.152439, -8.618352 ], [ 115.152704, -8.618122 ], [ 115.153351, -8.618011 ], [ 115.153597, -8.617975 ], [ 115.153824, -8.617861 ], [ 115.153906, -8.617785 ], [ 115.153786, -8.617164 ], [ 115.153769, -8.617035 ], [ 115.153896, -8.616764 ], [ 115.154049, -8.616554 ], [ 115.154223, -8.616423 ], [ 115.154415, -8.616338 ], [ 115.15468, -8.616308 ], [ 115.154962, -8.616355 ], [ 115.155008, -8.61656 ], [ 115.155129, -8.616941 ], [ 115.155221, -8.617093 ], [ 115.155365, -8.617198 ], [ 115.155678, -8.617241 ], [ 115.155991, -8.617228 ], [ 115.156293, -8.617135 ], [ 115.156374, -8.617085 ], [ 115.156758, -8.616735 ], [ 115.157191, -8.616029 ], [ 115.157624, -8.615429 ], [ 115.158191, -8.614938 ], [ 115.159149, -8.614181 ], [ 115.159661, -8.613769 ], [ 115.16023, -8.612903 ], [ 115.160897, -8.611062 ], [ 115.161154, -8.610863 ], [ 115.161328, -8.610931 ], [ 115.162482, -8.611257 ], [ 115.16306, -8.611246 ], [ 115.163693, -8.610942 ], [ 115.164698, -8.610756 ], [ 115.165208, -8.610683 ], [ 115.165774, -8.610364 ], [ 115.166237, -8.610193 ], [ 115.16683, -8.609959 ], [ 115.167146, -8.6098 ], [ 115.167328, -8.609667 ], [ 115.167584, -8.609419 ], [ 115.16783, -8.609271 ], [ 115.168209, -8.609114 ], [ 115.168538, -8.608949 ], [ 115.168808, -8.608842 ], [ 115.168918, -8.608741 ], [ 115.169048, -8.608354 ], [ 115.169124, -8.607895 ], [ 115.169145, -8.607697 ], [ 115.169179, -8.607362 ], [ 115.169239, -8.607084 ], [ 115.169428, -8.606743 ], [ 115.169495, -8.606609 ], [ 115.169499, -8.606368 ], [ 115.169457, -8.606194 ], [ 115.169417, -8.606129 ], [ 115.169514, -8.604784 ], [ 115.170112, -8.603343 ], [ 115.170609, -8.602617 ], [ 115.170658, -8.602618 ], [ 115.170788, -8.602588 ], [ 115.171354, -8.602463 ], [ 115.171823, -8.60235 ], [ 115.172115, -8.602261 ], [ 115.172668, -8.602166 ], [ 115.172936, -8.602083 ], [ 115.173114, -8.601934 ], [ 115.173248, -8.601825 ], [ 115.173246, -8.601825 ], [ 115.173361, -8.601728 ], [ 115.173451, -8.601671 ], [ 115.173732, -8.601547 ], [ 115.173889, -8.601547 ], [ 115.17406, -8.601619 ], [ 115.174074, -8.601623 ], [ 115.174098, -8.601638 ], [ 115.17426, -8.601738 ], [ 115.174336, -8.601804 ], [ 115.17437, -8.602023 ], [ 115.174406, -8.602162 ], [ 115.174416, -8.602164 ], [ 115.174423, -8.602207 ], [ 115.174435, -8.602332 ], [ 115.174429, -8.602677 ], [ 115.174441, -8.602743 ], [ 115.174494, -8.602808 ], [ 115.17459, -8.60282 ], [ 115.174637, -8.602808 ], [ 115.174828, -8.602725 ], [ 115.174982, -8.602689 ], [ 115.175292, -8.602517 ], [ 115.175385, -8.602412 ], [ 115.175381, -8.602409 ], [ 115.175911, -8.601895 ], [ 115.176138, -8.601653 ], [ 115.176309, -8.601192 ], [ 115.176395, -8.600963 ], [ 115.176674, -8.600941 ], [ 115.176959, -8.600983 ], [ 115.177114, -8.601042 ], [ 115.177215, -8.601137 ], [ 115.177275, -8.601203 ], [ 115.177376, -8.601221 ], [ 115.177525, -8.601244 ], [ 115.177608, -8.601197 ], [ 115.177739, -8.601012 ], [ 115.177876, -8.600757 ], [ 115.178006, -8.600685 ], [ 115.178209, -8.60056 ], [ 115.178357, -8.600507 ], [ 115.178488, -8.600459 ], [ 115.178619, -8.600542 ], [ 115.178708, -8.600727 ], [ 115.17878, -8.600822 ], [ 115.178875, -8.600858 ], [ 115.179053, -8.600899 ], [ 115.179178, -8.600977 ], [ 115.179351, -8.600989 ], [ 115.179523, -8.601048 ], [ 115.179678, -8.601054 ], [ 115.179964, -8.601096 ], [ 115.180202, -8.601143 ], [ 115.18041, -8.601221 ], [ 115.180539, -8.601302 ], [ 115.180604, -8.601316 ], [ 115.180782, -8.601471 ], [ 115.180865, -8.601638 ], [ 115.180901, -8.601923 ], [ 115.181056, -8.602351 ], [ 115.18121, -8.602946 ], [ 115.181353, -8.603422 ], [ 115.181353, -8.603767 ], [ 115.181318, -8.604136 ], [ 115.181222, -8.604362 ], [ 115.181127, -8.604517 ], [ 115.180758, -8.604755 ], [ 115.180592, -8.604993 ], [ 115.180509, -8.605171 ], [ 115.180425, -8.605516 ], [ 115.180437, -8.605802 ], [ 115.180485, -8.605992 ], [ 115.180592, -8.606194 ], [ 115.180675, -8.606408 ], [ 115.180616, -8.606634 ], [ 115.180461, -8.606896 ], [ 115.180306, -8.607277 ], [ 115.180187, -8.607788 ], [ 115.180045, -8.608312 ], [ 115.179925, -8.60873 ], [ 115.180295, -8.609578 ], [ 115.180387, -8.609726 ], [ 115.180445, -8.609769 ], [ 115.180795, -8.6101 ], [ 115.180975, -8.610358 ], [ 115.181136, -8.610779 ], [ 115.181131, -8.610943 ], [ 115.181056, -8.611138 ], [ 115.180842, -8.611484 ], [ 115.180775, -8.611653 ], [ 115.180703, -8.612031 ], [ 115.180752, -8.612412 ], [ 115.180883, -8.612798 ], [ 115.181242, -8.613616 ], [ 115.181542, -8.614038 ], [ 115.181757, -8.61438 ], [ 115.18176, -8.614536 ], [ 115.181681, -8.615232 ], [ 115.181582, -8.615834 ], [ 115.181657, -8.615851 ], [ 115.18179, -8.615931 ], [ 115.181838, -8.615962 ], [ 115.181925, -8.616053 ], [ 115.181963, -8.616088 ], [ 115.181989, -8.616106 ], [ 115.182015, -8.616111 ], [ 115.182081, -8.616091 ], [ 115.182129, -8.616081 ], [ 115.182221, -8.616062 ], [ 115.182283, -8.616046 ], [ 115.182327, -8.61604 ], [ 115.182373, -8.61602 ], [ 115.182433, -8.615968 ], [ 115.182477, -8.615922 ], [ 115.182504, -8.615909 ], [ 115.182532, -8.615909 ], [ 115.182564, -8.615915 ], [ 115.182598, -8.615927 ], [ 115.182626, -8.615934 ], [ 115.182663, -8.615932 ], [ 115.182693, -8.61592 ], [ 115.182749, -8.615881 ], [ 115.182827, -8.615817 ], [ 115.182917, -8.615768 ], [ 115.182979, -8.615752 ], [ 115.183117, -8.615755 ], [ 115.1833, -8.615775 ], [ 115.18347, -8.615793 ], [ 115.18358, -8.615829 ], [ 115.183655, -8.615881 ], [ 115.183729, -8.615929 ], [ 115.183832, -8.616042 ], [ 115.184157, -8.616361 ], [ 115.18421, -8.616392 ], [ 115.18423, -8.616423 ], [ 115.184236, -8.616467 ], [ 115.184235, -8.616562 ], [ 115.184431, -8.616607 ], [ 115.184761, -8.616684 ], [ 115.184839, -8.616622 ], [ 115.184947, -8.616514 ], [ 115.18505, -8.616455 ], [ 115.185221, -8.616441 ], [ 115.185278, -8.616453 ], [ 115.185326, -8.616495 ], [ 115.185404, -8.616552 ], [ 115.185953, -8.616422 ], [ 115.186116, -8.616373 ], [ 115.186144, -8.616392 ], [ 115.186159, -8.616403 ], [ 115.186168, -8.616426 ], [ 115.18616, -8.616447 ], [ 115.186146, -8.616495 ], [ 115.18615, -8.616524 ], [ 115.186175, -8.616547 ], [ 115.186222, -8.616562 ], [ 115.186236, -8.616573 ], [ 115.186246, -8.616586 ], [ 115.186256, -8.616623 ], [ 115.186267, -8.616641 ], [ 115.186278, -8.616648 ], [ 115.186299, -8.616655 ], [ 115.186332, -8.616647 ], [ 115.186374, -8.61663 ], [ 115.186393, -8.616607 ], [ 115.186414, -8.616558 ], [ 115.186452, -8.616339 ], [ 115.186466, -8.616216 ], [ 115.186463, -8.616085 ], [ 115.186462, -8.616027 ], [ 115.186469, -8.615906 ], [ 115.186484, -8.61581 ], [ 115.186518, -8.615708 ], [ 115.186731, -8.615377 ], [ 115.186816, -8.615292 ], [ 115.186918, -8.615222 ], [ 115.187022, -8.615126 ], [ 115.187069, -8.615071 ], [ 115.1871, -8.615001 ], [ 115.18719, -8.614959 ], [ 115.187259, -8.614943 ], [ 115.187334, -8.614943 ], [ 115.187511, -8.614979 ], [ 115.187569, -8.614992 ], [ 115.18767, -8.615022 ], [ 115.18773, -8.615039 ], [ 115.187775, -8.615064 ], [ 115.187807, -8.615127 ], [ 115.187836, -8.615177 ], [ 115.187866, -8.615196 ], [ 115.187876, -8.615203 ], [ 115.187927, -8.615202 ], [ 115.187972, -8.615182 ], [ 115.187992, -8.615161 ], [ 115.188034, -8.615117 ], [ 115.188147, -8.614978 ], [ 115.188269, -8.614776 ], [ 115.188589, -8.614824 ], [ 115.188685, -8.614838 ], [ 115.188741, -8.614838 ], [ 115.189327, -8.614838 ], [ 115.189334, -8.614838 ], [ 115.189445, -8.61422 ], [ 115.189445, -8.614217 ], [ 115.189464, -8.613961 ], [ 115.189464, -8.613702 ], [ 115.189446, -8.613565 ], [ 115.189415, -8.613426 ], [ 115.189354, -8.613195 ], [ 115.189317, -8.612931 ], [ 115.189348, -8.612929 ], [ 115.190216, -8.612869 ], [ 115.190251, -8.612988 ], [ 115.190309, -8.613171 ], [ 115.190313, -8.613226 ], [ 115.190316, -8.613325 ], [ 115.190331, -8.613406 ], [ 115.190371, -8.613469 ], [ 115.190439, -8.613497 ], [ 115.190442, -8.613514 ], [ 115.190478, -8.613608 ], [ 115.190498, -8.613615 ], [ 115.191264, -8.613714 ], [ 115.191439, -8.613732 ], [ 115.191563, -8.613747 ], [ 115.191552, -8.61356 ], [ 115.191462, -8.612933 ], [ 115.191467, -8.61291 ], [ 115.191499, -8.612897 ], [ 115.191833, -8.612872 ], [ 115.191876, -8.612917 ], [ 115.192523, -8.612732 ], [ 115.192417, -8.612475 ], [ 115.192706, -8.612339 ], [ 115.192894, -8.612251 ], [ 115.192902, -8.612279 ], [ 115.192938, -8.612421 ], [ 115.19347, -8.61234 ], [ 115.194372, -8.612288 ], [ 115.194355, -8.611997 ], [ 115.194335, -8.611634 ], [ 115.194741, -8.611514 ], [ 115.194783, -8.611502 ], [ 115.194946, -8.611459 ], [ 115.194982, -8.61146 ], [ 115.195056, -8.611464 ], [ 115.195226, -8.611504 ], [ 115.195477, -8.611591 ], [ 115.195705, -8.611692 ], [ 115.195788, -8.611708 ], [ 115.196003, -8.611749 ], [ 115.196196, -8.611808 ], [ 115.196389, -8.611892 ], [ 115.19647, -8.611955 ], [ 115.196549, -8.612055 ], [ 115.196931, -8.611967 ], [ 115.197174, -8.611917 ], [ 115.1974, -8.611897 ], [ 115.197331, -8.611575 ], [ 115.197299, -8.611367 ], [ 115.197284, -8.611266 ], [ 115.197282, -8.6112 ], [ 115.197415, -8.611098 ], [ 115.197454, -8.611065 ], [ 115.197481, -8.611013 ], [ 115.197488, -8.610959 ], [ 115.19749, -8.610867 ], [ 115.197488, -8.61076 ], [ 115.197507, -8.610681 ], [ 115.197544, -8.610593 ], [ 115.197608, -8.610469 ], [ 115.197641, -8.610367 ], [ 115.197658, -8.610304 ], [ 115.197658, -8.610223 ], [ 115.19764, -8.610128 ], [ 115.197597, -8.609887 ], [ 115.197586, -8.609689 ], [ 115.197592, -8.60955 ], [ 115.197594, -8.609499 ], [ 115.197571, -8.609339 ], [ 115.197494, -8.609114 ], [ 115.197418, -8.608957 ], [ 115.197375, -8.60889 ], [ 115.197363, -8.608833 ], [ 115.197367, -8.608793 ], [ 115.19738, -8.608762 ], [ 115.197396, -8.608732 ], [ 115.197415, -8.6087 ], [ 115.197448, -8.608618 ], [ 115.19747, -8.608541 ], [ 115.197473, -8.608465 ], [ 115.197466, -8.608402 ], [ 115.197413, -8.608259 ], [ 115.197358, -8.608103 ], [ 115.197237, -8.607791 ], [ 115.19716, -8.60759 ], [ 115.197141, -8.607549 ], [ 115.197109, -8.607526 ], [ 115.197056, -8.607506 ], [ 115.197009, -8.607489 ], [ 115.196941, -8.607448 ], [ 115.196905, -8.60743 ], [ 115.196866, -8.607426 ], [ 115.196833, -8.607433 ], [ 115.196801, -8.60744 ], [ 115.196744, -8.607448 ], [ 115.196709, -8.607444 ], [ 115.196673, -8.607426 ], [ 115.196646, -8.607399 ], [ 115.196633, -8.607372 ], [ 115.196623, -8.60733 ], [ 115.196616, -8.607252 ], [ 115.196614, -8.607201 ], [ 115.196612, -8.607175 ], [ 115.196604, -8.607064 ], [ 115.196575, -8.606931 ], [ 115.196557, -8.606876 ], [ 115.196537, -8.606837 ], [ 115.196532, -8.606831 ], [ 115.196483, -8.606768 ], [ 115.196457, -8.606716 ], [ 115.196453, -8.606679 ], [ 115.19646, -8.606573 ], [ 115.196478, -8.606515 ], [ 115.19649, -8.60648 ], [ 115.196519, -8.606419 ], [ 115.196519, -8.606418 ], [ 115.196578, -8.606322 ], [ 115.196628, -8.60622 ], [ 115.196654, -8.606148 ], [ 115.196682, -8.605998 ], [ 115.196692, -8.605914 ], [ 115.196697, -8.605802 ], [ 115.196693, -8.605751 ], [ 115.196682, -8.605598 ], [ 115.196694, -8.605386 ], [ 115.196733, -8.605164 ], [ 115.196754, -8.605021 ], [ 115.1972, -8.605059 ], [ 115.197208, -8.605059 ], [ 115.19737, -8.605066 ], [ 115.197428, -8.605068 ], [ 115.197562, -8.605082 ], [ 115.197593, -8.605085 ], [ 115.197763, -8.605108 ], [ 115.197922, -8.605128 ], [ 115.198277, -8.605132 ], [ 115.198706, -8.60515 ], [ 115.198712, -8.605028 ], [ 115.198713, -8.605014 ], [ 115.198748, -8.605014 ], [ 115.198757, -8.605014 ], [ 115.199058, -8.605021 ], [ 115.1992, -8.605025 ], [ 115.199257, -8.605025 ], [ 115.199282, -8.605011 ], [ 115.199299, -8.604979 ], [ 115.199314, -8.60492 ], [ 115.199399, -8.60456 ], [ 115.199413, -8.6045 ], [ 115.19945, -8.604365 ], [ 115.199551, -8.604054 ], [ 115.199596, -8.603846 ], [ 115.199644, -8.603743 ], [ 115.199676, -8.603687 ], [ 115.199719, -8.603636 ], [ 115.199851, -8.603529 ], [ 115.199935, -8.603442 ], [ 115.20001, -8.603356 ], [ 115.200086, -8.60324 ], [ 115.200234, -8.603309 ], [ 115.200283, -8.603325 ], [ 115.200327, -8.603326 ], [ 115.200328, -8.603326 ], [ 115.200361, -8.603309 ], [ 115.200406, -8.603234 ], [ 115.200419, -8.603212 ], [ 115.200423, -8.603213 ], [ 115.200548, -8.603254 ], [ 115.200682, -8.602954 ], [ 115.200653, -8.602941 ], [ 115.200588, -8.602912 ], [ 115.20083, -8.602366 ], [ 115.200899, -8.602382 ], [ 115.201275, -8.602472 ], [ 115.20133, -8.602477 ], [ 115.201481, -8.602493 ], [ 115.201568, -8.602494 ], [ 115.201583, -8.602458 ], [ 115.201856, -8.601813 ], [ 115.201979, -8.601456 ], [ 115.202688, -8.601656 ], [ 115.202633, -8.601918 ], [ 115.202797, -8.601955 ], [ 115.202908, -8.601964 ], [ 115.203131, -8.601954 ], [ 115.203129, -8.601815 ], [ 115.203209, -8.601805 ], [ 115.203223, -8.601605 ], [ 115.203448, -8.599535 ], [ 115.203574, -8.598453 ], [ 115.204017, -8.595783 ], [ 115.204333, -8.594194 ], [ 115.204377, -8.593526 ], [ 115.204285, -8.593031 ], [ 115.204166, -8.59255 ], [ 115.203805, -8.592201 ], [ 115.203443, -8.592092 ], [ 115.203174, -8.592064 ], [ 115.202744, -8.592062 ], [ 115.202489, -8.592061 ], [ 115.202301, -8.592047 ], [ 115.202113, -8.592006 ], [ 115.201912, -8.591898 ], [ 115.201738, -8.591777 ], [ 115.201551, -8.591602 ], [ 115.201431, -8.591308 ], [ 115.20133, -8.589998 ], [ 115.20143, -8.588702 ], [ 115.201513, -8.588195 ], [ 115.201569, -8.587661 ], [ 115.201288, -8.587352 ], [ 115.201007, -8.587177 ], [ 115.200706, -8.587086 ], [ 115.200924, -8.586492 ], [ 115.200281, -8.586299 ], [ 115.199582, -8.586071 ], [ 115.198418, -8.585685 ], [ 115.198249, -8.585643 ], [ 115.198234, -8.585626 ], [ 115.197788, -8.585433 ], [ 115.196706, -8.585059 ], [ 115.196509, -8.58499 ], [ 115.196647, -8.584689 ], [ 115.196767, -8.584423 ], [ 115.196915, -8.583838 ], [ 115.196918, -8.583558 ], [ 115.196694, -8.583274 ], [ 115.195934, -8.582727 ], [ 115.195482, -8.581934 ], [ 115.19544, -8.581841 ], [ 115.195537, -8.581644 ], [ 115.195852, -8.581228 ], [ 115.196, -8.581039 ], [ 115.196063, -8.581034 ], [ 115.196371, -8.580957 ], [ 115.196538, -8.580896 ], [ 115.196627, -8.580773 ], [ 115.196722, -8.579972 ], [ 115.196697, -8.579585 ], [ 115.196606, -8.579412 ], [ 115.196444, -8.578763 ], [ 115.196306, -8.578459 ], [ 115.195871, -8.577602 ], [ 115.195546, -8.57719 ], [ 115.195501, -8.577114 ], [ 115.195756, -8.576443 ], [ 115.195785, -8.575988 ], [ 115.195794, -8.575772 ], [ 115.196835, -8.574277 ], [ 115.197191, -8.572961 ], [ 115.19729, -8.571911 ], [ 115.197858, -8.570952 ], [ 115.197977, -8.570714 ], [ 115.197992, -8.570687 ], [ 115.197922, -8.570565 ], [ 115.197823, -8.569957 ], [ 115.197768, -8.569811 ], [ 115.197534, -8.569537 ], [ 115.19745, -8.569416 ], [ 115.197447, -8.568985 ], [ 115.197489, -8.568085 ], [ 115.197504, -8.567914 ], [ 115.19778, -8.567536 ], [ 115.197939, -8.567323 ], [ 115.197998, -8.566593 ], [ 115.198043, -8.566326 ], [ 115.198117, -8.566188 ], [ 115.198245, -8.566102 ], [ 115.19861, -8.566253 ], [ 115.198723, -8.566276 ], [ 115.198852, -8.566173 ], [ 115.199007, -8.565712 ], [ 115.199253, -8.565139 ], [ 115.19942, -8.56424 ], [ 115.199457, -8.56414 ], [ 115.199595, -8.564062 ], [ 115.199841, -8.56396 ], [ 115.199925, -8.56363 ], [ 115.200112, -8.562895 ], [ 115.200145, -8.562743 ], [ 115.200096, -8.56264 ], [ 115.199894, -8.562531 ], [ 115.199788, -8.562484 ], [ 115.199714, -8.562339 ], [ 115.199777, -8.561556 ], [ 115.199789, -8.561317 ], [ 115.199438, -8.560755 ], [ 115.199457, -8.560181 ], [ 115.199453, -8.559664 ], [ 115.200509, -8.558901 ], [ 115.20118, -8.558904 ], [ 115.20165, -8.559053 ], [ 115.202159, -8.55939 ], [ 115.202546, -8.559926 ], [ 115.202853, -8.560462 ], [ 115.20344, -8.561253 ], [ 115.203881, -8.56187 ], [ 115.204219, -8.562192 ], [ 115.204305, -8.562372 ], [ 115.204539, -8.562613 ], [ 115.204749, -8.562737 ], [ 115.20509, -8.562578 ], [ 115.205573, -8.562347 ], [ 115.205746, -8.562218 ], [ 115.20576, -8.562202 ], [ 115.205649, -8.561895 ], [ 115.205655, -8.561634 ], [ 115.205738, -8.561382 ], [ 115.205879, -8.561149 ], [ 115.206064, -8.560916 ], [ 115.206162, -8.560657 ], [ 115.206169, -8.560641 ], [ 115.206265, -8.560404 ], [ 115.206589, -8.559451 ], [ 115.206677, -8.559193 ], [ 115.207314, -8.558497 ], [ 115.207482, -8.558315 ], [ 115.207557, -8.558167 ], [ 115.2075, -8.557973 ], [ 115.207487, -8.557719 ], [ 115.207394, -8.557437 ], [ 115.207351, -8.557302 ], [ 115.207436, -8.5571 ], [ 115.207725, -8.556791 ], [ 115.20788, -8.556637 ], [ 115.207984, -8.556409 ], [ 115.208059, -8.556181 ], [ 115.208102, -8.55604 ], [ 115.207983, -8.555843 ], [ 115.207936, -8.555788 ], [ 115.20805, -8.5546 ], [ 115.208468, -8.553247 ], [ 115.208692, -8.552616 ], [ 115.208756, -8.552226 ], [ 115.208744, -8.552034 ], [ 115.208462, -8.550176 ], [ 115.208582, -8.549583 ], [ 115.208514, -8.548949 ], [ 115.208485, -8.548674 ], [ 115.208512, -8.548552 ], [ 115.208726, -8.548296 ], [ 115.208816, -8.548102 ], [ 115.208824, -8.548083 ], [ 115.208895, -8.547751 ], [ 115.209073, -8.547296 ], [ 115.209176, -8.547006 ], [ 115.209205, -8.546679 ], [ 115.209196, -8.546621 ], [ 115.209161, -8.546414 ], [ 115.208891, -8.545819 ], [ 115.208795, -8.545591 ], [ 115.208823, -8.545299 ], [ 115.208833, -8.545106 ], [ 115.209103, -8.544659 ], [ 115.209219, -8.544485 ], [ 115.209244, -8.544347 ], [ 115.209208, -8.544238 ], [ 115.209015, -8.543985 ], [ 115.208976, -8.543791 ], [ 115.209239, -8.543238 ], [ 115.209403, -8.542892 ], [ 115.209472, -8.54261 ], [ 115.209543, -8.542101 ], [ 115.209553, -8.542033 ], [ 115.209573, -8.541989 ], [ 115.209595, -8.541871 ], [ 115.209369, -8.541694 ], [ 115.209133, -8.54146 ], [ 115.208793, -8.540979 ], [ 115.208558, -8.540607 ], [ 115.208415, -8.540406 ], [ 115.208338, -8.54018 ], [ 115.20833, -8.539844 ], [ 115.208294, -8.539448 ], [ 115.20816, -8.539086 ], [ 115.207924, -8.538626 ], [ 115.207843, -8.538375 ], [ 115.207774, -8.538127 ], [ 115.207572, -8.537854 ], [ 115.207252, -8.537514 ], [ 115.207062, -8.537227 ], [ 115.205969, -8.536892 ], [ 115.205512, -8.53681 ], [ 115.204841, -8.53678 ], [ 115.204223, -8.536684 ], [ 115.203793, -8.536601 ], [ 115.203499, -8.536386 ], [ 115.203164, -8.536077 ], [ 115.202428, -8.535446 ], [ 115.202027, -8.535057 ], [ 115.201734, -8.534641 ], [ 115.201466, -8.534332 ], [ 115.201118, -8.53409 ], [ 115.199971, -8.534093 ], [ 115.199797, -8.534085 ], [ 115.199089, -8.533988 ], [ 115.198017, -8.533656 ], [ 115.197074, -8.533365 ], [ 115.196198, -8.533093 ], [ 115.196133, -8.533136 ], [ 115.196065, -8.53316 ], [ 115.195857, -8.534723 ], [ 115.195722, -8.535757 ], [ 115.195719, -8.535795 ], [ 115.195584, -8.538006 ], [ 115.19556, -8.538173 ], [ 115.195555, -8.538188 ], [ 115.195456, -8.538405 ], [ 115.195032, -8.538336 ], [ 115.194934, -8.538383 ], [ 115.194888, -8.538404 ], [ 115.194842, -8.538425 ], [ 115.194758, -8.538461 ], [ 115.194596, -8.53853 ], [ 115.194489, -8.538577 ], [ 115.194458, -8.538588 ], [ 115.194467, -8.538471 ], [ 115.194353, -8.538187 ], [ 115.194189, -8.538022 ], [ 115.194087, -8.538005 ], [ 115.193829, -8.538126 ], [ 115.193564, -8.538273 ], [ 115.193403, -8.538319 ], [ 115.193279, -8.538288 ], [ 115.193252, -8.538073 ], [ 115.193246, -8.537798 ], [ 115.193192, -8.537587 ], [ 115.193062, -8.537393 ], [ 115.192824, -8.537148 ], [ 115.19276, -8.536995 ], [ 115.192872, -8.53586 ], [ 115.192966, -8.53537 ], [ 115.193039, -8.535135 ], [ 115.193558, -8.534745 ], [ 115.193753, -8.534603 ], [ 115.193901, -8.534433 ], [ 115.193994, -8.534221 ], [ 115.193996, -8.534006 ], [ 115.193899, -8.533765 ], [ 115.193701, -8.53352 ], [ 115.193601, -8.533376 ], [ 115.193558, -8.53325 ], [ 115.193617, -8.533118 ], [ 115.193771, -8.532955 ], [ 115.193594, -8.532568 ], [ 115.19356, -8.532473 ], [ 115.193698, -8.532314 ], [ 115.193978, -8.532088 ], [ 115.19445, -8.531615 ], [ 115.195057, -8.530864 ], [ 115.195694, -8.5303 ], [ 115.195866, -8.530141 ], [ 115.195981, -8.529941 ], [ 115.196035, -8.529592 ], [ 115.196097, -8.529188 ], [ 115.196148, -8.528952 ], [ 115.196403, -8.528578 ], [ 115.196672, -8.528081 ], [ 115.196911, -8.527452 ], [ 115.197062, -8.527067 ], [ 115.197267, -8.526764 ], [ 115.197568, -8.526457 ], [ 115.197711, -8.526319 ], [ 115.197759, -8.526165 ], [ 115.197675, -8.525817 ], [ 115.197207, -8.525115 ], [ 115.197149, -8.52502 ], [ 115.197069, -8.524888 ], [ 115.197037, -8.524707 ], [ 115.197155, -8.524087 ], [ 115.197268, -8.523759 ], [ 115.197507, -8.522924 ], [ 115.197349, -8.522215 ], [ 115.19684, -8.521852 ], [ 115.196143, -8.521662 ], [ 115.195338, -8.521391 ], [ 115.19452, -8.520986 ], [ 115.194247, -8.520496 ], [ 115.194283, -8.520241 ], [ 115.194525, -8.519814 ], [ 115.194732, -8.519326 ], [ 115.19489, -8.518925 ], [ 115.19502, -8.518669 ], [ 115.195025, -8.518485 ], [ 115.194773, -8.51792 ], [ 115.194641, -8.517639 ], [ 115.194578, -8.517194 ], [ 115.194605, -8.516984 ], [ 115.194706, -8.516812 ], [ 115.194961, -8.515833 ], [ 115.195089, -8.515407 ], [ 115.195405, -8.514956 ], [ 115.195451, -8.514631 ], [ 115.195577, -8.514495 ], [ 115.195815, -8.514037 ], [ 115.195944, -8.513754 ], [ 115.196042, -8.513596 ], [ 115.196411, -8.513524 ], [ 115.196441, -8.513519 ], [ 115.196696, -8.513122 ], [ 115.196913, -8.512808 ], [ 115.197056, -8.512659 ], [ 115.197163, -8.512654 ], [ 115.197447, -8.512793 ], [ 115.197591, -8.512812 ], [ 115.197762, -8.512712 ], [ 115.198126, -8.512425 ] ] ] ] } },
{ "type": "Feature", "properties": { "id": 6, "fid": 6, "objectid": 4150, "namobj": "Abiansemal", "fcode": "BA03070040", "wadmkc": "Abiansemal", "wadmkk": "Badung", "wadmpr": "Bali", "jumlah_penduduk": 99363, "area_admini": 47133224.558874838 }, "geometry": { "type": "MultiPolygon", "coordinates": [ [ [ [ 115.236717, -8.511898 ], [ 115.236897, -8.511701 ], [ 115.236983, -8.511593 ], [ 115.237045, -8.511509 ], [ 115.237131, -8.511366 ], [ 115.237208, -8.511244 ], [ 115.23727, -8.511122 ], [ 115.237305, -8.510713 ], [ 115.237287, -8.510543 ], [ 115.237316, -8.510359 ], [ 115.237369, -8.510143 ], [ 115.237427, -8.509993 ], [ 115.237603, -8.509765 ], [ 115.237751, -8.509624 ], [ 115.237936, -8.509451 ], [ 115.238127, -8.509231 ], [ 115.238246, -8.509066 ], [ 115.238375, -8.508841 ], [ 115.23838, -8.508756 ], [ 115.23838, -8.508695 ], [ 115.238343, -8.508615 ], [ 115.238277, -8.508511 ], [ 115.238221, -8.508405 ], [ 115.238108, -8.508282 ], [ 115.238028, -8.508188 ], [ 115.237919, -8.508069 ], [ 115.237858, -8.507961 ], [ 115.237778, -8.507843 ], [ 115.237746, -8.507762 ], [ 115.237689, -8.507654 ], [ 115.23768, -8.507555 ], [ 115.237686, -8.507451 ], [ 115.237705, -8.507376 ], [ 115.237821, -8.507081 ], [ 115.237864, -8.506968 ], [ 115.237978, -8.506837 ], [ 115.238117, -8.50647 ], [ 115.238184, -8.506324 ], [ 115.238227, -8.506198 ], [ 115.238281, -8.505981 ], [ 115.23829, -8.505892 ], [ 115.238296, -8.505751 ], [ 115.238259, -8.505543 ], [ 115.238198, -8.505453 ], [ 115.238132, -8.505382 ], [ 115.238042, -8.505307 ], [ 115.237986, -8.505236 ], [ 115.237961, -8.505107 ], [ 115.237935, -8.504911 ], [ 115.237879, -8.504508 ], [ 115.237864, -8.504301 ], [ 115.237818, -8.50384 ], [ 115.237813, -8.503666 ], [ 115.237879, -8.50338 ], [ 115.237944, -8.503131 ], [ 115.238094, -8.502872 ], [ 115.238427, -8.502498 ], [ 115.238668, -8.502224 ], [ 115.239032, -8.501855 ], [ 115.239155, -8.501712 ], [ 115.239433, -8.50148 ], [ 115.239492, -8.501354 ], [ 115.23983, -8.500947 ], [ 115.240017, -8.500657 ], [ 115.240205, -8.500419 ], [ 115.240489, -8.500079 ], [ 115.240554, -8.50001 ], [ 115.240578, -8.5 ], [ 115.197311, -8.5 ], [ 115.197311, -8.5 ], [ 115.197394, -8.500394 ], [ 115.197425, -8.500566 ], [ 115.197455, -8.500737 ], [ 115.197502, -8.50143 ], [ 115.197478, -8.501741 ], [ 115.197403, -8.502408 ], [ 115.197358, -8.502815 ], [ 115.197449, -8.503181 ], [ 115.197628, -8.503568 ], [ 115.197715, -8.503743 ], [ 115.197987, -8.504295 ], [ 115.198016, -8.50476 ], [ 115.197944, -8.505446 ], [ 115.19792, -8.505496 ], [ 115.197848, -8.505643 ], [ 115.197659, -8.505814 ], [ 115.197211, -8.50624 ], [ 115.197012, -8.506546 ], [ 115.196956, -8.506822 ], [ 115.19699, -8.507121 ], [ 115.197042, -8.507251 ], [ 115.197182, -8.507593 ], [ 115.197466, -8.507993 ], [ 115.197611, -8.508288 ], [ 115.197676, -8.508557 ], [ 115.197668, -8.508719 ], [ 115.197665, -8.508774 ], [ 115.197633, -8.509177 ], [ 115.197729, -8.509364 ], [ 115.197901, -8.509744 ], [ 115.198157, -8.51048 ], [ 115.198569, -8.511236 ], [ 115.198564, -8.511624 ], [ 115.198424, -8.512049 ], [ 115.198284, -8.512281 ], [ 115.198126, -8.512425 ], [ 115.197762, -8.512712 ], [ 115.197591, -8.512812 ], [ 115.197447, -8.512793 ], [ 115.197163, -8.512654 ], [ 115.197056, -8.512659 ], [ 115.196913, -8.512808 ], [ 115.196696, -8.513122 ], [ 115.196441, -8.513519 ], [ 115.196411, -8.513524 ], [ 115.196042, -8.513596 ], [ 115.195944, -8.513754 ], [ 115.195815, -8.514037 ], [ 115.195577, -8.514495 ], [ 115.195451, -8.514631 ], [ 115.195405, -8.514956 ], [ 115.195089, -8.515407 ], [ 115.194961, -8.515833 ], [ 115.194706, -8.516812 ], [ 115.194605, -8.516984 ], [ 115.194578, -8.517194 ], [ 115.194641, -8.517639 ], [ 115.194773, -8.51792 ], [ 115.195025, -8.518485 ], [ 115.19502, -8.518669 ], [ 115.19489, -8.518925 ], [ 115.194732, -8.519326 ], [ 115.194525, -8.519814 ], [ 115.194283, -8.520241 ], [ 115.194247, -8.520496 ], [ 115.19452, -8.520986 ], [ 115.195338, -8.521391 ], [ 115.196143, -8.521662 ], [ 115.19684, -8.521852 ], [ 115.197349, -8.522215 ], [ 115.197507, -8.522924 ], [ 115.197268, -8.523759 ], [ 115.197155, -8.524087 ], [ 115.197037, -8.524707 ], [ 115.197069, -8.524888 ], [ 115.197149, -8.52502 ], [ 115.197207, -8.525115 ], [ 115.197675, -8.525817 ], [ 115.197759, -8.526165 ], [ 115.197711, -8.526319 ], [ 115.197568, -8.526457 ], [ 115.197267, -8.526764 ], [ 115.197062, -8.527067 ], [ 115.196911, -8.527452 ], [ 115.196672, -8.528081 ], [ 115.196403, -8.528578 ], [ 115.196148, -8.528952 ], [ 115.196097, -8.529188 ], [ 115.196035, -8.529592 ], [ 115.195981, -8.529941 ], [ 115.195866, -8.530141 ], [ 115.195694, -8.5303 ], [ 115.195057, -8.530864 ], [ 115.19445, -8.531615 ], [ 115.193978, -8.532088 ], [ 115.193698, -8.532314 ], [ 115.19356, -8.532473 ], [ 115.193594, -8.532568 ], [ 115.193771, -8.532955 ], [ 115.193617, -8.533118 ], [ 115.193558, -8.53325 ], [ 115.193601, -8.533376 ], [ 115.193701, -8.53352 ], [ 115.193899, -8.533765 ], [ 115.193996, -8.534006 ], [ 115.193994, -8.534221 ], [ 115.193901, -8.534433 ], [ 115.193753, -8.534603 ], [ 115.193558, -8.534745 ], [ 115.193039, -8.535135 ], [ 115.192966, -8.53537 ], [ 115.192872, -8.53586 ], [ 115.19276, -8.536995 ], [ 115.192824, -8.537148 ], [ 115.193062, -8.537393 ], [ 115.193192, -8.537587 ], [ 115.193246, -8.537798 ], [ 115.193252, -8.538073 ], [ 115.193279, -8.538288 ], [ 115.193403, -8.538319 ], [ 115.193564, -8.538273 ], [ 115.193829, -8.538126 ], [ 115.194087, -8.538005 ], [ 115.194189, -8.538022 ], [ 115.194353, -8.538187 ], [ 115.194467, -8.538471 ], [ 115.194458, -8.538588 ], [ 115.194489, -8.538577 ], [ 115.194596, -8.53853 ], [ 115.194758, -8.538461 ], [ 115.194842, -8.538425 ], [ 115.194888, -8.538404 ], [ 115.194934, -8.538383 ], [ 115.195032, -8.538336 ], [ 115.195456, -8.538405 ], [ 115.195555, -8.538188 ], [ 115.19556, -8.538173 ], [ 115.195584, -8.538006 ], [ 115.195719, -8.535795 ], [ 115.195722, -8.535757 ], [ 115.195857, -8.534723 ], [ 115.196065, -8.53316 ], [ 115.196133, -8.533136 ], [ 115.196198, -8.533093 ], [ 115.197074, -8.533365 ], [ 115.198017, -8.533656 ], [ 115.199089, -8.533988 ], [ 115.199797, -8.534085 ], [ 115.199971, -8.534093 ], [ 115.201118, -8.53409 ], [ 115.201466, -8.534332 ], [ 115.201734, -8.534641 ], [ 115.202027, -8.535057 ], [ 115.202428, -8.535446 ], [ 115.203164, -8.536077 ], [ 115.203499, -8.536386 ], [ 115.203793, -8.536601 ], [ 115.204223, -8.536684 ], [ 115.204841, -8.53678 ], [ 115.205512, -8.53681 ], [ 115.205969, -8.536892 ], [ 115.207062, -8.537227 ], [ 115.207252, -8.537514 ], [ 115.207572, -8.537854 ], [ 115.207774, -8.538127 ], [ 115.207843, -8.538375 ], [ 115.207924, -8.538626 ], [ 115.20816, -8.539086 ], [ 115.208294, -8.539448 ], [ 115.20833, -8.539844 ], [ 115.208338, -8.54018 ], [ 115.208415, -8.540406 ], [ 115.208558, -8.540607 ], [ 115.208793, -8.540979 ], [ 115.209133, -8.54146 ], [ 115.209369, -8.541694 ], [ 115.209595, -8.541871 ], [ 115.209573, -8.541989 ], [ 115.209553, -8.542033 ], [ 115.209543, -8.542101 ], [ 115.209472, -8.54261 ], [ 115.209403, -8.542892 ], [ 115.209239, -8.543238 ], [ 115.208976, -8.543791 ], [ 115.209015, -8.543985 ], [ 115.209208, -8.544238 ], [ 115.209244, -8.544347 ], [ 115.209219, -8.544485 ], [ 115.209103, -8.544659 ], [ 115.208833, -8.545106 ], [ 115.208823, -8.545299 ], [ 115.208795, -8.545591 ], [ 115.208891, -8.545819 ], [ 115.209161, -8.546414 ], [ 115.209196, -8.546621 ], [ 115.209205, -8.546679 ], [ 115.209176, -8.547006 ], [ 115.209073, -8.547296 ], [ 115.208895, -8.547751 ], [ 115.208824, -8.548083 ], [ 115.208816, -8.548102 ], [ 115.208726, -8.548296 ], [ 115.208512, -8.548552 ], [ 115.208485, -8.548674 ], [ 115.208514, -8.548949 ], [ 115.208582, -8.549583 ], [ 115.208462, -8.550176 ], [ 115.208744, -8.552034 ], [ 115.208756, -8.552226 ], [ 115.208692, -8.552616 ], [ 115.208468, -8.553247 ], [ 115.20805, -8.5546 ], [ 115.207936, -8.555788 ], [ 115.207983, -8.555843 ], [ 115.208102, -8.55604 ], [ 115.208059, -8.556181 ], [ 115.207984, -8.556409 ], [ 115.20788, -8.556637 ], [ 115.207725, -8.556791 ], [ 115.207436, -8.5571 ], [ 115.207351, -8.557302 ], [ 115.207394, -8.557437 ], [ 115.207487, -8.557719 ], [ 115.2075, -8.557973 ], [ 115.207557, -8.558167 ], [ 115.207482, -8.558315 ], [ 115.207314, -8.558497 ], [ 115.206677, -8.559193 ], [ 115.206589, -8.559451 ], [ 115.206265, -8.560404 ], [ 115.206169, -8.560641 ], [ 115.206162, -8.560657 ], [ 115.206064, -8.560916 ], [ 115.205879, -8.561149 ], [ 115.205738, -8.561382 ], [ 115.205655, -8.561634 ], [ 115.205649, -8.561895 ], [ 115.20576, -8.562202 ], [ 115.205746, -8.562218 ], [ 115.205573, -8.562347 ], [ 115.20509, -8.562578 ], [ 115.204749, -8.562737 ], [ 115.204539, -8.562613 ], [ 115.204305, -8.562372 ], [ 115.204219, -8.562192 ], [ 115.203881, -8.56187 ], [ 115.20344, -8.561253 ], [ 115.202853, -8.560462 ], [ 115.202546, -8.559926 ], [ 115.202159, -8.55939 ], [ 115.20165, -8.559053 ], [ 115.20118, -8.558904 ], [ 115.200509, -8.558901 ], [ 115.199453, -8.559664 ], [ 115.199457, -8.560181 ], [ 115.199438, -8.560755 ], [ 115.199789, -8.561317 ], [ 115.199777, -8.561556 ], [ 115.199714, -8.562339 ], [ 115.199788, -8.562484 ], [ 115.199894, -8.562531 ], [ 115.200096, -8.56264 ], [ 115.200145, -8.562743 ], [ 115.200112, -8.562895 ], [ 115.199925, -8.56363 ], [ 115.199841, -8.56396 ], [ 115.199595, -8.564062 ], [ 115.199457, -8.56414 ], [ 115.19942, -8.56424 ], [ 115.199253, -8.565139 ], [ 115.199007, -8.565712 ], [ 115.198852, -8.566173 ], [ 115.198723, -8.566276 ], [ 115.19861, -8.566253 ], [ 115.198245, -8.566102 ], [ 115.198117, -8.566188 ], [ 115.198043, -8.566326 ], [ 115.197998, -8.566593 ], [ 115.197939, -8.567323 ], [ 115.19778, -8.567536 ], [ 115.197504, -8.567914 ], [ 115.197489, -8.568085 ], [ 115.197447, -8.568985 ], [ 115.19745, -8.569416 ], [ 115.197534, -8.569537 ], [ 115.197768, -8.569811 ], [ 115.197823, -8.569957 ], [ 115.197922, -8.570565 ], [ 115.197992, -8.570687 ], [ 115.197977, -8.570714 ], [ 115.197858, -8.570952 ], [ 115.19729, -8.571911 ], [ 115.197191, -8.572961 ], [ 115.196835, -8.574277 ], [ 115.195794, -8.575772 ], [ 115.195785, -8.575988 ], [ 115.195756, -8.576443 ], [ 115.195501, -8.577114 ], [ 115.195546, -8.57719 ], [ 115.195871, -8.577602 ], [ 115.196306, -8.578459 ], [ 115.196444, -8.578763 ], [ 115.196606, -8.579412 ], [ 115.196697, -8.579585 ], [ 115.196722, -8.579972 ], [ 115.196627, -8.580773 ], [ 115.196538, -8.580896 ], [ 115.196371, -8.580957 ], [ 115.196063, -8.581034 ], [ 115.196, -8.581039 ], [ 115.195852, -8.581228 ], [ 115.195537, -8.581644 ], [ 115.19544, -8.581841 ], [ 115.195482, -8.581934 ], [ 115.195934, -8.582727 ], [ 115.196694, -8.583274 ], [ 115.196918, -8.583558 ], [ 115.196915, -8.583838 ], [ 115.196767, -8.584423 ], [ 115.196647, -8.584689 ], [ 115.196509, -8.58499 ], [ 115.196706, -8.585059 ], [ 115.197788, -8.585433 ], [ 115.198234, -8.585626 ], [ 115.198249, -8.585643 ], [ 115.198418, -8.585685 ], [ 115.199582, -8.586071 ], [ 115.200281, -8.586299 ], [ 115.200924, -8.586492 ], [ 115.200706, -8.587086 ], [ 115.201007, -8.587177 ], [ 115.201288, -8.587352 ], [ 115.201569, -8.587661 ], [ 115.201513, -8.588195 ], [ 115.20143, -8.588702 ], [ 115.20133, -8.589998 ], [ 115.201431, -8.591308 ], [ 115.201551, -8.591602 ], [ 115.201738, -8.591777 ], [ 115.201912, -8.591898 ], [ 115.202113, -8.592006 ], [ 115.202301, -8.592047 ], [ 115.202489, -8.592061 ], [ 115.202744, -8.592062 ], [ 115.203174, -8.592064 ], [ 115.203443, -8.592092 ], [ 115.203805, -8.592201 ], [ 115.204166, -8.59255 ], [ 115.204285, -8.593031 ], [ 115.204377, -8.593526 ], [ 115.204333, -8.594194 ], [ 115.204017, -8.595783 ], [ 115.203574, -8.598453 ], [ 115.203448, -8.599535 ], [ 115.203223, -8.601605 ], [ 115.203209, -8.601805 ], [ 115.203386, -8.601783 ], [ 115.203418, -8.601927 ], [ 115.203426, -8.602004 ], [ 115.203426, -8.602048 ], [ 115.203407, -8.60223 ], [ 115.203384, -8.602404 ], [ 115.203548, -8.602444 ], [ 115.203554, -8.602514 ], [ 115.203555, -8.602585 ], [ 115.203546, -8.602629 ], [ 115.20352, -8.602698 ], [ 115.203496, -8.60275 ], [ 115.20373, -8.602768 ], [ 115.204054, -8.602749 ], [ 115.204408, -8.602726 ], [ 115.204662, -8.60265 ], [ 115.204717, -8.602598 ], [ 115.204756, -8.602548 ], [ 115.204793, -8.602481 ], [ 115.204836, -8.602436 ], [ 115.204912, -8.602393 ], [ 115.205057, -8.602302 ], [ 115.205373, -8.602057 ], [ 115.205565, -8.60186 ], [ 115.20553, -8.601673 ], [ 115.205853, -8.601655 ], [ 115.206276, -8.601615 ], [ 115.206556, -8.601573 ], [ 115.206817, -8.601469 ], [ 115.206848, -8.6015 ], [ 115.206905, -8.601554 ], [ 115.206966, -8.601549 ], [ 115.207021, -8.601527 ], [ 115.207115, -8.601485 ], [ 115.207186, -8.601592 ], [ 115.207308, -8.60173 ], [ 115.207404, -8.601735 ], [ 115.207884, -8.601757 ], [ 115.207873, -8.601675 ], [ 115.207843, -8.601351 ], [ 115.207795, -8.600842 ], [ 115.207818, -8.600825 ], [ 115.208322, -8.600654 ], [ 115.208272, -8.600528 ], [ 115.208195, -8.600232 ], [ 115.208356, -8.600148 ], [ 115.20845, -8.600114 ], [ 115.208622, -8.600094 ], [ 115.208809, -8.600064 ], [ 115.20886, -8.600061 ], [ 115.208946, -8.600046 ], [ 115.209116, -8.600008 ], [ 115.209179, -8.599982 ], [ 115.209248, -8.599954 ], [ 115.209249, -8.599909 ], [ 115.209251, -8.599732 ], [ 115.209262, -8.599656 ], [ 115.209286, -8.599525 ], [ 115.209307, -8.599386 ], [ 115.209311, -8.59933 ], [ 115.209301, -8.59924 ], [ 115.209313, -8.599172 ], [ 115.209362, -8.599061 ], [ 115.209453, -8.598872 ], [ 115.20957, -8.598633 ], [ 115.209594, -8.598525 ], [ 115.209614, -8.598431 ], [ 115.209618, -8.598311 ], [ 115.209933, -8.598204 ], [ 115.209922, -8.59814 ], [ 115.21, -8.598107 ], [ 115.209927, -8.597866 ], [ 115.210093, -8.597815 ], [ 115.210052, -8.597679 ], [ 115.209945, -8.597342 ], [ 115.210107, -8.597314 ], [ 115.210126, -8.597318 ], [ 115.210173, -8.597341 ], [ 115.210213, -8.597355 ], [ 115.210399, -8.597369 ], [ 115.210487, -8.597369 ], [ 115.210744, -8.597351 ], [ 115.21075, -8.597415 ], [ 115.211202, -8.59739 ], [ 115.211166, -8.597153 ], [ 115.211274, -8.597148 ], [ 115.211239, -8.59688 ], [ 115.211423, -8.596872 ], [ 115.211435, -8.596711 ], [ 115.211464, -8.596711 ], [ 115.211526, -8.596404 ], [ 115.21173, -8.596366 ], [ 115.211724, -8.596174 ], [ 115.212043, -8.596202 ], [ 115.212495, -8.596253 ], [ 115.212897, -8.596341 ], [ 115.213435, -8.596485 ], [ 115.213864, -8.596679 ], [ 115.213841, -8.596775 ], [ 115.214227, -8.596869 ], [ 115.214296, -8.596886 ], [ 115.214346, -8.596884 ], [ 115.214375, -8.596869 ], [ 115.214425, -8.596785 ], [ 115.214778, -8.596889 ], [ 115.214966, -8.595539 ], [ 115.21528, -8.595586 ], [ 115.21532, -8.595306 ], [ 115.215625, -8.595363 ], [ 115.215698, -8.595403 ], [ 115.215743, -8.59543 ], [ 115.21577, -8.595437 ], [ 115.2158, -8.595437 ], [ 115.215858, -8.595435 ], [ 115.215923, -8.595439 ], [ 115.215967, -8.595444 ], [ 115.215994, -8.595459 ], [ 115.216005, -8.595472 ], [ 115.216009, -8.595528 ], [ 115.216017, -8.595545 ], [ 115.216043, -8.595556 ], [ 115.216272, -8.595602 ], [ 115.216355, -8.595612 ], [ 115.216404, -8.59561 ], [ 115.216546, -8.595602 ], [ 115.216614, -8.59561 ], [ 115.216699, -8.595642 ], [ 115.216773, -8.595671 ], [ 115.216846, -8.595711 ], [ 115.217479, -8.595884 ], [ 115.217601, -8.595919 ], [ 115.217689, -8.595922 ], [ 115.217748, -8.595931 ], [ 115.217809, -8.595962 ], [ 115.217863, -8.596001 ], [ 115.217917, -8.596059 ], [ 115.217962, -8.596089 ], [ 115.218012, -8.596098 ], [ 115.21805, -8.596097 ], [ 115.218111, -8.596083 ], [ 115.218164, -8.596049 ], [ 115.218206, -8.596029 ], [ 115.21826, -8.596029 ], [ 115.218496, -8.596041 ], [ 115.218731, -8.596061 ], [ 115.218768, -8.595825 ], [ 115.218994, -8.59584 ], [ 115.219033, -8.595984 ], [ 115.219134, -8.595987 ], [ 115.219141, -8.596021 ], [ 115.219192, -8.596026 ], [ 115.219201, -8.596121 ], [ 115.219589, -8.596094 ], [ 115.219639, -8.596096 ], [ 115.21972, -8.596101 ], [ 115.219812, -8.596135 ], [ 115.219929, -8.596159 ], [ 115.220019, -8.596173 ], [ 115.220143, -8.596185 ], [ 115.220267, -8.596186 ], [ 115.220364, -8.596201 ], [ 115.220449, -8.596225 ], [ 115.220536, -8.596254 ], [ 115.220619, -8.596294 ], [ 115.220731, -8.59632 ], [ 115.220801, -8.596328 ], [ 115.220906, -8.596311 ], [ 115.221023, -8.596279 ], [ 115.221129, -8.596251 ], [ 115.221221, -8.59624 ], [ 115.221426, -8.596242 ], [ 115.221617, -8.596273 ], [ 115.22186, -8.596321 ], [ 115.222099, -8.596348 ], [ 115.222304, -8.596352 ], [ 115.222487, -8.596343 ], [ 115.222724, -8.596351 ], [ 115.2229, -8.596377 ], [ 115.222985, -8.596414 ], [ 115.223077, -8.596474 ], [ 115.223158, -8.596609 ], [ 115.22326, -8.596802 ], [ 115.22332, -8.59695 ], [ 115.223333, -8.596984 ], [ 115.223393, -8.597058 ], [ 115.22347, -8.597098 ], [ 115.223582, -8.597134 ], [ 115.223656, -8.597169 ], [ 115.223768, -8.597226 ], [ 115.223823, -8.597274 ], [ 115.223912, -8.597366 ], [ 115.224021, -8.597317 ], [ 115.224051, -8.597303 ], [ 115.224326, -8.597184 ], [ 115.224685, -8.597006 ], [ 115.224923, -8.596805 ], [ 115.225067, -8.596666 ], [ 115.225449, -8.596293 ], [ 115.225936, -8.595907 ], [ 115.2261, -8.595761 ], [ 115.226188, -8.595652 ], [ 115.226227, -8.595557 ], [ 115.226252, -8.595495 ], [ 115.22627, -8.595403 ], [ 115.226282, -8.59526 ], [ 115.22628, -8.595186 ], [ 115.226266, -8.595132 ], [ 115.22614, -8.594729 ], [ 115.226037, -8.594488 ], [ 115.226009, -8.594364 ], [ 115.226009, -8.59429 ], [ 115.226016, -8.594228 ], [ 115.226033, -8.594173 ], [ 115.226062, -8.594119 ], [ 115.226087, -8.594064 ], [ 115.226096, -8.594025 ], [ 115.226096, -8.593983 ], [ 115.226087, -8.593948 ], [ 115.226062, -8.593903 ], [ 115.226011, -8.59384 ], [ 115.225979, -8.593794 ], [ 115.225945, -8.593723 ], [ 115.225916, -8.593634 ], [ 115.225891, -8.593553 ], [ 115.225832, -8.593323 ], [ 115.22582, -8.593199 ], [ 115.225866, -8.59304 ], [ 115.225952, -8.592883 ], [ 115.226052, -8.592805 ], [ 115.226158, -8.59275 ], [ 115.22641, -8.592769 ], [ 115.226674, -8.592809 ], [ 115.227169, -8.59281 ], [ 115.227156, -8.592724 ], [ 115.227172, -8.592541 ], [ 115.227185, -8.592465 ], [ 115.227203, -8.592405 ], [ 115.227222, -8.592339 ], [ 115.227261, -8.59208 ], [ 115.22728, -8.591908 ], [ 115.227282, -8.591798 ], [ 115.227283, -8.591739 ], [ 115.227381, -8.591743 ], [ 115.227548, -8.591753 ], [ 115.227568, -8.591754 ], [ 115.227548, -8.591827 ], [ 115.227533, -8.59192 ], [ 115.227533, -8.591948 ], [ 115.227539, -8.592002 ], [ 115.227545, -8.592051 ], [ 115.227577, -8.592124 ], [ 115.227624, -8.592227 ], [ 115.227647, -8.592282 ], [ 115.227663, -8.592328 ], [ 115.227667, -8.592352 ], [ 115.227668, -8.592373 ], [ 115.227667, -8.592456 ], [ 115.227945, -8.592427 ], [ 115.227948, -8.592426 ], [ 115.228016, -8.592412 ], [ 115.228042, -8.592363 ], [ 115.228135, -8.592365 ], [ 115.228181, -8.592387 ], [ 115.228206, -8.592429 ], [ 115.228302, -8.592406 ], [ 115.228421, -8.592369 ], [ 115.228447, -8.592372 ], [ 115.228468, -8.592382 ], [ 115.228494, -8.592401 ], [ 115.228519, -8.592429 ], [ 115.228573, -8.592544 ], [ 115.228581, -8.592556 ], [ 115.228593, -8.592564 ], [ 115.228611, -8.592565 ], [ 115.228834, -8.592543 ], [ 115.229273, -8.592487 ], [ 115.229344, -8.592477 ], [ 115.22941, -8.592469 ], [ 115.229602, -8.592443 ], [ 115.229586, -8.592359 ], [ 115.229559, -8.592168 ], [ 115.22981, -8.592119 ], [ 115.230084, -8.592087 ], [ 115.230597, -8.592029 ], [ 115.230904, -8.591985 ], [ 115.231031, -8.591962 ], [ 115.231188, -8.59194 ], [ 115.23145, -8.591903 ], [ 115.231738, -8.591854 ], [ 115.23196, -8.591817 ], [ 115.232216, -8.591779 ], [ 115.232616, -8.591701 ], [ 115.23278, -8.591665 ], [ 115.232978, -8.591734 ], [ 115.233007, -8.591755 ], [ 115.233059, -8.591794 ], [ 115.233122, -8.591815 ], [ 115.23315, -8.591818 ], [ 115.233175, -8.591815 ], [ 115.233197, -8.591802 ], [ 115.233224, -8.591795 ], [ 115.233245, -8.591794 ], [ 115.233259, -8.591795 ], [ 115.233268, -8.591801 ], [ 115.233272, -8.591808 ], [ 115.233281, -8.591821 ], [ 115.233286, -8.591839 ], [ 115.233286, -8.591865 ], [ 115.233284, -8.591901 ], [ 115.233286, -8.591908 ], [ 115.233297, -8.591923 ], [ 115.233353, -8.591983 ], [ 115.233418, -8.592041 ], [ 115.233534, -8.592126 ], [ 115.233572, -8.59217 ], [ 115.233611, -8.592217 ], [ 115.233628, -8.59224 ], [ 115.233676, -8.592263 ], [ 115.233737, -8.59228 ], [ 115.233812, -8.592313 ], [ 115.234042, -8.59246 ], [ 115.234227, -8.592581 ], [ 115.23428, -8.592624 ], [ 115.234334, -8.592699 ], [ 115.234461, -8.592911 ], [ 115.234531, -8.593043 ], [ 115.234551, -8.59297 ], [ 115.234573, -8.592838 ], [ 115.23458, -8.592733 ], [ 115.234588, -8.592654 ], [ 115.234608, -8.592581 ], [ 115.234643, -8.592499 ], [ 115.234697, -8.592415 ], [ 115.234729, -8.592367 ], [ 115.23476, -8.592281 ], [ 115.234774, -8.592202 ], [ 115.234791, -8.59211 ], [ 115.234782, -8.591883 ], [ 115.234784, -8.591795 ], [ 115.234788, -8.591734 ], [ 115.234792, -8.591606 ], [ 115.234793, -8.591525 ], [ 115.234793, -8.591519 ], [ 115.234835, -8.591523 ], [ 115.234861, -8.591526 ], [ 115.235, -8.591539 ], [ 115.235016, -8.59154 ], [ 115.2351, -8.591543 ], [ 115.235166, -8.591543 ], [ 115.235206, -8.591546 ], [ 115.235234, -8.59155 ], [ 115.235251, -8.591559 ], [ 115.235275, -8.591582 ], [ 115.235292, -8.591619 ], [ 115.235343, -8.591739 ], [ 115.235383, -8.591861 ], [ 115.235386, -8.591871 ], [ 115.235414, -8.592006 ], [ 115.235432, -8.592053 ], [ 115.235446, -8.592072 ], [ 115.23548, -8.592118 ], [ 115.235501, -8.592145 ], [ 115.235542, -8.592199 ], [ 115.235604, -8.592283 ], [ 115.235612, -8.592334 ], [ 115.235625, -8.592453 ], [ 115.235625, -8.592456 ], [ 115.235628, -8.592505 ], [ 115.235627, -8.592593 ], [ 115.235626, -8.592641 ], [ 115.235621, -8.592704 ], [ 115.235616, -8.592737 ], [ 115.235616, -8.592765 ], [ 115.235616, -8.592787 ], [ 115.235626, -8.592816 ], [ 115.235633, -8.592833 ], [ 115.235652, -8.592852 ], [ 115.235672, -8.592864 ], [ 115.2357, -8.592875 ], [ 115.235727, -8.592882 ], [ 115.235766, -8.592888 ], [ 115.235822, -8.592893 ], [ 115.235838, -8.592894 ], [ 115.235866, -8.592894 ], [ 115.23587, -8.592959 ], [ 115.235871, -8.592976 ], [ 115.235879, -8.593128 ], [ 115.235887, -8.593427 ], [ 115.23588, -8.593744 ], [ 115.235887, -8.593899 ], [ 115.23594, -8.594242 ], [ 115.235968, -8.594386 ], [ 115.235969, -8.594439 ], [ 115.235968, -8.594453 ], [ 115.235961, -8.594533 ], [ 115.235962, -8.594719 ], [ 115.235981, -8.59494 ], [ 115.237456, -8.594968 ], [ 115.237488, -8.594969 ], [ 115.237488, -8.595014 ], [ 115.237506, -8.595066 ], [ 115.237586, -8.595207 ], [ 115.237605, -8.595241 ], [ 115.237621, -8.595291 ], [ 115.237616, -8.595333 ], [ 115.237593, -8.595377 ], [ 115.237543, -8.595419 ], [ 115.237488, -8.595483 ], [ 115.237488, -8.595483 ], [ 115.237464, -8.59553 ], [ 115.237463, -8.59556 ], [ 115.237466, -8.595587 ], [ 115.237477, -8.595639 ], [ 115.237482, -8.595666 ], [ 115.237507, -8.595736 ], [ 115.237501, -8.595807 ], [ 115.237485, -8.595866 ], [ 115.237445, -8.595932 ], [ 115.237405, -8.595994 ], [ 115.237396, -8.596007 ], [ 115.237365, -8.596055 ], [ 115.237347, -8.596123 ], [ 115.237348, -8.596185 ], [ 115.23738, -8.596251 ], [ 115.237433, -8.59629 ], [ 115.237482, -8.596317 ], [ 115.237505, -8.59633 ], [ 115.23756, -8.59635 ], [ 115.237591, -8.596379 ], [ 115.237602, -8.596428 ], [ 115.237596, -8.59647 ], [ 115.23758, -8.596525 ], [ 115.237553, -8.596581 ], [ 115.237503, -8.596645 ], [ 115.237452, -8.596718 ], [ 115.23743, -8.59678 ], [ 115.237428, -8.596851 ], [ 115.237455, -8.59691 ], [ 115.2375, -8.596957 ], [ 115.237536, -8.597006 ], [ 115.237561, -8.597039 ], [ 115.237574, -8.59707 ], [ 115.237583, -8.597121 ], [ 115.237578, -8.597164 ], [ 115.237577, -8.597172 ], [ 115.237561, -8.597207 ], [ 115.237526, -8.59724 ], [ 115.237505, -8.59725 ], [ 115.237467, -8.597269 ], [ 115.237391, -8.597312 ], [ 115.237354, -8.597349 ], [ 115.237336, -8.597379 ], [ 115.237336, -8.597423 ], [ 115.237351, -8.597471 ], [ 115.237422, -8.597611 ], [ 115.237473, -8.59771 ], [ 115.23749, -8.59777 ], [ 115.237533, -8.597811 ], [ 115.237546, -8.597821 ], [ 115.237599, -8.597827 ], [ 115.237762, -8.597802 ], [ 115.237799, -8.59779 ], [ 115.237834, -8.597769 ], [ 115.237857, -8.597754 ], [ 115.237891, -8.597719 ], [ 115.237921, -8.597701 ], [ 115.237975, -8.59767 ], [ 115.238023, -8.597649 ], [ 115.238062, -8.597643 ], [ 115.238093, -8.597645 ], [ 115.238139, -8.597662 ], [ 115.238176, -8.597691 ], [ 115.238197, -8.597736 ], [ 115.23824, -8.597897 ], [ 115.238264, -8.598035 ], [ 115.238297, -8.598224 ], [ 115.23833, -8.598379 ], [ 115.238396, -8.598599 ], [ 115.23847, -8.598894 ], [ 115.238538, -8.599181 ], [ 115.238598, -8.59931 ], [ 115.238618, -8.599355 ], [ 115.238637, -8.599437 ], [ 115.23863, -8.599501 ], [ 115.238602, -8.599572 ], [ 115.238562, -8.599615 ], [ 115.23849, -8.599644 ], [ 115.238435, -8.599644 ], [ 115.238352, -8.599623 ], [ 115.238194, -8.599529 ], [ 115.238188, -8.599525 ], [ 115.238146, -8.599498 ], [ 115.23812, -8.599489 ], [ 115.238102, -8.599488 ], [ 115.238082, -8.599492 ], [ 115.238062, -8.599504 ], [ 115.23805, -8.599515 ], [ 115.238042, -8.599537 ], [ 115.23804, -8.599567 ], [ 115.238049, -8.59959 ], [ 115.238124, -8.599659 ], [ 115.238127, -8.599662 ], [ 115.238163, -8.5997 ], [ 115.238174, -8.599742 ], [ 115.238164, -8.599812 ], [ 115.238133, -8.599916 ], [ 115.238077, -8.600056 ], [ 115.238036, -8.60013 ], [ 115.238006, -8.600159 ], [ 115.237969, -8.600179 ], [ 115.237912, -8.600186 ], [ 115.237862, -8.60017 ], [ 115.237777, -8.600115 ], [ 115.237739, -8.60009 ], [ 115.237738, -8.600089 ], [ 115.237697, -8.60008 ], [ 115.237646, -8.600092 ], [ 115.237587, -8.600125 ], [ 115.237538, -8.600161 ], [ 115.237502, -8.600207 ], [ 115.237478, -8.600259 ], [ 115.237474, -8.600287 ], [ 115.237484, -8.600369 ], [ 115.237493, -8.600422 ], [ 115.237514, -8.600478 ], [ 115.237535, -8.600543 ], [ 115.237541, -8.600561 ], [ 115.237555, -8.600621 ], [ 115.237552, -8.600674 ], [ 115.237535, -8.600798 ], [ 115.237485, -8.600917 ], [ 115.23745, -8.600969 ], [ 115.237418, -8.600992 ], [ 115.237393, -8.60101 ], [ 115.237351, -8.60104 ], [ 115.237282, -8.601096 ], [ 115.237243, -8.601136 ], [ 115.237208, -8.601199 ], [ 115.237188, -8.601297 ], [ 115.237194, -8.601351 ], [ 115.237213, -8.601418 ], [ 115.237242, -8.601492 ], [ 115.23729, -8.601596 ], [ 115.237332, -8.601735 ], [ 115.237335, -8.601741 ], [ 115.237342, -8.601793 ], [ 115.237337, -8.601829 ], [ 115.237334, -8.601835 ], [ 115.237314, -8.601879 ], [ 115.237286, -8.601931 ], [ 115.237272, -8.601959 ], [ 115.237263, -8.601997 ], [ 115.237263, -8.602012 ], [ 115.237263, -8.60203 ], [ 115.237267, -8.602058 ], [ 115.237273, -8.602077 ], [ 115.237287, -8.602109 ], [ 115.237331, -8.602178 ], [ 115.237433, -8.602319 ], [ 115.237434, -8.602321 ], [ 115.237474, -8.602394 ], [ 115.23752, -8.602489 ], [ 115.237524, -8.602496 ], [ 115.237568, -8.602498 ], [ 115.237861, -8.60252 ], [ 115.238063, -8.602532 ], [ 115.238187, -8.602536 ], [ 115.238276, -8.602539 ], [ 115.238275, -8.602551 ], [ 115.238275, -8.602591 ], [ 115.238521, -8.602604 ], [ 115.238562, -8.602614 ], [ 115.238718, -8.602652 ], [ 115.238814, -8.602654 ], [ 115.238815, -8.602641 ], [ 115.238816, -8.602614 ], [ 115.238958, -8.602615 ], [ 115.239379, -8.602676 ], [ 115.239408, -8.602681 ], [ 115.239711, -8.602725 ], [ 115.239931, -8.602731 ], [ 115.239986, -8.60272 ], [ 115.240076, -8.602702 ], [ 115.240093, -8.60269 ], [ 115.240112, -8.602657 ], [ 115.240125, -8.602599 ], [ 115.240147, -8.602455 ], [ 115.240166, -8.602372 ], [ 115.240186, -8.602297 ], [ 115.240247, -8.602137 ], [ 115.240302, -8.601933 ], [ 115.240319, -8.601809 ], [ 115.240341, -8.601686 ], [ 115.24054, -8.601718 ], [ 115.240779, -8.601767 ], [ 115.240805, -8.601772 ], [ 115.240894, -8.601779 ], [ 115.240924, -8.601775 ], [ 115.240941, -8.601767 ], [ 115.240997, -8.601741 ], [ 115.241056, -8.60171 ], [ 115.241092, -8.60169 ], [ 115.241124, -8.601658 ], [ 115.241161, -8.60161 ], [ 115.241205, -8.601545 ], [ 115.241228, -8.601512 ], [ 115.241259, -8.601449 ], [ 115.241281, -8.601404 ], [ 115.241356, -8.601201 ], [ 115.241379, -8.601144 ], [ 115.241398, -8.601103 ], [ 115.241427, -8.601042 ], [ 115.241477, -8.600904 ], [ 115.241589, -8.600609 ], [ 115.241653, -8.600407 ], [ 115.242082, -8.600595 ], [ 115.242527, -8.600782 ], [ 115.24259, -8.600798 ], [ 115.242675, -8.600802 ], [ 115.242755, -8.600801 ], [ 115.242806, -8.600831 ], [ 115.243328, -8.601038 ], [ 115.244196, -8.601382 ], [ 115.244217, -8.601049 ], [ 115.244217, -8.601046 ], [ 115.244272, -8.600576 ], [ 115.244201, -8.600174 ], [ 115.243995, -8.600064 ], [ 115.243338, -8.600048 ], [ 115.243331, -8.599823 ], [ 115.2435, -8.598755 ], [ 115.243514, -8.598669 ], [ 115.243651, -8.598273 ], [ 115.243727, -8.598124 ], [ 115.243847, -8.598012 ], [ 115.24409, -8.597789 ], [ 115.244084, -8.597753 ], [ 115.244101, -8.597639 ], [ 115.24413, -8.597551 ], [ 115.244194, -8.597475 ], [ 115.244248, -8.597432 ], [ 115.244315, -8.597394 ], [ 115.244378, -8.59735 ], [ 115.244429, -8.597325 ], [ 115.244492, -8.597289 ], [ 115.244543, -8.597263 ], [ 115.244563, -8.59725 ], [ 115.244607, -8.597225 ], [ 115.244645, -8.597181 ], [ 115.244677, -8.597134 ], [ 115.244693, -8.597106 ], [ 115.2447, -8.597072 ], [ 115.2447, -8.597034 ], [ 115.244681, -8.596969 ], [ 115.244675, -8.596941 ], [ 115.24466, -8.596903 ], [ 115.244647, -8.596875 ], [ 115.244641, -8.596856 ], [ 115.244613, -8.596816 ], [ 115.244591, -8.596767 ], [ 115.244576, -8.596733 ], [ 115.244541, -8.596673 ], [ 115.244516, -8.596633 ], [ 115.244479, -8.596592 ], [ 115.244454, -8.59656 ], [ 115.244417, -8.596517 ], [ 115.244361, -8.596466 ], [ 115.244326, -8.596423 ], [ 115.244293, -8.596387 ], [ 115.244274, -8.596365 ], [ 115.244243, -8.596334 ], [ 115.244215, -8.596309 ], [ 115.244192, -8.596288 ], [ 115.244161, -8.59626 ], [ 115.244127, -8.596218 ], [ 115.244096, -8.596176 ], [ 115.244056, -8.596132 ], [ 115.244031, -8.596104 ], [ 115.244007, -8.596065 ], [ 115.243989, -8.596044 ], [ 115.243952, -8.596 ], [ 115.243936, -8.595975 ], [ 115.243933, -8.59594 ], [ 115.243939, -8.595913 ], [ 115.243952, -8.595894 ], [ 115.243968, -8.595863 ], [ 115.243981, -8.595841 ], [ 115.243997, -8.595813 ], [ 115.244003, -8.595788 ], [ 115.244013, -8.595754 ], [ 115.244016, -8.595732 ], [ 115.244022, -8.595704 ], [ 115.244032, -8.595682 ], [ 115.244032, -8.595663 ], [ 115.244051, -8.595615 ], [ 115.244061, -8.595575 ], [ 115.24408, -8.595522 ], [ 115.244083, -8.595481 ], [ 115.244077, -8.595409 ], [ 115.244065, -8.595356 ], [ 115.244049, -8.595319 ], [ 115.24404, -8.595269 ], [ 115.244034, -8.595238 ], [ 115.244028, -8.595194 ], [ 115.244021, -8.595157 ], [ 115.244004, -8.59512 ], [ 115.243991, -8.595069 ], [ 115.243972, -8.595013 ], [ 115.243963, -8.59496 ], [ 115.243963, -8.594925 ], [ 115.244013, -8.594732 ], [ 115.244029, -8.594622 ], [ 115.24404, -8.594579 ], [ 115.244059, -8.594503 ], [ 115.2441, -8.594397 ], [ 115.244135, -8.594359 ], [ 115.244181, -8.594308 ], [ 115.244232, -8.594193 ], [ 115.244333, -8.594069 ], [ 115.244419, -8.593999 ], [ 115.244505, -8.593889 ], [ 115.24454, -8.593815 ], [ 115.244561, -8.593789 ], [ 115.244576, -8.593756 ], [ 115.244582, -8.593744 ], [ 115.244603, -8.593695 ], [ 115.244634, -8.593598 ], [ 115.244634, -8.593545 ], [ 115.244614, -8.593432 ], [ 115.2446, -8.593383 ], [ 115.2446, -8.593344 ], [ 115.244575, -8.593281 ], [ 115.244558, -8.593239 ], [ 115.24454, -8.5932 ], [ 115.244505, -8.593151 ], [ 115.244477, -8.593108 ], [ 115.244414, -8.593007 ], [ 115.244372, -8.592954 ], [ 115.244347, -8.592912 ], [ 115.244319, -8.592859 ], [ 115.244284, -8.592803 ], [ 115.244228, -8.592732 ], [ 115.244192, -8.592679 ], [ 115.244191, -8.592677 ], [ 115.244191, -8.592592 ], [ 115.244198, -8.59246 ], [ 115.245447, -8.592892 ], [ 115.24652, -8.593263 ], [ 115.246696, -8.593324 ], [ 115.246872, -8.592777 ], [ 115.247062, -8.592464 ], [ 115.24719, -8.592042 ], [ 115.247412, -8.591551 ], [ 115.246375, -8.591045 ], [ 115.246487, -8.590183 ], [ 115.246515, -8.589632 ], [ 115.246516, -8.589527 ], [ 115.246517, -8.589132 ], [ 115.24657, -8.588581 ], [ 115.246794, -8.587597 ], [ 115.247181, -8.586948 ], [ 115.247274, -8.586775 ], [ 115.247548, -8.586268 ], [ 115.247955, -8.585623 ], [ 115.248015, -8.585536 ], [ 115.248451, -8.584902 ], [ 115.24876, -8.58434 ], [ 115.248882, -8.584037 ], [ 115.248961, -8.583774 ], [ 115.249062, -8.583438 ], [ 115.24917, -8.583086 ], [ 115.2493, -8.582643 ], [ 115.249373, -8.582271 ], [ 115.249433, -8.581651 ], [ 115.249556, -8.580695 ], [ 115.249574, -8.580335 ], [ 115.249593, -8.579552 ], [ 115.24966, -8.578613 ], [ 115.249777, -8.577236 ], [ 115.249751, -8.576031 ], [ 115.249125, -8.57424 ], [ 115.249148, -8.574039 ], [ 115.249157, -8.573967 ], [ 115.249081, -8.57304 ], [ 115.249081, -8.573036 ], [ 115.249067, -8.572872 ], [ 115.249088, -8.571427 ], [ 115.249202, -8.569814 ], [ 115.249255, -8.568975 ], [ 115.249253, -8.568175 ], [ 115.249253, -8.568172 ], [ 115.249252, -8.568044 ], [ 115.249251, -8.567889 ], [ 115.249248, -8.56748 ], [ 115.249237, -8.566805 ], [ 115.249217, -8.566473 ], [ 115.249156, -8.566022 ], [ 115.249107, -8.56581 ], [ 115.248635, -8.56511 ], [ 115.248199, -8.564509 ], [ 115.247938, -8.564049 ], [ 115.247669, -8.563634 ], [ 115.247535, -8.563322 ], [ 115.247473, -8.563103 ], [ 115.247368, -8.562707 ], [ 115.247293, -8.562164 ], [ 115.247211, -8.561304 ], [ 115.247068, -8.56002 ], [ 115.246808, -8.558999 ], [ 115.246675, -8.558634 ], [ 115.246549, -8.558349 ], [ 115.246233, -8.557857 ], [ 115.245837, -8.557468 ], [ 115.245409, -8.557391 ], [ 115.245152, -8.557407 ], [ 115.244716, -8.557435 ], [ 115.243504, -8.557461 ], [ 115.242528, -8.557503 ], [ 115.242176, -8.557427 ], [ 115.24149, -8.557279 ], [ 115.24147, -8.557275 ], [ 115.241465, -8.557274 ], [ 115.241466, -8.557268 ], [ 115.241474, -8.557241 ], [ 115.241478, -8.557198 ], [ 115.241485, -8.557121 ], [ 115.241497, -8.557065 ], [ 115.241514, -8.557 ], [ 115.241526, -8.556919 ], [ 115.241536, -8.556855 ], [ 115.241543, -8.556795 ], [ 115.241557, -8.556705 ], [ 115.241571, -8.556615 ], [ 115.241575, -8.556518 ], [ 115.241583, -8.556424 ], [ 115.241592, -8.556347 ], [ 115.241604, -8.556153 ], [ 115.241625, -8.555975 ], [ 115.241641, -8.555832 ], [ 115.241642, -8.555668 ], [ 115.24165, -8.555506 ], [ 115.241645, -8.555378 ], [ 115.241637, -8.555271 ], [ 115.241638, -8.555214 ], [ 115.241624, -8.555148 ], [ 115.241612, -8.555112 ], [ 115.241605, -8.555094 ], [ 115.241576, -8.554989 ], [ 115.241546, -8.554948 ], [ 115.241527, -8.554877 ], [ 115.241486, -8.554822 ], [ 115.241437, -8.55474 ], [ 115.241393, -8.554685 ], [ 115.241358, -8.554606 ], [ 115.241342, -8.55457 ], [ 115.241331, -8.554546 ], [ 115.241319, -8.554512 ], [ 115.241312, -8.554469 ], [ 115.241307, -8.554406 ], [ 115.241304, -8.554317 ], [ 115.241302, -8.554251 ], [ 115.241296, -8.554221 ], [ 115.241281, -8.554153 ], [ 115.24127, -8.554109 ], [ 115.241232, -8.553995 ], [ 115.241194, -8.553907 ], [ 115.241153, -8.553842 ], [ 115.241107, -8.553768 ], [ 115.241066, -8.553707 ], [ 115.241041, -8.553626 ], [ 115.241012, -8.553554 ], [ 115.24099, -8.553497 ], [ 115.240968, -8.553434 ], [ 115.240958, -8.553391 ], [ 115.240925, -8.55333 ], [ 115.240895, -8.553273 ], [ 115.240875, -8.553229 ], [ 115.240857, -8.553191 ], [ 115.240844, -8.553158 ], [ 115.240814, -8.553095 ], [ 115.240792, -8.553052 ], [ 115.240691, -8.552812 ], [ 115.240673, -8.552754 ], [ 115.240655, -8.552678 ], [ 115.240643, -8.552618 ], [ 115.24063, -8.552557 ], [ 115.240613, -8.552496 ], [ 115.240595, -8.552434 ], [ 115.240591, -8.552369 ], [ 115.2406, -8.552321 ], [ 115.240605, -8.552277 ], [ 115.240605, -8.55222 ], [ 115.240605, -8.552172 ], [ 115.24065, -8.551952 ], [ 115.240655, -8.551817 ], [ 115.240669, -8.551703 ], [ 115.24067, -8.551598 ], [ 115.240679, -8.551511 ], [ 115.240688, -8.551445 ], [ 115.24068, -8.551336 ], [ 115.240679, -8.551249 ], [ 115.240665, -8.551169 ], [ 115.240638, -8.551092 ], [ 115.240619, -8.551015 ], [ 115.240574, -8.550915 ], [ 115.24048, -8.550786 ], [ 115.240401, -8.550694 ], [ 115.240329, -8.550592 ], [ 115.240272, -8.550508 ], [ 115.24018, -8.550406 ], [ 115.240115, -8.550341 ], [ 115.240057, -8.550292 ], [ 115.239983, -8.55022 ], [ 115.239912, -8.550162 ], [ 115.23986, -8.550088 ], [ 115.239786, -8.550016 ], [ 115.239779, -8.55001 ], [ 115.239703, -8.549933 ], [ 115.239626, -8.549865 ], [ 115.239567, -8.549775 ], [ 115.239487, -8.549723 ], [ 115.239438, -8.549655 ], [ 115.239383, -8.549572 ], [ 115.239352, -8.549513 ], [ 115.239321, -8.549461 ], [ 115.239309, -8.549417 ], [ 115.239306, -8.549384 ], [ 115.239322, -8.549344 ], [ 115.239347, -8.549298 ], [ 115.239369, -8.549258 ], [ 115.239385, -8.549226 ], [ 115.239404, -8.549197 ], [ 115.239412, -8.549187 ], [ 115.23944, -8.549155 ], [ 115.239464, -8.549118 ], [ 115.239482, -8.549081 ], [ 115.239501, -8.549054 ], [ 115.239521, -8.549026 ], [ 115.239537, -8.548996 ], [ 115.239543, -8.548972 ], [ 115.239526, -8.548809 ], [ 115.239492, -8.548726 ], [ 115.239465, -8.548628 ], [ 115.239419, -8.548526 ], [ 115.239388, -8.548483 ], [ 115.239342, -8.548415 ], [ 115.239284, -8.548344 ], [ 115.239234, -8.548267 ], [ 115.239167, -8.54818 ], [ 115.239114, -8.548131 ], [ 115.23909, -8.548088 ], [ 115.239059, -8.548041 ], [ 115.239019, -8.548004 ], [ 115.238993, -8.547991 ], [ 115.238948, -8.547977 ], [ 115.238878, -8.547958 ], [ 115.238837, -8.547944 ], [ 115.238794, -8.547925 ], [ 115.238772, -8.547918 ], [ 115.238746, -8.547903 ], [ 115.238681, -8.547885 ], [ 115.238641, -8.547868 ], [ 115.238589, -8.547832 ], [ 115.238561, -8.547799 ], [ 115.238552, -8.547782 ], [ 115.238541, -8.547765 ], [ 115.238539, -8.547752 ], [ 115.238539, -8.547732 ], [ 115.238537, -8.547704 ], [ 115.238531, -8.547648 ], [ 115.238538, -8.547587 ], [ 115.238542, -8.547516 ], [ 115.238515, -8.547426 ], [ 115.238503, -8.547375 ], [ 115.238468, -8.547305 ], [ 115.238449, -8.547254 ], [ 115.238406, -8.5472 ], [ 115.238383, -8.547149 ], [ 115.238324, -8.547082 ], [ 115.238293, -8.547032 ], [ 115.23827, -8.547008 ], [ 115.238231, -8.546946 ], [ 115.238157, -8.54685 ], [ 115.238118, -8.546799 ], [ 115.238091, -8.546778 ], [ 115.237554, -8.54653 ], [ 115.236984, -8.545915 ], [ 115.236457, -8.545781 ], [ 115.235826, -8.545778 ], [ 115.234946, -8.545687 ], [ 115.234759, -8.544898 ], [ 115.234506, -8.544406 ], [ 115.23421, -8.543973 ], [ 115.234019, -8.543617 ], [ 115.233663, -8.542956 ], [ 115.233059, -8.54178 ], [ 115.233036, -8.541736 ], [ 115.232897, -8.541372 ], [ 115.232802, -8.540888 ], [ 115.232632, -8.540057 ], [ 115.232375, -8.538521 ], [ 115.232344, -8.537563 ], [ 115.232385, -8.536922 ], [ 115.232389, -8.536865 ], [ 115.232478, -8.535711 ], [ 115.232613, -8.534981 ], [ 115.233011, -8.533047 ], [ 115.23319, -8.532354 ], [ 115.233195, -8.532209 ], [ 115.233177, -8.53201 ], [ 115.233134, -8.531787 ], [ 115.233034, -8.531292 ], [ 115.232952, -8.530966 ], [ 115.23277, -8.530403 ], [ 115.232673, -8.530155 ], [ 115.232445, -8.529622 ], [ 115.232199, -8.529102 ], [ 115.231794, -8.528189 ], [ 115.231291, -8.527101 ], [ 115.231093, -8.526693 ], [ 115.230948, -8.526464 ], [ 115.230705, -8.526177 ], [ 115.230264, -8.525612 ], [ 115.23002, -8.525374 ], [ 115.229971, -8.525306 ], [ 115.229942, -8.525233 ], [ 115.229943, -8.525194 ], [ 115.229902, -8.525172 ], [ 115.229916, -8.525149 ], [ 115.229935, -8.525112 ], [ 115.229951, -8.52509 ], [ 115.229983, -8.525069 ], [ 115.23001, -8.525051 ], [ 115.230055, -8.525019 ], [ 115.230108, -8.524977 ], [ 115.230175, -8.524933 ], [ 115.230181, -8.52493 ], [ 115.230306, -8.524835 ], [ 115.230353, -8.524788 ], [ 115.230355, -8.524787 ], [ 115.230458, -8.524688 ], [ 115.230571, -8.52458 ], [ 115.230713, -8.524429 ], [ 115.230781, -8.524379 ], [ 115.230828, -8.524333 ], [ 115.230869, -8.524303 ], [ 115.230916, -8.524256 ], [ 115.230957, -8.524209 ], [ 115.231086, -8.524099 ], [ 115.231143, -8.524016 ], [ 115.231211, -8.523939 ], [ 115.231283, -8.523822 ], [ 115.231351, -8.523695 ], [ 115.231371, -8.523631 ], [ 115.231468, -8.523448 ], [ 115.231499, -8.523344 ], [ 115.231573, -8.52323 ], [ 115.231587, -8.523089 ], [ 115.231666, -8.522912 ], [ 115.231697, -8.522798 ], [ 115.231758, -8.522634 ], [ 115.231803, -8.522534 ], [ 115.231833, -8.52246 ], [ 115.23184, -8.522427 ], [ 115.231837, -8.522373 ], [ 115.231827, -8.522333 ], [ 115.231831, -8.522292 ], [ 115.231828, -8.522242 ], [ 115.231828, -8.522222 ], [ 115.231808, -8.522192 ], [ 115.231774, -8.522155 ], [ 115.231727, -8.522134 ], [ 115.231676, -8.522117 ], [ 115.231619, -8.522083 ], [ 115.231586, -8.522063 ], [ 115.231538, -8.522056 ], [ 115.231298, -8.521957 ], [ 115.231211, -8.521933 ], [ 115.231096, -8.521895 ], [ 115.231012, -8.521878 ], [ 115.230824, -8.521807 ], [ 115.230753, -8.521713 ], [ 115.23068, -8.521622 ], [ 115.230629, -8.521538 ], [ 115.230609, -8.521467 ], [ 115.230617, -8.521173 ], [ 115.230632, -8.521019 ], [ 115.230633, -8.52061 ], [ 115.230624, -8.520432 ], [ 115.230649, -8.520188 ], [ 115.230636, -8.520014 ], [ 115.230656, -8.51959 ], [ 115.230682, -8.518928 ], [ 115.230845, -8.517884 ], [ 115.230899, -8.517749 ], [ 115.231098, -8.517321 ], [ 115.231341, -8.517112 ], [ 115.231516, -8.516927 ], [ 115.231646, -8.516702 ], [ 115.231768, -8.516432 ], [ 115.231906, -8.516012 ], [ 115.231967, -8.515834 ], [ 115.23206, -8.515561 ], [ 115.232182, -8.515193 ], [ 115.232496, -8.514559 ], [ 115.232717, -8.514245 ], [ 115.232988, -8.514031 ], [ 115.233195, -8.513831 ], [ 115.233288, -8.513727 ], [ 115.233335, -8.513639 ], [ 115.233394, -8.513547 ], [ 115.233424, -8.513443 ], [ 115.233475, -8.513309 ], [ 115.23348, -8.513229 ], [ 115.233463, -8.513187 ], [ 115.233421, -8.51312 ], [ 115.233346, -8.512924 ], [ 115.233305, -8.512799 ], [ 115.233288, -8.512715 ], [ 115.23328, -8.512644 ], [ 115.233306, -8.512585 ], [ 115.233403, -8.512502 ], [ 115.233521, -8.51241 ], [ 115.233795, -8.512324 ], [ 115.23404, -8.512208 ], [ 115.234179, -8.512137 ], [ 115.23439, -8.512084 ], [ 115.234639, -8.511997 ], [ 115.234765, -8.511968 ], [ 115.234875, -8.511965 ], [ 115.235005, -8.511965 ], [ 115.235219, -8.512025 ], [ 115.235328, -8.512101 ], [ 115.235454, -8.512185 ], [ 115.235559, -8.512265 ], [ 115.235601, -8.512345 ], [ 115.235672, -8.512404 ], [ 115.235744, -8.512433 ], [ 115.23579, -8.512442 ], [ 115.23584, -8.512463 ], [ 115.235887, -8.512459 ], [ 115.235912, -8.512438 ], [ 115.235975, -8.512376 ], [ 115.236102, -8.512322 ], [ 115.236384, -8.512136 ], [ 115.236479, -8.512052 ], [ 115.236717, -8.511898 ] ] ] ] } },
{ "type": "Feature", "properties": { "id": 7, "fid": 7, "objectid": 4152, "namobj": "Kuta Selatan", "fcode": "BA03070040", "wadmkc": "Kuta Selatan", "wadmkk": "Badung", "wadmpr": "Bali", "jumlah_penduduk": 119814, "area_admini": 84279883.692827716 }, "geometry": { "type": "MultiPolygon", "coordinates": [ [ [ [ 115.219068, -8.752863 ], [ 115.218701, -8.752701 ], [ 115.218408, -8.75244 ], [ 115.21837, -8.752404 ], [ 115.218167, -8.752385 ], [ 115.217899, -8.752442 ], [ 115.217681, -8.752559 ], [ 115.217389, -8.752838 ], [ 115.217261, -8.753014 ], [ 115.216989, -8.753389 ], [ 115.216806, -8.753747 ], [ 115.216482, -8.754763 ], [ 115.216379, -8.755162 ], [ 115.216265, -8.755612 ], [ 115.216029, -8.756059 ], [ 115.215819, -8.756581 ], [ 115.215818, -8.756582 ], [ 115.215722, -8.756895 ], [ 115.215683, -8.757154 ], [ 115.215669, -8.757247 ], [ 115.215686, -8.757333 ], [ 115.216279, -8.757527 ], [ 115.216453, -8.757577 ], [ 115.216579, -8.757683 ], [ 115.216751, -8.757932 ], [ 115.216926, -8.758575 ], [ 115.216986, -8.758796 ], [ 115.217028, -8.758952 ], [ 115.217047, -8.759009 ], [ 115.217146, -8.759305 ], [ 115.21728, -8.759635 ], [ 115.21732, -8.759811 ], [ 115.217274, -8.759944 ], [ 115.217132, -8.760083 ], [ 115.216917, -8.76018 ], [ 115.216566, -8.76022 ], [ 115.216389, -8.760234 ], [ 115.216231, -8.760319 ], [ 115.216056, -8.760528 ], [ 115.215959, -8.760781 ], [ 115.215926, -8.762339 ], [ 115.215904, -8.762812 ], [ 115.215815, -8.763277 ], [ 115.215709, -8.763812 ], [ 115.215627, -8.764492 ], [ 115.215591, -8.765457 ], [ 115.215593, -8.765827 ], [ 115.215593, -8.765854 ], [ 115.21617, -8.767556 ], [ 115.216268, -8.767862 ], [ 115.216371, -8.768181 ], [ 115.216506, -8.768622 ], [ 115.216517, -8.768643 ], [ 115.216944, -8.769448 ], [ 115.217256, -8.770078 ], [ 115.217476, -8.770764 ], [ 115.217604, -8.771397 ], [ 115.217646, -8.772249 ], [ 115.217613, -8.772596 ], [ 115.217493, -8.773 ], [ 115.217472, -8.773037 ], [ 115.217364, -8.77323 ], [ 115.217257, -8.773287 ], [ 115.21591, -8.774 ], [ 115.215769, -8.774075 ], [ 115.215213, -8.774305 ], [ 115.214943, -8.774408 ], [ 115.214723, -8.774566 ], [ 115.214424, -8.774912 ], [ 115.214134, -8.775331 ], [ 115.214012, -8.775575 ], [ 115.213963, -8.775824 ], [ 115.214005, -8.77629 ], [ 115.214214, -8.777246 ], [ 115.214363, -8.777709 ], [ 115.214573, -8.77808 ], [ 115.21484, -8.778431 ], [ 115.215079, -8.778962 ], [ 115.215148, -8.779115 ], [ 115.215267, -8.779497 ], [ 115.215614, -8.780614 ], [ 115.216144, -8.782802 ], [ 115.216231, -8.783102 ], [ 115.21631, -8.783376 ], [ 115.216706, -8.784295 ], [ 115.216935, -8.784718 ], [ 115.216955, -8.784744 ], [ 115.217262, -8.785144 ], [ 115.217562, -8.785436 ], [ 115.218121, -8.78587 ], [ 115.218659, -8.786248 ], [ 115.219567, -8.786639 ], [ 115.219901, -8.78679 ], [ 115.220111, -8.786951 ], [ 115.220223, -8.787082 ], [ 115.220226, -8.787132 ], [ 115.220034, -8.787149 ], [ 115.219486, -8.787114 ], [ 115.217887, -8.787092 ], [ 115.217548, -8.787157 ], [ 115.217358, -8.787184 ], [ 115.216904, -8.786976 ], [ 115.215626, -8.786396 ], [ 115.215457, -8.786342 ], [ 115.215268, -8.786347 ], [ 115.214995, -8.786445 ], [ 115.214798, -8.786577 ], [ 115.214644, -8.786858 ], [ 115.214591, -8.786938 ], [ 115.214474, -8.78702 ], [ 115.21441, -8.787048 ], [ 115.214346, -8.787062 ], [ 115.213904, -8.786861 ], [ 115.213201, -8.7866 ], [ 115.21292, -8.786464 ], [ 115.212898, -8.786454 ], [ 115.212674, -8.786348 ], [ 115.212233, -8.78614 ], [ 115.210526, -8.785779 ], [ 115.20979, -8.785744 ], [ 115.208995, -8.785609 ], [ 115.208524, -8.785583 ], [ 115.208296, -8.785571 ], [ 115.208276, -8.78557 ], [ 115.208135, -8.785565 ], [ 115.208088, -8.785555 ], [ 115.207934, -8.785475 ], [ 115.207829, -8.785297 ], [ 115.207789, -8.785196 ], [ 115.207787, -8.785192 ], [ 115.207078, -8.78458 ], [ 115.206309, -8.784019 ], [ 115.206115, -8.783878 ], [ 115.204502, -8.782334 ], [ 115.204294, -8.782157 ], [ 115.204085, -8.782054 ], [ 115.203739, -8.781982 ], [ 115.203669, -8.781968 ], [ 115.203438, -8.781964 ], [ 115.202874, -8.781955 ], [ 115.202594, -8.781945 ], [ 115.202334, -8.781867 ], [ 115.202119, -8.78172 ], [ 115.201766, -8.781364 ], [ 115.201574, -8.781217 ], [ 115.201518, -8.781174 ], [ 115.201425, -8.781137 ], [ 115.201295, -8.781085 ], [ 115.201105, -8.781069 ], [ 115.201035, -8.781063 ], [ 115.200797, -8.781127 ], [ 115.200396, -8.781311 ], [ 115.200379, -8.781319 ], [ 115.199998, -8.781425 ], [ 115.199796, -8.78145 ], [ 115.199679, -8.781464 ], [ 115.199643, -8.781465 ], [ 115.199611, -8.781466 ], [ 115.19914, -8.781479 ], [ 115.198821, -8.781494 ], [ 115.198487, -8.78151 ], [ 115.19821, -8.781546 ], [ 115.197539, -8.781633 ], [ 115.197501, -8.781638 ], [ 115.197453, -8.781641 ], [ 115.197278, -8.781651 ], [ 115.197123, -8.781606 ], [ 115.197008, -8.781493 ], [ 115.196959, -8.781358 ], [ 115.197229, -8.780848 ], [ 115.197506, -8.780405 ], [ 115.197522, -8.780379 ], [ 115.197527, -8.780367 ], [ 115.197595, -8.780201 ], [ 115.197593, -8.780053 ], [ 115.197475, -8.7798 ], [ 115.197177, -8.779432 ], [ 115.196819, -8.779134 ], [ 115.195479, -8.778101 ], [ 115.194857, -8.777559 ], [ 115.194792, -8.777495 ], [ 115.194479, -8.777121 ], [ 115.194303, -8.77691 ], [ 115.194212, -8.776791 ], [ 115.193893, -8.776373 ], [ 115.193775, -8.776169 ], [ 115.193695, -8.775875 ], [ 115.193704, -8.775117 ], [ 115.193708, -8.774452 ], [ 115.193802, -8.774069 ], [ 115.193926, -8.773561 ], [ 115.193989, -8.773284 ], [ 115.194038, -8.77307 ], [ 115.194078, -8.772745 ], [ 115.194028, -8.772438 ], [ 115.193838, -8.772 ], [ 115.193666, -8.771739 ], [ 115.193384, -8.771456 ], [ 115.193057, -8.771247 ], [ 115.192673, -8.771058 ], [ 115.192527, -8.770948 ], [ 115.192294, -8.770505 ], [ 115.192218, -8.769968 ], [ 115.192196, -8.769673 ], [ 115.192097, -8.769376 ], [ 115.191987, -8.769106 ], [ 115.191918, -8.768936 ], [ 115.191825, -8.768528 ], [ 115.191689, -8.767929 ], [ 115.191589, -8.767578 ], [ 115.191443, -8.767276 ], [ 115.191215, -8.766997 ], [ 115.191026, -8.766853 ], [ 115.190838, -8.766781 ], [ 115.190526, -8.766815 ], [ 115.190502, -8.766818 ], [ 115.190433, -8.766829 ], [ 115.190433, -8.766829 ], [ 115.190369, -8.76682 ], [ 115.190343, -8.766809 ], [ 115.190328, -8.766923 ], [ 115.190441, -8.767959 ], [ 115.19039, -8.768782 ], [ 115.190221, -8.769417 ], [ 115.189935, -8.769745 ], [ 115.189626, -8.769885 ], [ 115.189319, -8.76986 ], [ 115.189058, -8.769788 ], [ 115.188681, -8.769574 ], [ 115.188326, -8.769384 ], [ 115.188042, -8.769336 ], [ 115.187308, -8.769379 ], [ 115.186597, -8.769517 ], [ 115.185957, -8.769702 ], [ 115.185291, -8.770099 ], [ 115.184722, -8.770355 ], [ 115.184177, -8.770423 ], [ 115.18368, -8.770421 ], [ 115.183395, -8.770443 ], [ 115.183135, -8.770348 ], [ 115.182174, -8.76947 ], [ 115.181504, -8.768905 ], [ 115.181057, -8.768713 ], [ 115.180824, -8.768709 ], [ 115.180541, -8.76877 ], [ 115.180373, -8.768783 ], [ 115.18013, -8.768736 ], [ 115.179834, -8.768628 ], [ 115.179538, -8.768541 ], [ 115.179515, -8.768521 ], [ 115.179376, -8.768531 ], [ 115.179322, -8.768676 ], [ 115.179235, -8.769059 ], [ 115.179167, -8.769174 ], [ 115.17912, -8.769228 ], [ 115.179039, -8.769255 ], [ 115.178965, -8.769255 ], [ 115.178844, -8.769201 ], [ 115.178588, -8.768979 ], [ 115.178258, -8.768635 ], [ 115.178134, -8.768508 ], [ 115.178076, -8.768502 ], [ 115.17734, -8.768623 ], [ 115.177019, -8.768542 ], [ 115.177016, -8.768542 ], [ 115.176996, -8.768535 ], [ 115.176429, -8.76833 ], [ 115.175518, -8.768051 ], [ 115.17503, -8.767941 ], [ 115.174799, -8.767838 ], [ 115.174432, -8.767696 ], [ 115.174161, -8.767541 ], [ 115.174136, -8.767511 ], [ 115.17408, -8.767512 ], [ 115.172794, -8.767495 ], [ 115.172004, -8.767455 ], [ 115.170782, -8.767336 ], [ 115.170167, -8.767317 ], [ 115.169826, -8.767313 ], [ 115.169808, -8.767313 ], [ 115.168819, -8.767388 ], [ 115.168645, -8.768343 ], [ 115.168337, -8.769873 ], [ 115.168086, -8.7708 ], [ 115.167639, -8.772238 ], [ 115.167144, -8.773698 ], [ 115.166886, -8.774377 ], [ 115.166607, -8.775017 ], [ 115.165674, -8.776827 ], [ 115.165152, -8.777716 ], [ 115.164337, -8.779051 ], [ 115.163958, -8.779573 ], [ 115.163384, -8.780228 ], [ 115.162668, -8.780967 ], [ 115.162186, -8.781377 ], [ 115.161709, -8.781676 ], [ 115.161458, -8.781766 ], [ 115.161017, -8.781748 ], [ 115.160416, -8.781727 ], [ 115.160415, -8.781727 ], [ 115.159938, -8.781785 ], [ 115.159173, -8.781916 ], [ 115.158888, -8.781846 ], [ 115.158609, -8.781713 ], [ 115.157763, -8.781231 ], [ 115.157498, -8.78118 ], [ 115.156978, -8.781067 ], [ 115.156714, -8.780895 ], [ 115.156053, -8.780462 ], [ 115.155606, -8.780228 ], [ 115.155353, -8.780214 ], [ 115.154126, -8.780322 ], [ 115.153327, -8.780553 ], [ 115.15315, -8.780541 ], [ 115.1529, -8.780474 ], [ 115.1529, -8.780474 ], [ 115.152745, -8.780388 ], [ 115.152724, -8.780371 ], [ 115.152607, -8.780225 ], [ 115.152338, -8.779884 ], [ 115.15213, -8.779831 ], [ 115.151852, -8.779837 ], [ 115.150665, -8.779888 ], [ 115.150129, -8.779738 ], [ 115.149255, -8.779485 ], [ 115.148925, -8.779458 ], [ 115.148546, -8.779502 ], [ 115.14809, -8.779621 ], [ 115.147451, -8.779846 ], [ 115.146868, -8.780034 ], [ 115.146538, -8.780037 ], [ 115.146102, -8.779973 ], [ 115.145691, -8.779929 ], [ 115.14508, -8.779938 ], [ 115.145079, -8.779938 ], [ 115.144975, -8.779812 ], [ 115.144655, -8.779361 ], [ 115.144655, -8.779361 ], [ 115.144488, -8.779383 ], [ 115.144318, -8.779476 ], [ 115.144121, -8.779607 ], [ 115.144121, -8.779607 ], [ 115.144037, -8.779663 ], [ 115.143876, -8.779705 ], [ 115.143835, -8.779742 ], [ 115.143758, -8.779811 ], [ 115.143392, -8.780156 ], [ 115.143334, -8.780142 ], [ 115.143243, -8.780119 ], [ 115.143031, -8.780018 ], [ 115.142878, -8.779964 ], [ 115.142788, -8.780003 ], [ 115.142759, -8.780016 ], [ 115.142688, -8.780092 ], [ 115.142688, -8.780092 ], [ 115.142651, -8.780131 ], [ 115.142465, -8.78038 ], [ 115.142106, -8.780111 ], [ 115.141888, -8.78016 ], [ 115.141741, -8.780193 ], [ 115.141603, -8.780293 ], [ 115.14148, -8.780477 ], [ 115.141469, -8.780563 ], [ 115.14146, -8.780628 ], [ 115.141415, -8.78079 ], [ 115.140847, -8.782024 ], [ 115.140847, -8.782024 ], [ 115.140847, -8.782024 ], [ 115.140721, -8.782298 ], [ 115.140721, -8.782298 ], [ 115.14068, -8.782335 ], [ 115.140415, -8.782577 ], [ 115.139854, -8.782982 ], [ 115.139252, -8.783374 ], [ 115.138749, -8.783825 ], [ 115.138405, -8.784173 ], [ 115.138225, -8.784356 ], [ 115.137994, -8.784557 ], [ 115.137487, -8.784996 ], [ 115.137081, -8.785322 ], [ 115.136894, -8.785471 ], [ 115.136091, -8.785887 ], [ 115.135503, -8.786191 ], [ 115.135171, -8.786284 ], [ 115.135085, -8.786308 ], [ 115.133558, -8.786671 ], [ 115.133427, -8.786737 ], [ 115.133427, -8.786737 ], [ 115.133427, -8.786738 ], [ 115.133244, -8.78683 ], [ 115.133105, -8.786938 ], [ 115.133009, -8.787012 ], [ 115.132822, -8.787232 ], [ 115.132548, -8.787706 ], [ 115.132504, -8.787782 ], [ 115.132504, -8.787782 ], [ 115.132504, -8.787782 ], [ 115.13195, -8.788742 ], [ 115.131925, -8.788812 ], [ 115.131893, -8.788842 ], [ 115.131856, -8.788876 ], [ 115.131856, -8.788876 ], [ 115.131777, -8.788932 ], [ 115.13149, -8.789134 ], [ 115.131453, -8.789155 ], [ 115.131453, -8.789155 ], [ 115.131453, -8.789155 ], [ 115.131273, -8.789258 ], [ 115.131118, -8.789387 ], [ 115.131053, -8.789441 ], [ 115.130615, -8.789807 ], [ 115.130615, -8.789807 ], [ 115.130388, -8.789836 ], [ 115.130324, -8.789844 ], [ 115.130126, -8.789848 ], [ 115.130088, -8.789848 ], [ 115.129882, -8.789894 ], [ 115.128579, -8.790316 ], [ 115.128284, -8.790419 ], [ 115.128172, -8.790458 ], [ 115.128061, -8.790453 ], [ 115.127999, -8.79045 ], [ 115.127765, -8.790427 ], [ 115.127548, -8.790406 ], [ 115.127173, -8.790439 ], [ 115.126947, -8.790448 ], [ 115.126846, -8.790452 ], [ 115.126719, -8.790508 ], [ 115.126542, -8.790645 ], [ 115.126465, -8.790626 ], [ 115.126465, -8.790626 ], [ 115.126465, -8.790626 ], [ 115.126407, -8.790612 ], [ 115.126407, -8.790612 ], [ 115.126393, -8.790596 ], [ 115.126337, -8.79053 ], [ 115.12619, -8.790296 ], [ 115.126169, -8.790263 ], [ 115.125899, -8.790084 ], [ 115.1257, -8.790039 ], [ 115.125569, -8.790003 ], [ 115.125492, -8.789929 ], [ 115.125429, -8.789869 ], [ 115.125393, -8.789797 ], [ 115.125359, -8.789728 ], [ 115.12527, -8.789594 ], [ 115.125169, -8.789562 ], [ 115.125134, -8.789574 ], [ 115.125042, -8.789606 ], [ 115.125001, -8.789646 ], [ 115.125, -8.789647 ], [ 115.125, -8.847269 ], [ 115.125001, -8.847268 ], [ 115.12507, -8.847241 ], [ 115.12507, -8.847241 ], [ 115.125182, -8.847197 ], [ 115.125382, -8.847235 ], [ 115.125454, -8.847249 ], [ 115.12565, -8.847297 ], [ 115.125851, -8.847241 ], [ 115.125851, -8.847241 ], [ 115.125902, -8.847227 ], [ 115.126293, -8.847133 ], [ 115.126728, -8.847006 ], [ 115.126911, -8.846917 ], [ 115.127109, -8.846821 ], [ 115.127375, -8.846847 ], [ 115.127376, -8.846847 ], [ 115.127579, -8.846941 ], [ 115.12759, -8.846946 ], [ 115.12759, -8.846946 ], [ 115.12759, -8.846946 ], [ 115.12759, -8.846946 ], [ 115.127859, -8.847073 ], [ 115.127976, -8.847089 ], [ 115.12814, -8.847112 ], [ 115.128269, -8.84715 ], [ 115.128443, -8.847201 ], [ 115.128646, -8.847272 ], [ 115.128646, -8.847272 ], [ 115.128834, -8.847337 ], [ 115.129335, -8.847436 ], [ 115.129749, -8.847452 ], [ 115.129749, -8.847452 ], [ 115.129862, -8.847457 ], [ 115.130435, -8.84748 ], [ 115.130473, -8.847481 ], [ 115.130663, -8.847496 ], [ 115.131058, -8.847527 ], [ 115.131174, -8.847563 ], [ 115.131202, -8.847572 ], [ 115.131242, -8.847571 ], [ 115.133128, -8.847598 ], [ 115.133359, -8.847601 ], [ 115.133544, -8.847604 ], [ 115.133544, -8.847604 ], [ 115.133552, -8.847605 ], [ 115.134337, -8.847669 ], [ 115.135181, -8.847782 ], [ 115.135181, -8.847782 ], [ 115.135938, -8.847883 ], [ 115.136383, -8.847918 ], [ 115.136525, -8.847929 ], [ 115.136746, -8.847947 ], [ 115.137445, -8.84798 ], [ 115.137622, -8.847961 ], [ 115.137933, -8.847927 ], [ 115.137987, -8.847921 ], [ 115.139232, -8.847767 ], [ 115.139499, -8.847764 ], [ 115.139499, -8.847764 ], [ 115.139499, -8.847764 ], [ 115.139626, -8.847762 ], [ 115.139788, -8.84776 ], [ 115.139893, -8.847752 ], [ 115.140253, -8.847728 ], [ 115.140666, -8.847724 ], [ 115.141581, -8.847715 ], [ 115.142134, -8.84782 ], [ 115.142134, -8.84782 ], [ 115.142785, -8.848008 ], [ 115.143467, -8.848203 ], [ 115.143757, -8.848243 ], [ 115.143757, -8.848243 ], [ 115.143757, -8.848243 ], [ 115.143757, -8.848243 ], [ 115.144023, -8.84828 ], [ 115.144534, -8.848336 ], [ 115.145525, -8.848443 ], [ 115.145959, -8.848484 ], [ 115.146515, -8.848437 ], [ 115.146802, -8.848347 ], [ 115.146898, -8.848317 ], [ 115.147046, -8.84822 ], [ 115.147046, -8.84822 ], [ 115.147095, -8.848188 ], [ 115.147173, -8.848152 ], [ 115.147174, -8.848152 ], [ 115.147285, -8.848101 ], [ 115.147357, -8.8481 ], [ 115.147446, -8.848099 ], [ 115.147974, -8.848129 ], [ 115.148462, -8.848084 ], [ 115.148548, -8.848049 ], [ 115.148641, -8.848011 ], [ 115.149264, -8.847662 ], [ 115.14945, -8.847587 ], [ 115.14945, -8.847587 ], [ 115.149996, -8.847366 ], [ 115.150217, -8.847381 ], [ 115.150457, -8.847452 ], [ 115.150596, -8.847493 ], [ 115.151672, -8.847798 ], [ 115.151727, -8.847814 ], [ 115.151992, -8.847832 ], [ 115.152435, -8.847862 ], [ 115.152435, -8.847862 ], [ 115.152847, -8.847876 ], [ 115.152867, -8.847877 ], [ 115.153985, -8.847915 ], [ 115.154046, -8.847917 ], [ 115.154046, -8.847917 ], [ 115.15526, -8.847966 ], [ 115.155772, -8.848066 ], [ 115.155827, -8.848077 ], [ 115.156007, -8.848111 ], [ 115.157021, -8.848301 ], [ 115.157181, -8.84831 ], [ 115.157181, -8.84831 ], [ 115.15746, -8.848325 ], [ 115.157947, -8.848251 ], [ 115.158148, -8.848163 ], [ 115.158154, -8.848165 ], [ 115.158154, -8.848165 ], [ 115.158154, -8.848165 ], [ 115.158154, -8.848165 ], [ 115.158249, -8.84819 ], [ 115.158638, -8.848298 ], [ 115.159221, -8.848345 ], [ 115.160439, -8.848368 ], [ 115.160976, -8.848484 ], [ 115.161489, -8.848595 ], [ 115.162152, -8.848564 ], [ 115.162567, -8.848544 ], [ 115.162664, -8.848545 ], [ 115.162664, -8.848545 ], [ 115.162825, -8.848547 ], [ 115.163775, -8.848538 ], [ 115.164112, -8.848595 ], [ 115.164964, -8.848849 ], [ 115.165738, -8.849079 ], [ 115.166526, -8.849209 ], [ 115.16683, -8.849259 ], [ 115.167252, -8.849258 ], [ 115.167556, -8.849216 ], [ 115.167742, -8.84919 ], [ 115.167956, -8.849142 ], [ 115.168376, -8.849047 ], [ 115.168753, -8.848995 ], [ 115.169433, -8.848974 ], [ 115.169774, -8.849034 ], [ 115.169774, -8.849034 ], [ 115.169774, -8.849034 ], [ 115.17005, -8.849082 ], [ 115.170282, -8.849056 ], [ 115.170282, -8.849056 ], [ 115.170282, -8.849056 ], [ 115.170282, -8.849056 ], [ 115.170378, -8.849045 ], [ 115.170509, -8.848997 ], [ 115.170697, -8.848929 ], [ 115.171079, -8.848724 ], [ 115.171112, -8.848704 ], [ 115.171568, -8.848466 ], [ 115.171596, -8.848451 ], [ 115.172533, -8.848018 ], [ 115.172725, -8.847964 ], [ 115.172926, -8.847908 ], [ 115.172927, -8.847908 ], [ 115.173059, -8.847871 ], [ 115.17313, -8.84787 ], [ 115.173486, -8.847864 ], [ 115.174065, -8.847917 ], [ 115.174197, -8.847929 ], [ 115.174292, -8.847958 ], [ 115.17464, -8.848063 ], [ 115.174801, -8.848085 ], [ 115.174801, -8.848085 ], [ 115.174928, -8.848102 ], [ 115.175163, -8.848073 ], [ 115.175208, -8.848067 ], [ 115.175755, -8.847929 ], [ 115.17602, -8.847884 ], [ 115.1763, -8.847836 ], [ 115.17652, -8.847831 ], [ 115.176772, -8.847826 ], [ 115.17715, -8.84779 ], [ 115.177187, -8.847787 ], [ 115.177303, -8.847743 ], [ 115.177475, -8.847677 ], [ 115.17762, -8.847591 ], [ 115.17762, -8.84759 ], [ 115.177621, -8.84759 ], [ 115.17788, -8.847436 ], [ 115.178246, -8.847284 ], [ 115.178414, -8.847251 ], [ 115.178414, -8.847251 ], [ 115.178579, -8.847218 ], [ 115.179053, -8.847195 ], [ 115.179811, -8.847145 ], [ 115.179885, -8.847125 ], [ 115.180271, -8.847019 ], [ 115.181491, -8.846661 ], [ 115.181492, -8.846661 ], [ 115.182007, -8.846677 ], [ 115.182524, -8.846694 ], [ 115.182798, -8.846653 ], [ 115.183155, -8.846564 ], [ 115.183571, -8.846409 ], [ 115.184012, -8.846314 ], [ 115.184345, -8.846183 ], [ 115.184713, -8.846058 ], [ 115.184999, -8.846004 ], [ 115.185338, -8.845921 ], [ 115.185957, -8.845796 ], [ 115.186383, -8.845707 ], [ 115.186528, -8.845677 ], [ 115.186873, -8.845618 ], [ 115.187164, -8.845612 ], [ 115.187509, -8.84557 ], [ 115.187694, -8.845511 ], [ 115.187914, -8.84541 ], [ 115.188051, -8.845225 ], [ 115.188187, -8.844975 ], [ 115.188227, -8.84484 ], [ 115.188386, -8.844761 ], [ 115.189182, -8.844315 ], [ 115.189884, -8.843783 ], [ 115.190371, -8.843465 ], [ 115.190854, -8.843231 ], [ 115.191237, -8.843097 ], [ 115.191349, -8.843068 ], [ 115.192806, -8.842724 ], [ 115.194053, -8.842329 ], [ 115.195595, -8.841961 ], [ 115.196572, -8.841792 ], [ 115.197138, -8.841752 ], [ 115.197237, -8.841753 ], [ 115.197623, -8.841756 ], [ 115.197838, -8.841767 ], [ 115.198286, -8.841739 ], [ 115.198523, -8.841688 ], [ 115.198901, -8.84149 ], [ 115.199295, -8.841265 ], [ 115.199929, -8.841016 ], [ 115.200253, -8.840914 ], [ 115.200668, -8.84079 ], [ 115.201079, -8.840629 ], [ 115.201826, -8.840364 ], [ 115.20221, -8.840206 ], [ 115.202516, -8.840034 ], [ 115.202717, -8.839851 ], [ 115.202895, -8.839614 ], [ 115.20314, -8.839149 ], [ 115.203477, -8.838711 ], [ 115.203805, -8.838348 ], [ 115.204102, -8.838121 ], [ 115.204149, -8.838086 ], [ 115.204448, -8.837927 ], [ 115.205185, -8.837679 ], [ 115.206056, -8.837375 ], [ 115.207317, -8.836894 ], [ 115.207864, -8.836664 ], [ 115.207968, -8.836619 ], [ 115.208192, -8.836524 ], [ 115.208685, -8.836378 ], [ 115.209859, -8.835877 ], [ 115.211788, -8.835018 ], [ 115.212399, -8.83483 ], [ 115.213067, -8.834666 ], [ 115.213748, -8.834495 ], [ 115.213748, -8.834495 ], [ 115.214631, -8.834247 ], [ 115.21614, -8.833806 ], [ 115.216949, -8.833524 ], [ 115.217182, -8.833408 ], [ 115.217559, -8.833119 ], [ 115.217897, -8.832791 ], [ 115.218427, -8.832127 ], [ 115.218712, -8.83168 ], [ 115.219017, -8.831167 ], [ 115.219385, -8.830616 ], [ 115.220005, -8.82938 ], [ 115.220005, -8.82938 ], [ 115.220005, -8.82938 ], [ 115.220236, -8.828776 ], [ 115.220664, -8.827105 ], [ 115.22077, -8.826713 ], [ 115.221517, -8.825184 ], [ 115.221997, -8.824312 ], [ 115.221997, -8.824311 ], [ 115.222212, -8.823904 ], [ 115.222427, -8.823238 ], [ 115.222615, -8.822727 ], [ 115.222947, -8.822117 ], [ 115.223255, -8.821661 ], [ 115.22369, -8.821014 ], [ 115.223884, -8.820779 ], [ 115.224695, -8.820216 ], [ 115.22488, -8.820084 ], [ 115.22503, -8.819884 ], [ 115.225177, -8.819507 ], [ 115.225254, -8.819194 ], [ 115.225159, -8.818573 ], [ 115.225005, -8.818558 ], [ 115.224905, -8.818451 ], [ 115.224763, -8.818258 ], [ 115.224691, -8.818087 ], [ 115.224656, -8.817865 ], [ 115.224679, -8.817762 ], [ 115.224841, -8.817587 ], [ 115.22507, -8.817387 ], [ 115.22532, -8.817234 ], [ 115.22532, -8.817234 ], [ 115.22532, -8.817234 ], [ 115.225585, -8.816959 ], [ 115.226528, -8.816069 ], [ 115.227748, -8.815127 ], [ 115.228257, -8.814715 ], [ 115.228899, -8.814173 ], [ 115.229534, -8.81365 ], [ 115.230118, -8.812945 ], [ 115.230461, -8.812531 ], [ 115.231074, -8.811919 ], [ 115.231423, -8.81148 ], [ 115.23173, -8.810983 ], [ 115.231803, -8.810617 ], [ 115.2319, -8.809424 ], [ 115.231974, -8.808959 ], [ 115.232252, -8.808226 ], [ 115.23262, -8.807466 ], [ 115.232901, -8.807012 ], [ 115.23356, -8.806252 ], [ 115.235051, -8.804639 ], [ 115.235399, -8.804221 ], [ 115.235685, -8.803817 ], [ 115.236603, -8.802951 ], [ 115.236854, -8.802752 ], [ 115.237017, -8.802697 ], [ 115.237498, -8.802809 ], [ 115.237537, -8.802823 ], [ 115.237511, -8.803307 ], [ 115.23757, -8.803692 ], [ 115.237614, -8.803813 ], [ 115.237615, -8.803815 ], [ 115.237692, -8.803882 ], [ 115.237911, -8.803914 ], [ 115.23833, -8.803803 ], [ 115.238612, -8.803752 ], [ 115.238747, -8.803774 ], [ 115.238781, -8.803816 ], [ 115.238402, -8.804118 ], [ 115.238271, -8.804227 ], [ 115.23822, -8.804322 ], [ 115.238241, -8.804421 ], [ 115.238418, -8.804523 ], [ 115.238794, -8.804576 ], [ 115.239051, -8.804558 ], [ 115.239296, -8.80447 ], [ 115.239583, -8.804295 ], [ 115.239866, -8.804093 ], [ 115.239996, -8.804004 ], [ 115.240129, -8.803792 ], [ 115.240169, -8.803381 ], [ 115.240223, -8.803156 ], [ 115.240267, -8.802968 ], [ 115.240058, -8.802347 ], [ 115.239934, -8.802023 ], [ 115.239927, -8.801847 ], [ 115.239947, -8.801676 ], [ 115.239907, -8.801562 ], [ 115.239579, -8.801213 ], [ 115.239447, -8.801133 ], [ 115.239287, -8.801104 ], [ 115.239092, -8.801169 ], [ 115.238914, -8.801271 ], [ 115.238666, -8.80117 ], [ 115.238543, -8.801117 ], [ 115.238459, -8.801143 ], [ 115.238228, -8.801466 ], [ 115.238227, -8.801467 ], [ 115.237921, -8.801844 ], [ 115.237752, -8.801989 ], [ 115.237578, -8.802057 ], [ 115.237428, -8.802056 ], [ 115.237181, -8.801919 ], [ 115.236938, -8.801691 ], [ 115.236934, -8.801687 ], [ 115.236595, -8.801192 ], [ 115.236093, -8.800019 ], [ 115.236022, -8.79974 ], [ 115.236008, -8.799464 ], [ 115.236067, -8.799068 ], [ 115.236068, -8.799067 ], [ 115.236117, -8.798962 ], [ 115.236339, -8.798926 ], [ 115.236535, -8.798922 ], [ 115.236677, -8.798873 ], [ 115.236859, -8.798593 ], [ 115.237192, -8.798441 ], [ 115.23728, -8.79838 ], [ 115.237559, -8.797934 ], [ 115.237603, -8.797815 ], [ 115.23753, -8.79764 ], [ 115.237474, -8.797387 ], [ 115.237434, -8.797287 ], [ 115.237296, -8.797209 ], [ 115.236788, -8.797193 ], [ 115.2364, -8.797116 ], [ 115.236212, -8.797086 ], [ 115.236109, -8.797112 ], [ 115.235987, -8.797231 ], [ 115.235987, -8.797855 ], [ 115.235987, -8.797857 ], [ 115.2359, -8.798226 ], [ 115.235778, -8.798446 ], [ 115.235651, -8.798576 ], [ 115.235642, -8.798577 ], [ 115.23517, -8.798619 ], [ 115.234856, -8.798582 ], [ 115.234611, -8.798497 ], [ 115.234264, -8.798258 ], [ 115.233779, -8.797628 ], [ 115.233387, -8.796959 ], [ 115.23322, -8.796603 ], [ 115.23304, -8.795936 ], [ 115.232639, -8.794467 ], [ 115.232545, -8.794066 ], [ 115.232468, -8.793473 ], [ 115.23243, -8.793182 ], [ 115.232321, -8.792939 ], [ 115.232333, -8.792861 ], [ 115.232488, -8.792611 ], [ 115.232631, -8.792492 ], [ 115.232631, -8.792397 ], [ 115.232571, -8.79232 ], [ 115.232452, -8.792355 ], [ 115.232363, -8.792409 ], [ 115.232298, -8.792415 ], [ 115.232232, -8.792367 ], [ 115.232143, -8.792219 ], [ 115.232072, -8.791963 ], [ 115.23203, -8.791808 ], [ 115.232, -8.791624 ], [ 115.231976, -8.79138 ], [ 115.231964, -8.791207 ], [ 115.231929, -8.791017 ], [ 115.231863, -8.790868 ], [ 115.231744, -8.790737 ], [ 115.231608, -8.790666 ], [ 115.231477, -8.790613 ], [ 115.231399, -8.79054 ], [ 115.231358, -8.790373 ], [ 115.231393, -8.790302 ], [ 115.231459, -8.790171 ], [ 115.231459, -8.790022 ], [ 115.231447, -8.789892 ], [ 115.231376, -8.78979 ], [ 115.231322, -8.789761 ], [ 115.231252, -8.789783 ], [ 115.231166, -8.789859 ], [ 115.2311, -8.789917 ], [ 115.231033, -8.789926 ], [ 115.230947, -8.789897 ], [ 115.230843, -8.78984 ], [ 115.230728, -8.789736 ], [ 115.230578, -8.789391 ], [ 115.230539, -8.789184 ], [ 115.230515, -8.789007 ], [ 115.230483, -8.788783 ], [ 115.230412, -8.788539 ], [ 115.230346, -8.788309 ], [ 115.230276, -8.788178 ], [ 115.230077, -8.788067 ], [ 115.229927, -8.788 ], [ 115.229771, -8.787847 ], [ 115.229657, -8.787618 ], [ 115.229579, -8.787389 ], [ 115.22947, -8.787245 ], [ 115.22947, -8.787245 ], [ 115.22947, -8.787245 ], [ 115.22952, -8.786976 ], [ 115.229529, -8.786728 ], [ 115.229424, -8.786585 ], [ 115.229282, -8.786557 ], [ 115.229215, -8.786671 ], [ 115.229205, -8.78688 ], [ 115.229129, -8.787042 ], [ 115.228806, -8.787109 ], [ 115.228463, -8.787023 ], [ 115.228244, -8.786719 ], [ 115.228082, -8.786452 ], [ 115.227921, -8.786119 ], [ 115.227854, -8.785767 ], [ 115.227787, -8.785595 ], [ 115.227654, -8.785595 ], [ 115.227549, -8.785672 ], [ 115.227454, -8.785776 ], [ 115.227283, -8.785757 ], [ 115.227033, -8.785573 ], [ 115.227033, -8.785573 ], [ 115.226921, -8.78499 ], [ 115.226919, -8.784982 ], [ 115.226853, -8.784721 ], [ 115.226772, -8.784439 ], [ 115.226753, -8.784374 ], [ 115.226713, -8.783015 ], [ 115.226763, -8.782305 ], [ 115.226782, -8.781815 ], [ 115.226708, -8.781519 ], [ 115.22662, -8.781291 ], [ 115.226668, -8.780593 ], [ 115.226696, -8.780207 ], [ 115.226504, -8.779449 ], [ 115.226423, -8.779065 ], [ 115.226244, -8.778386 ], [ 115.225997, -8.77745 ], [ 115.225933, -8.777119 ], [ 115.225859, -8.776742 ], [ 115.225485, -8.77679 ], [ 115.225276, -8.776685 ], [ 115.225171, -8.776485 ], [ 115.225067, -8.776076 ], [ 115.225019, -8.775562 ], [ 115.225007, -8.77486 ], [ 115.224915, -8.77472 ], [ 115.224679, -8.774221 ], [ 115.224631, -8.774055 ], [ 115.224533, -8.773712 ], [ 115.224405, -8.773184 ], [ 115.224338, -8.77229 ], [ 115.224299, -8.771263 ], [ 115.224191, -8.770756 ], [ 115.223918, -8.770019 ], [ 115.223813, -8.768931 ], [ 115.223809, -8.76867 ], [ 115.223797, -8.768003 ], [ 115.223696, -8.767387 ], [ 115.223684, -8.767211 ], [ 115.223666, -8.766964 ], [ 115.223744, -8.766395 ], [ 115.22364, -8.765641 ], [ 115.2236, -8.765326 ], [ 115.223657, -8.764969 ], [ 115.223747, -8.764687 ], [ 115.224077, -8.763662 ], [ 115.224219, -8.763115 ], [ 115.224263, -8.762602 ], [ 115.224246, -8.762105 ], [ 115.224191, -8.761755 ], [ 115.22387, -8.760828 ], [ 115.223618, -8.760277 ], [ 115.223069, -8.759423 ], [ 115.222882, -8.759058 ], [ 115.222796, -8.758796 ], [ 115.222622, -8.758265 ], [ 115.222391, -8.757133 ], [ 115.222353, -8.75653 ], [ 115.222349, -8.755492 ], [ 115.222349, -8.755444 ], [ 115.222294, -8.75515 ], [ 115.222025, -8.754404 ], [ 115.221392, -8.753454 ], [ 115.22127, -8.753262 ], [ 115.22107, -8.752966 ], [ 115.220748, -8.752804 ], [ 115.220372, -8.752722 ], [ 115.219981, -8.752868 ], [ 115.219753, -8.752773 ], [ 115.219538, -8.752799 ], [ 115.219382, -8.752949 ], [ 115.219068, -8.752863 ] ] ], [ [ [ 115.214385, -8.758974 ], [ 115.214414, -8.758823 ], [ 115.214376, -8.758584 ], [ 115.214358, -8.758195 ], [ 115.214319, -8.757316 ], [ 115.214249, -8.757213 ], [ 115.214141, -8.757159 ], [ 115.214138, -8.757159 ], [ 115.214044, -8.757174 ], [ 115.213968, -8.757243 ], [ 115.213943, -8.757378 ], [ 115.213954, -8.757749 ], [ 115.214011, -8.758069 ], [ 115.214073, -8.758541 ], [ 115.214073, -8.758544 ], [ 115.214113, -8.758786 ], [ 115.214203, -8.758907 ], [ 115.214339, -8.758976 ], [ 115.214385, -8.758974 ] ] ], [ [ [ 115.125203, -8.847677 ], [ 115.12526, -8.847421 ], [ 115.125262, -8.847385 ], [ 115.125032, -8.847343 ], [ 115.125019, -8.847343 ], [ 115.125001, -8.847352 ], [ 115.125, -8.847353 ], [ 115.125, -8.847742 ], [ 115.125, -8.847742 ], [ 115.125001, -8.847742 ], [ 115.125108, -8.847755 ], [ 115.125203, -8.847677 ] ] ] ] } },
{ "type": "Feature", "properties": { "id": 8, "fid": 8, "objectid": 4153, "namobj": "Kuta Utara", "fcode": "BA03070040", "wadmkc": "Kuta Utara", "wadmkk": "Badung", "wadmpr": "Bali", "jumlah_penduduk": 86973, "area_admini": 34723150.955013439 }, "geometry": { "type": "MultiPolygon", "coordinates": [ [ [ [ 115.18041, -8.601221 ], [ 115.180202, -8.601143 ], [ 115.179964, -8.601096 ], [ 115.179678, -8.601054 ], [ 115.179523, -8.601048 ], [ 115.179351, -8.600989 ], [ 115.179178, -8.600977 ], [ 115.179053, -8.600899 ], [ 115.178875, -8.600858 ], [ 115.17878, -8.600822 ], [ 115.178708, -8.600727 ], [ 115.178619, -8.600542 ], [ 115.178488, -8.600459 ], [ 115.178357, -8.600507 ], [ 115.178209, -8.60056 ], [ 115.178006, -8.600685 ], [ 115.177876, -8.600757 ], [ 115.177739, -8.601012 ], [ 115.177608, -8.601197 ], [ 115.177525, -8.601244 ], [ 115.177376, -8.601221 ], [ 115.177275, -8.601203 ], [ 115.177215, -8.601137 ], [ 115.177114, -8.601042 ], [ 115.176959, -8.600983 ], [ 115.176674, -8.600941 ], [ 115.176395, -8.600963 ], [ 115.176309, -8.601192 ], [ 115.176138, -8.601653 ], [ 115.175911, -8.601895 ], [ 115.175381, -8.602409 ], [ 115.175385, -8.602412 ], [ 115.175292, -8.602517 ], [ 115.174982, -8.602689 ], [ 115.174828, -8.602725 ], [ 115.174637, -8.602808 ], [ 115.17459, -8.60282 ], [ 115.174494, -8.602808 ], [ 115.174441, -8.602743 ], [ 115.174429, -8.602677 ], [ 115.174435, -8.602332 ], [ 115.174423, -8.602207 ], [ 115.174416, -8.602164 ], [ 115.174406, -8.602162 ], [ 115.17437, -8.602023 ], [ 115.174336, -8.601804 ], [ 115.17426, -8.601738 ], [ 115.174098, -8.601638 ], [ 115.174074, -8.601623 ], [ 115.17406, -8.601619 ], [ 115.173889, -8.601547 ], [ 115.173732, -8.601547 ], [ 115.173451, -8.601671 ], [ 115.173361, -8.601728 ], [ 115.173246, -8.601825 ], [ 115.173248, -8.601825 ], [ 115.173114, -8.601934 ], [ 115.172936, -8.602083 ], [ 115.172668, -8.602166 ], [ 115.172115, -8.602261 ], [ 115.171823, -8.60235 ], [ 115.171354, -8.602463 ], [ 115.170788, -8.602588 ], [ 115.170658, -8.602618 ], [ 115.170609, -8.602617 ], [ 115.170112, -8.603343 ], [ 115.169514, -8.604784 ], [ 115.169417, -8.606129 ], [ 115.169457, -8.606194 ], [ 115.169499, -8.606368 ], [ 115.169495, -8.606609 ], [ 115.169428, -8.606743 ], [ 115.169239, -8.607084 ], [ 115.169179, -8.607362 ], [ 115.169145, -8.607697 ], [ 115.169124, -8.607895 ], [ 115.169048, -8.608354 ], [ 115.168918, -8.608741 ], [ 115.168808, -8.608842 ], [ 115.168538, -8.608949 ], [ 115.168209, -8.609114 ], [ 115.16783, -8.609271 ], [ 115.167584, -8.609419 ], [ 115.167328, -8.609667 ], [ 115.167146, -8.6098 ], [ 115.16683, -8.609959 ], [ 115.166237, -8.610193 ], [ 115.165774, -8.610364 ], [ 115.165208, -8.610683 ], [ 115.164698, -8.610756 ], [ 115.163693, -8.610942 ], [ 115.16306, -8.611246 ], [ 115.162482, -8.611257 ], [ 115.161328, -8.610931 ], [ 115.161154, -8.610863 ], [ 115.160897, -8.611062 ], [ 115.16023, -8.612903 ], [ 115.159661, -8.613769 ], [ 115.159149, -8.614181 ], [ 115.158191, -8.614938 ], [ 115.157624, -8.615429 ], [ 115.157191, -8.616029 ], [ 115.156758, -8.616735 ], [ 115.156374, -8.617085 ], [ 115.156293, -8.617135 ], [ 115.155991, -8.617228 ], [ 115.155678, -8.617241 ], [ 115.155365, -8.617198 ], [ 115.155221, -8.617093 ], [ 115.155129, -8.616941 ], [ 115.155008, -8.61656 ], [ 115.154962, -8.616355 ], [ 115.15468, -8.616308 ], [ 115.154415, -8.616338 ], [ 115.154223, -8.616423 ], [ 115.154049, -8.616554 ], [ 115.153896, -8.616764 ], [ 115.153769, -8.617035 ], [ 115.153786, -8.617164 ], [ 115.153906, -8.617785 ], [ 115.153824, -8.617861 ], [ 115.153597, -8.617975 ], [ 115.153351, -8.618011 ], [ 115.152704, -8.618122 ], [ 115.152439, -8.618352 ], [ 115.152193, -8.618509 ], [ 115.151909, -8.618611 ], [ 115.151641, -8.618732 ], [ 115.151295, -8.619007 ], [ 115.151152, -8.618979 ], [ 115.150927, -8.618881 ], [ 115.15081, -8.618859 ], [ 115.150632, -8.618902 ], [ 115.150378, -8.619028 ], [ 115.150142, -8.619238 ], [ 115.150078, -8.619381 ], [ 115.150003, -8.619488 ], [ 115.149682, -8.619749 ], [ 115.149629, -8.619797 ], [ 115.149349, -8.620131 ], [ 115.148936, -8.62067 ], [ 115.148727, -8.620878 ], [ 115.148701, -8.620904 ], [ 115.148193, -8.62141 ], [ 115.147952, -8.621533 ], [ 115.147767, -8.621563 ], [ 115.147394, -8.621575 ], [ 115.147272, -8.621652 ], [ 115.147185, -8.62177 ], [ 115.14717, -8.621866 ], [ 115.147146, -8.622111 ], [ 115.146991, -8.62234 ], [ 115.146289, -8.623361 ], [ 115.145714, -8.624501 ], [ 115.14571, -8.624669 ], [ 115.14578, -8.625 ], [ 115.14578, -8.625001 ], [ 115.145794, -8.625066 ], [ 115.145825, -8.625385 ], [ 115.145766, -8.6257 ], [ 115.14555, -8.626008 ], [ 115.145462, -8.626227 ], [ 115.145406, -8.626618 ], [ 115.145384, -8.627176 ], [ 115.145204, -8.627437 ], [ 115.144766, -8.627903 ], [ 115.144534, -8.628083 ], [ 115.144364, -8.628215 ], [ 115.143951, -8.628449 ], [ 115.143583, -8.628611 ], [ 115.143122, -8.628855 ], [ 115.143068, -8.628986 ], [ 115.143061, -8.629199 ], [ 115.143089, -8.629732 ], [ 115.142967, -8.629881 ], [ 115.142647, -8.630159 ], [ 115.142586, -8.630299 ], [ 115.142537, -8.630437 ], [ 115.142244, -8.631266 ], [ 115.14215, -8.631499 ], [ 115.141982, -8.631631 ], [ 115.141697, -8.631852 ], [ 115.141651, -8.632144 ], [ 115.14167, -8.632313 ], [ 115.141682, -8.632432 ], [ 115.141697, -8.63272 ], [ 115.141477, -8.63304 ], [ 115.141425, -8.633216 ], [ 115.141356, -8.63345 ], [ 115.141245, -8.633931 ], [ 115.141546, -8.634223 ], [ 115.141853, -8.634527 ], [ 115.141857, -8.634661 ], [ 115.141893, -8.634847 ], [ 115.142014, -8.635042 ], [ 115.142123, -8.63525 ], [ 115.142229, -8.635602 ], [ 115.142215, -8.635647 ], [ 115.142197, -8.635707 ], [ 115.142158, -8.635782 ], [ 115.14143, -8.636256 ], [ 115.14084, -8.636566 ], [ 115.14066, -8.636687 ], [ 115.140536, -8.636784 ], [ 115.140119, -8.636907 ], [ 115.140004, -8.636933 ], [ 115.139848, -8.637115 ], [ 115.139667, -8.63742 ], [ 115.13939, -8.637863 ], [ 115.139394, -8.63808 ], [ 115.139383, -8.638784 ], [ 115.13915, -8.639011 ], [ 115.139114, -8.639075 ], [ 115.139179, -8.639343 ], [ 115.139204, -8.639573 ], [ 115.139162, -8.639842 ], [ 115.139077, -8.640052 ], [ 115.138375, -8.64048 ], [ 115.13777, -8.640723 ], [ 115.13749, -8.640839 ], [ 115.137132, -8.641137 ], [ 115.13709, -8.641172 ], [ 115.136929, -8.64128 ], [ 115.136596, -8.641486 ], [ 115.136329, -8.641719 ], [ 115.136172, -8.641962 ], [ 115.136121, -8.642103 ], [ 115.135724, -8.642175 ], [ 115.135495, -8.642231 ], [ 115.135262, -8.642384 ], [ 115.135094, -8.642613 ], [ 115.135006, -8.642739 ], [ 115.1348, -8.64285 ], [ 115.134502, -8.64296 ], [ 115.134369, -8.643043 ], [ 115.134285, -8.64318 ], [ 115.134242, -8.643335 ], [ 115.134032, -8.643583 ], [ 115.133651, -8.643761 ], [ 115.133545, -8.643827 ], [ 115.133513, -8.643911 ], [ 115.133597, -8.644157 ], [ 115.133613, -8.644287 ], [ 115.133498, -8.644477 ], [ 115.133279, -8.644634 ], [ 115.133042, -8.644744 ], [ 115.132113, -8.64504 ], [ 115.131895, -8.645115 ], [ 115.131711, -8.645221 ], [ 115.131702, -8.645227 ], [ 115.131571, -8.645413 ], [ 115.13152, -8.64554 ], [ 115.131563, -8.645718 ], [ 115.13162, -8.646004 ], [ 115.131486, -8.646594 ], [ 115.131182, -8.647279 ], [ 115.13103, -8.647717 ], [ 115.130925, -8.647955 ], [ 115.130849, -8.648145 ], [ 115.130849, -8.648421 ], [ 115.13083, -8.648792 ], [ 115.130763, -8.649002 ], [ 115.130592, -8.649106 ], [ 115.130411, -8.649373 ], [ 115.130249, -8.649535 ], [ 115.129973, -8.649677 ], [ 115.129688, -8.649839 ], [ 115.129488, -8.650087 ], [ 115.129002, -8.650544 ], [ 115.128755, -8.650686 ], [ 115.128555, -8.650934 ], [ 115.128279, -8.651324 ], [ 115.127955, -8.651591 ], [ 115.127499, -8.652057 ], [ 115.127261, -8.652219 ], [ 115.127023, -8.652533 ], [ 115.126699, -8.652695 ], [ 115.126547, -8.652818 ], [ 115.126128, -8.65298 ], [ 115.125519, -8.653285 ], [ 115.125262, -8.653418 ], [ 115.125, -8.653709 ], [ 115.125, -8.655089 ], [ 115.125, -8.655089 ], [ 115.125001, -8.65509 ], [ 115.125124, -8.655241 ], [ 115.125291, -8.655494 ], [ 115.126262, -8.656206 ], [ 115.127162, -8.656941 ], [ 115.127706, -8.657365 ], [ 115.128841, -8.658369 ], [ 115.129337, -8.658988 ], [ 115.129637, -8.659349 ], [ 115.130439, -8.660049 ], [ 115.131321, -8.660819 ], [ 115.131596, -8.661058 ], [ 115.131976, -8.661313 ], [ 115.132632, -8.661672 ], [ 115.132632, -8.661672 ], [ 115.132759, -8.661742 ], [ 115.132995, -8.661861 ], [ 115.133308, -8.662019 ], [ 115.133597, -8.662224 ], [ 115.133879, -8.662534 ], [ 115.134316, -8.66291 ], [ 115.13453, -8.663047 ], [ 115.13468, -8.663106 ], [ 115.13489, -8.663237 ], [ 115.135201, -8.663487 ], [ 115.135201, -8.663487 ], [ 115.135259, -8.663549 ], [ 115.135308, -8.663601 ], [ 115.135308, -8.663601 ], [ 115.1356, -8.663823 ], [ 115.136329, -8.664441 ], [ 115.137031, -8.664912 ], [ 115.137661, -8.665296 ], [ 115.137934, -8.665496 ], [ 115.138241, -8.665883 ], [ 115.138522, -8.666325 ], [ 115.138987, -8.667049 ], [ 115.139337, -8.667504 ], [ 115.139638, -8.667823 ], [ 115.13969, -8.667865 ], [ 115.140157, -8.668434 ], [ 115.140432, -8.668803 ], [ 115.141128, -8.669675 ], [ 115.141764, -8.670261 ], [ 115.142228, -8.67062 ], [ 115.142937, -8.671015 ], [ 115.14326, -8.671225 ], [ 115.143561, -8.671577 ], [ 115.143658, -8.67169 ], [ 115.14381, -8.671903 ], [ 115.144086, -8.672519 ], [ 115.144122, -8.672624 ], [ 115.144144, -8.672651 ], [ 115.144302, -8.672869 ], [ 115.144489, -8.67315 ], [ 115.144534, -8.673207 ], [ 115.144738, -8.673465 ], [ 115.145438, -8.674195 ], [ 115.145945, -8.674654 ], [ 115.146307, -8.675102 ], [ 115.146933, -8.676062 ], [ 115.147113, -8.676579 ], [ 115.147292, -8.676938 ], [ 115.147547, -8.677293 ], [ 115.147877, -8.677635 ], [ 115.148093, -8.677794 ], [ 115.148549, -8.678238 ], [ 115.149079, -8.678904 ], [ 115.149657, -8.679927 ], [ 115.149944, -8.680445 ], [ 115.150274, -8.680983 ], [ 115.150492, -8.681127 ], [ 115.150545, -8.681212 ], [ 115.150589, -8.681459 ], [ 115.150726, -8.682184 ], [ 115.150779, -8.682154 ], [ 115.151015, -8.68205 ], [ 115.151161, -8.682049 ], [ 115.151387, -8.682131 ], [ 115.15157, -8.682313 ], [ 115.151772, -8.682482 ], [ 115.151851, -8.682503 ], [ 115.151944, -8.682528 ], [ 115.152322, -8.682502 ], [ 115.152354, -8.682492 ], [ 115.152672, -8.682392 ], [ 115.152849, -8.682249 ], [ 115.152984, -8.682362 ], [ 115.153195, -8.682365 ], [ 115.153307, -8.682358 ], [ 115.154273, -8.68234 ], [ 115.154917, -8.682395 ], [ 115.154959, -8.682425 ], [ 115.155084, -8.682418 ], [ 115.156721, -8.682703 ], [ 115.157463, -8.682808 ], [ 115.157635, -8.68276 ], [ 115.15773, -8.682541 ], [ 115.157796, -8.682246 ], [ 115.157911, -8.682056 ], [ 115.158082, -8.682056 ], [ 115.158168, -8.682218 ], [ 115.158168, -8.682418 ], [ 115.158101, -8.68296 ], [ 115.158025, -8.683169 ], [ 115.157844, -8.683331 ], [ 115.157616, -8.683417 ], [ 115.157387, -8.68336 ], [ 115.157321, -8.683798 ], [ 115.157625, -8.68395 ], [ 115.158111, -8.684112 ], [ 115.158672, -8.68415 ], [ 115.159434, -8.68415 ], [ 115.160271, -8.684188 ], [ 115.161042, -8.68415 ], [ 115.161851, -8.684045 ], [ 115.162679, -8.683883 ], [ 115.163498, -8.683683 ], [ 115.164421, -8.683512 ], [ 115.164526, -8.683055 ], [ 115.164621, -8.682646 ], [ 115.164821, -8.682684 ], [ 115.16543, -8.682903 ], [ 115.166125, -8.683084 ], [ 115.166562, -8.683198 ], [ 115.166838, -8.683198 ], [ 115.166953, -8.683122 ], [ 115.167172, -8.682836 ], [ 115.167324, -8.682465 ], [ 115.1674, -8.682208 ], [ 115.167609, -8.682275 ], [ 115.168047, -8.682379 ], [ 115.16858, -8.682513 ], [ 115.169313, -8.682675 ], [ 115.169894, -8.682912 ], [ 115.17056, -8.683093 ], [ 115.171121, -8.68315 ], [ 115.171616, -8.683169 ], [ 115.172226, -8.68315 ], [ 115.17274, -8.683188 ], [ 115.173005, -8.683202 ], [ 115.173154, -8.68321 ], [ 115.173143, -8.68319 ], [ 115.173132, -8.683121 ], [ 115.173115, -8.683079 ], [ 115.173101, -8.683049 ], [ 115.173075, -8.683027 ], [ 115.173041, -8.683012 ], [ 115.172853, -8.682932 ], [ 115.17281, -8.682907 ], [ 115.172763, -8.682867 ], [ 115.172728, -8.682788 ], [ 115.172705, -8.682702 ], [ 115.172622, -8.682467 ], [ 115.172586, -8.682418 ], [ 115.172531, -8.682386 ], [ 115.172508, -8.682326 ], [ 115.172653, -8.682296 ], [ 115.172727, -8.682278 ], [ 115.172806, -8.682258 ], [ 115.172862, -8.682244 ], [ 115.173099, -8.682215 ], [ 115.173325, -8.682192 ], [ 115.173346, -8.682122 ], [ 115.173364, -8.682016 ], [ 115.173391, -8.681941 ], [ 115.173433, -8.681886 ], [ 115.173503, -8.681848 ], [ 115.173545, -8.681806 ], [ 115.173567, -8.681761 ], [ 115.173577, -8.681728 ], [ 115.173646, -8.681498 ], [ 115.173703, -8.681287 ], [ 115.173752, -8.681051 ], [ 115.173792, -8.680917 ], [ 115.173934, -8.680701 ], [ 115.173978, -8.680632 ], [ 115.174006, -8.680561 ], [ 115.174045, -8.680525 ], [ 115.174085, -8.680523 ], [ 115.174119, -8.680539 ], [ 115.174121, -8.68054 ], [ 115.174167, -8.680556 ], [ 115.174204, -8.680572 ], [ 115.174412, -8.680617 ], [ 115.174625, -8.680657 ], [ 115.174857, -8.680704 ], [ 115.175033, -8.680765 ], [ 115.175051, -8.680693 ], [ 115.175075, -8.680656 ], [ 115.175076, -8.680655 ], [ 115.175108, -8.680628 ], [ 115.17514, -8.68061 ], [ 115.175195, -8.680606 ], [ 115.175216, -8.680603 ], [ 115.175298, -8.680589 ], [ 115.175389, -8.680541 ], [ 115.175548, -8.680392 ], [ 115.175591, -8.680314 ], [ 115.175611, -8.680201 ], [ 115.17561, -8.680196 ], [ 115.175593, -8.680115 ], [ 115.175623, -8.680038 ], [ 115.175651, -8.679948 ], [ 115.175669, -8.679913 ], [ 115.175712, -8.679875 ], [ 115.175773, -8.679816 ], [ 115.175861, -8.679731 ], [ 115.175899, -8.679656 ], [ 115.175931, -8.679494 ], [ 115.175944, -8.679419 ], [ 115.175945, -8.679409 ], [ 115.175953, -8.679331 ], [ 115.175969, -8.67926 ], [ 115.175982, -8.679161 ], [ 115.175965, -8.67908 ], [ 115.175963, -8.679023 ], [ 115.175976, -8.678964 ], [ 115.17598, -8.678921 ], [ 115.176005, -8.678899 ], [ 115.176074, -8.678854 ], [ 115.176107, -8.678798 ], [ 115.176124, -8.678727 ], [ 115.176148, -8.678708 ], [ 115.176177, -8.678687 ], [ 115.176196, -8.678657 ], [ 115.176209, -8.678635 ], [ 115.17624, -8.678617 ], [ 115.176259, -8.678594 ], [ 115.176268, -8.678576 ], [ 115.176268, -8.67854 ], [ 115.176281, -8.678503 ], [ 115.176299, -8.678494 ], [ 115.176361, -8.678478 ], [ 115.176401, -8.678507 ], [ 115.176413, -8.678508 ], [ 115.176497, -8.678517 ], [ 115.176549, -8.678524 ], [ 115.176601, -8.678563 ], [ 115.17668, -8.678616 ], [ 115.176746, -8.678615 ], [ 115.176818, -8.678598 ], [ 115.176969, -8.678572 ], [ 115.177035, -8.678551 ], [ 115.177128, -8.678513 ], [ 115.177185, -8.67848 ], [ 115.177298, -8.678386 ], [ 115.177363, -8.678326 ], [ 115.177454, -8.678265 ], [ 115.177514, -8.678243 ], [ 115.177563, -8.678216 ], [ 115.177605, -8.678189 ], [ 115.177643, -8.678153 ], [ 115.17766, -8.678089 ], [ 115.177723, -8.678026 ], [ 115.177818, -8.677957 ], [ 115.177894, -8.677845 ], [ 115.177924, -8.677699 ], [ 115.177937, -8.677479 ], [ 115.177933, -8.67729 ], [ 115.177932, -8.677283 ], [ 115.177912, -8.677199 ], [ 115.177922, -8.677137 ], [ 115.17793, -8.677085 ], [ 115.177951, -8.677036 ], [ 115.178026, -8.676895 ], [ 115.178078, -8.67681 ], [ 115.178143, -8.676779 ], [ 115.178244, -8.676782 ], [ 115.17826, -8.676783 ], [ 115.178314, -8.676785 ], [ 115.178378, -8.6768 ], [ 115.178452, -8.676812 ], [ 115.178521, -8.676819 ], [ 115.178589, -8.676786 ], [ 115.178632, -8.676739 ], [ 115.178682, -8.676707 ], [ 115.178718, -8.676693 ], [ 115.178744, -8.676647 ], [ 115.178755, -8.676589 ], [ 115.178773, -8.676579 ], [ 115.178799, -8.676585 ], [ 115.178815, -8.676618 ], [ 115.178828, -8.676644 ], [ 115.178875, -8.676664 ], [ 115.178954, -8.676651 ], [ 115.17901, -8.676629 ], [ 115.179048, -8.676626 ], [ 115.179083, -8.676601 ], [ 115.179107, -8.676564 ], [ 115.179117, -8.6765 ], [ 115.179132, -8.676446 ], [ 115.179153, -8.676395 ], [ 115.179193, -8.676348 ], [ 115.179206, -8.676311 ], [ 115.179227, -8.676265 ], [ 115.179223, -8.676246 ], [ 115.179251, -8.676219 ], [ 115.179251, -8.676219 ], [ 115.179311, -8.676175 ], [ 115.17937, -8.676125 ], [ 115.179451, -8.676056 ], [ 115.179465, -8.676027 ], [ 115.179454, -8.675922 ], [ 115.179454, -8.675848 ], [ 115.179462, -8.675761 ], [ 115.17948, -8.675688 ], [ 115.179496, -8.675676 ], [ 115.179517, -8.675659 ], [ 115.179522, -8.675582 ], [ 115.179514, -8.675562 ], [ 115.179503, -8.675555 ], [ 115.179477, -8.675538 ], [ 115.179476, -8.67552 ], [ 115.179477, -8.67545 ], [ 115.179483, -8.675433 ], [ 115.179497, -8.675305 ], [ 115.179476, -8.67526 ], [ 115.179471, -8.675191 ], [ 115.179474, -8.675166 ], [ 115.17948, -8.675149 ], [ 115.179503, -8.675125 ], [ 115.179542, -8.675094 ], [ 115.179595, -8.675063 ], [ 115.179598, -8.675061 ], [ 115.179698, -8.674968 ], [ 115.179752, -8.674897 ], [ 115.179753, -8.67486 ], [ 115.179756, -8.674802 ], [ 115.179748, -8.674755 ], [ 115.179712, -8.674682 ], [ 115.179669, -8.674602 ], [ 115.179641, -8.674521 ], [ 115.17959, -8.674401 ], [ 115.179536, -8.674365 ], [ 115.179518, -8.674354 ], [ 115.179467, -8.674309 ], [ 115.179424, -8.674261 ], [ 115.1794, -8.674203 ], [ 115.179225, -8.674223 ], [ 115.179229, -8.674193 ], [ 115.179274, -8.673978 ], [ 115.179279, -8.673944 ], [ 115.17929, -8.673872 ], [ 115.179314, -8.673808 ], [ 115.179328, -8.673743 ], [ 115.179311, -8.673646 ], [ 115.179247, -8.673529 ], [ 115.179186, -8.673458 ], [ 115.179094, -8.673407 ], [ 115.179062, -8.673324 ], [ 115.179098, -8.673275 ], [ 115.179081, -8.673201 ], [ 115.179042, -8.673156 ], [ 115.178957, -8.673158 ], [ 115.178918, -8.673115 ], [ 115.178889, -8.673047 ], [ 115.178931, -8.673027 ], [ 115.178984, -8.672989 ], [ 115.178999, -8.672929 ], [ 115.178965, -8.6729 ], [ 115.178923, -8.672887 ], [ 115.178869, -8.672868 ], [ 115.178851, -8.67285 ], [ 115.178841, -8.672821 ], [ 115.17883, -8.672788 ], [ 115.178827, -8.672749 ], [ 115.17881, -8.672711 ], [ 115.178793, -8.672667 ], [ 115.178768, -8.672597 ], [ 115.178747, -8.672572 ], [ 115.178729, -8.672551 ], [ 115.17871, -8.672546 ], [ 115.178674, -8.67254 ], [ 115.178636, -8.67254 ], [ 115.178593, -8.67254 ], [ 115.178539, -8.672525 ], [ 115.178501, -8.672509 ], [ 115.178466, -8.672494 ], [ 115.178413, -8.672463 ], [ 115.178385, -8.672444 ], [ 115.178338, -8.672388 ], [ 115.178349, -8.672333 ], [ 115.178353, -8.672283 ], [ 115.178345, -8.672251 ], [ 115.17833, -8.672227 ], [ 115.1783, -8.672202 ], [ 115.178275, -8.672178 ], [ 115.178261, -8.672148 ], [ 115.178267, -8.67208 ], [ 115.178272, -8.672036 ], [ 115.178258, -8.671982 ], [ 115.178232, -8.671895 ], [ 115.178191, -8.671747 ], [ 115.178168, -8.671649 ], [ 115.178151, -8.671517 ], [ 115.178128, -8.671439 ], [ 115.178094, -8.671369 ], [ 115.178038, -8.671332 ], [ 115.178011, -8.671298 ], [ 115.177971, -8.671267 ], [ 115.177938, -8.671247 ], [ 115.177924, -8.671227 ], [ 115.177914, -8.671201 ], [ 115.177901, -8.671164 ], [ 115.177895, -8.67114 ], [ 115.177883, -8.671111 ], [ 115.177822, -8.671033 ], [ 115.177715, -8.670852 ], [ 115.177666, -8.670729 ], [ 115.177615, -8.670615 ], [ 115.177604, -8.67059 ], [ 115.177588, -8.670552 ], [ 115.17757, -8.670511 ], [ 115.177547, -8.670463 ], [ 115.177499, -8.670379 ], [ 115.177457, -8.670287 ], [ 115.177413, -8.670173 ], [ 115.177412, -8.670127 ], [ 115.177409, -8.670071 ], [ 115.177364, -8.669935 ], [ 115.177318, -8.669944 ], [ 115.177255, -8.669791 ], [ 115.177254, -8.669789 ], [ 115.177243, -8.669763 ], [ 115.177322, -8.669714 ], [ 115.177293, -8.669588 ], [ 115.177277, -8.669529 ], [ 115.17724, -8.669484 ], [ 115.177186, -8.669449 ], [ 115.17711, -8.669431 ], [ 115.177042, -8.669413 ], [ 115.176995, -8.669369 ], [ 115.176974, -8.669313 ], [ 115.176968, -8.669269 ], [ 115.17698, -8.66923 ], [ 115.176967, -8.669186 ], [ 115.176928, -8.669167 ], [ 115.176876, -8.669155 ], [ 115.176807, -8.669124 ], [ 115.176799, -8.669117 ], [ 115.176736, -8.669061 ], [ 115.176712, -8.669005 ], [ 115.176662, -8.668908 ], [ 115.176646, -8.668801 ], [ 115.176642, -8.668712 ], [ 115.176641, -8.668691 ], [ 115.176634, -8.668586 ], [ 115.176653, -8.668472 ], [ 115.176648, -8.668348 ], [ 115.17661, -8.668256 ], [ 115.176525, -8.668096 ], [ 115.176467, -8.667987 ], [ 115.176368, -8.66782 ], [ 115.176246, -8.667634 ], [ 115.176191, -8.667576 ], [ 115.176157, -8.667539 ], [ 115.176071, -8.667442 ], [ 115.176006, -8.667364 ], [ 115.175982, -8.667275 ], [ 115.175974, -8.667185 ], [ 115.175972, -8.667172 ], [ 115.175939, -8.66702 ], [ 115.175881, -8.666902 ], [ 115.175858, -8.666881 ], [ 115.175745, -8.666777 ], [ 115.17567, -8.6667 ], [ 115.175621, -8.666624 ], [ 115.175621, -8.666547 ], [ 115.175621, -8.66648 ], [ 115.175603, -8.666436 ], [ 115.175609, -8.666353 ], [ 115.175615, -8.66627 ], [ 115.175596, -8.666203 ], [ 115.175584, -8.66616 ], [ 115.175543, -8.666056 ], [ 115.175496, -8.665944 ], [ 115.175492, -8.66589 ], [ 115.175499, -8.665836 ], [ 115.17552, -8.665789 ], [ 115.175394, -8.665766 ], [ 115.174812, -8.665672 ], [ 115.174415, -8.665635 ], [ 115.174116, -8.665601 ], [ 115.173932, -8.665583 ], [ 115.173785, -8.665562 ], [ 115.173625, -8.665538 ], [ 115.173632, -8.665485 ], [ 115.173679, -8.665391 ], [ 115.173722, -8.665279 ], [ 115.173725, -8.665221 ], [ 115.173696, -8.665135 ], [ 115.173645, -8.66502 ], [ 115.173617, -8.664857 ], [ 115.173597, -8.664653 ], [ 115.173602, -8.664479 ], [ 115.173611, -8.664391 ], [ 115.173613, -8.664257 ], [ 115.173581, -8.664096 ], [ 115.173575, -8.66391 ], [ 115.173573, -8.663733 ], [ 115.173581, -8.66354 ], [ 115.173612, -8.663301 ], [ 115.173616, -8.662984 ], [ 115.173606, -8.662853 ], [ 115.173576, -8.662775 ], [ 115.173516, -8.6627 ], [ 115.173485, -8.66263 ], [ 115.173502, -8.662513 ], [ 115.17351, -8.662402 ], [ 115.173491, -8.662299 ], [ 115.173475, -8.662207 ], [ 115.173453, -8.662059 ], [ 115.173431, -8.661947 ], [ 115.17343, -8.661854 ], [ 115.173439, -8.661803 ], [ 115.17346, -8.661736 ], [ 115.173565, -8.661659 ], [ 115.173613, -8.661593 ], [ 115.173657, -8.661542 ], [ 115.173688, -8.661508 ], [ 115.173746, -8.661462 ], [ 115.173803, -8.661442 ], [ 115.173827, -8.661409 ], [ 115.173872, -8.661352 ], [ 115.173894, -8.661288 ], [ 115.17396, -8.661183 ], [ 115.173988, -8.661103 ], [ 115.174024, -8.660988 ], [ 115.174062, -8.660905 ], [ 115.174137, -8.660722 ], [ 115.174171, -8.66062 ], [ 115.174192, -8.660497 ], [ 115.174198, -8.66046 ], [ 115.174231, -8.660335 ], [ 115.174359, -8.66012 ], [ 115.174429, -8.659993 ], [ 115.174483, -8.659902 ], [ 115.174542, -8.659802 ], [ 115.174694, -8.659834 ], [ 115.174826, -8.659864 ], [ 115.174826, -8.65976 ], [ 115.174856, -8.659517 ], [ 115.174902, -8.659287 ], [ 115.17495, -8.658898 ], [ 115.174972, -8.658651 ], [ 115.174973, -8.658315 ], [ 115.174965, -8.658218 ], [ 115.174958, -8.658121 ], [ 115.175003, -8.65808 ], [ 115.175047, -8.658059 ], [ 115.175564, -8.65797 ], [ 115.175609, -8.657905 ], [ 115.176115, -8.657859 ], [ 115.176145, -8.658193 ], [ 115.177576, -8.658131 ], [ 115.177598, -8.658322 ], [ 115.177605, -8.658354 ], [ 115.177608, -8.658364 ], [ 115.177621, -8.658377 ], [ 115.177648, -8.658376 ], [ 115.177677, -8.658409 ], [ 115.177706, -8.658449 ], [ 115.177732, -8.658493 ], [ 115.177757, -8.658537 ], [ 115.177772, -8.658566 ], [ 115.177779, -8.658593 ], [ 115.177775, -8.658621 ], [ 115.177771, -8.658645 ], [ 115.177379, -8.65864 ], [ 115.177123, -8.658641 ], [ 115.176433, -8.658646 ], [ 115.176504, -8.658775 ], [ 115.176505, -8.658775 ], [ 115.176508, -8.658775 ], [ 115.17651, -8.658775 ], [ 115.176673, -8.658769 ], [ 115.176855, -8.658831 ], [ 115.176861, -8.658833 ], [ 115.177073, -8.658887 ], [ 115.176985, -8.658975 ], [ 115.17691, -8.659065 ], [ 115.176903, -8.659086 ], [ 115.176901, -8.65914 ], [ 115.177324, -8.659188 ], [ 115.177138, -8.659829 ], [ 115.176883, -8.659835 ], [ 115.176773, -8.659827 ], [ 115.176877, -8.659873 ], [ 115.177004, -8.65996 ], [ 115.1771, -8.660036 ], [ 115.177185, -8.660105 ], [ 115.177258, -8.660157 ], [ 115.177315, -8.660233 ], [ 115.177375, -8.660304 ], [ 115.177428, -8.660368 ], [ 115.177472, -8.660411 ], [ 115.177527, -8.660487 ], [ 115.177849, -8.660416 ], [ 115.177921, -8.660399 ], [ 115.177954, -8.660533 ], [ 115.178132, -8.660485 ], [ 115.178212, -8.660695 ], [ 115.178418, -8.660612 ], [ 115.178699, -8.660492 ], [ 115.178891, -8.660416 ], [ 115.179368, -8.660306 ], [ 115.179734, -8.660222 ], [ 115.179974, -8.660164 ], [ 115.180212, -8.660102 ], [ 115.180316, -8.660094 ], [ 115.18044, -8.660106 ], [ 115.180535, -8.66008 ], [ 115.180495, -8.659943 ], [ 115.180378, -8.659879 ], [ 115.180305, -8.659797 ], [ 115.180111, -8.659625 ], [ 115.180041, -8.659524 ], [ 115.179989, -8.659503 ], [ 115.179886, -8.659463 ], [ 115.179862, -8.659444 ], [ 115.179841, -8.659394 ], [ 115.179819, -8.659328 ], [ 115.179818, -8.659277 ], [ 115.179825, -8.659227 ], [ 115.179829, -8.659187 ], [ 115.179845, -8.65915 ], [ 115.179856, -8.659122 ], [ 115.17987, -8.659091 ], [ 115.179881, -8.659023 ], [ 115.179898, -8.658943 ], [ 115.179889, -8.65888 ], [ 115.179858, -8.658818 ], [ 115.17982, -8.658762 ], [ 115.179693, -8.658621 ], [ 115.179499, -8.658479 ], [ 115.179438, -8.658418 ], [ 115.179373, -8.65834 ], [ 115.179337, -8.658285 ], [ 115.179258, -8.658203 ], [ 115.17921, -8.658175 ], [ 115.179152, -8.658139 ], [ 115.179197, -8.658055 ], [ 115.179214, -8.657977 ], [ 115.179122, -8.657965 ], [ 115.179107, -8.657855 ], [ 115.179073, -8.657797 ], [ 115.179083, -8.657574 ], [ 115.179144, -8.657567 ], [ 115.179161, -8.657457 ], [ 115.179188, -8.657416 ], [ 115.179186, -8.657179 ], [ 115.179167, -8.657118 ], [ 115.17917, -8.657049 ], [ 115.179136, -8.657001 ], [ 115.179067, -8.656914 ], [ 115.178992, -8.656868 ], [ 115.178913, -8.656802 ], [ 115.178881, -8.656751 ], [ 115.178827, -8.656663 ], [ 115.178825, -8.656659 ], [ 115.17875, -8.656542 ], [ 115.178839, -8.656531 ], [ 115.17888, -8.656532 ], [ 115.178933, -8.656515 ], [ 115.178971, -8.656507 ], [ 115.179114, -8.656477 ], [ 115.179274, -8.656446 ], [ 115.179389, -8.656418 ], [ 115.17948, -8.656401 ], [ 115.179584, -8.656389 ], [ 115.179684, -8.656378 ], [ 115.179795, -8.656361 ], [ 115.179882, -8.656314 ], [ 115.179815, -8.656248 ], [ 115.179921, -8.656174 ], [ 115.179868, -8.65601 ], [ 115.179865, -8.655998 ], [ 115.179823, -8.655967 ], [ 115.179782, -8.655871 ], [ 115.179708, -8.65578 ], [ 115.179671, -8.65573 ], [ 115.179576, -8.655682 ], [ 115.17949, -8.655638 ], [ 115.17945, -8.655584 ], [ 115.17944, -8.65557 ], [ 115.179439, -8.65556 ], [ 115.179421, -8.655458 ], [ 115.179421, -8.655455 ], [ 115.1794, -8.655375 ], [ 115.179432, -8.655262 ], [ 115.179444, -8.655251 ], [ 115.179536, -8.655166 ], [ 115.179591, -8.6551 ], [ 115.179623, -8.655036 ], [ 115.179692, -8.654906 ], [ 115.179754, -8.654835 ], [ 115.179806, -8.654779 ], [ 115.17986, -8.654698 ], [ 115.179906, -8.654584 ], [ 115.179914, -8.654493 ], [ 115.179834, -8.654462 ], [ 115.179751, -8.654434 ], [ 115.179648, -8.654404 ], [ 115.179584, -8.654344 ], [ 115.179557, -8.654319 ], [ 115.179495, -8.654251 ], [ 115.179475, -8.654217 ], [ 115.179449, -8.654135 ], [ 115.179456, -8.65411 ], [ 115.179474, -8.654049 ], [ 115.17951, -8.653954 ], [ 115.179559, -8.653908 ], [ 115.179636, -8.653802 ], [ 115.179664, -8.653733 ], [ 115.179703, -8.653661 ], [ 115.179725, -8.653514 ], [ 115.179736, -8.653414 ], [ 115.179751, -8.653351 ], [ 115.179747, -8.653274 ], [ 115.179739, -8.653205 ], [ 115.179713, -8.653162 ], [ 115.179658, -8.653131 ], [ 115.179602, -8.653114 ], [ 115.179525, -8.653118 ], [ 115.179512, -8.653119 ], [ 115.179438, -8.653125 ], [ 115.179411, -8.653117 ], [ 115.179358, -8.653062 ], [ 115.179318, -8.653024 ], [ 115.179254, -8.65299 ], [ 115.179201, -8.652952 ], [ 115.179317, -8.65275 ], [ 115.179338, -8.652698 ], [ 115.179356, -8.652656 ], [ 115.179364, -8.652639 ], [ 115.179383, -8.652607 ], [ 115.179387, -8.652604 ], [ 115.179399, -8.652593 ], [ 115.179419, -8.652591 ], [ 115.179444, -8.652594 ], [ 115.179472, -8.652595 ], [ 115.179496, -8.652594 ], [ 115.179513, -8.65259 ], [ 115.179539, -8.652571 ], [ 115.179595, -8.652512 ], [ 115.179673, -8.65241 ], [ 115.179744, -8.652345 ], [ 115.179813, -8.65232 ], [ 115.179843, -8.652299 ], [ 115.179867, -8.652267 ], [ 115.179882, -8.652228 ], [ 115.179888, -8.652186 ], [ 115.179887, -8.65216 ], [ 115.179877, -8.652128 ], [ 115.179867, -8.652099 ], [ 115.179866, -8.652058 ], [ 115.179875, -8.652023 ], [ 115.179877, -8.652012 ], [ 115.179891, -8.651958 ], [ 115.179931, -8.651907 ], [ 115.179948, -8.65179 ], [ 115.17997, -8.651695 ], [ 115.179988, -8.651619 ], [ 115.180056, -8.651592 ], [ 115.180093, -8.651554 ], [ 115.180139, -8.651507 ], [ 115.180221, -8.651415 ], [ 115.180273, -8.6513 ], [ 115.18029, -8.651206 ], [ 115.18031, -8.651146 ], [ 115.180398, -8.651022 ], [ 115.180453, -8.650928 ], [ 115.180477, -8.650848 ], [ 115.180491, -8.650786 ], [ 115.18048, -8.650707 ], [ 115.180459, -8.650626 ], [ 115.180458, -8.650624 ], [ 115.180409, -8.650525 ], [ 115.180395, -8.650487 ], [ 115.180355, -8.650408 ], [ 115.180325, -8.650359 ], [ 115.180336, -8.650236 ], [ 115.180411, -8.650111 ], [ 115.180449, -8.650069 ], [ 115.180569, -8.649934 ], [ 115.180668, -8.649806 ], [ 115.180655, -8.649759 ], [ 115.180584, -8.649698 ], [ 115.18055, -8.649657 ], [ 115.180529, -8.649631 ], [ 115.180489, -8.649586 ], [ 115.180528, -8.6495 ], [ 115.18057, -8.649392 ], [ 115.180643, -8.649265 ], [ 115.180675, -8.64923 ], [ 115.180753, -8.649142 ], [ 115.180823, -8.649053 ], [ 115.180839, -8.648947 ], [ 115.180804, -8.648788 ], [ 115.180769, -8.648753 ], [ 115.180741, -8.648724 ], [ 115.180722, -8.648671 ], [ 115.180736, -8.648627 ], [ 115.180835, -8.648564 ], [ 115.18086, -8.648548 ], [ 115.180953, -8.648374 ], [ 115.181, -8.648298 ], [ 115.181042, -8.648202 ], [ 115.181038, -8.648193 ], [ 115.181012, -8.64814 ], [ 115.181029, -8.64806 ], [ 115.181071, -8.648026 ], [ 115.181128, -8.648012 ], [ 115.181136, -8.648013 ], [ 115.181177, -8.648016 ], [ 115.181247, -8.647997 ], [ 115.181267, -8.647931 ], [ 115.181269, -8.647924 ], [ 115.181271, -8.647898 ], [ 115.181272, -8.647879 ], [ 115.181314, -8.647815 ], [ 115.181423, -8.647796 ], [ 115.18146, -8.64773 ], [ 115.181475, -8.64766 ], [ 115.181493, -8.647566 ], [ 115.181558, -8.647235 ], [ 115.181576, -8.64682 ], [ 115.181569, -8.646667 ], [ 115.181561, -8.646474 ], [ 115.181561, -8.646421 ], [ 115.181558, -8.646372 ], [ 115.181546, -8.646345 ], [ 115.181511, -8.646299 ], [ 115.181478, -8.646266 ], [ 115.181454, -8.646246 ], [ 115.181429, -8.646242 ], [ 115.181401, -8.64625 ], [ 115.181392, -8.646253 ], [ 115.181325, -8.646287 ], [ 115.181267, -8.646291 ], [ 115.181248, -8.646291 ], [ 115.181201, -8.646272 ], [ 115.181152, -8.646228 ], [ 115.181113, -8.646168 ], [ 115.181089, -8.646089 ], [ 115.181085, -8.646074 ], [ 115.181086, -8.64607 ], [ 115.181085, -8.646069 ], [ 115.181058, -8.645988 ], [ 115.181063, -8.645881 ], [ 115.181083, -8.645792 ], [ 115.181108, -8.645723 ], [ 115.181128, -8.6456 ], [ 115.18116, -8.645443 ], [ 115.181174, -8.645329 ], [ 115.181204, -8.645226 ], [ 115.181238, -8.645119 ], [ 115.181288, -8.645011 ], [ 115.181266, -8.644975 ], [ 115.181246, -8.644934 ], [ 115.181195, -8.644877 ], [ 115.181172, -8.644861 ], [ 115.181126, -8.644831 ], [ 115.18106, -8.644809 ], [ 115.18102, -8.644796 ], [ 115.181002, -8.644777 ], [ 115.180992, -8.644758 ], [ 115.180992, -8.644731 ], [ 115.180985, -8.644723 ], [ 115.180961, -8.644714 ], [ 115.180944, -8.644668 ], [ 115.18096, -8.644632 ], [ 115.180968, -8.644589 ], [ 115.18097, -8.644575 ], [ 115.180951, -8.644568 ], [ 115.180902, -8.644549 ], [ 115.180837, -8.644501 ], [ 115.180664, -8.644449 ], [ 115.180565, -8.64436 ], [ 115.180579, -8.644294 ], [ 115.180622, -8.644203 ], [ 115.180617, -8.644123 ], [ 115.180585, -8.643971 ], [ 115.180559, -8.643888 ], [ 115.18056, -8.643833 ], [ 115.180626, -8.643723 ], [ 115.18073, -8.643607 ], [ 115.180773, -8.643571 ], [ 115.180851, -8.643504 ], [ 115.180874, -8.643405 ], [ 115.180911, -8.643355 ], [ 115.180962, -8.643365 ], [ 115.181007, -8.643327 ], [ 115.181059, -8.643248 ], [ 115.181064, -8.643183 ], [ 115.181054, -8.643128 ], [ 115.181071, -8.643056 ], [ 115.181057, -8.643003 ], [ 115.181029, -8.642933 ], [ 115.181017, -8.642828 ], [ 115.181013, -8.642728 ], [ 115.180998, -8.642701 ], [ 115.180945, -8.64269 ], [ 115.180943, -8.642689 ], [ 115.180843, -8.642678 ], [ 115.180766, -8.642662 ], [ 115.180783, -8.642613 ], [ 115.180787, -8.642521 ], [ 115.180765, -8.642347 ], [ 115.180738, -8.642251 ], [ 115.180719, -8.642143 ], [ 115.180711, -8.642045 ], [ 115.180745, -8.641866 ], [ 115.180799, -8.641708 ], [ 115.180862, -8.641578 ], [ 115.18096, -8.641567 ], [ 115.181028, -8.641554 ], [ 115.181079, -8.641526 ], [ 115.181137, -8.641407 ], [ 115.181173, -8.64132 ], [ 115.181205, -8.641315 ], [ 115.181266, -8.641306 ], [ 115.181375, -8.641192 ], [ 115.181582, -8.640912 ], [ 115.181647, -8.640761 ], [ 115.181684, -8.640591 ], [ 115.181689, -8.640502 ], [ 115.181668, -8.640396 ], [ 115.181609, -8.640318 ], [ 115.181509, -8.640216 ], [ 115.181453, -8.640094 ], [ 115.181439, -8.640062 ], [ 115.181364, -8.639927 ], [ 115.181307, -8.639825 ], [ 115.181264, -8.639695 ], [ 115.181282, -8.639561 ], [ 115.181294, -8.639275 ], [ 115.181294, -8.63926 ], [ 115.181362, -8.639256 ], [ 115.18145, -8.639094 ], [ 115.181527, -8.638952 ], [ 115.181579, -8.638876 ], [ 115.181651, -8.638724 ], [ 115.181655, -8.638683 ], [ 115.181657, -8.638562 ], [ 115.181658, -8.638449 ], [ 115.181664, -8.638334 ], [ 115.181635, -8.637856 ], [ 115.181612, -8.63745 ], [ 115.181596, -8.63706 ], [ 115.181539, -8.636967 ], [ 115.181366, -8.63679 ], [ 115.181309, -8.636135 ], [ 115.181149, -8.635734 ], [ 115.181074, -8.635596 ], [ 115.181068, -8.635584 ], [ 115.181007, -8.635523 ], [ 115.180945, -8.635348 ], [ 115.180899, -8.635248 ], [ 115.180845, -8.635145 ], [ 115.180809, -8.634996 ], [ 115.180742, -8.634779 ], [ 115.180626, -8.634482 ], [ 115.180568, -8.634373 ], [ 115.180533, -8.634324 ], [ 115.180482, -8.634243 ], [ 115.180432, -8.634142 ], [ 115.180409, -8.634071 ], [ 115.180393, -8.633972 ], [ 115.180372, -8.633827 ], [ 115.180326, -8.633673 ], [ 115.180249, -8.633664 ], [ 115.180175, -8.63279 ], [ 115.180253, -8.632678 ], [ 115.180302, -8.6326 ], [ 115.180353, -8.632506 ], [ 115.180377, -8.632436 ], [ 115.180385, -8.63239 ], [ 115.180382, -8.632321 ], [ 115.180374, -8.632245 ], [ 115.180362, -8.632094 ], [ 115.180311, -8.631965 ], [ 115.180256, -8.631834 ], [ 115.180184, -8.63166 ], [ 115.180077, -8.631496 ], [ 115.180046, -8.631411 ], [ 115.180029, -8.631402 ], [ 115.179996, -8.631404 ], [ 115.179951, -8.631405 ], [ 115.179925, -8.631405 ], [ 115.179908, -8.631397 ], [ 115.179896, -8.631381 ], [ 115.179893, -8.631351 ], [ 115.179892, -8.631302 ], [ 115.179879, -8.631271 ], [ 115.179882, -8.631242 ], [ 115.179898, -8.631176 ], [ 115.179943, -8.631143 ], [ 115.180012, -8.631069 ], [ 115.180048, -8.630993 ], [ 115.180083, -8.63083 ], [ 115.180101, -8.630696 ], [ 115.180126, -8.630538 ], [ 115.180124, -8.630435 ], [ 115.180109, -8.630384 ], [ 115.180074, -8.630305 ], [ 115.180038, -8.630227 ], [ 115.180039, -8.630149 ], [ 115.180093, -8.630145 ], [ 115.180056, -8.630003 ], [ 115.180041, -8.629875 ], [ 115.180032, -8.629759 ], [ 115.17999, -8.629666 ], [ 115.179948, -8.629573 ], [ 115.179842, -8.629344 ], [ 115.179764, -8.629229 ], [ 115.179702, -8.629163 ], [ 115.179633, -8.629148 ], [ 115.179542, -8.629154 ], [ 115.179506, -8.629082 ], [ 115.179485, -8.629006 ], [ 115.179448, -8.628886 ], [ 115.179405, -8.628676 ], [ 115.179347, -8.628453 ], [ 115.179338, -8.628383 ], [ 115.179369, -8.628338 ], [ 115.179595, -8.62831 ], [ 115.179746, -8.628186 ], [ 115.179915, -8.62825 ], [ 115.180025, -8.628312 ], [ 115.180119, -8.628362 ], [ 115.18023, -8.628384 ], [ 115.180256, -8.628385 ], [ 115.180749, -8.628403 ], [ 115.180914, -8.628385 ], [ 115.180991, -8.628367 ], [ 115.181033, -8.62833 ], [ 115.181041, -8.628308 ], [ 115.180999, -8.627944 ], [ 115.181336, -8.627954 ], [ 115.18158, -8.627945 ], [ 115.181769, -8.6279 ], [ 115.181754, -8.627749 ], [ 115.181731, -8.627548 ], [ 115.181944, -8.627505 ], [ 115.181892, -8.627361 ], [ 115.18213, -8.62728 ], [ 115.182063, -8.626824 ], [ 115.182024, -8.626378 ], [ 115.18201, -8.626126 ], [ 115.182004, -8.625957 ], [ 115.182005, -8.625712 ], [ 115.182012, -8.625485 ], [ 115.182019, -8.62517 ], [ 115.18202, -8.624908 ], [ 115.18203, -8.624822 ], [ 115.182054, -8.624734 ], [ 115.1821, -8.624643 ], [ 115.18214, -8.624559 ], [ 115.18224, -8.624409 ], [ 115.182291, -8.62429 ], [ 115.182305, -8.624229 ], [ 115.182308, -8.624168 ], [ 115.182307, -8.624105 ], [ 115.182302, -8.624055 ], [ 115.182283, -8.623968 ], [ 115.182242, -8.62386 ], [ 115.182193, -8.623779 ], [ 115.182116, -8.623673 ], [ 115.182005, -8.62354 ], [ 115.181884, -8.623403 ], [ 115.181746, -8.6233 ], [ 115.181609, -8.623252 ], [ 115.181542, -8.623212 ], [ 115.181505, -8.623165 ], [ 115.181464, -8.62312 ], [ 115.181414, -8.623111 ], [ 115.181346, -8.623109 ], [ 115.181289, -8.623111 ], [ 115.181199, -8.623115 ], [ 115.18119, -8.623059 ], [ 115.181199, -8.622967 ], [ 115.181215, -8.622881 ], [ 115.181224, -8.622803 ], [ 115.181219, -8.622693 ], [ 115.181184, -8.622495 ], [ 115.18116, -8.622409 ], [ 115.181121, -8.622332 ], [ 115.181073, -8.622266 ], [ 115.181044, -8.622212 ], [ 115.181026, -8.622151 ], [ 115.181016, -8.622097 ], [ 115.181015, -8.622051 ], [ 115.180992, -8.622018 ], [ 115.180959, -8.621955 ], [ 115.180921, -8.621881 ], [ 115.18089, -8.621819 ], [ 115.180821, -8.621742 ], [ 115.18079, -8.621702 ], [ 115.180746, -8.621653 ], [ 115.180642, -8.621483 ], [ 115.180401, -8.620956 ], [ 115.18023, -8.620617 ], [ 115.18008, -8.620289 ], [ 115.179947, -8.620044 ], [ 115.179906, -8.619861 ], [ 115.179887, -8.619671 ], [ 115.179908, -8.619423 ], [ 115.17991, -8.619167 ], [ 115.179955, -8.618903 ], [ 115.179945, -8.618745 ], [ 115.179946, -8.618611 ], [ 115.179932, -8.618508 ], [ 115.179938, -8.618343 ], [ 115.179902, -8.61815 ], [ 115.179967, -8.61802 ], [ 115.180003, -8.617813 ], [ 115.180034, -8.617627 ], [ 115.180057, -8.617436 ], [ 115.180065, -8.617247 ], [ 115.180053, -8.617135 ], [ 115.180028, -8.617066 ], [ 115.180015, -8.616981 ], [ 115.180039, -8.616863 ], [ 115.180078, -8.616806 ], [ 115.180168, -8.616755 ], [ 115.180251, -8.616699 ], [ 115.180243, -8.616553 ], [ 115.180193, -8.616456 ], [ 115.180169, -8.616359 ], [ 115.180186, -8.616304 ], [ 115.180183, -8.616268 ], [ 115.180193, -8.616197 ], [ 115.180337, -8.61619 ], [ 115.180422, -8.616198 ], [ 115.180484, -8.616195 ], [ 115.180596, -8.616159 ], [ 115.180658, -8.616122 ], [ 115.180788, -8.61601 ], [ 115.18085, -8.615933 ], [ 115.180928, -8.615818 ], [ 115.181096, -8.615819 ], [ 115.181244, -8.615828 ], [ 115.181477, -8.615829 ], [ 115.181582, -8.615834 ], [ 115.181681, -8.615232 ], [ 115.18176, -8.614536 ], [ 115.181757, -8.61438 ], [ 115.181542, -8.614038 ], [ 115.181242, -8.613616 ], [ 115.180883, -8.612798 ], [ 115.180752, -8.612412 ], [ 115.180703, -8.612031 ], [ 115.180775, -8.611653 ], [ 115.180842, -8.611484 ], [ 115.181056, -8.611138 ], [ 115.181131, -8.610943 ], [ 115.181136, -8.610779 ], [ 115.180975, -8.610358 ], [ 115.180795, -8.6101 ], [ 115.180445, -8.609769 ], [ 115.180387, -8.609726 ], [ 115.180295, -8.609578 ], [ 115.179925, -8.60873 ], [ 115.180045, -8.608312 ], [ 115.180187, -8.607788 ], [ 115.180306, -8.607277 ], [ 115.180461, -8.606896 ], [ 115.180616, -8.606634 ], [ 115.180675, -8.606408 ], [ 115.180592, -8.606194 ], [ 115.180485, -8.605992 ], [ 115.180437, -8.605802 ], [ 115.180425, -8.605516 ], [ 115.180509, -8.605171 ], [ 115.180592, -8.604993 ], [ 115.180758, -8.604755 ], [ 115.181127, -8.604517 ], [ 115.181222, -8.604362 ], [ 115.181318, -8.604136 ], [ 115.181353, -8.603767 ], [ 115.181353, -8.603422 ], [ 115.18121, -8.602946 ], [ 115.181056, -8.602351 ], [ 115.180901, -8.601923 ], [ 115.180865, -8.601638 ], [ 115.180782, -8.601471 ], [ 115.180604, -8.601316 ], [ 115.180539, -8.601302 ], [ 115.18041, -8.601221 ] ] ] ] } },
{ "type": "Feature", "properties": { "id": 9, "fid": 9, "objectid": 4154, "namobj": "Sukawati", "fcode": "BA03070040", "wadmkc": "Sukawati", "wadmkk": "Gianyar", "wadmpr": "Bali", "jumlah_penduduk": 119975, "area_admini": 53513836.657599971 }, "geometry": { "type": "MultiPolygon", "coordinates": [ [ [ [ 115.292119, -8.562192 ], [ 115.292085, -8.561536 ], [ 115.292051, -8.561159 ], [ 115.292198, -8.560651 ], [ 115.292306, -8.560304 ], [ 115.292349, -8.559118 ], [ 115.292359, -8.558828 ], [ 115.2924, -8.558383 ], [ 115.292475, -8.557871 ], [ 115.292484, -8.557785 ], [ 115.292512, -8.557439 ], [ 115.292464, -8.55716 ], [ 115.292168, -8.556638 ], [ 115.292163, -8.556629 ], [ 115.292009, -8.556335 ], [ 115.291889, -8.555793 ], [ 115.291841, -8.555588 ], [ 115.291733, -8.555439 ], [ 115.291697, -8.555423 ], [ 115.291696, -8.555413 ], [ 115.291476, -8.555061 ], [ 115.291195, -8.554134 ], [ 115.291065, -8.553255 ], [ 115.291096, -8.553035 ], [ 115.291217, -8.5528 ], [ 115.29168, -8.5524 ], [ 115.291873, -8.552224 ], [ 115.291968, -8.552061 ], [ 115.29199, -8.551854 ], [ 115.292012, -8.551652 ], [ 115.291965, -8.550825 ], [ 115.291659, -8.549315 ], [ 115.291619, -8.548965 ], [ 115.291556, -8.548802 ], [ 115.291408, -8.548418 ], [ 115.291312, -8.548286 ], [ 115.291284, -8.548247 ], [ 115.290922, -8.548053 ], [ 115.290422, -8.547904 ], [ 115.290178, -8.547846 ], [ 115.289999, -8.547733 ], [ 115.28988, -8.547578 ], [ 115.289833, -8.547393 ], [ 115.289841, -8.547122 ], [ 115.289966, -8.546714 ], [ 115.290618, -8.545547 ], [ 115.290863, -8.545101 ], [ 115.290982, -8.5447 ], [ 115.291026, -8.544426 ], [ 115.290982, -8.544204 ], [ 115.290679, -8.543809 ], [ 115.290514, -8.543647 ], [ 115.290157, -8.543484 ], [ 115.289766, -8.543342 ], [ 115.289448, -8.543234 ], [ 115.289225, -8.543093 ], [ 115.289103, -8.54296 ], [ 115.289059, -8.542829 ], [ 115.289291, -8.54236 ], [ 115.28956, -8.541858 ], [ 115.289754, -8.540594 ], [ 115.289999, -8.539428 ], [ 115.290263, -8.538812 ], [ 115.290368, -8.538483 ], [ 115.29044, -8.538259 ], [ 115.290556, -8.537694 ], [ 115.290557, -8.537691 ], [ 115.290649, -8.537403 ], [ 115.290768, -8.537227 ], [ 115.291006, -8.537075 ], [ 115.291413, -8.536952 ], [ 115.291622, -8.536902 ], [ 115.291752, -8.536814 ], [ 115.291732, -8.536426 ], [ 115.291742, -8.535777 ], [ 115.291747, -8.535501 ], [ 115.291747, -8.535497 ], [ 115.291782, -8.535204 ], [ 115.291942, -8.534779 ], [ 115.292175, -8.534409 ], [ 115.292291, -8.534166 ], [ 115.292335, -8.533788 ], [ 115.292326, -8.533619 ], [ 115.29232, -8.533602 ], [ 115.292209, -8.533527 ], [ 115.291465, -8.533027 ], [ 115.291156, -8.53279 ], [ 115.290827, -8.532516 ], [ 115.290486, -8.53233 ], [ 115.289972, -8.532134 ], [ 115.289756, -8.532006 ], [ 115.289609, -8.531807 ], [ 115.289446, -8.531617 ], [ 115.289334, -8.531487 ], [ 115.289149, -8.531285 ], [ 115.28901, -8.530941 ], [ 115.28899, -8.530633 ], [ 115.288987, -8.530408 ], [ 115.288907, -8.530243 ], [ 115.288694, -8.530048 ], [ 115.287255, -8.529497 ], [ 115.286953, -8.52937 ], [ 115.286854, -8.529274 ], [ 115.28681, -8.529059 ], [ 115.28685, -8.528809 ], [ 115.287683, -8.527696 ], [ 115.287886, -8.527399 ], [ 115.287982, -8.527066 ], [ 115.287982, -8.52677 ], [ 115.287903, -8.526416 ], [ 115.287724, -8.526018 ], [ 115.287194, -8.525455 ], [ 115.286973, -8.525202 ], [ 115.286685, -8.524823 ], [ 115.286419, -8.524584 ], [ 115.285534, -8.524305 ], [ 115.285197, -8.524154 ], [ 115.284967, -8.523976 ], [ 115.284769, -8.523596 ], [ 115.284727, -8.523517 ], [ 115.284642, -8.523419 ], [ 115.284426, -8.523266 ], [ 115.284291, -8.523185 ], [ 115.284227, -8.523147 ], [ 115.284092, -8.522974 ], [ 115.284069, -8.522683 ], [ 115.284018, -8.522517 ], [ 115.283981, -8.522393 ], [ 115.283874, -8.522046 ], [ 115.283671, -8.52198 ], [ 115.283094, -8.521797 ], [ 115.282704, -8.521559 ], [ 115.282631, -8.52139 ], [ 115.282627, -8.521128 ], [ 115.282668, -8.520704 ], [ 115.282677, -8.520412 ], [ 115.282621, -8.519859 ], [ 115.282618, -8.519834 ], [ 115.282508, -8.519617 ], [ 115.282352, -8.519491 ], [ 115.282183, -8.519439 ], [ 115.28209, -8.519427 ], [ 115.281961, -8.519355 ], [ 115.281828, -8.519163 ], [ 115.281743, -8.518908 ], [ 115.281728, -8.518828 ], [ 115.281422, -8.518109 ], [ 115.281156, -8.51784 ], [ 115.280882, -8.517701 ], [ 115.280317, -8.517414 ], [ 115.27962, -8.516928 ], [ 115.279344, -8.516745 ], [ 115.279081, -8.516463 ], [ 115.278864, -8.516603 ], [ 115.278711, -8.516883 ], [ 115.278579, -8.517357 ], [ 115.278392, -8.517906 ], [ 115.27815, -8.518509 ], [ 115.277888, -8.519091 ], [ 115.277788, -8.519543 ], [ 115.277797, -8.519949 ], [ 115.278014, -8.520247 ], [ 115.278273, -8.520461 ], [ 115.278789, -8.520724 ], [ 115.280068, -8.521404 ], [ 115.280396, -8.521616 ], [ 115.280444, -8.522295 ], [ 115.280453, -8.522683 ], [ 115.280462, -8.523018 ], [ 115.280409, -8.523411 ], [ 115.280408, -8.523509 ], [ 115.280341, -8.523903 ], [ 115.280225, -8.524512 ], [ 115.28031, -8.524661 ], [ 115.280379, -8.524842 ], [ 115.280326, -8.525003 ], [ 115.280088, -8.525616 ], [ 115.280097, -8.525784 ], [ 115.280166, -8.526697 ], [ 115.28011, -8.527179 ], [ 115.279963, -8.527691 ], [ 115.279753, -8.528209 ], [ 115.279556, -8.528511 ], [ 115.279244, -8.529026 ], [ 115.278993, -8.529408 ], [ 115.278502, -8.530105 ], [ 115.278377, -8.530509 ], [ 115.278408, -8.530706 ], [ 115.278521, -8.530939 ], [ 115.278718, -8.531186 ], [ 115.278994, -8.531416 ], [ 115.279276, -8.531566 ], [ 115.279427, -8.531685 ], [ 115.279507, -8.531832 ], [ 115.27953, -8.532059 ], [ 115.279588, -8.532212 ], [ 115.279743, -8.532432 ], [ 115.279911, -8.532658 ], [ 115.279945, -8.532771 ], [ 115.279961, -8.532825 ], [ 115.279948, -8.533017 ], [ 115.279553, -8.533467 ], [ 115.279276, -8.533854 ], [ 115.279116, -8.534187 ], [ 115.279023, -8.534536 ], [ 115.279025, -8.534678 ], [ 115.279143, -8.534843 ], [ 115.279925, -8.535224 ], [ 115.280031, -8.535393 ], [ 115.28001, -8.535685 ], [ 115.279552, -8.536934 ], [ 115.279328, -8.537397 ], [ 115.27922, -8.537565 ], [ 115.279067, -8.537802 ], [ 115.278963, -8.537954 ], [ 115.278748, -8.538316 ], [ 115.278439, -8.538793 ], [ 115.278338, -8.539031 ], [ 115.278317, -8.539082 ], [ 115.278251, -8.539528 ], [ 115.278427, -8.540513 ], [ 115.278533, -8.54111 ], [ 115.278665, -8.541916 ], [ 115.278727, -8.542503 ], [ 115.278644, -8.543086 ], [ 115.27862, -8.543259 ], [ 115.278442, -8.543914 ], [ 115.278401, -8.544195 ], [ 115.279596, -8.546421 ], [ 115.279646, -8.546676 ], [ 115.279731, -8.547255 ], [ 115.28007, -8.548231 ], [ 115.280727, -8.549531 ], [ 115.280815, -8.549706 ], [ 115.280972, -8.550083 ], [ 115.281044, -8.550451 ], [ 115.281041, -8.550864 ], [ 115.281022, -8.551186 ], [ 115.281507, -8.552839 ], [ 115.281716, -8.553278 ], [ 115.281937, -8.553606 ], [ 115.282263, -8.554057 ], [ 115.282299, -8.554639 ], [ 115.282254, -8.555189 ], [ 115.282186, -8.555696 ], [ 115.281955, -8.55645 ], [ 115.281745, -8.557323 ], [ 115.281372, -8.558367 ], [ 115.280966, -8.55938 ], [ 115.280604, -8.560133 ], [ 115.280058, -8.561069 ], [ 115.279437, -8.561714 ], [ 115.279099, -8.561982 ], [ 115.27873, -8.562077 ], [ 115.278328, -8.562119 ], [ 115.27771, -8.562137 ], [ 115.277124, -8.562156 ], [ 115.276647, -8.562176 ], [ 115.276152, -8.56221 ], [ 115.27525, -8.562326 ], [ 115.273916, -8.561969 ], [ 115.273367, -8.56187 ], [ 115.272926, -8.56183 ], [ 115.272469, -8.561787 ], [ 115.272468, -8.561787 ], [ 115.272051, -8.561733 ], [ 115.27201, -8.56173 ], [ 115.271856, -8.561722 ], [ 115.271784, -8.561718 ], [ 115.271741, -8.561719 ], [ 115.271708, -8.561718 ], [ 115.271248, -8.561711 ], [ 115.269083, -8.561594 ], [ 115.269084, -8.561575 ], [ 115.268715, -8.56155 ], [ 115.268568, -8.561536 ], [ 115.268315, -8.561511 ], [ 115.26829, -8.561511 ], [ 115.268275, -8.56151 ], [ 115.268102, -8.561491 ], [ 115.268111, -8.561646 ], [ 115.268354, -8.56387 ], [ 115.268429, -8.56457 ], [ 115.268494, -8.564868 ], [ 115.268549, -8.56555 ], [ 115.268309, -8.566418 ], [ 115.268279, -8.566961 ], [ 115.268314, -8.567431 ], [ 115.268369, -8.568169 ], [ 115.268409, -8.568529 ], [ 115.268543, -8.569024 ], [ 115.268594, -8.569313 ], [ 115.268541, -8.569437 ], [ 115.268465, -8.569654 ], [ 115.26851, -8.569837 ], [ 115.268576, -8.570123 ], [ 115.268551, -8.570523 ], [ 115.268556, -8.570847 ], [ 115.268567, -8.571357 ], [ 115.268496, -8.571576 ], [ 115.268417, -8.571868 ], [ 115.26844, -8.572144 ], [ 115.268451, -8.572269 ], [ 115.268479, -8.572594 ], [ 115.268479, -8.573461 ], [ 115.268634, -8.573781 ], [ 115.268672, -8.573956 ], [ 115.268661, -8.574372 ], [ 115.268596, -8.574718 ], [ 115.26855, -8.574931 ], [ 115.268473, -8.575284 ], [ 115.26848, -8.575428 ], [ 115.268489, -8.575606 ], [ 115.268498, -8.575811 ], [ 115.268513, -8.576171 ], [ 115.268501, -8.576294 ], [ 115.268443, -8.576905 ], [ 115.26833, -8.577108 ], [ 115.268073, -8.577592 ], [ 115.268067, -8.57776 ], [ 115.268126, -8.57792 ], [ 115.268292, -8.578316 ], [ 115.268289, -8.578535 ], [ 115.268233, -8.578791 ], [ 115.26821, -8.578934 ], [ 115.268102, -8.578932 ], [ 115.268062, -8.578933 ], [ 115.267743, -8.578917 ], [ 115.267609, -8.578911 ], [ 115.267426, -8.578907 ], [ 115.26612, -8.578929 ], [ 115.265982, -8.578937 ], [ 115.265812, -8.578946 ], [ 115.265074, -8.579009 ], [ 115.265055, -8.578997 ], [ 115.264748, -8.578844 ], [ 115.264586, -8.578746 ], [ 115.264326, -8.578594 ], [ 115.264003, -8.578407 ], [ 115.26388, -8.578284 ], [ 115.263798, -8.578242 ], [ 115.263388, -8.577666 ], [ 115.263068, -8.577231 ], [ 115.263134, -8.576803 ], [ 115.263158, -8.576337 ], [ 115.263133, -8.576126 ], [ 115.263053, -8.575982 ], [ 115.262886, -8.575859 ], [ 115.262329, -8.575673 ], [ 115.26206, -8.575594 ], [ 115.261884, -8.575495 ], [ 115.261745, -8.57527 ], [ 115.261627, -8.575064 ], [ 115.261018, -8.574734 ], [ 115.260646, -8.574466 ], [ 115.260438, -8.574305 ], [ 115.25959, -8.574231 ], [ 115.259538, -8.574227 ], [ 115.259349, -8.574202 ], [ 115.259213, -8.574132 ], [ 115.259138, -8.574042 ], [ 115.259159, -8.573741 ], [ 115.2592, -8.57315 ], [ 115.259201, -8.572987 ], [ 115.259106, -8.572801 ], [ 115.258378, -8.572175 ], [ 115.25818, -8.571988 ], [ 115.258051, -8.571716 ], [ 115.257941, -8.571311 ], [ 115.257918, -8.571067 ], [ 115.258018, -8.570701 ], [ 115.2581, -8.570419 ], [ 115.258132, -8.570044 ], [ 115.258124, -8.569973 ], [ 115.258101, -8.569785 ], [ 115.258009, -8.569557 ], [ 115.257474, -8.568984 ], [ 115.256956, -8.568431 ], [ 115.256748, -8.568173 ], [ 115.256687, -8.568053 ], [ 115.256651, -8.567981 ], [ 115.256629, -8.56777 ], [ 115.256802, -8.567122 ], [ 115.256846, -8.566912 ], [ 115.256805, -8.566731 ], [ 115.25653, -8.566269 ], [ 115.25643, -8.566065 ], [ 115.256393, -8.565937 ], [ 115.256388, -8.565758 ], [ 115.256501, -8.565319 ], [ 115.256558, -8.565096 ], [ 115.2566, -8.564897 ], [ 115.256589, -8.564666 ], [ 115.256295, -8.564359 ], [ 115.256164, -8.564239 ], [ 115.256063, -8.564025 ], [ 115.256017, -8.563789 ], [ 115.256057, -8.563539 ], [ 115.2561, -8.563335 ], [ 115.256136, -8.563165 ], [ 115.256156, -8.562857 ], [ 115.256096, -8.562493 ], [ 115.255986, -8.562173 ], [ 115.25564, -8.56165 ], [ 115.254937, -8.559973 ], [ 115.254834, -8.559633 ], [ 115.25486, -8.558865 ], [ 115.254851, -8.558639 ], [ 115.254623, -8.557945 ], [ 115.254579, -8.557733 ], [ 115.254634, -8.557505 ], [ 115.254832, -8.557243 ], [ 115.255442, -8.556563 ], [ 115.255534, -8.556438 ], [ 115.255578, -8.556237 ], [ 115.255578, -8.555906 ], [ 115.255449, -8.555408 ], [ 115.255311, -8.555081 ], [ 115.255237, -8.554946 ], [ 115.255208, -8.554663 ], [ 115.25497, -8.553586 ], [ 115.254813, -8.553048 ], [ 115.254517, -8.552168 ], [ 115.25442, -8.551451 ], [ 115.254146, -8.551155 ], [ 115.253778, -8.550905 ], [ 115.253519, -8.550785 ], [ 115.253291, -8.550719 ], [ 115.252966, -8.550707 ], [ 115.252369, -8.550672 ], [ 115.252098, -8.550628 ], [ 115.251893, -8.55054 ], [ 115.251546, -8.550366 ], [ 115.251092, -8.550192 ], [ 115.250517, -8.55006 ], [ 115.250001, -8.550012 ], [ 115.25, -8.550009 ], [ 115.249943, -8.549831 ], [ 115.249383, -8.549577 ], [ 115.248715, -8.549453 ], [ 115.248743, -8.549219 ], [ 115.24872, -8.54912 ], [ 115.248664, -8.54907 ], [ 115.248656, -8.549043 ], [ 115.248913, -8.547989 ], [ 115.248964, -8.547728 ], [ 115.248947, -8.547598 ], [ 115.248943, -8.547567 ], [ 115.24855, -8.546926 ], [ 115.248347, -8.546622 ], [ 115.248501, -8.546264 ], [ 115.248597, -8.546096 ], [ 115.248622, -8.545918 ], [ 115.248488, -8.545777 ], [ 115.247967, -8.545509 ], [ 115.247423, -8.545324 ], [ 115.247227, -8.545258 ], [ 115.247011, -8.545198 ], [ 115.246819, -8.545062 ], [ 115.246662, -8.544872 ], [ 115.246517, -8.544318 ], [ 115.246453, -8.544066 ], [ 115.246656, -8.543298 ], [ 115.247022, -8.542618 ], [ 115.247454, -8.542032 ], [ 115.248064, -8.540859 ], [ 115.248147, -8.540325 ], [ 115.248029, -8.539737 ], [ 115.247379, -8.537997 ], [ 115.246438, -8.535013 ], [ 115.245598, -8.533592 ], [ 115.245344, -8.533431 ], [ 115.244226, -8.533432 ], [ 115.243596, -8.533829 ], [ 115.242506, -8.534678 ], [ 115.242503, -8.534878 ], [ 115.242395, -8.534999 ], [ 115.242058, -8.535313 ], [ 115.241984, -8.535454 ], [ 115.24198, -8.53546 ], [ 115.241984, -8.535484 ], [ 115.242017, -8.535713 ], [ 115.242152, -8.536281 ], [ 115.242068, -8.536618 ], [ 115.241977, -8.537011 ], [ 115.24197, -8.537038 ], [ 115.241961, -8.537367 ], [ 115.241974, -8.537528 ], [ 115.24198, -8.537602 ], [ 115.242002, -8.537867 ], [ 115.242151, -8.538259 ], [ 115.242329, -8.53838 ], [ 115.242519, -8.538345 ], [ 115.242823, -8.538323 ], [ 115.242985, -8.538405 ], [ 115.243128, -8.538556 ], [ 115.243353, -8.538912 ], [ 115.243682, -8.539402 ], [ 115.243898, -8.539619 ], [ 115.244211, -8.539838 ], [ 115.244416, -8.539912 ], [ 115.24441, -8.540071 ], [ 115.244144, -8.540346 ], [ 115.243793, -8.54056 ], [ 115.24349, -8.540688 ], [ 115.243256, -8.540723 ], [ 115.242844, -8.540732 ], [ 115.240958, -8.54048 ], [ 115.240166, -8.540342 ], [ 115.239213, -8.540124 ], [ 115.238649, -8.540068 ], [ 115.237977, -8.540052 ], [ 115.237466, -8.540197 ], [ 115.236726, -8.540407 ], [ 115.235717, -8.54071 ], [ 115.234802, -8.540973 ], [ 115.234116, -8.541264 ], [ 115.233083, -8.54176 ], [ 115.233077, -8.541763 ], [ 115.233059, -8.54178 ], [ 115.233663, -8.542956 ], [ 115.234019, -8.543617 ], [ 115.23421, -8.543973 ], [ 115.234506, -8.544406 ], [ 115.234759, -8.544898 ], [ 115.234946, -8.545687 ], [ 115.235826, -8.545778 ], [ 115.236457, -8.545781 ], [ 115.236984, -8.545915 ], [ 115.237554, -8.54653 ], [ 115.238091, -8.546778 ], [ 115.238118, -8.546799 ], [ 115.238157, -8.54685 ], [ 115.238231, -8.546946 ], [ 115.23827, -8.547008 ], [ 115.238293, -8.547032 ], [ 115.238324, -8.547082 ], [ 115.238383, -8.547149 ], [ 115.238406, -8.5472 ], [ 115.238449, -8.547254 ], [ 115.238468, -8.547305 ], [ 115.238503, -8.547375 ], [ 115.238515, -8.547426 ], [ 115.238542, -8.547516 ], [ 115.238538, -8.547587 ], [ 115.238531, -8.547648 ], [ 115.238537, -8.547704 ], [ 115.238539, -8.547732 ], [ 115.238539, -8.547752 ], [ 115.238541, -8.547765 ], [ 115.238552, -8.547782 ], [ 115.238561, -8.547799 ], [ 115.238589, -8.547832 ], [ 115.238641, -8.547868 ], [ 115.238681, -8.547885 ], [ 115.238746, -8.547903 ], [ 115.238772, -8.547918 ], [ 115.238794, -8.547925 ], [ 115.238837, -8.547944 ], [ 115.238878, -8.547958 ], [ 115.238948, -8.547977 ], [ 115.238993, -8.547991 ], [ 115.239019, -8.548004 ], [ 115.239059, -8.548041 ], [ 115.23909, -8.548088 ], [ 115.239114, -8.548131 ], [ 115.239167, -8.54818 ], [ 115.239234, -8.548267 ], [ 115.239284, -8.548344 ], [ 115.239342, -8.548415 ], [ 115.239388, -8.548483 ], [ 115.239419, -8.548526 ], [ 115.239465, -8.548628 ], [ 115.239492, -8.548726 ], [ 115.239526, -8.548809 ], [ 115.239543, -8.548972 ], [ 115.239537, -8.548996 ], [ 115.239521, -8.549026 ], [ 115.239501, -8.549054 ], [ 115.239482, -8.549081 ], [ 115.239464, -8.549118 ], [ 115.23944, -8.549155 ], [ 115.239412, -8.549187 ], [ 115.239404, -8.549197 ], [ 115.239385, -8.549226 ], [ 115.239369, -8.549258 ], [ 115.239347, -8.549298 ], [ 115.239322, -8.549344 ], [ 115.239306, -8.549384 ], [ 115.239309, -8.549417 ], [ 115.239321, -8.549461 ], [ 115.239352, -8.549513 ], [ 115.239383, -8.549572 ], [ 115.239438, -8.549655 ], [ 115.239487, -8.549723 ], [ 115.239567, -8.549775 ], [ 115.239626, -8.549865 ], [ 115.239703, -8.549933 ], [ 115.239779, -8.55001 ], [ 115.239786, -8.550016 ], [ 115.23986, -8.550088 ], [ 115.239912, -8.550162 ], [ 115.239983, -8.55022 ], [ 115.240057, -8.550292 ], [ 115.240115, -8.550341 ], [ 115.24018, -8.550406 ], [ 115.240272, -8.550508 ], [ 115.240329, -8.550592 ], [ 115.240401, -8.550694 ], [ 115.24048, -8.550786 ], [ 115.240574, -8.550915 ], [ 115.240619, -8.551015 ], [ 115.240638, -8.551092 ], [ 115.240665, -8.551169 ], [ 115.240679, -8.551249 ], [ 115.24068, -8.551336 ], [ 115.240688, -8.551445 ], [ 115.240679, -8.551511 ], [ 115.24067, -8.551598 ], [ 115.240669, -8.551703 ], [ 115.240655, -8.551817 ], [ 115.24065, -8.551952 ], [ 115.240605, -8.552172 ], [ 115.240605, -8.55222 ], [ 115.240605, -8.552277 ], [ 115.2406, -8.552321 ], [ 115.240591, -8.552369 ], [ 115.240595, -8.552434 ], [ 115.240613, -8.552496 ], [ 115.24063, -8.552557 ], [ 115.240643, -8.552618 ], [ 115.240655, -8.552678 ], [ 115.240673, -8.552754 ], [ 115.240691, -8.552812 ], [ 115.240792, -8.553052 ], [ 115.240814, -8.553095 ], [ 115.240844, -8.553158 ], [ 115.240857, -8.553191 ], [ 115.240875, -8.553229 ], [ 115.240895, -8.553273 ], [ 115.240925, -8.55333 ], [ 115.240958, -8.553391 ], [ 115.240968, -8.553434 ], [ 115.24099, -8.553497 ], [ 115.241012, -8.553554 ], [ 115.241041, -8.553626 ], [ 115.241066, -8.553707 ], [ 115.241107, -8.553768 ], [ 115.241153, -8.553842 ], [ 115.241194, -8.553907 ], [ 115.241232, -8.553995 ], [ 115.24127, -8.554109 ], [ 115.241281, -8.554153 ], [ 115.241296, -8.554221 ], [ 115.241302, -8.554251 ], [ 115.241304, -8.554317 ], [ 115.241307, -8.554406 ], [ 115.241312, -8.554469 ], [ 115.241319, -8.554512 ], [ 115.241331, -8.554546 ], [ 115.241342, -8.55457 ], [ 115.241358, -8.554606 ], [ 115.241393, -8.554685 ], [ 115.241437, -8.55474 ], [ 115.241486, -8.554822 ], [ 115.241527, -8.554877 ], [ 115.241546, -8.554948 ], [ 115.241576, -8.554989 ], [ 115.241605, -8.555094 ], [ 115.241612, -8.555112 ], [ 115.241624, -8.555148 ], [ 115.241638, -8.555214 ], [ 115.241637, -8.555271 ], [ 115.241645, -8.555378 ], [ 115.24165, -8.555506 ], [ 115.241642, -8.555668 ], [ 115.241641, -8.555832 ], [ 115.241625, -8.555975 ], [ 115.241604, -8.556153 ], [ 115.241592, -8.556347 ], [ 115.241583, -8.556424 ], [ 115.241575, -8.556518 ], [ 115.241571, -8.556615 ], [ 115.241557, -8.556705 ], [ 115.241543, -8.556795 ], [ 115.241536, -8.556855 ], [ 115.241526, -8.556919 ], [ 115.241514, -8.557 ], [ 115.241497, -8.557065 ], [ 115.241485, -8.557121 ], [ 115.241478, -8.557198 ], [ 115.241474, -8.557241 ], [ 115.241466, -8.557268 ], [ 115.241465, -8.557274 ], [ 115.24147, -8.557275 ], [ 115.24149, -8.557279 ], [ 115.242176, -8.557427 ], [ 115.242528, -8.557503 ], [ 115.243504, -8.557461 ], [ 115.244716, -8.557435 ], [ 115.245152, -8.557407 ], [ 115.245409, -8.557391 ], [ 115.245837, -8.557468 ], [ 115.246233, -8.557857 ], [ 115.246549, -8.558349 ], [ 115.246675, -8.558634 ], [ 115.246808, -8.558999 ], [ 115.247068, -8.56002 ], [ 115.247211, -8.561304 ], [ 115.247293, -8.562164 ], [ 115.247368, -8.562707 ], [ 115.247473, -8.563103 ], [ 115.247535, -8.563322 ], [ 115.247669, -8.563634 ], [ 115.247938, -8.564049 ], [ 115.248199, -8.564509 ], [ 115.248635, -8.56511 ], [ 115.249107, -8.56581 ], [ 115.249156, -8.566022 ], [ 115.249217, -8.566473 ], [ 115.249237, -8.566805 ], [ 115.249248, -8.56748 ], [ 115.249251, -8.567889 ], [ 115.249252, -8.568044 ], [ 115.249253, -8.568172 ], [ 115.249253, -8.568175 ], [ 115.249255, -8.568975 ], [ 115.249202, -8.569814 ], [ 115.249088, -8.571427 ], [ 115.249067, -8.572872 ], [ 115.249081, -8.573036 ], [ 115.249081, -8.57304 ], [ 115.249157, -8.573967 ], [ 115.249148, -8.574039 ], [ 115.249125, -8.57424 ], [ 115.249751, -8.576031 ], [ 115.249777, -8.577236 ], [ 115.24966, -8.578613 ], [ 115.249593, -8.579552 ], [ 115.249574, -8.580335 ], [ 115.249556, -8.580695 ], [ 115.249433, -8.581651 ], [ 115.249373, -8.582271 ], [ 115.2493, -8.582643 ], [ 115.24917, -8.583086 ], [ 115.249062, -8.583438 ], [ 115.248961, -8.583774 ], [ 115.248882, -8.584037 ], [ 115.24876, -8.58434 ], [ 115.248451, -8.584902 ], [ 115.248015, -8.585536 ], [ 115.247955, -8.585623 ], [ 115.247548, -8.586268 ], [ 115.247274, -8.586775 ], [ 115.247181, -8.586948 ], [ 115.246794, -8.587597 ], [ 115.24657, -8.588581 ], [ 115.246517, -8.589132 ], [ 115.246516, -8.589527 ], [ 115.246515, -8.589632 ], [ 115.246487, -8.590183 ], [ 115.246375, -8.591045 ], [ 115.247412, -8.591551 ], [ 115.24719, -8.592042 ], [ 115.247062, -8.592464 ], [ 115.246872, -8.592777 ], [ 115.246696, -8.593324 ], [ 115.24652, -8.593263 ], [ 115.245447, -8.592892 ], [ 115.244198, -8.59246 ], [ 115.244191, -8.592592 ], [ 115.244191, -8.592677 ], [ 115.244192, -8.592679 ], [ 115.244228, -8.592732 ], [ 115.244284, -8.592803 ], [ 115.244319, -8.592859 ], [ 115.244347, -8.592912 ], [ 115.244372, -8.592954 ], [ 115.244414, -8.593007 ], [ 115.244477, -8.593108 ], [ 115.244505, -8.593151 ], [ 115.24454, -8.5932 ], [ 115.244558, -8.593239 ], [ 115.244575, -8.593281 ], [ 115.2446, -8.593344 ], [ 115.2446, -8.593383 ], [ 115.244614, -8.593432 ], [ 115.244634, -8.593545 ], [ 115.244634, -8.593598 ], [ 115.244603, -8.593695 ], [ 115.244582, -8.593744 ], [ 115.244576, -8.593756 ], [ 115.244561, -8.593789 ], [ 115.24454, -8.593815 ], [ 115.244505, -8.593889 ], [ 115.244419, -8.593999 ], [ 115.244333, -8.594069 ], [ 115.244232, -8.594193 ], [ 115.244181, -8.594308 ], [ 115.244135, -8.594359 ], [ 115.2441, -8.594397 ], [ 115.244059, -8.594503 ], [ 115.24404, -8.594579 ], [ 115.244029, -8.594622 ], [ 115.244013, -8.594732 ], [ 115.243963, -8.594925 ], [ 115.243963, -8.59496 ], [ 115.243972, -8.595013 ], [ 115.243991, -8.595069 ], [ 115.244004, -8.59512 ], [ 115.244021, -8.595157 ], [ 115.244028, -8.595194 ], [ 115.244034, -8.595238 ], [ 115.24404, -8.595269 ], [ 115.244049, -8.595319 ], [ 115.244065, -8.595356 ], [ 115.244077, -8.595409 ], [ 115.244083, -8.595481 ], [ 115.24408, -8.595522 ], [ 115.244061, -8.595575 ], [ 115.244051, -8.595615 ], [ 115.244032, -8.595663 ], [ 115.244032, -8.595682 ], [ 115.244022, -8.595704 ], [ 115.244016, -8.595732 ], [ 115.244013, -8.595754 ], [ 115.244003, -8.595788 ], [ 115.243997, -8.595813 ], [ 115.243981, -8.595841 ], [ 115.243968, -8.595863 ], [ 115.243952, -8.595894 ], [ 115.243939, -8.595913 ], [ 115.243933, -8.59594 ], [ 115.243936, -8.595975 ], [ 115.243952, -8.596 ], [ 115.243989, -8.596044 ], [ 115.244007, -8.596065 ], [ 115.244031, -8.596104 ], [ 115.244056, -8.596132 ], [ 115.244096, -8.596176 ], [ 115.244127, -8.596218 ], [ 115.244161, -8.59626 ], [ 115.244192, -8.596288 ], [ 115.244215, -8.596309 ], [ 115.244243, -8.596334 ], [ 115.244274, -8.596365 ], [ 115.244293, -8.596387 ], [ 115.244326, -8.596423 ], [ 115.244361, -8.596466 ], [ 115.244417, -8.596517 ], [ 115.244454, -8.59656 ], [ 115.244479, -8.596592 ], [ 115.244516, -8.596633 ], [ 115.244541, -8.596673 ], [ 115.244576, -8.596733 ], [ 115.244591, -8.596767 ], [ 115.244613, -8.596816 ], [ 115.244641, -8.596856 ], [ 115.244647, -8.596875 ], [ 115.24466, -8.596903 ], [ 115.244675, -8.596941 ], [ 115.244681, -8.596969 ], [ 115.2447, -8.597034 ], [ 115.2447, -8.597072 ], [ 115.244693, -8.597106 ], [ 115.244677, -8.597134 ], [ 115.244645, -8.597181 ], [ 115.244607, -8.597225 ], [ 115.244563, -8.59725 ], [ 115.244543, -8.597263 ], [ 115.244492, -8.597289 ], [ 115.244429, -8.597325 ], [ 115.244378, -8.59735 ], [ 115.244315, -8.597394 ], [ 115.244248, -8.597432 ], [ 115.244194, -8.597475 ], [ 115.24413, -8.597551 ], [ 115.244101, -8.597639 ], [ 115.244084, -8.597753 ], [ 115.24409, -8.597789 ], [ 115.243847, -8.598012 ], [ 115.243727, -8.598124 ], [ 115.243651, -8.598273 ], [ 115.243514, -8.598669 ], [ 115.2435, -8.598755 ], [ 115.243331, -8.599823 ], [ 115.243338, -8.600048 ], [ 115.243995, -8.600064 ], [ 115.244201, -8.600174 ], [ 115.244272, -8.600576 ], [ 115.244217, -8.601046 ], [ 115.244217, -8.601049 ], [ 115.244196, -8.601382 ], [ 115.244196, -8.601383 ], [ 115.244083, -8.601688 ], [ 115.24397, -8.601993 ], [ 115.243395, -8.603546 ], [ 115.24287, -8.604962 ], [ 115.242808, -8.605033 ], [ 115.242947, -8.606641 ], [ 115.243022, -8.607506 ], [ 115.243335, -8.609132 ], [ 115.244338, -8.611911 ], [ 115.244726, -8.612319 ], [ 115.24536, -8.613092 ], [ 115.2457, -8.615082 ], [ 115.24597, -8.61613 ], [ 115.246028, -8.616356 ], [ 115.246881, -8.616676 ], [ 115.247325, -8.616842 ], [ 115.248645, -8.617153 ], [ 115.248796, -8.618019 ], [ 115.249215, -8.620424 ], [ 115.250413, -8.620619 ], [ 115.25094, -8.620558 ], [ 115.251137, -8.621255 ], [ 115.251691, -8.621339 ], [ 115.25169, -8.621556 ], [ 115.251908, -8.62153 ], [ 115.252078, -8.622064 ], [ 115.253981, -8.622145 ], [ 115.25404, -8.622274 ], [ 115.254155, -8.622379 ], [ 115.254266, -8.622428 ], [ 115.254347, -8.622464 ], [ 115.254551, -8.622525 ], [ 115.254767, -8.622526 ], [ 115.255068, -8.622515 ], [ 115.2552, -8.622563 ], [ 115.255404, -8.622696 ], [ 115.255547, -8.622816 ], [ 115.255691, -8.623044 ], [ 115.255798, -8.623224 ], [ 115.255905, -8.623464 ], [ 115.256059, -8.623859 ], [ 115.256118, -8.624182 ], [ 115.256189, -8.62435 ], [ 115.256237, -8.624506 ], [ 115.256295, -8.624781 ], [ 115.256345, -8.624996 ], [ 115.256432, -8.625345 ], [ 115.256536, -8.625846 ], [ 115.256615, -8.626233 ], [ 115.256655, -8.626396 ], [ 115.256688, -8.626654 ], [ 115.256727, -8.626878 ], [ 115.256735, -8.627256 ], [ 115.256708, -8.627508 ], [ 115.256693, -8.627739 ], [ 115.256675, -8.628016 ], [ 115.256647, -8.62822 ], [ 115.25663, -8.628497 ], [ 115.255968, -8.629667 ], [ 115.255826, -8.630752 ], [ 115.255759, -8.631135 ], [ 115.255575, -8.63217 ], [ 115.25605, -8.632498 ], [ 115.256912, -8.633731 ], [ 115.25847, -8.633296 ], [ 115.258917, -8.634285 ], [ 115.259101, -8.634733 ], [ 115.259286, -8.635384 ], [ 115.25965, -8.636302 ], [ 115.259903, -8.636796 ], [ 115.260911, -8.637361 ], [ 115.261165, -8.637421 ], [ 115.261851, -8.637585 ], [ 115.264669, -8.637736 ], [ 115.2647, -8.637917 ], [ 115.264683, -8.638124 ], [ 115.26462, -8.638341 ], [ 115.264596, -8.638422 ], [ 115.26453, -8.638576 ], [ 115.264516, -8.63877 ], [ 115.26471, -8.639107 ], [ 115.264877, -8.63937 ], [ 115.265058, -8.639561 ], [ 115.265471, -8.640093 ], [ 115.265549, -8.640232 ], [ 115.265635, -8.640361 ], [ 115.265619, -8.640662 ], [ 115.265552, -8.641234 ], [ 115.265673, -8.641399 ], [ 115.265924, -8.641508 ], [ 115.266049, -8.641504 ], [ 115.266283, -8.641505 ], [ 115.266403, -8.641476 ], [ 115.266773, -8.641454 ], [ 115.267004, -8.64147 ], [ 115.267183, -8.641571 ], [ 115.267282, -8.641613 ], [ 115.267507, -8.641586 ], [ 115.267854, -8.641588 ], [ 115.268139, -8.641589 ], [ 115.268586, -8.641534 ], [ 115.268917, -8.641507 ], [ 115.269205, -8.641336 ], [ 115.269506, -8.641149 ], [ 115.269766, -8.641017 ], [ 115.270028, -8.640825 ], [ 115.270272, -8.640769 ], [ 115.270351, -8.640787 ], [ 115.270574, -8.640756 ], [ 115.270943, -8.640865 ], [ 115.272749, -8.645453 ], [ 115.273103, -8.647502 ], [ 115.273157, -8.64763 ], [ 115.273217, -8.647774 ], [ 115.274244, -8.650202 ], [ 115.274271, -8.65024 ], [ 115.274881, -8.650443 ], [ 115.275684, -8.649786 ], [ 115.276427, -8.649179 ], [ 115.27716, -8.64866 ], [ 115.277556, -8.648367 ], [ 115.279284, -8.646951 ], [ 115.279786, -8.646618 ], [ 115.280333, -8.646272 ], [ 115.280378, -8.646244 ], [ 115.281183, -8.645658 ], [ 115.281183, -8.645658 ], [ 115.282204, -8.644916 ], [ 115.282555, -8.644694 ], [ 115.283114, -8.644323 ], [ 115.283803, -8.643838 ], [ 115.284637, -8.643373 ], [ 115.285082, -8.643125 ], [ 115.285082, -8.643125 ], [ 115.285082, -8.643125 ], [ 115.285777, -8.642737 ], [ 115.286017, -8.642517 ], [ 115.286017, -8.642516 ], [ 115.286114, -8.64224 ], [ 115.286229, -8.642004 ], [ 115.286307, -8.641747 ], [ 115.286387, -8.641636 ], [ 115.286493, -8.64149 ], [ 115.286728, -8.641305 ], [ 115.286892, -8.641198 ], [ 115.287049, -8.641126 ], [ 115.287142, -8.640962 ], [ 115.287225, -8.640821 ], [ 115.287264, -8.640755 ], [ 115.287399, -8.640534 ], [ 115.287478, -8.640377 ], [ 115.287692, -8.64027 ], [ 115.287849, -8.640091 ], [ 115.288092, -8.639913 ], [ 115.288541, -8.639606 ], [ 115.288877, -8.639406 ], [ 115.289134, -8.639299 ], [ 115.289348, -8.639206 ], [ 115.289826, -8.638992 ], [ 115.290198, -8.638785 ], [ 115.29044, -8.638621 ], [ 115.29069, -8.638392 ], [ 115.290911, -8.638121 ], [ 115.291076, -8.637784 ], [ 115.291147, -8.637591 ], [ 115.291212, -8.63742 ], [ 115.291226, -8.63727 ], [ 115.291233, -8.637149 ], [ 115.29129, -8.637013 ], [ 115.291462, -8.636856 ], [ 115.291554, -8.636835 ], [ 115.291661, -8.636728 ], [ 115.291683, -8.636635 ], [ 115.291726, -8.636563 ], [ 115.29184, -8.636414 ], [ 115.291997, -8.636264 ], [ 115.292104, -8.636128 ], [ 115.292197, -8.636035 ], [ 115.292318, -8.635978 ], [ 115.292432, -8.635964 ], [ 115.292532, -8.635828 ], [ 115.292668, -8.635624 ], [ 115.292746, -8.635507 ], [ 115.292939, -8.635378 ], [ 115.293046, -8.635157 ], [ 115.29331, -8.635014 ], [ 115.293546, -8.6349 ], [ 115.293717, -8.634886 ], [ 115.293889, -8.634879 ], [ 115.294105, -8.634805 ], [ 115.294206, -8.63474 ], [ 115.294276, -8.634729 ], [ 115.294309, -8.634707 ], [ 115.294314, -8.634704 ], [ 115.294617, -8.6345 ], [ 115.294702, -8.634451 ], [ 115.294759, -8.634336 ], [ 115.294745, -8.634151 ], [ 115.294752, -8.633979 ], [ 115.29485, -8.633856 ], [ 115.294851, -8.633856 ], [ 115.294945, -8.633737 ], [ 115.295074, -8.633708 ], [ 115.295209, -8.633722 ], [ 115.295316, -8.633687 ], [ 115.295352, -8.633515 ], [ 115.295416, -8.633351 ], [ 115.295552, -8.633158 ], [ 115.29583, -8.632837 ], [ 115.29603, -8.632687 ], [ 115.296148, -8.632624 ], [ 115.296333, -8.632538 ], [ 115.296576, -8.632449 ], [ 115.296772, -8.632322 ], [ 115.297055, -8.632183 ], [ 115.297207, -8.632109 ], [ 115.297276, -8.631992 ], [ 115.297411, -8.631953 ], [ 115.297537, -8.631947 ], [ 115.297708, -8.631953 ], [ 115.297993, -8.631917 ], [ 115.298082, -8.631874 ], [ 115.298129, -8.631814 ], [ 115.298186, -8.631757 ], [ 115.298244, -8.631591 ], [ 115.298244, -8.631591 ], [ 115.298402, -8.631136 ], [ 115.298573, -8.630741 ], [ 115.298797, -8.630533 ], [ 115.299294, -8.630233 ], [ 115.299371, -8.630195 ], [ 115.299371, -8.630195 ], [ 115.299519, -8.630122 ], [ 115.299556, -8.630114 ], [ 115.299596, -8.630071 ], [ 115.299851, -8.629728 ], [ 115.30018, -8.629064 ], [ 115.300321, -8.62878 ], [ 115.300534, -8.628569 ], [ 115.300831, -8.628363 ], [ 115.30126, -8.628091 ], [ 115.301564, -8.62782 ], [ 115.301663, -8.627653 ], [ 115.301694, -8.6276 ], [ 115.301766, -8.627354 ], [ 115.301854, -8.626848 ], [ 115.301854, -8.626848 ], [ 115.302106, -8.625852 ], [ 115.302293, -8.625162 ], [ 115.302389, -8.625 ], [ 115.302472, -8.62486 ], [ 115.302801, -8.624457 ], [ 115.303451, -8.623833 ], [ 115.303891, -8.62355 ], [ 115.304464, -8.623183 ], [ 115.304831, -8.622901 ], [ 115.305021, -8.622754 ], [ 115.306731, -8.62133 ], [ 115.307167, -8.620942 ], [ 115.307563, -8.620633 ], [ 115.307982, -8.620407 ], [ 115.307992, -8.620401 ], [ 115.307992, -8.620401 ], [ 115.308088, -8.620304 ], [ 115.308223, -8.620183 ], [ 115.308516, -8.619983 ], [ 115.309037, -8.619633 ], [ 115.309565, -8.619398 ], [ 115.309979, -8.619126 ], [ 115.310657, -8.618777 ], [ 115.311214, -8.618481 ], [ 115.311262, -8.618455 ], [ 115.311957, -8.618122 ], [ 115.312537, -8.617837 ], [ 115.313175, -8.617456 ], [ 115.313441, -8.617342 ], [ 115.314136, -8.617123 ], [ 115.314717, -8.616932 ], [ 115.315059, -8.616866 ], [ 115.315668, -8.616628 ], [ 115.316054, -8.616502 ], [ 115.316487, -8.616361 ], [ 115.316528, -8.616349 ], [ 115.31653, -8.616348 ], [ 115.316435, -8.616228 ], [ 115.316111, -8.6158 ], [ 115.315652, -8.61531 ], [ 115.315144, -8.61479 ], [ 115.314645, -8.614388 ], [ 115.314019, -8.614014 ], [ 115.313417, -8.613548 ], [ 115.313243, -8.613349 ], [ 115.313105, -8.613078 ], [ 115.313099, -8.612753 ], [ 115.313088, -8.612155 ], [ 115.313074, -8.611871 ], [ 115.313012, -8.611638 ], [ 115.312831, -8.611312 ], [ 115.312028, -8.610593 ], [ 115.311831, -8.610407 ], [ 115.311692, -8.610194 ], [ 115.311604, -8.609872 ], [ 115.31164, -8.609342 ], [ 115.311664, -8.609026 ], [ 115.311634, -8.60885 ], [ 115.311526, -8.608677 ], [ 115.311059, -8.608507 ], [ 115.311011, -8.608473 ], [ 115.310567, -8.608788 ], [ 115.310288, -8.608955 ], [ 115.309408, -8.6093 ], [ 115.309227, -8.60935 ], [ 115.309034, -8.609315 ], [ 115.308897, -8.60927 ], [ 115.308774, -8.609302 ], [ 115.308579, -8.609392 ], [ 115.30842, -8.609398 ], [ 115.308293, -8.609329 ], [ 115.308156, -8.609082 ], [ 115.308046, -8.608881 ], [ 115.307879, -8.608709 ], [ 115.307382, -8.608432 ], [ 115.307125, -8.608294 ], [ 115.306991, -8.608131 ], [ 115.306893, -8.607798 ], [ 115.306885, -8.607548 ], [ 115.306912, -8.607273 ], [ 115.306882, -8.607123 ], [ 115.306738, -8.606967 ], [ 115.306464, -8.606811 ], [ 115.306082, -8.606659 ], [ 115.305708, -8.606576 ], [ 115.304911, -8.60657 ], [ 115.304675, -8.606557 ], [ 115.304514, -8.606498 ], [ 115.304255, -8.605985 ], [ 115.30399, -8.605558 ], [ 115.303877, -8.605363 ], [ 115.3038, -8.60496 ], [ 115.303757, -8.604705 ], [ 115.303693, -8.60459 ], [ 115.303532, -8.604497 ], [ 115.302553, -8.604528 ], [ 115.302362, -8.604523 ], [ 115.302122, -8.60444 ], [ 115.301492, -8.603742 ], [ 115.301298, -8.603527 ], [ 115.300719, -8.602881 ], [ 115.299941, -8.602316 ], [ 115.299748, -8.602151 ], [ 115.299539, -8.601763 ], [ 115.299385, -8.60145 ], [ 115.299158, -8.60112 ], [ 115.299038, -8.600967 ], [ 115.298974, -8.600884 ], [ 115.298845, -8.600504 ], [ 115.298758, -8.600284 ], [ 115.29865, -8.600163 ], [ 115.297895, -8.599971 ], [ 115.297783, -8.599937 ], [ 115.297727, -8.599865 ], [ 115.297717, -8.599553 ], [ 115.297731, -8.599472 ], [ 115.297845, -8.598852 ], [ 115.297919, -8.598423 ], [ 115.29792, -8.598174 ], [ 115.29784, -8.597949 ], [ 115.29779, -8.597875 ], [ 115.297275, -8.597503 ], [ 115.296926, -8.597328 ], [ 115.296493, -8.597155 ], [ 115.296454, -8.597138 ], [ 115.296132, -8.597058 ], [ 115.296114, -8.597049 ], [ 115.29596, -8.596975 ], [ 115.295861, -8.596867 ], [ 115.295806, -8.596704 ], [ 115.295765, -8.596418 ], [ 115.295684, -8.596209 ], [ 115.29555, -8.596046 ], [ 115.295357, -8.595929 ], [ 115.294884, -8.595828 ], [ 115.294671, -8.595783 ], [ 115.294504, -8.595656 ], [ 115.294351, -8.595484 ], [ 115.294165, -8.595367 ], [ 115.293963, -8.595326 ], [ 115.293785, -8.595354 ], [ 115.293554, -8.595501 ], [ 115.293392, -8.595621 ], [ 115.293315, -8.595643 ], [ 115.293234, -8.595595 ], [ 115.293106, -8.595081 ], [ 115.293056, -8.594544 ], [ 115.29304, -8.594387 ], [ 115.292961, -8.594262 ], [ 115.292753, -8.594117 ], [ 115.2924, -8.594022 ], [ 115.29198, -8.593983 ], [ 115.291794, -8.594007 ], [ 115.291452, -8.594052 ], [ 115.291204, -8.594092 ], [ 115.29104, -8.594071 ], [ 115.290878, -8.593956 ], [ 115.290739, -8.593763 ], [ 115.290717, -8.593171 ], [ 115.290688, -8.592993 ], [ 115.290555, -8.592847 ], [ 115.29038, -8.592655 ], [ 115.29019, -8.592429 ], [ 115.289918, -8.592218 ], [ 115.289251, -8.592042 ], [ 115.289106, -8.591985 ], [ 115.289001, -8.591884 ], [ 115.289079, -8.590857 ], [ 115.289346, -8.589931 ], [ 115.289349, -8.589922 ], [ 115.289418, -8.589647 ], [ 115.28942, -8.589427 ], [ 115.289337, -8.589201 ], [ 115.288464, -8.58837 ], [ 115.288283, -8.588165 ], [ 115.288172, -8.587871 ], [ 115.288128, -8.587553 ], [ 115.288135, -8.587383 ], [ 115.288152, -8.58717 ], [ 115.288242, -8.586612 ], [ 115.28837, -8.585858 ], [ 115.288443, -8.585342 ], [ 115.288478, -8.585168 ], [ 115.288605, -8.584993 ], [ 115.288796, -8.584856 ], [ 115.290027, -8.584629 ], [ 115.290167, -8.584586 ], [ 115.290258, -8.584511 ], [ 115.290295, -8.584368 ], [ 115.290211, -8.584016 ], [ 115.290076, -8.58315 ], [ 115.290037, -8.582891 ], [ 115.289893, -8.582555 ], [ 115.289584, -8.582152 ], [ 115.28937, -8.581881 ], [ 115.289293, -8.581701 ], [ 115.289295, -8.581534 ], [ 115.289395, -8.581197 ], [ 115.289659, -8.580729 ], [ 115.28998, -8.580229 ], [ 115.290224, -8.579767 ], [ 115.290346, -8.579403 ], [ 115.290491, -8.578559 ], [ 115.290562, -8.577708 ], [ 115.290531, -8.577443 ], [ 115.289972, -8.576701 ], [ 115.289821, -8.576487 ], [ 115.289769, -8.576297 ], [ 115.289828, -8.575972 ], [ 115.289925, -8.575741 ], [ 115.290098, -8.575521 ], [ 115.290352, -8.575326 ], [ 115.29058, -8.575217 ], [ 115.290621, -8.575206 ], [ 115.290741, -8.575174 ], [ 115.290839, -8.57509 ], [ 115.290928, -8.574871 ], [ 115.290983, -8.574446 ], [ 115.290843, -8.573797 ], [ 115.290778, -8.573461 ], [ 115.29072, -8.573086 ], [ 115.290354, -8.572197 ], [ 115.290293, -8.572018 ], [ 115.29034, -8.57159 ], [ 115.290361, -8.571373 ], [ 115.29013, -8.570694 ], [ 115.290094, -8.570565 ], [ 115.290078, -8.570508 ], [ 115.290097, -8.570328 ], [ 115.290168, -8.57011 ], [ 115.290006, -8.569537 ], [ 115.289945, -8.569304 ], [ 115.289957, -8.56913 ], [ 115.290033, -8.568955 ], [ 115.290227, -8.568751 ], [ 115.290956, -8.568384 ], [ 115.291593, -8.568067 ], [ 115.291856, -8.567884 ], [ 115.291936, -8.567801 ], [ 115.29197, -8.567765 ], [ 115.292041, -8.567586 ], [ 115.292069, -8.567303 ], [ 115.292081, -8.566952 ], [ 115.292135, -8.566687 ], [ 115.292268, -8.566337 ], [ 115.29235, -8.566046 ], [ 115.292455, -8.565667 ], [ 115.292595, -8.565166 ], [ 115.292636, -8.564792 ], [ 115.292616, -8.56462 ], [ 115.292608, -8.564598 ], [ 115.292408, -8.564251 ], [ 115.29226, -8.563999 ], [ 115.292163, -8.563676 ], [ 115.292028, -8.563225 ], [ 115.291994, -8.562884 ], [ 115.292038, -8.562542 ], [ 115.292119, -8.562192 ] ] ] ] } },
{ "type": "Feature", "properties": { "id": 10, "fid": 10, "objectid": 4155, "namobj": "Blahbatuh", "fcode": "BA03070040", "wadmkc": "Blahbatuh", "wadmkk": "Gianyar", "wadmpr": "Bali", "jumlah_penduduk": 74093, "area_admini": 38042769.020173259 }, "geometry": { "type": "MultiPolygon", "coordinates": [ [ [ [ 115.291016, -8.518713 ], [ 115.290745, -8.518694 ], [ 115.290159, -8.518675 ], [ 115.289926, -8.518527 ], [ 115.289631, -8.518499 ], [ 115.289431, -8.518513 ], [ 115.289429, -8.518746 ], [ 115.289043, -8.518736 ], [ 115.28874, -8.518811 ], [ 115.288293, -8.51884 ], [ 115.287722, -8.518837 ], [ 115.287668, -8.518864 ], [ 115.287592, -8.518892 ], [ 115.287447, -8.519024 ], [ 115.287344, -8.519108 ], [ 115.287313, -8.519127 ], [ 115.287279, -8.519171 ], [ 115.287203, -8.519318 ], [ 115.287104, -8.519449 ], [ 115.286985, -8.519564 ], [ 115.286959, -8.519583 ], [ 115.286917, -8.519613 ], [ 115.28689, -8.519623 ], [ 115.286779, -8.519821 ], [ 115.286711, -8.519876 ], [ 115.286676, -8.519892 ], [ 115.286627, -8.519888 ], [ 115.286585, -8.519925 ], [ 115.286551, -8.519994 ], [ 115.286392, -8.520132 ], [ 115.286056, -8.520409 ], [ 115.286046, -8.520533 ], [ 115.286121, -8.520724 ], [ 115.286333, -8.521206 ], [ 115.286303, -8.521404 ], [ 115.286189, -8.521667 ], [ 115.285995, -8.52198 ], [ 115.285855, -8.522184 ], [ 115.285587, -8.522576 ], [ 115.28544, -8.522584 ], [ 115.285099, -8.522505 ], [ 115.284817, -8.522388 ], [ 115.284278, -8.522177 ], [ 115.283874, -8.522046 ], [ 115.283981, -8.522393 ], [ 115.284018, -8.522517 ], [ 115.284069, -8.522683 ], [ 115.284092, -8.522974 ], [ 115.284227, -8.523147 ], [ 115.284291, -8.523185 ], [ 115.284426, -8.523266 ], [ 115.284642, -8.523419 ], [ 115.284727, -8.523517 ], [ 115.284769, -8.523596 ], [ 115.284967, -8.523976 ], [ 115.285197, -8.524154 ], [ 115.285534, -8.524305 ], [ 115.286419, -8.524584 ], [ 115.286685, -8.524823 ], [ 115.286973, -8.525202 ], [ 115.287194, -8.525455 ], [ 115.287724, -8.526018 ], [ 115.287903, -8.526416 ], [ 115.287982, -8.52677 ], [ 115.287982, -8.527066 ], [ 115.287886, -8.527399 ], [ 115.287683, -8.527696 ], [ 115.28685, -8.528809 ], [ 115.28681, -8.529059 ], [ 115.286854, -8.529274 ], [ 115.286953, -8.52937 ], [ 115.287255, -8.529497 ], [ 115.288694, -8.530048 ], [ 115.288907, -8.530243 ], [ 115.288987, -8.530408 ], [ 115.28899, -8.530633 ], [ 115.28901, -8.530941 ], [ 115.289149, -8.531285 ], [ 115.289334, -8.531487 ], [ 115.289446, -8.531617 ], [ 115.289609, -8.531807 ], [ 115.289756, -8.532006 ], [ 115.289972, -8.532134 ], [ 115.290486, -8.53233 ], [ 115.290827, -8.532516 ], [ 115.291156, -8.53279 ], [ 115.291465, -8.533027 ], [ 115.292209, -8.533527 ], [ 115.29232, -8.533602 ], [ 115.292326, -8.533619 ], [ 115.292335, -8.533788 ], [ 115.292291, -8.534166 ], [ 115.292175, -8.534409 ], [ 115.291942, -8.534779 ], [ 115.291782, -8.535204 ], [ 115.291747, -8.535497 ], [ 115.291747, -8.535501 ], [ 115.291742, -8.535777 ], [ 115.291732, -8.536426 ], [ 115.291752, -8.536814 ], [ 115.291622, -8.536902 ], [ 115.291413, -8.536952 ], [ 115.291006, -8.537075 ], [ 115.290768, -8.537227 ], [ 115.290649, -8.537403 ], [ 115.290557, -8.537691 ], [ 115.290556, -8.537694 ], [ 115.29044, -8.538259 ], [ 115.290368, -8.538483 ], [ 115.290263, -8.538812 ], [ 115.289999, -8.539428 ], [ 115.289754, -8.540594 ], [ 115.28956, -8.541858 ], [ 115.289291, -8.54236 ], [ 115.289059, -8.542829 ], [ 115.289103, -8.54296 ], [ 115.289225, -8.543093 ], [ 115.289448, -8.543234 ], [ 115.289766, -8.543342 ], [ 115.290157, -8.543484 ], [ 115.290514, -8.543647 ], [ 115.290679, -8.543809 ], [ 115.290982, -8.544204 ], [ 115.291026, -8.544426 ], [ 115.290982, -8.5447 ], [ 115.290863, -8.545101 ], [ 115.290618, -8.545547 ], [ 115.289966, -8.546714 ], [ 115.289841, -8.547122 ], [ 115.289833, -8.547393 ], [ 115.28988, -8.547578 ], [ 115.289999, -8.547733 ], [ 115.290178, -8.547846 ], [ 115.290422, -8.547904 ], [ 115.290922, -8.548053 ], [ 115.291284, -8.548247 ], [ 115.291312, -8.548286 ], [ 115.291408, -8.548418 ], [ 115.291556, -8.548802 ], [ 115.291619, -8.548965 ], [ 115.291659, -8.549315 ], [ 115.291965, -8.550825 ], [ 115.292012, -8.551652 ], [ 115.29199, -8.551854 ], [ 115.291968, -8.552061 ], [ 115.291873, -8.552224 ], [ 115.29168, -8.5524 ], [ 115.291217, -8.5528 ], [ 115.291096, -8.553035 ], [ 115.291065, -8.553255 ], [ 115.291195, -8.554134 ], [ 115.291476, -8.555061 ], [ 115.291696, -8.555413 ], [ 115.291697, -8.555423 ], [ 115.291733, -8.555439 ], [ 115.291841, -8.555588 ], [ 115.291889, -8.555793 ], [ 115.292009, -8.556335 ], [ 115.292163, -8.556629 ], [ 115.292168, -8.556638 ], [ 115.292464, -8.55716 ], [ 115.292512, -8.557439 ], [ 115.292484, -8.557785 ], [ 115.292475, -8.557871 ], [ 115.2924, -8.558383 ], [ 115.292359, -8.558828 ], [ 115.292349, -8.559118 ], [ 115.292306, -8.560304 ], [ 115.292198, -8.560651 ], [ 115.292051, -8.561159 ], [ 115.292085, -8.561536 ], [ 115.292119, -8.562192 ], [ 115.292038, -8.562542 ], [ 115.291994, -8.562884 ], [ 115.292028, -8.563225 ], [ 115.292163, -8.563676 ], [ 115.29226, -8.563999 ], [ 115.292408, -8.564251 ], [ 115.292608, -8.564598 ], [ 115.292616, -8.56462 ], [ 115.292636, -8.564792 ], [ 115.292595, -8.565166 ], [ 115.292455, -8.565667 ], [ 115.29235, -8.566046 ], [ 115.292268, -8.566337 ], [ 115.292135, -8.566687 ], [ 115.292081, -8.566952 ], [ 115.292069, -8.567303 ], [ 115.292041, -8.567586 ], [ 115.29197, -8.567765 ], [ 115.291936, -8.567801 ], [ 115.291856, -8.567884 ], [ 115.291593, -8.568067 ], [ 115.290956, -8.568384 ], [ 115.290227, -8.568751 ], [ 115.290033, -8.568955 ], [ 115.289957, -8.56913 ], [ 115.289945, -8.569304 ], [ 115.290006, -8.569537 ], [ 115.290168, -8.57011 ], [ 115.290097, -8.570328 ], [ 115.290078, -8.570508 ], [ 115.290094, -8.570565 ], [ 115.29013, -8.570694 ], [ 115.290361, -8.571373 ], [ 115.29034, -8.57159 ], [ 115.290293, -8.572018 ], [ 115.290354, -8.572197 ], [ 115.29072, -8.573086 ], [ 115.290778, -8.573461 ], [ 115.290843, -8.573797 ], [ 115.290983, -8.574446 ], [ 115.290928, -8.574871 ], [ 115.290839, -8.57509 ], [ 115.290741, -8.575174 ], [ 115.290621, -8.575206 ], [ 115.29058, -8.575217 ], [ 115.290352, -8.575326 ], [ 115.290098, -8.575521 ], [ 115.289925, -8.575741 ], [ 115.289828, -8.575972 ], [ 115.289769, -8.576297 ], [ 115.289821, -8.576487 ], [ 115.289972, -8.576701 ], [ 115.290531, -8.577443 ], [ 115.290562, -8.577708 ], [ 115.290491, -8.578559 ], [ 115.290346, -8.579403 ], [ 115.290224, -8.579767 ], [ 115.28998, -8.580229 ], [ 115.289659, -8.580729 ], [ 115.289395, -8.581197 ], [ 115.289295, -8.581534 ], [ 115.289293, -8.581701 ], [ 115.28937, -8.581881 ], [ 115.289584, -8.582152 ], [ 115.289893, -8.582555 ], [ 115.290037, -8.582891 ], [ 115.290076, -8.58315 ], [ 115.290211, -8.584016 ], [ 115.290295, -8.584368 ], [ 115.290258, -8.584511 ], [ 115.290167, -8.584586 ], [ 115.290027, -8.584629 ], [ 115.288796, -8.584856 ], [ 115.288605, -8.584993 ], [ 115.288478, -8.585168 ], [ 115.288443, -8.585342 ], [ 115.28837, -8.585858 ], [ 115.288242, -8.586612 ], [ 115.288152, -8.58717 ], [ 115.288135, -8.587383 ], [ 115.288128, -8.587553 ], [ 115.288172, -8.587871 ], [ 115.288283, -8.588165 ], [ 115.288464, -8.58837 ], [ 115.289337, -8.589201 ], [ 115.28942, -8.589427 ], [ 115.289418, -8.589647 ], [ 115.289349, -8.589922 ], [ 115.289346, -8.589931 ], [ 115.289079, -8.590857 ], [ 115.289001, -8.591884 ], [ 115.289106, -8.591985 ], [ 115.289251, -8.592042 ], [ 115.289918, -8.592218 ], [ 115.29019, -8.592429 ], [ 115.29038, -8.592655 ], [ 115.290555, -8.592847 ], [ 115.290688, -8.592993 ], [ 115.290717, -8.593171 ], [ 115.290739, -8.593763 ], [ 115.290878, -8.593956 ], [ 115.29104, -8.594071 ], [ 115.291204, -8.594092 ], [ 115.291452, -8.594052 ], [ 115.291794, -8.594007 ], [ 115.29198, -8.593983 ], [ 115.2924, -8.594022 ], [ 115.292753, -8.594117 ], [ 115.292961, -8.594262 ], [ 115.29304, -8.594387 ], [ 115.293056, -8.594544 ], [ 115.293106, -8.595081 ], [ 115.293234, -8.595595 ], [ 115.293315, -8.595643 ], [ 115.293392, -8.595621 ], [ 115.293554, -8.595501 ], [ 115.293785, -8.595354 ], [ 115.293963, -8.595326 ], [ 115.294165, -8.595367 ], [ 115.294351, -8.595484 ], [ 115.294504, -8.595656 ], [ 115.294671, -8.595783 ], [ 115.294884, -8.595828 ], [ 115.295357, -8.595929 ], [ 115.29555, -8.596046 ], [ 115.295684, -8.596209 ], [ 115.295765, -8.596418 ], [ 115.295806, -8.596704 ], [ 115.295861, -8.596867 ], [ 115.29596, -8.596975 ], [ 115.296114, -8.597049 ], [ 115.296132, -8.597058 ], [ 115.296454, -8.597138 ], [ 115.296493, -8.597155 ], [ 115.296926, -8.597328 ], [ 115.297275, -8.597503 ], [ 115.29779, -8.597875 ], [ 115.29784, -8.597949 ], [ 115.29792, -8.598174 ], [ 115.297919, -8.598423 ], [ 115.297845, -8.598852 ], [ 115.297731, -8.599472 ], [ 115.297717, -8.599553 ], [ 115.297727, -8.599865 ], [ 115.297783, -8.599937 ], [ 115.297895, -8.599971 ], [ 115.29865, -8.600163 ], [ 115.298758, -8.600284 ], [ 115.298845, -8.600504 ], [ 115.298974, -8.600884 ], [ 115.299038, -8.600967 ], [ 115.299158, -8.60112 ], [ 115.299385, -8.60145 ], [ 115.299539, -8.601763 ], [ 115.299748, -8.602151 ], [ 115.299941, -8.602316 ], [ 115.300719, -8.602881 ], [ 115.301298, -8.603527 ], [ 115.301492, -8.603742 ], [ 115.302122, -8.60444 ], [ 115.302362, -8.604523 ], [ 115.302553, -8.604528 ], [ 115.303532, -8.604497 ], [ 115.303693, -8.60459 ], [ 115.303757, -8.604705 ], [ 115.3038, -8.60496 ], [ 115.303877, -8.605363 ], [ 115.30399, -8.605558 ], [ 115.304255, -8.605985 ], [ 115.304514, -8.606498 ], [ 115.304675, -8.606557 ], [ 115.304911, -8.60657 ], [ 115.305708, -8.606576 ], [ 115.306082, -8.606659 ], [ 115.306464, -8.606811 ], [ 115.306738, -8.606967 ], [ 115.306882, -8.607123 ], [ 115.306912, -8.607273 ], [ 115.306885, -8.607548 ], [ 115.306893, -8.607798 ], [ 115.306991, -8.608131 ], [ 115.307125, -8.608294 ], [ 115.307382, -8.608432 ], [ 115.307879, -8.608709 ], [ 115.308046, -8.608881 ], [ 115.308156, -8.609082 ], [ 115.308293, -8.609329 ], [ 115.30842, -8.609398 ], [ 115.308579, -8.609392 ], [ 115.308774, -8.609302 ], [ 115.308897, -8.60927 ], [ 115.309034, -8.609315 ], [ 115.309227, -8.60935 ], [ 115.309408, -8.6093 ], [ 115.310288, -8.608955 ], [ 115.310567, -8.608788 ], [ 115.311011, -8.608473 ], [ 115.311059, -8.608507 ], [ 115.311526, -8.608677 ], [ 115.311634, -8.60885 ], [ 115.311664, -8.609026 ], [ 115.31164, -8.609342 ], [ 115.311604, -8.609872 ], [ 115.311692, -8.610194 ], [ 115.311831, -8.610407 ], [ 115.312028, -8.610593 ], [ 115.312831, -8.611312 ], [ 115.313012, -8.611638 ], [ 115.313074, -8.611871 ], [ 115.313088, -8.612155 ], [ 115.313099, -8.612753 ], [ 115.313105, -8.613078 ], [ 115.313243, -8.613349 ], [ 115.313417, -8.613548 ], [ 115.314019, -8.614014 ], [ 115.314645, -8.614388 ], [ 115.315144, -8.61479 ], [ 115.315652, -8.61531 ], [ 115.316111, -8.6158 ], [ 115.316435, -8.616228 ], [ 115.31653, -8.616348 ], [ 115.317248, -8.616123 ], [ 115.31801, -8.615771 ], [ 115.319225, -8.615384 ], [ 115.319331, -8.615308 ], [ 115.319423, -8.615243 ], [ 115.319537, -8.615162 ], [ 115.319767, -8.614998 ], [ 115.320979, -8.614115 ], [ 115.321741, -8.61362 ], [ 115.322141, -8.613354 ], [ 115.322459, -8.612749 ], [ 115.32245, -8.612416 ], [ 115.322447, -8.612028 ], [ 115.322445, -8.611807 ], [ 115.322464, -8.611497 ], [ 115.322664, -8.610903 ], [ 115.322797, -8.610631 ], [ 115.322916, -8.610322 ], [ 115.323107, -8.610075 ], [ 115.323109, -8.610072 ], [ 115.323254, -8.609922 ], [ 115.323464, -8.609737 ], [ 115.323816, -8.609503 ], [ 115.324097, -8.609346 ], [ 115.324239, -8.609299 ], [ 115.324363, -8.609246 ], [ 115.324582, -8.609185 ], [ 115.324663, -8.609151 ], [ 115.324729, -8.608998 ], [ 115.324887, -8.608487 ], [ 115.324978, -8.608193 ], [ 115.325036, -8.608076 ], [ 115.325204, -8.607742 ], [ 115.325582, -8.607171 ], [ 115.325922, -8.606782 ], [ 115.326523, -8.606182 ], [ 115.327292, -8.605568 ], [ 115.32818, -8.604868 ], [ 115.328871, -8.60432 ], [ 115.329434, -8.603959 ], [ 115.329434, -8.603959 ], [ 115.329519, -8.603913 ], [ 115.330829, -8.603136 ], [ 115.331678, -8.602618 ], [ 115.332093, -8.602364 ], [ 115.332093, -8.602364 ], [ 115.332744, -8.601948 ], [ 115.334076, -8.601184 ], [ 115.335371, -8.600594 ], [ 115.33651, -8.600158 ], [ 115.337833, -8.599405 ], [ 115.3383, -8.599032 ], [ 115.339131, -8.598301 ], [ 115.339451, -8.597909 ], [ 115.33967, -8.597717 ], [ 115.3403, -8.59721 ], [ 115.340716, -8.59694 ], [ 115.341311, -8.596708 ], [ 115.341688, -8.596523 ], [ 115.342041, -8.596301 ], [ 115.342819, -8.59595 ], [ 115.343946, -8.595485 ], [ 115.344501, -8.595375 ], [ 115.34495, -8.595226 ], [ 115.345378, -8.595012 ], [ 115.346161, -8.594578 ], [ 115.346735, -8.594194 ], [ 115.346947, -8.593971 ], [ 115.347072, -8.593766 ], [ 115.347155, -8.593629 ], [ 115.347274, -8.593418 ], [ 115.34731, -8.593392 ], [ 115.347538, -8.593226 ], [ 115.347731, -8.593069 ], [ 115.347802, -8.592905 ], [ 115.347763, -8.592667 ], [ 115.347763, -8.592666 ], [ 115.347763, -8.592666 ], [ 115.347766, -8.592477 ], [ 115.347824, -8.592413 ], [ 115.348023, -8.592249 ], [ 115.348138, -8.592134 ], [ 115.348367, -8.591963 ], [ 115.348571, -8.591856 ], [ 115.34888, -8.591727 ], [ 115.349047, -8.591656 ], [ 115.349291, -8.591448 ], [ 115.349416, -8.591317 ], [ 115.349776, -8.590877 ], [ 115.349777, -8.590877 ], [ 115.349864, -8.59065 ], [ 115.349865, -8.590649 ], [ 115.350106, -8.590419 ], [ 115.350266, -8.590288 ], [ 115.350409, -8.590228 ], [ 115.350593, -8.590151 ], [ 115.350677, -8.590032 ], [ 115.350671, -8.589925 ], [ 115.350623, -8.58986 ], [ 115.350665, -8.589633 ], [ 115.350671, -8.589461 ], [ 115.350635, -8.589342 ], [ 115.350486, -8.589271 ], [ 115.350389, -8.589187 ], [ 115.350293, -8.589104 ], [ 115.350293, -8.589104 ], [ 115.3501, -8.588902 ], [ 115.35006, -8.588713 ], [ 115.350089, -8.588361 ], [ 115.350113, -8.588175 ], [ 115.350256, -8.587838 ], [ 115.350365, -8.587567 ], [ 115.350546, -8.587119 ], [ 115.351036, -8.586391 ], [ 115.351144, -8.586208 ], [ 115.35131, -8.585927 ], [ 115.351399, -8.585766 ], [ 115.351376, -8.585662 ], [ 115.351455, -8.585533 ], [ 115.351523, -8.585422 ], [ 115.351565, -8.585357 ], [ 115.35149, -8.5853 ], [ 115.350905, -8.584722 ], [ 115.350871, -8.58463 ], [ 115.350784, -8.58456 ], [ 115.350777, -8.584552 ], [ 115.35052, -8.584206 ], [ 115.35036, -8.583896 ], [ 115.350303, -8.583786 ], [ 115.349953, -8.583021 ], [ 115.349749, -8.582635 ], [ 115.349405, -8.582172 ], [ 115.349228, -8.582039 ], [ 115.349043, -8.581985 ], [ 115.348848, -8.581996 ], [ 115.34864, -8.582077 ], [ 115.348351, -8.58227 ], [ 115.348109, -8.582507 ], [ 115.348093, -8.58257 ], [ 115.348072, -8.582653 ], [ 115.348057, -8.582718 ], [ 115.347909, -8.583326 ], [ 115.347686, -8.583861 ], [ 115.347488, -8.584145 ], [ 115.347246, -8.584396 ], [ 115.347003, -8.584546 ], [ 115.346594, -8.584704 ], [ 115.346363, -8.584727 ], [ 115.345972, -8.584693 ], [ 115.345722, -8.584604 ], [ 115.345411, -8.584421 ], [ 115.344901, -8.584045 ], [ 115.344367, -8.583531 ], [ 115.344197, -8.583235 ], [ 115.343879, -8.582415 ], [ 115.343876, -8.58221 ], [ 115.343935, -8.581801 ], [ 115.343972, -8.581524 ], [ 115.343891, -8.581382 ], [ 115.343735, -8.581242 ], [ 115.343534, -8.581135 ], [ 115.343336, -8.581101 ], [ 115.343046, -8.581137 ], [ 115.342557, -8.581176 ], [ 115.34198, -8.581154 ], [ 115.341703, -8.581022 ], [ 115.341445, -8.58083 ], [ 115.34132, -8.580614 ], [ 115.341009, -8.580083 ], [ 115.34037, -8.579277 ], [ 115.340302, -8.579019 ], [ 115.340301, -8.578747 ], [ 115.340372, -8.578345 ], [ 115.340386, -8.578076 ], [ 115.340312, -8.577942 ], [ 115.340152, -8.57781 ], [ 115.339916, -8.577705 ], [ 115.339668, -8.577565 ], [ 115.339565, -8.577416 ], [ 115.339486, -8.577153 ], [ 115.339483, -8.576898 ], [ 115.339486, -8.576456 ], [ 115.339464, -8.57601 ], [ 115.339406, -8.575643 ], [ 115.33927, -8.575243 ], [ 115.339252, -8.575203 ], [ 115.339097, -8.574877 ], [ 115.338929, -8.574706 ], [ 115.338664, -8.574564 ], [ 115.337944, -8.57414 ], [ 115.337818, -8.573951 ], [ 115.337703, -8.573631 ], [ 115.33749, -8.572919 ], [ 115.337468, -8.572862 ], [ 115.337205, -8.572176 ], [ 115.337198, -8.571916 ], [ 115.337276, -8.571719 ], [ 115.337761, -8.570743 ], [ 115.337779, -8.570512 ], [ 115.337764, -8.570257 ], [ 115.337739, -8.569799 ], [ 115.337651, -8.569617 ], [ 115.337474, -8.569426 ], [ 115.337325, -8.569357 ], [ 115.337152, -8.569351 ], [ 115.336832, -8.569409 ], [ 115.336694, -8.569457 ], [ 115.336503, -8.569524 ], [ 115.335725, -8.569868 ], [ 115.33493, -8.570206 ], [ 115.333974, -8.570483 ], [ 115.333305, -8.570606 ], [ 115.333019, -8.570604 ], [ 115.332937, -8.570604 ], [ 115.332521, -8.570643 ], [ 115.332091, -8.570738 ], [ 115.331079, -8.571055 ], [ 115.330708, -8.571142 ], [ 115.330136, -8.571237 ], [ 115.329652, -8.571216 ], [ 115.329163, -8.571112 ], [ 115.328794, -8.570989 ], [ 115.328409, -8.570759 ], [ 115.32828, -8.570641 ], [ 115.328133, -8.570505 ], [ 115.3278, -8.570254 ], [ 115.32717, -8.569721 ], [ 115.326758, -8.569267 ], [ 115.32638, -8.568876 ], [ 115.326185, -8.568772 ], [ 115.325937, -8.568731 ], [ 115.325744, -8.568708 ], [ 115.325263, -8.568651 ], [ 115.325158, -8.568543 ], [ 115.325139, -8.568447 ], [ 115.325182, -8.568288 ], [ 115.325254, -8.568093 ], [ 115.325437, -8.567594 ], [ 115.325564, -8.566905 ], [ 115.325521, -8.566649 ], [ 115.325517, -8.566633 ], [ 115.32541, -8.566177 ], [ 115.325289, -8.565665 ], [ 115.32526, -8.565342 ], [ 115.325237, -8.564727 ], [ 115.325226, -8.564424 ], [ 115.325316, -8.564301 ], [ 115.325409, -8.564158 ], [ 115.325412, -8.564031 ], [ 115.325349, -8.563825 ], [ 115.325269, -8.563509 ], [ 115.325312, -8.563275 ], [ 115.325427, -8.562666 ], [ 115.325437, -8.562613 ], [ 115.32546, -8.562167 ], [ 115.3255, -8.561405 ], [ 115.325572, -8.56105 ], [ 115.325607, -8.56084 ], [ 115.325541, -8.560661 ], [ 115.325513, -8.560488 ], [ 115.325556, -8.560359 ], [ 115.325695, -8.560161 ], [ 115.32574, -8.560001 ], [ 115.325708, -8.559765 ], [ 115.325612, -8.55959 ], [ 115.325455, -8.559418 ], [ 115.325175, -8.559248 ], [ 115.325061, -8.559241 ], [ 115.324963, -8.559163 ], [ 115.324862, -8.558928 ], [ 115.324918, -8.55843 ], [ 115.324924, -8.558295 ], [ 115.324867, -8.558197 ], [ 115.324573, -8.558062 ], [ 115.324313, -8.557957 ], [ 115.324025, -8.557727 ], [ 115.323718, -8.557357 ], [ 115.323147, -8.556172 ], [ 115.32277, -8.555389 ], [ 115.322602, -8.555064 ], [ 115.322413, -8.554847 ], [ 115.322301, -8.554773 ], [ 115.322234, -8.554747 ], [ 115.321851, -8.554706 ], [ 115.321602, -8.5547 ], [ 115.321449, -8.554696 ], [ 115.321197, -8.554248 ], [ 115.321057, -8.553978 ], [ 115.320899, -8.553807 ], [ 115.320849, -8.553762 ], [ 115.320527, -8.553451 ], [ 115.319649, -8.5525 ], [ 115.319424, -8.552299 ], [ 115.319182, -8.552181 ], [ 115.318824, -8.552137 ], [ 115.318433, -8.552163 ], [ 115.318109, -8.552216 ], [ 115.317957, -8.552184 ], [ 115.317845, -8.55208 ], [ 115.317774, -8.551878 ], [ 115.317778, -8.551787 ], [ 115.317781, -8.551712 ], [ 115.317906, -8.55153 ], [ 115.318145, -8.551304 ], [ 115.318271, -8.551107 ], [ 115.318316, -8.550923 ], [ 115.318293, -8.550831 ], [ 115.318151, -8.550743 ], [ 115.317717, -8.550701 ], [ 115.316912, -8.550724 ], [ 115.316609, -8.550733 ], [ 115.316347, -8.550668 ], [ 115.31597, -8.550256 ], [ 115.315747, -8.550044 ], [ 115.315511, -8.549912 ], [ 115.315264, -8.549846 ], [ 115.314879, -8.549937 ], [ 115.314759, -8.549962 ], [ 115.314574, -8.549868 ], [ 115.314408, -8.549702 ], [ 115.31414, -8.548928 ], [ 115.314044, -8.54869 ], [ 115.313643, -8.548327 ], [ 115.313434, -8.548158 ], [ 115.31335, -8.548019 ], [ 115.313329, -8.547733 ], [ 115.313222, -8.545561 ], [ 115.313121, -8.545016 ], [ 115.313093, -8.544956 ], [ 115.312802, -8.544324 ], [ 115.312463, -8.543614 ], [ 115.312238, -8.543117 ], [ 115.312165, -8.54285 ], [ 115.312152, -8.542804 ], [ 115.312115, -8.541744 ], [ 115.312068, -8.541511 ], [ 115.31199, -8.541161 ], [ 115.312024, -8.540727 ], [ 115.312038, -8.540446 ], [ 115.311894, -8.53976 ], [ 115.31184, -8.539345 ], [ 115.311858, -8.538904 ], [ 115.311927, -8.538461 ], [ 115.311874, -8.537077 ], [ 115.311839, -8.536771 ], [ 115.311753, -8.536505 ], [ 115.310745, -8.535439 ], [ 115.310561, -8.535234 ], [ 115.310454, -8.535116 ], [ 115.310311, -8.534947 ], [ 115.31017, -8.534854 ], [ 115.310163, -8.534854 ], [ 115.309914, -8.534699 ], [ 115.309377, -8.534041 ], [ 115.309339, -8.533947 ], [ 115.309172, -8.533533 ], [ 115.308802, -8.533133 ], [ 115.308645, -8.53294 ], [ 115.308687, -8.532376 ], [ 115.308702, -8.532125 ], [ 115.308475, -8.531644 ], [ 115.308255, -8.531013 ], [ 115.308137, -8.530752 ], [ 115.307956, -8.53035 ], [ 115.307744, -8.529724 ], [ 115.307652, -8.529472 ], [ 115.307503, -8.529321 ], [ 115.307277, -8.529164 ], [ 115.307153, -8.529016 ], [ 115.307046, -8.52869 ], [ 115.307034, -8.527936 ], [ 115.307014, -8.527781 ], [ 115.30681, -8.527546 ], [ 115.306678, -8.527414 ], [ 115.306609, -8.527188 ], [ 115.306619, -8.526947 ], [ 115.306752, -8.526377 ], [ 115.306812, -8.525715 ], [ 115.306882, -8.525175 ], [ 115.306958, -8.524561 ], [ 115.306978, -8.52403 ], [ 115.306861, -8.523623 ], [ 115.306818, -8.523411 ], [ 115.306818, -8.523391 ], [ 115.306623, -8.52332 ], [ 115.306575, -8.523317 ], [ 115.306124, -8.523284 ], [ 115.30597, -8.523273 ], [ 115.305478, -8.523262 ], [ 115.30521, -8.52331 ], [ 115.305112, -8.523348 ], [ 115.304396, -8.523356 ], [ 115.303817, -8.523362 ], [ 115.303307, -8.523366 ], [ 115.302023, -8.523475 ], [ 115.3017, -8.523454 ], [ 115.301188, -8.52336 ], [ 115.30102, -8.523327 ], [ 115.30084, -8.523183 ], [ 115.3006, -8.522239 ], [ 115.300538, -8.521997 ], [ 115.300472, -8.521219 ], [ 115.300497, -8.521014 ], [ 115.299593, -8.519987 ], [ 115.299121, -8.519502 ], [ 115.298822, -8.519316 ], [ 115.298615, -8.519238 ], [ 115.298301, -8.519223 ], [ 115.297879, -8.519166 ], [ 115.297408, -8.519002 ], [ 115.296794, -8.518888 ], [ 115.296295, -8.518824 ], [ 115.295923, -8.518745 ], [ 115.295609, -8.518716 ], [ 115.295181, -8.518688 ], [ 115.294731, -8.518631 ], [ 115.294674, -8.519241 ], [ 115.294646, -8.51925 ], [ 115.294106, -8.519183 ], [ 115.293401, -8.51892 ], [ 115.292985, -8.518819 ], [ 115.292682, -8.518991 ], [ 115.292164, -8.518908 ], [ 115.291653, -8.518795 ], [ 115.291331, -8.518753 ], [ 115.291016, -8.518713 ] ] ] ] } },
{ "type": "Feature", "properties": { "id": 11, "fid": 11, "objectid": 4156, "namobj": "Gianyar", "fcode": "BA03070040", "wadmkc": "Gianyar", "wadmkk": "Gianyar", "wadmpr": "Bali", "jumlah_penduduk": 101444, "area_admini": 38671293.988411464 }, "geometry": { "type": "MultiPolygon", "coordinates": [ [ [ [ 115.331881, -8.509628 ], [ 115.331906, -8.50962 ], [ 115.332006, -8.509348 ], [ 115.331933, -8.508949 ], [ 115.331865, -8.508683 ], [ 115.331572, -8.508241 ], [ 115.331564, -8.508229 ], [ 115.331054, -8.508216 ], [ 115.33056, -8.508203 ], [ 115.330513, -8.508201 ], [ 115.32971, -8.508082 ], [ 115.329708, -8.508082 ], [ 115.329545, -8.507884 ], [ 115.329408, -8.507395 ], [ 115.329305, -8.506698 ], [ 115.329344, -8.505839 ], [ 115.329463, -8.505416 ], [ 115.329715, -8.505105 ], [ 115.329909, -8.504814 ], [ 115.329921, -8.504709 ], [ 115.329677, -8.504499 ], [ 115.329596, -8.504394 ], [ 115.329585, -8.504046 ], [ 115.329634, -8.503709 ], [ 115.329622, -8.503605 ], [ 115.329378, -8.503348 ], [ 115.329379, -8.503232 ], [ 115.329463, -8.502721 ], [ 115.329314, -8.502099 ], [ 115.329047, -8.501645 ], [ 115.329025, -8.501401 ], [ 115.32905, -8.500878 ], [ 115.32875, -8.500192 ], [ 115.328713, -8.5 ], [ 115.307223, -8.5 ], [ 115.307224, -8.500001 ], [ 115.307366, -8.500219 ], [ 115.307627, -8.501209 ], [ 115.307604, -8.501456 ], [ 115.307486, -8.501853 ], [ 115.307305, -8.502196 ], [ 115.306993, -8.502592 ], [ 115.305989, -8.503849 ], [ 115.305445, -8.504589 ], [ 115.304699, -8.505591 ], [ 115.304346, -8.50611 ], [ 115.304134, -8.506374 ], [ 115.304094, -8.506468 ], [ 115.303728, -8.507395 ], [ 115.303538, -8.507698 ], [ 115.303351, -8.507972 ], [ 115.303141, -8.508278 ], [ 115.303136, -8.508285 ], [ 115.302975, -8.508693 ], [ 115.302938, -8.509021 ], [ 115.302987, -8.509322 ], [ 115.303101, -8.509537 ], [ 115.303134, -8.509598 ], [ 115.303439, -8.510181 ], [ 115.303429, -8.510396 ], [ 115.303332, -8.510798 ], [ 115.303326, -8.510854 ], [ 115.303305, -8.511063 ], [ 115.303352, -8.5113 ], [ 115.303459, -8.511457 ], [ 115.303679, -8.511606 ], [ 115.304032, -8.511827 ], [ 115.304134, -8.511988 ], [ 115.304182, -8.512179 ], [ 115.304184, -8.512435 ], [ 115.304132, -8.512704 ], [ 115.304018, -8.512913 ], [ 115.303741, -8.513345 ], [ 115.30346, -8.513961 ], [ 115.303488, -8.514164 ], [ 115.30357, -8.514333 ], [ 115.303721, -8.514474 ], [ 115.304028, -8.514642 ], [ 115.304908, -8.515156 ], [ 115.304935, -8.515187 ], [ 115.305212, -8.515495 ], [ 115.3053, -8.515711 ], [ 115.305372, -8.516152 ], [ 115.305486, -8.516692 ], [ 115.305654, -8.517217 ], [ 115.305816, -8.517437 ], [ 115.305976, -8.517513 ], [ 115.306184, -8.517552 ], [ 115.306596, -8.517621 ], [ 115.306853, -8.517764 ], [ 115.306976, -8.517916 ], [ 115.307104, -8.518223 ], [ 115.307253, -8.518548 ], [ 115.307255, -8.518553 ], [ 115.307317, -8.518687 ], [ 115.307407, -8.51881 ], [ 115.307778, -8.519405 ], [ 115.307794, -8.519431 ], [ 115.307971, -8.519696 ], [ 115.308118, -8.51997 ], [ 115.308214, -8.520295 ], [ 115.308315, -8.520777 ], [ 115.308281, -8.520968 ], [ 115.308179, -8.521096 ], [ 115.308047, -8.521122 ], [ 115.307538, -8.521184 ], [ 115.307272, -8.521359 ], [ 115.307007, -8.521616 ], [ 115.306992, -8.521748 ], [ 115.307027, -8.522609 ], [ 115.306933, -8.52295 ], [ 115.306818, -8.523391 ], [ 115.306818, -8.523411 ], [ 115.306861, -8.523623 ], [ 115.306978, -8.52403 ], [ 115.306958, -8.524561 ], [ 115.306882, -8.525175 ], [ 115.306812, -8.525715 ], [ 115.306752, -8.526377 ], [ 115.306619, -8.526947 ], [ 115.306609, -8.527188 ], [ 115.306678, -8.527414 ], [ 115.30681, -8.527546 ], [ 115.307014, -8.527781 ], [ 115.307034, -8.527936 ], [ 115.307046, -8.52869 ], [ 115.307153, -8.529016 ], [ 115.307277, -8.529164 ], [ 115.307503, -8.529321 ], [ 115.307652, -8.529472 ], [ 115.307744, -8.529724 ], [ 115.307956, -8.53035 ], [ 115.308137, -8.530752 ], [ 115.308255, -8.531013 ], [ 115.308475, -8.531644 ], [ 115.308702, -8.532125 ], [ 115.308687, -8.532376 ], [ 115.308645, -8.53294 ], [ 115.308802, -8.533133 ], [ 115.309172, -8.533533 ], [ 115.309339, -8.533947 ], [ 115.309377, -8.534041 ], [ 115.309914, -8.534699 ], [ 115.310163, -8.534854 ], [ 115.31017, -8.534854 ], [ 115.310311, -8.534947 ], [ 115.310454, -8.535116 ], [ 115.310561, -8.535234 ], [ 115.310745, -8.535439 ], [ 115.311753, -8.536505 ], [ 115.311839, -8.536771 ], [ 115.311874, -8.537077 ], [ 115.311927, -8.538461 ], [ 115.311858, -8.538904 ], [ 115.31184, -8.539345 ], [ 115.311894, -8.53976 ], [ 115.312038, -8.540446 ], [ 115.312024, -8.540727 ], [ 115.31199, -8.541161 ], [ 115.312068, -8.541511 ], [ 115.312115, -8.541744 ], [ 115.312152, -8.542804 ], [ 115.312165, -8.54285 ], [ 115.312238, -8.543117 ], [ 115.312463, -8.543614 ], [ 115.312802, -8.544324 ], [ 115.313093, -8.544956 ], [ 115.313121, -8.545016 ], [ 115.313222, -8.545561 ], [ 115.313329, -8.547733 ], [ 115.31335, -8.548019 ], [ 115.313434, -8.548158 ], [ 115.313643, -8.548327 ], [ 115.314044, -8.54869 ], [ 115.31414, -8.548928 ], [ 115.314408, -8.549702 ], [ 115.314574, -8.549868 ], [ 115.314759, -8.549962 ], [ 115.314879, -8.549937 ], [ 115.315264, -8.549846 ], [ 115.315511, -8.549912 ], [ 115.315747, -8.550044 ], [ 115.31597, -8.550256 ], [ 115.316347, -8.550668 ], [ 115.316609, -8.550733 ], [ 115.316912, -8.550724 ], [ 115.317717, -8.550701 ], [ 115.318151, -8.550743 ], [ 115.318293, -8.550831 ], [ 115.318316, -8.550923 ], [ 115.318271, -8.551107 ], [ 115.318145, -8.551304 ], [ 115.317906, -8.55153 ], [ 115.317781, -8.551712 ], [ 115.317778, -8.551787 ], [ 115.317774, -8.551878 ], [ 115.317845, -8.55208 ], [ 115.317957, -8.552184 ], [ 115.318109, -8.552216 ], [ 115.318433, -8.552163 ], [ 115.318824, -8.552137 ], [ 115.319182, -8.552181 ], [ 115.319424, -8.552299 ], [ 115.319649, -8.5525 ], [ 115.320527, -8.553451 ], [ 115.320849, -8.553762 ], [ 115.320899, -8.553807 ], [ 115.321057, -8.553978 ], [ 115.321197, -8.554248 ], [ 115.321449, -8.554696 ], [ 115.321602, -8.5547 ], [ 115.321851, -8.554706 ], [ 115.322234, -8.554747 ], [ 115.322301, -8.554773 ], [ 115.322413, -8.554847 ], [ 115.322602, -8.555064 ], [ 115.32277, -8.555389 ], [ 115.323147, -8.556172 ], [ 115.323718, -8.557357 ], [ 115.324025, -8.557727 ], [ 115.324313, -8.557957 ], [ 115.324573, -8.558062 ], [ 115.324867, -8.558197 ], [ 115.324924, -8.558295 ], [ 115.324918, -8.55843 ], [ 115.324862, -8.558928 ], [ 115.324963, -8.559163 ], [ 115.325061, -8.559241 ], [ 115.325175, -8.559248 ], [ 115.325455, -8.559418 ], [ 115.325612, -8.55959 ], [ 115.325708, -8.559765 ], [ 115.32574, -8.560001 ], [ 115.325695, -8.560161 ], [ 115.325556, -8.560359 ], [ 115.325513, -8.560488 ], [ 115.325541, -8.560661 ], [ 115.325607, -8.56084 ], [ 115.325572, -8.56105 ], [ 115.3255, -8.561405 ], [ 115.32546, -8.562167 ], [ 115.325437, -8.562613 ], [ 115.325427, -8.562666 ], [ 115.325312, -8.563275 ], [ 115.325269, -8.563509 ], [ 115.325349, -8.563825 ], [ 115.325412, -8.564031 ], [ 115.325409, -8.564158 ], [ 115.325316, -8.564301 ], [ 115.325226, -8.564424 ], [ 115.325237, -8.564727 ], [ 115.32526, -8.565342 ], [ 115.325289, -8.565665 ], [ 115.32541, -8.566177 ], [ 115.325517, -8.566633 ], [ 115.325521, -8.566649 ], [ 115.325564, -8.566905 ], [ 115.325437, -8.567594 ], [ 115.325254, -8.568093 ], [ 115.325182, -8.568288 ], [ 115.325139, -8.568447 ], [ 115.325158, -8.568543 ], [ 115.325263, -8.568651 ], [ 115.325744, -8.568708 ], [ 115.325937, -8.568731 ], [ 115.326185, -8.568772 ], [ 115.32638, -8.568876 ], [ 115.326758, -8.569267 ], [ 115.32717, -8.569721 ], [ 115.3278, -8.570254 ], [ 115.328133, -8.570505 ], [ 115.32828, -8.570641 ], [ 115.328409, -8.570759 ], [ 115.328794, -8.570989 ], [ 115.329163, -8.571112 ], [ 115.329652, -8.571216 ], [ 115.330136, -8.571237 ], [ 115.330708, -8.571142 ], [ 115.331079, -8.571055 ], [ 115.332091, -8.570738 ], [ 115.332521, -8.570643 ], [ 115.332937, -8.570604 ], [ 115.333019, -8.570604 ], [ 115.333305, -8.570606 ], [ 115.333974, -8.570483 ], [ 115.33493, -8.570206 ], [ 115.335725, -8.569868 ], [ 115.336503, -8.569524 ], [ 115.336694, -8.569457 ], [ 115.336832, -8.569409 ], [ 115.337152, -8.569351 ], [ 115.337325, -8.569357 ], [ 115.337474, -8.569426 ], [ 115.337651, -8.569617 ], [ 115.337739, -8.569799 ], [ 115.337764, -8.570257 ], [ 115.337779, -8.570512 ], [ 115.337761, -8.570743 ], [ 115.337276, -8.571719 ], [ 115.337198, -8.571916 ], [ 115.337205, -8.572176 ], [ 115.337468, -8.572862 ], [ 115.33749, -8.572919 ], [ 115.337703, -8.573631 ], [ 115.337818, -8.573951 ], [ 115.337944, -8.57414 ], [ 115.338664, -8.574564 ], [ 115.338929, -8.574706 ], [ 115.339097, -8.574877 ], [ 115.339252, -8.575203 ], [ 115.33927, -8.575243 ], [ 115.339406, -8.575643 ], [ 115.339464, -8.57601 ], [ 115.339486, -8.576456 ], [ 115.339483, -8.576898 ], [ 115.339486, -8.577153 ], [ 115.339565, -8.577416 ], [ 115.339668, -8.577565 ], [ 115.339916, -8.577705 ], [ 115.340152, -8.57781 ], [ 115.340312, -8.577942 ], [ 115.340386, -8.578076 ], [ 115.340372, -8.578345 ], [ 115.340301, -8.578747 ], [ 115.340302, -8.579019 ], [ 115.34037, -8.579277 ], [ 115.341009, -8.580083 ], [ 115.34132, -8.580614 ], [ 115.341445, -8.58083 ], [ 115.341703, -8.581022 ], [ 115.34198, -8.581154 ], [ 115.342557, -8.581176 ], [ 115.343046, -8.581137 ], [ 115.343336, -8.581101 ], [ 115.343534, -8.581135 ], [ 115.343735, -8.581242 ], [ 115.343891, -8.581382 ], [ 115.343972, -8.581524 ], [ 115.343935, -8.581801 ], [ 115.343876, -8.58221 ], [ 115.343879, -8.582415 ], [ 115.344197, -8.583235 ], [ 115.344367, -8.583531 ], [ 115.344901, -8.584045 ], [ 115.345411, -8.584421 ], [ 115.345722, -8.584604 ], [ 115.345972, -8.584693 ], [ 115.346363, -8.584727 ], [ 115.346594, -8.584704 ], [ 115.347003, -8.584546 ], [ 115.347246, -8.584396 ], [ 115.347488, -8.584145 ], [ 115.347686, -8.583861 ], [ 115.347909, -8.583326 ], [ 115.348057, -8.582718 ], [ 115.348072, -8.582653 ], [ 115.348093, -8.58257 ], [ 115.348109, -8.582507 ], [ 115.348351, -8.58227 ], [ 115.34864, -8.582077 ], [ 115.348848, -8.581996 ], [ 115.349043, -8.581985 ], [ 115.349228, -8.582039 ], [ 115.349405, -8.582172 ], [ 115.349749, -8.582635 ], [ 115.349953, -8.583021 ], [ 115.350303, -8.583786 ], [ 115.35036, -8.583896 ], [ 115.35052, -8.584206 ], [ 115.350777, -8.584552 ], [ 115.350784, -8.58456 ], [ 115.350871, -8.58463 ], [ 115.350905, -8.584722 ], [ 115.35149, -8.5853 ], [ 115.351565, -8.585357 ], [ 115.351856, -8.584913 ], [ 115.351941, -8.584799 ], [ 115.352241, -8.584464 ], [ 115.352627, -8.584049 ], [ 115.352934, -8.583728 ], [ 115.353169, -8.583586 ], [ 115.353241, -8.583521 ], [ 115.353283, -8.583364 ], [ 115.353455, -8.583179 ], [ 115.353669, -8.5829 ], [ 115.353847, -8.582629 ], [ 115.35391, -8.582561 ], [ 115.35391, -8.582561 ], [ 115.354104, -8.582351 ], [ 115.354183, -8.582158 ], [ 115.354354, -8.581994 ], [ 115.354468, -8.581887 ], [ 115.354782, -8.58163 ], [ 115.355011, -8.581465 ], [ 115.355204, -8.581273 ], [ 115.355532, -8.581009 ], [ 115.35576, -8.580844 ], [ 115.356053, -8.580609 ], [ 115.356153, -8.58053 ], [ 115.356367, -8.580395 ], [ 115.356567, -8.580288 ], [ 115.356646, -8.580245 ], [ 115.356917, -8.580052 ], [ 115.357202, -8.579916 ], [ 115.357538, -8.579624 ], [ 115.357816, -8.579381 ], [ 115.358123, -8.579138 ], [ 115.358366, -8.578938 ], [ 115.358751, -8.578781 ], [ 115.35928, -8.578503 ], [ 115.35953, -8.578417 ], [ 115.359615, -8.578417 ], [ 115.359737, -8.578439 ], [ 115.360008, -8.578303 ], [ 115.360408, -8.578132 ], [ 115.36105, -8.577825 ], [ 115.361457, -8.577646 ], [ 115.361653, -8.577636 ], [ 115.361728, -8.577632 ], [ 115.361942, -8.577618 ], [ 115.362228, -8.577575 ], [ 115.36272, -8.577404 ], [ 115.36388, -8.576938 ], [ 115.364138, -8.576838 ], [ 115.364255, -8.576793 ], [ 115.364642, -8.576712 ], [ 115.364957, -8.5767 ], [ 115.365331, -8.576508 ], [ 115.365967, -8.576181 ], [ 115.366312, -8.576121 ], [ 115.366444, -8.576085 ], [ 115.367155, -8.575863 ], [ 115.369315, -8.57523 ], [ 115.369504, -8.575124 ], [ 115.369535, -8.575002 ], [ 115.369924, -8.574906 ], [ 115.370259, -8.574869 ], [ 115.370526, -8.57489 ], [ 115.370732, -8.574885 ], [ 115.371055, -8.574877 ], [ 115.37102, -8.572882 ], [ 115.371021, -8.572869 ], [ 115.371021, -8.572825 ], [ 115.371021, -8.572782 ], [ 115.371021, -8.572739 ], [ 115.371021, -8.572695 ], [ 115.371022, -8.572652 ], [ 115.371023, -8.572609 ], [ 115.371024, -8.572566 ], [ 115.371026, -8.572523 ], [ 115.371028, -8.572481 ], [ 115.371029, -8.572438 ], [ 115.37103, -8.572396 ], [ 115.371031, -8.572353 ], [ 115.371031, -8.572311 ], [ 115.37103, -8.572268 ], [ 115.371028, -8.572226 ], [ 115.371026, -8.572183 ], [ 115.371023, -8.572141 ], [ 115.37102, -8.572098 ], [ 115.371016, -8.572055 ], [ 115.371012, -8.572011 ], [ 115.371009, -8.571968 ], [ 115.371005, -8.571923 ], [ 115.371002, -8.571879 ], [ 115.370999, -8.571834 ], [ 115.370996, -8.571789 ], [ 115.370993, -8.571744 ], [ 115.37099, -8.571698 ], [ 115.370986, -8.571651 ], [ 115.370983, -8.571605 ], [ 115.370979, -8.571558 ], [ 115.370976, -8.57151 ], [ 115.370972, -8.571462 ], [ 115.370967, -8.571413 ], [ 115.370964, -8.571378 ], [ 115.370963, -8.571364 ], [ 115.370958, -8.571313 ], [ 115.370953, -8.571262 ], [ 115.370947, -8.571209 ], [ 115.370941, -8.571155 ], [ 115.370935, -8.571101 ], [ 115.370929, -8.571045 ], [ 115.370922, -8.570989 ], [ 115.370916, -8.570932 ], [ 115.37091, -8.570876 ], [ 115.370904, -8.570819 ], [ 115.370899, -8.570763 ], [ 115.370894, -8.570707 ], [ 115.37089, -8.570651 ], [ 115.370886, -8.570595 ], [ 115.370882, -8.570538 ], [ 115.370878, -8.57048 ], [ 115.370873, -8.57042 ], [ 115.370869, -8.570359 ], [ 115.370863, -8.570295 ], [ 115.370858, -8.570229 ], [ 115.370851, -8.57016 ], [ 115.370844, -8.570091 ], [ 115.370837, -8.570022 ], [ 115.37083, -8.569953 ], [ 115.370827, -8.569923 ], [ 115.370823, -8.569885 ], [ 115.370817, -8.56982 ], [ 115.370811, -8.569758 ], [ 115.370806, -8.5697 ], [ 115.370801, -8.569646 ], [ 115.370797, -8.569594 ], [ 115.370793, -8.569544 ], [ 115.37079, -8.569495 ], [ 115.370787, -8.569447 ], [ 115.370784, -8.569399 ], [ 115.370783, -8.569379 ], [ 115.370781, -8.569351 ], [ 115.370779, -8.569302 ], [ 115.370778, -8.569301 ], [ 115.370776, -8.569251 ], [ 115.370774, -8.5692 ], [ 115.370773, -8.569184 ], [ 115.370772, -8.569149 ], [ 115.37077, -8.569098 ], [ 115.370769, -8.569048 ], [ 115.370769, -8.568999 ], [ 115.370769, -8.568951 ], [ 115.370771, -8.568905 ], [ 115.370773, -8.56886 ], [ 115.370776, -8.568817 ], [ 115.370779, -8.568773 ], [ 115.370783, -8.568729 ], [ 115.370787, -8.568695 ], [ 115.370788, -8.568684 ], [ 115.370793, -8.568638 ], [ 115.370798, -8.56859 ], [ 115.370804, -8.56854 ], [ 115.370809, -8.568489 ], [ 115.370815, -8.568436 ], [ 115.370821, -8.568382 ], [ 115.370826, -8.568329 ], [ 115.370832, -8.568277 ], [ 115.370838, -8.568226 ], [ 115.370843, -8.568177 ], [ 115.370848, -8.568131 ], [ 115.370853, -8.568087 ], [ 115.370859, -8.568046 ], [ 115.370864, -8.568007 ], [ 115.370869, -8.56797 ], [ 115.370874, -8.567934 ], [ 115.37088, -8.5679 ], [ 115.370886, -8.567867 ], [ 115.370892, -8.567836 ], [ 115.370898, -8.567805 ], [ 115.370905, -8.567774 ], [ 115.370912, -8.567744 ], [ 115.37092, -8.567713 ], [ 115.370927, -8.567682 ], [ 115.370935, -8.56765 ], [ 115.370943, -8.567616 ], [ 115.370952, -8.567581 ], [ 115.37096, -8.567545 ], [ 115.370968, -8.567507 ], [ 115.370976, -8.56747 ], [ 115.370984, -8.567431 ], [ 115.37099, -8.567394 ], [ 115.370997, -8.567356 ], [ 115.371002, -8.56732 ], [ 115.371006, -8.567285 ], [ 115.371009, -8.567251 ], [ 115.371011, -8.567217 ], [ 115.371011, -8.567185 ], [ 115.371012, -8.567153 ], [ 115.371011, -8.567121 ], [ 115.371009, -8.56709 ], [ 115.371007, -8.567059 ], [ 115.371003, -8.567027 ], [ 115.371, -8.566995 ], [ 115.370997, -8.566974 ], [ 115.370995, -8.566963 ], [ 115.37099, -8.566931 ], [ 115.370984, -8.566898 ], [ 115.370977, -8.566864 ], [ 115.37097, -8.56683 ], [ 115.370963, -8.566795 ], [ 115.370954, -8.56676 ], [ 115.370946, -8.566724 ], [ 115.370936, -8.566688 ], [ 115.370927, -8.566652 ], [ 115.370916, -8.566617 ], [ 115.370905, -8.566583 ], [ 115.370894, -8.56655 ], [ 115.370881, -8.566518 ], [ 115.370869, -8.566488 ], [ 115.370856, -8.56646 ], [ 115.370842, -8.566433 ], [ 115.370828, -8.566407 ], [ 115.370813, -8.566382 ], [ 115.370797, -8.566357 ], [ 115.370781, -8.566332 ], [ 115.370765, -8.566308 ], [ 115.370747, -8.566283 ], [ 115.37073, -8.566259 ], [ 115.370711, -8.566234 ], [ 115.370693, -8.56621 ], [ 115.370683, -8.566198 ], [ 115.370674, -8.566186 ], [ 115.370655, -8.566164 ], [ 115.370635, -8.566142 ], [ 115.370615, -8.566122 ], [ 115.370595, -8.566103 ], [ 115.370575, -8.566086 ], [ 115.370555, -8.566071 ], [ 115.370534, -8.566059 ], [ 115.370513, -8.566048 ], [ 115.370492, -8.56604 ], [ 115.370471, -8.566035 ], [ 115.370449, -8.566033 ], [ 115.370427, -8.566033 ], [ 115.370404, -8.566037 ], [ 115.370381, -8.566044 ], [ 115.370357, -8.566054 ], [ 115.370332, -8.566066 ], [ 115.370307, -8.566082 ], [ 115.370281, -8.5661 ], [ 115.370254, -8.566121 ], [ 115.370227, -8.566145 ], [ 115.370198, -8.566171 ], [ 115.370169, -8.566199 ], [ 115.37014, -8.566228 ], [ 115.370111, -8.566257 ], [ 115.370081, -8.566286 ], [ 115.370052, -8.566315 ], [ 115.370024, -8.566343 ], [ 115.369996, -8.566369 ], [ 115.369969, -8.566393 ], [ 115.369943, -8.566416 ], [ 115.369918, -8.566437 ], [ 115.369893, -8.566455 ], [ 115.369869, -8.566472 ], [ 115.369846, -8.566487 ], [ 115.369823, -8.5665 ], [ 115.369802, -8.56651 ], [ 115.369781, -8.566519 ], [ 115.36976, -8.566526 ], [ 115.36974, -8.566531 ], [ 115.369721, -8.566535 ], [ 115.369702, -8.566538 ], [ 115.369683, -8.56654 ], [ 115.369664, -8.566542 ], [ 115.369646, -8.566543 ], [ 115.369628, -8.566544 ], [ 115.36961, -8.566544 ], [ 115.369593, -8.566543 ], [ 115.369576, -8.566542 ], [ 115.36956, -8.566539 ], [ 115.369544, -8.566535 ], [ 115.369529, -8.56653 ], [ 115.369515, -8.566523 ], [ 115.369501, -8.566515 ], [ 115.369489, -8.566506 ], [ 115.369477, -8.566494 ], [ 115.369465, -8.566482 ], [ 115.369455, -8.566468 ], [ 115.369446, -8.566453 ], [ 115.369437, -8.566436 ], [ 115.36943, -8.566418 ], [ 115.369423, -8.566398 ], [ 115.369418, -8.566376 ], [ 115.369413, -8.566353 ], [ 115.369409, -8.566328 ], [ 115.369406, -8.566301 ], [ 115.369404, -8.566272 ], [ 115.369403, -8.566241 ], [ 115.369403, -8.566208 ], [ 115.369403, -8.566173 ], [ 115.369405, -8.566136 ], [ 115.369406, -8.566099 ], [ 115.369409, -8.566062 ], [ 115.369411, -8.566025 ], [ 115.369414, -8.565988 ], [ 115.369416, -8.565952 ], [ 115.369418, -8.565918 ], [ 115.36942, -8.565885 ], [ 115.369422, -8.565862 ], [ 115.369422, -8.565853 ], [ 115.369424, -8.565822 ], [ 115.369425, -8.565792 ], [ 115.369427, -8.565763 ], [ 115.369428, -8.565735 ], [ 115.369429, -8.565707 ], [ 115.369429, -8.565687 ], [ 115.369429, -8.565679 ], [ 115.36943, -8.565652 ], [ 115.36943, -8.565625 ], [ 115.36943, -8.565598 ], [ 115.369429, -8.565572 ], [ 115.369428, -8.565546 ], [ 115.369426, -8.565521 ], [ 115.369424, -8.565496 ], [ 115.369421, -8.565471 ], [ 115.369417, -8.565447 ], [ 115.369412, -8.565422 ], [ 115.369406, -8.565398 ], [ 115.369399, -8.565373 ], [ 115.369392, -8.565347 ], [ 115.369383, -8.565322 ], [ 115.369374, -8.565295 ], [ 115.369363, -8.565267 ], [ 115.369351, -8.565239 ], [ 115.369339, -8.56521 ], [ 115.369325, -8.56518 ], [ 115.369311, -8.56515 ], [ 115.369296, -8.56512 ], [ 115.369294, -8.565115 ], [ 115.369281, -8.565089 ], [ 115.369265, -8.565058 ], [ 115.369249, -8.565028 ], [ 115.369232, -8.564997 ], [ 115.369216, -8.564967 ], [ 115.3692, -8.564937 ], [ 115.369185, -8.564907 ], [ 115.369171, -8.564879 ], [ 115.369159, -8.564854 ], [ 115.369158, -8.564851 ], [ 115.369146, -8.564824 ], [ 115.369136, -8.564798 ], [ 115.369128, -8.564773 ], [ 115.369121, -8.564748 ], [ 115.369116, -8.564724 ], [ 115.369112, -8.564699 ], [ 115.36911, -8.564674 ], [ 115.36911, -8.564648 ], [ 115.369112, -8.564621 ], [ 115.369115, -8.564593 ], [ 115.36912, -8.564563 ], [ 115.369126, -8.564532 ], [ 115.369133, -8.564499 ], [ 115.369142, -8.564465 ], [ 115.369152, -8.564431 ], [ 115.369162, -8.564395 ], [ 115.369174, -8.564358 ], [ 115.369186, -8.56432 ], [ 115.369199, -8.564282 ], [ 115.369199, -8.564281 ], [ 115.369212, -8.564244 ], [ 115.369225, -8.564205 ], [ 115.369238, -8.564166 ], [ 115.36925, -8.564128 ], [ 115.369256, -8.564109 ], [ 115.369262, -8.564091 ], [ 115.369273, -8.564054 ], [ 115.369283, -8.564019 ], [ 115.369292, -8.563985 ], [ 115.369299, -8.563953 ], [ 115.369306, -8.563921 ], [ 115.369312, -8.563891 ], [ 115.369317, -8.563862 ], [ 115.36932, -8.563834 ], [ 115.369323, -8.563807 ], [ 115.369325, -8.563781 ], [ 115.369326, -8.563756 ], [ 115.369326, -8.563732 ], [ 115.369325, -8.563708 ], [ 115.369323, -8.563684 ], [ 115.36932, -8.56366 ], [ 115.369317, -8.563636 ], [ 115.369312, -8.563612 ], [ 115.369307, -8.563587 ], [ 115.369305, -8.563582 ], [ 115.3693, -8.563561 ], [ 115.369293, -8.563535 ], [ 115.369286, -8.56351 ], [ 115.369277, -8.563484 ], [ 115.369269, -8.56346 ], [ 115.36926, -8.563437 ], [ 115.36925, -8.563415 ], [ 115.369241, -8.563394 ], [ 115.369231, -8.563375 ], [ 115.36922, -8.563358 ], [ 115.369208, -8.563341 ], [ 115.369195, -8.563326 ], [ 115.369181, -8.563312 ], [ 115.369165, -8.563298 ], [ 115.369147, -8.563286 ], [ 115.369127, -8.563273 ], [ 115.369105, -8.563262 ], [ 115.369081, -8.563251 ], [ 115.369057, -8.563241 ], [ 115.369031, -8.563232 ], [ 115.369005, -8.563224 ], [ 115.368979, -8.563218 ], [ 115.368953, -8.563213 ], [ 115.368928, -8.563209 ], [ 115.368903, -8.563207 ], [ 115.368878, -8.563206 ], [ 115.368853, -8.563208 ], [ 115.368829, -8.563212 ], [ 115.368805, -8.563218 ], [ 115.36878, -8.563226 ], [ 115.368755, -8.563237 ], [ 115.36873, -8.563251 ], [ 115.368704, -8.563267 ], [ 115.368679, -8.563285 ], [ 115.368653, -8.563305 ], [ 115.368627, -8.563326 ], [ 115.368602, -8.563349 ], [ 115.368577, -8.563372 ], [ 115.368552, -8.563396 ], [ 115.368528, -8.56342 ], [ 115.368505, -8.563444 ], [ 115.368481, -8.563469 ], [ 115.368458, -8.563493 ], [ 115.368436, -8.563516 ], [ 115.368413, -8.56354 ], [ 115.36839, -8.563562 ], [ 115.368367, -8.563585 ], [ 115.368344, -8.563606 ], [ 115.368321, -8.563627 ], [ 115.368298, -8.563647 ], [ 115.368275, -8.563666 ], [ 115.368252, -8.563685 ], [ 115.368229, -8.563702 ], [ 115.368207, -8.563719 ], [ 115.368184, -8.563736 ], [ 115.368162, -8.563751 ], [ 115.368141, -8.563766 ], [ 115.368119, -8.56378 ], [ 115.368098, -8.563793 ], [ 115.368077, -8.563804 ], [ 115.368056, -8.563815 ], [ 115.368035, -8.563823 ], [ 115.368013, -8.563831 ], [ 115.367992, -8.563836 ], [ 115.36797, -8.563841 ], [ 115.367949, -8.563843 ], [ 115.367928, -8.563845 ], [ 115.367907, -8.563846 ], [ 115.367887, -8.563846 ], [ 115.367867, -8.563845 ], [ 115.367849, -8.563844 ], [ 115.367831, -8.563842 ], [ 115.367814, -8.56384 ], [ 115.367798, -8.563837 ], [ 115.367783, -8.563833 ], [ 115.36777, -8.563829 ], [ 115.367757, -8.563824 ], [ 115.367747, -8.563817 ], [ 115.367737, -8.56381 ], [ 115.367729, -8.563801 ], [ 115.367722, -8.563791 ], [ 115.367717, -8.563781 ], [ 115.367714, -8.563769 ], [ 115.367712, -8.563756 ], [ 115.367712, -8.563756 ], [ 115.367712, -8.563743 ], [ 115.367714, -8.563729 ], [ 115.367718, -8.563714 ], [ 115.367723, -8.5637 ], [ 115.36773, -8.563684 ], [ 115.367739, -8.563668 ], [ 115.367749, -8.56365 ], [ 115.367761, -8.563632 ], [ 115.367774, -8.563611 ], [ 115.367788, -8.563589 ], [ 115.367803, -8.563565 ], [ 115.367819, -8.563538 ], [ 115.367835, -8.563509 ], [ 115.367853, -8.563479 ], [ 115.36787, -8.563449 ], [ 115.367888, -8.563417 ], [ 115.367905, -8.563386 ], [ 115.367922, -8.563355 ], [ 115.367939, -8.563325 ], [ 115.367955, -8.563297 ], [ 115.36797, -8.56327 ], [ 115.367985, -8.563243 ], [ 115.368, -8.563218 ], [ 115.368014, -8.563194 ], [ 115.368029, -8.563169 ], [ 115.368044, -8.563145 ], [ 115.368059, -8.563122 ], [ 115.368074, -8.563098 ], [ 115.36809, -8.563074 ], [ 115.368106, -8.56305 ], [ 115.368123, -8.563026 ], [ 115.368139, -8.563001 ], [ 115.368157, -8.562977 ], [ 115.368174, -8.562953 ], [ 115.368191, -8.562929 ], [ 115.368208, -8.562905 ], [ 115.368226, -8.562882 ], [ 115.368243, -8.562858 ], [ 115.368259, -8.562834 ], [ 115.368275, -8.56281 ], [ 115.36829, -8.562787 ], [ 115.368304, -8.562763 ], [ 115.368316, -8.56274 ], [ 115.368328, -8.562716 ], [ 115.368338, -8.562693 ], [ 115.368346, -8.562669 ], [ 115.368354, -8.562646 ], [ 115.36836, -8.562622 ], [ 115.368365, -8.562599 ], [ 115.368369, -8.562576 ], [ 115.368372, -8.562554 ], [ 115.368375, -8.562531 ], [ 115.368376, -8.562509 ], [ 115.368377, -8.562486 ], [ 115.368376, -8.562464 ], [ 115.368376, -8.562441 ], [ 115.368374, -8.562417 ], [ 115.368373, -8.562393 ], [ 115.36837, -8.562369 ], [ 115.368368, -8.562343 ], [ 115.368365, -8.562317 ], [ 115.368361, -8.56229 ], [ 115.368358, -8.562262 ], [ 115.368353, -8.562234 ], [ 115.368349, -8.562206 ], [ 115.368344, -8.562178 ], [ 115.36834, -8.562149 ], [ 115.368334, -8.562121 ], [ 115.368329, -8.562093 ], [ 115.368323, -8.562065 ], [ 115.368317, -8.562038 ], [ 115.36831, -8.56201 ], [ 115.368303, -8.561983 ], [ 115.368296, -8.561957 ], [ 115.368288, -8.56193 ], [ 115.36828, -8.561904 ], [ 115.368271, -8.561879 ], [ 115.368261, -8.561854 ], [ 115.368251, -8.561829 ], [ 115.368241, -8.561806 ], [ 115.36823, -8.561783 ], [ 115.368218, -8.561761 ], [ 115.368206, -8.561741 ], [ 115.368194, -8.561721 ], [ 115.368181, -8.561703 ], [ 115.368167, -8.561685 ], [ 115.368154, -8.561668 ], [ 115.36814, -8.561652 ], [ 115.368125, -8.561636 ], [ 115.368118, -8.561628 ], [ 115.368111, -8.561621 ], [ 115.368097, -8.561606 ], [ 115.368082, -8.561591 ], [ 115.368068, -8.561577 ], [ 115.368053, -8.561562 ], [ 115.368039, -8.561548 ], [ 115.368024, -8.561535 ], [ 115.36801, -8.561523 ], [ 115.367995, -8.561511 ], [ 115.36798, -8.5615 ], [ 115.367965, -8.56149 ], [ 115.36795, -8.561481 ], [ 115.367934, -8.561474 ], [ 115.367919, -8.561467 ], [ 115.367902, -8.561461 ], [ 115.367886, -8.561455 ], [ 115.367869, -8.561451 ], [ 115.367851, -8.561447 ], [ 115.367833, -8.561445 ], [ 115.367813, -8.561443 ], [ 115.367794, -8.561441 ], [ 115.367773, -8.56144 ], [ 115.367752, -8.56144 ], [ 115.36773, -8.561441 ], [ 115.367708, -8.561441 ], [ 115.367684, -8.561443 ], [ 115.36766, -8.561444 ], [ 115.367635, -8.561446 ], [ 115.36761, -8.561449 ], [ 115.367585, -8.561453 ], [ 115.367559, -8.561457 ], [ 115.367534, -8.561462 ], [ 115.367508, -8.561469 ], [ 115.367483, -8.561476 ], [ 115.367459, -8.561485 ], [ 115.367434, -8.561495 ], [ 115.367411, -8.561505 ], [ 115.367388, -8.561516 ], [ 115.367365, -8.561528 ], [ 115.367343, -8.56154 ], [ 115.367322, -8.561552 ], [ 115.367301, -8.561563 ], [ 115.36728, -8.561574 ], [ 115.367261, -8.561584 ], [ 115.367241, -8.561594 ], [ 115.367222, -8.561603 ], [ 115.367204, -8.561611 ], [ 115.367187, -8.561618 ], [ 115.36717, -8.561624 ], [ 115.367153, -8.561629 ], [ 115.367138, -8.561633 ], [ 115.367122, -8.561636 ], [ 115.367108, -8.561638 ], [ 115.367093, -8.561639 ], [ 115.367079, -8.561639 ], [ 115.367065, -8.561638 ], [ 115.367051, -8.561637 ], [ 115.367036, -8.561634 ], [ 115.367022, -8.561631 ], [ 115.367007, -8.561628 ], [ 115.366991, -8.561623 ], [ 115.366976, -8.561618 ], [ 115.36696, -8.561612 ], [ 115.366943, -8.561604 ], [ 115.366926, -8.561596 ], [ 115.366908, -8.561586 ], [ 115.36689, -8.561575 ], [ 115.366871, -8.561563 ], [ 115.366851, -8.561549 ], [ 115.36683, -8.561534 ], [ 115.366807, -8.561517 ], [ 115.366783, -8.561498 ], [ 115.366758, -8.561478 ], [ 115.366731, -8.561456 ], [ 115.366703, -8.561433 ], [ 115.366673, -8.561408 ], [ 115.366642, -8.561383 ], [ 115.366611, -8.561357 ], [ 115.366581, -8.561332 ], [ 115.366551, -8.561307 ], [ 115.366523, -8.561285 ], [ 115.366497, -8.561264 ], [ 115.366472, -8.561245 ], [ 115.366451, -8.561229 ], [ 115.36643, -8.561215 ], [ 115.366412, -8.561203 ], [ 115.366395, -8.561192 ], [ 115.366378, -8.561183 ], [ 115.366362, -8.561175 ], [ 115.366347, -8.561167 ], [ 115.366331, -8.56116 ], [ 115.366316, -8.561154 ], [ 115.3663, -8.561148 ], [ 115.366283, -8.561142 ], [ 115.366266, -8.561137 ], [ 115.366248, -8.561133 ], [ 115.366228, -8.561129 ], [ 115.366208, -8.561126 ], [ 115.366186, -8.561123 ], [ 115.366163, -8.56112 ], [ 115.366139, -8.561118 ], [ 115.366114, -8.561117 ], [ 115.366088, -8.561116 ], [ 115.366062, -8.561116 ], [ 115.366036, -8.561116 ], [ 115.36601, -8.561116 ], [ 115.365983, -8.561118 ], [ 115.365957, -8.561119 ], [ 115.365931, -8.561122 ], [ 115.365904, -8.561125 ], [ 115.365878, -8.561129 ], [ 115.365851, -8.561134 ], [ 115.365824, -8.56114 ], [ 115.365796, -8.561147 ], [ 115.365768, -8.561155 ], [ 115.36574, -8.561164 ], [ 115.365711, -8.561175 ], [ 115.365683, -8.561186 ], [ 115.365656, -8.561199 ], [ 115.365629, -8.561212 ], [ 115.365604, -8.561227 ], [ 115.365579, -8.561242 ], [ 115.365557, -8.561258 ], [ 115.365536, -8.561275 ], [ 115.365516, -8.561293 ], [ 115.365497, -8.561311 ], [ 115.365479, -8.56133 ], [ 115.365461, -8.561349 ], [ 115.365444, -8.561369 ], [ 115.365426, -8.561388 ], [ 115.365408, -8.561407 ], [ 115.36539, -8.561427 ], [ 115.365373, -8.561445 ], [ 115.365355, -8.561464 ], [ 115.365338, -8.561481 ], [ 115.365321, -8.561498 ], [ 115.365304, -8.561514 ], [ 115.365289, -8.561528 ], [ 115.365274, -8.561542 ], [ 115.365261, -8.561553 ], [ 115.365247, -8.561564 ], [ 115.365235, -8.561573 ], [ 115.365223, -8.561582 ], [ 115.365211, -8.561589 ], [ 115.3652, -8.561596 ], [ 115.365188, -8.561602 ], [ 115.365177, -8.561607 ], [ 115.365165, -8.561612 ], [ 115.365154, -8.561616 ], [ 115.365143, -8.561619 ], [ 115.365132, -8.561621 ], [ 115.365121, -8.561623 ], [ 115.36511, -8.561624 ], [ 115.3651, -8.561624 ], [ 115.36509, -8.561622 ], [ 115.36508, -8.561621 ], [ 115.36507, -8.561618 ], [ 115.365061, -8.561614 ], [ 115.365054, -8.56161 ], [ 115.365052, -8.561609 ], [ 115.365044, -8.561603 ], [ 115.365036, -8.561596 ], [ 115.365028, -8.561588 ], [ 115.365022, -8.561578 ], [ 115.365015, -8.561568 ], [ 115.365009, -8.561556 ], [ 115.365004, -8.561544 ], [ 115.365, -8.56153 ], [ 115.364996, -8.561515 ], [ 115.364994, -8.5615 ], [ 115.364992, -8.561483 ], [ 115.364991, -8.561466 ], [ 115.364991, -8.561448 ], [ 115.364992, -8.561429 ], [ 115.364993, -8.56141 ], [ 115.364996, -8.56139 ], [ 115.365, -8.56137 ], [ 115.365005, -8.56135 ], [ 115.365012, -8.56133 ], [ 115.365019, -8.56131 ], [ 115.365027, -8.56129 ], [ 115.365037, -8.56127 ], [ 115.365047, -8.56125 ], [ 115.365058, -8.561229 ], [ 115.365069, -8.561208 ], [ 115.365081, -8.561186 ], [ 115.365094, -8.561163 ], [ 115.365106, -8.56114 ], [ 115.365119, -8.561116 ], [ 115.365132, -8.561091 ], [ 115.365145, -8.561066 ], [ 115.365158, -8.56104 ], [ 115.365171, -8.561015 ], [ 115.365184, -8.56099 ], [ 115.365196, -8.560965 ], [ 115.365209, -8.560941 ], [ 115.365221, -8.560917 ], [ 115.365233, -8.560894 ], [ 115.365245, -8.560871 ], [ 115.365256, -8.560848 ], [ 115.365268, -8.560827 ], [ 115.365279, -8.560805 ], [ 115.365291, -8.560785 ], [ 115.365302, -8.560764 ], [ 115.365314, -8.560744 ], [ 115.365315, -8.560741 ], [ 115.365325, -8.560724 ], [ 115.365336, -8.560704 ], [ 115.365347, -8.560684 ], [ 115.365358, -8.560662 ], [ 115.365369, -8.56064 ], [ 115.36538, -8.560617 ], [ 115.36539, -8.560592 ], [ 115.3654, -8.560566 ], [ 115.365403, -8.560557 ], [ 115.365409, -8.56054 ], [ 115.365419, -8.560513 ], [ 115.365428, -8.560485 ], [ 115.365437, -8.560458 ], [ 115.365446, -8.560431 ], [ 115.365454, -8.560404 ], [ 115.365462, -8.560379 ], [ 115.36547, -8.560354 ], [ 115.365478, -8.56033 ], [ 115.365486, -8.560307 ], [ 115.365493, -8.560285 ], [ 115.3655, -8.560263 ], [ 115.365501, -8.56026 ], [ 115.365507, -8.560243 ], [ 115.365514, -8.560223 ], [ 115.365521, -8.560204 ], [ 115.365527, -8.560185 ], [ 115.365534, -8.560168 ], [ 115.36554, -8.560152 ], [ 115.365546, -8.560136 ], [ 115.365552, -8.560122 ], [ 115.365558, -8.560109 ], [ 115.365564, -8.560097 ], [ 115.36557, -8.560086 ], [ 115.365575, -8.560077 ], [ 115.365581, -8.560068 ], [ 115.365587, -8.560061 ], [ 115.365593, -8.560055 ], [ 115.365599, -8.56005 ], [ 115.365606, -8.560046 ], [ 115.365613, -8.560042 ], [ 115.36562, -8.56004 ], [ 115.365628, -8.560038 ], [ 115.365632, -8.560037 ], [ 115.365636, -8.560036 ], [ 115.365645, -8.560036 ], [ 115.365655, -8.560035 ], [ 115.365664, -8.560036 ], [ 115.365674, -8.560036 ], [ 115.365684, -8.560037 ], [ 115.365695, -8.560038 ], [ 115.365705, -8.56004 ], [ 115.365717, -8.560042 ], [ 115.365728, -8.560044 ], [ 115.36574, -8.560046 ], [ 115.365753, -8.560049 ], [ 115.365766, -8.560052 ], [ 115.365779, -8.560055 ], [ 115.365793, -8.560059 ], [ 115.365808, -8.560063 ], [ 115.365824, -8.560068 ], [ 115.36584, -8.560072 ], [ 115.365856, -8.560076 ], [ 115.365873, -8.560081 ], [ 115.365891, -8.560085 ], [ 115.365908, -8.560089 ], [ 115.365927, -8.560092 ], [ 115.365945, -8.560095 ], [ 115.365964, -8.560098 ], [ 115.365977, -8.5601 ], [ 115.365983, -8.560101 ], [ 115.366003, -8.560104 ], [ 115.366023, -8.560106 ], [ 115.366043, -8.560109 ], [ 115.366063, -8.560111 ], [ 115.366083, -8.560114 ], [ 115.366103, -8.560117 ], [ 115.366124, -8.560119 ], [ 115.366144, -8.560122 ], [ 115.366165, -8.560124 ], [ 115.366186, -8.560127 ], [ 115.366207, -8.560128 ], [ 115.366228, -8.56013 ], [ 115.366249, -8.560131 ], [ 115.36627, -8.560131 ], [ 115.366291, -8.560131 ], [ 115.366312, -8.560129 ], [ 115.366332, -8.560128 ], [ 115.366352, -8.560125 ], [ 115.366371, -8.560121 ], [ 115.366389, -8.560117 ], [ 115.366406, -8.560111 ], [ 115.366422, -8.560105 ], [ 115.366437, -8.560097 ], [ 115.366452, -8.560088 ], [ 115.366465, -8.560079 ], [ 115.366478, -8.560068 ], [ 115.36649, -8.560057 ], [ 115.366501, -8.560045 ], [ 115.366511, -8.560031 ], [ 115.366521, -8.560017 ], [ 115.366531, -8.560003 ], [ 115.366539, -8.559988 ], [ 115.366547, -8.559973 ], [ 115.366555, -8.559957 ], [ 115.366561, -8.559942 ], [ 115.366567, -8.559927 ], [ 115.366573, -8.559912 ], [ 115.366578, -8.559898 ], [ 115.366582, -8.559883 ], [ 115.366585, -8.559868 ], [ 115.366588, -8.559853 ], [ 115.366591, -8.559836 ], [ 115.366593, -8.559819 ], [ 115.366594, -8.5598 ], [ 115.366595, -8.55978 ], [ 115.366595, -8.559758 ], [ 115.366595, -8.559744 ], [ 115.366595, -8.559735 ], [ 115.366594, -8.559712 ], [ 115.366592, -8.559688 ], [ 115.366589, -8.559663 ], [ 115.366586, -8.559638 ], [ 115.366581, -8.559614 ], [ 115.366576, -8.559589 ], [ 115.366569, -8.559565 ], [ 115.366562, -8.559541 ], [ 115.366554, -8.559517 ], [ 115.366546, -8.559494 ], [ 115.366537, -8.559471 ], [ 115.366528, -8.559449 ], [ 115.366519, -8.559427 ], [ 115.366509, -8.559406 ], [ 115.3665, -8.559385 ], [ 115.36649, -8.559364 ], [ 115.36648, -8.559345 ], [ 115.36647, -8.559325 ], [ 115.366459, -8.559307 ], [ 115.366447, -8.559288 ], [ 115.366434, -8.55927 ], [ 115.36642, -8.559253 ], [ 115.366405, -8.559237 ], [ 115.36639, -8.55922 ], [ 115.366373, -8.559205 ], [ 115.366356, -8.55919 ], [ 115.366338, -8.559176 ], [ 115.36632, -8.559162 ], [ 115.366301, -8.559149 ], [ 115.366282, -8.559137 ], [ 115.366262, -8.559126 ], [ 115.366242, -8.559115 ], [ 115.366221, -8.559105 ], [ 115.366199, -8.559096 ], [ 115.366177, -8.559087 ], [ 115.366153, -8.559079 ], [ 115.366129, -8.559071 ], [ 115.366104, -8.559063 ], [ 115.366078, -8.559056 ], [ 115.366051, -8.559049 ], [ 115.366023, -8.559042 ], [ 115.365995, -8.559036 ], [ 115.365967, -8.559031 ], [ 115.365938, -8.559025 ], [ 115.365909, -8.55902 ], [ 115.36588, -8.559016 ], [ 115.365851, -8.559012 ], [ 115.365822, -8.559007 ], [ 115.365792, -8.559003 ], [ 115.365763, -8.558999 ], [ 115.365733, -8.558995 ], [ 115.365702, -8.558991 ], [ 115.365671, -8.558986 ], [ 115.365639, -8.558982 ], [ 115.365607, -8.558976 ], [ 115.365575, -8.55897 ], [ 115.365545, -8.558964 ], [ 115.365515, -8.558958 ], [ 115.365487, -8.558951 ], [ 115.36546, -8.558944 ], [ 115.365459, -8.558943 ], [ 115.365437, -8.558936 ], [ 115.365416, -8.558928 ], [ 115.365398, -8.55892 ], [ 115.365383, -8.558911 ], [ 115.36537, -8.558902 ], [ 115.365359, -8.558893 ], [ 115.36535, -8.558883 ], [ 115.365342, -8.558873 ], [ 115.365337, -8.558863 ], [ 115.365332, -8.558853 ], [ 115.365329, -8.558842 ], [ 115.365327, -8.558831 ], [ 115.365326, -8.55882 ], [ 115.365326, -8.558809 ], [ 115.365327, -8.558797 ], [ 115.365329, -8.558785 ], [ 115.365332, -8.558773 ], [ 115.365335, -8.55876 ], [ 115.365339, -8.558748 ], [ 115.365345, -8.558734 ], [ 115.365351, -8.558721 ], [ 115.365358, -8.558707 ], [ 115.365366, -8.558692 ], [ 115.365375, -8.558677 ], [ 115.365386, -8.558661 ], [ 115.365397, -8.558644 ], [ 115.36541, -8.558627 ], [ 115.365423, -8.558609 ], [ 115.365438, -8.55859 ], [ 115.365453, -8.558572 ], [ 115.365469, -8.558553 ], [ 115.365485, -8.558534 ], [ 115.365502, -8.558516 ], [ 115.365519, -8.558498 ], [ 115.365537, -8.558479 ], [ 115.365554, -8.558461 ], [ 115.365572, -8.558443 ], [ 115.365589, -8.558424 ], [ 115.365606, -8.558405 ], [ 115.365622, -8.558386 ], [ 115.365638, -8.558366 ], [ 115.365652, -8.558345 ], [ 115.365666, -8.558324 ], [ 115.365679, -8.558301 ], [ 115.365691, -8.558279 ], [ 115.365703, -8.558256 ], [ 115.365714, -8.558233 ], [ 115.365724, -8.55821 ], [ 115.365733, -8.558187 ], [ 115.365743, -8.558164 ], [ 115.365746, -8.558154 ], [ 115.365751, -8.558141 ], [ 115.365759, -8.558119 ], [ 115.365766, -8.558097 ], [ 115.365773, -8.558076 ], [ 115.365779, -8.558055 ], [ 115.365784, -8.558036 ], [ 115.365788, -8.558017 ], [ 115.365791, -8.558 ], [ 115.365793, -8.557983 ], [ 115.365795, -8.557968 ], [ 115.365796, -8.557952 ], [ 115.365795, -8.557937 ], [ 115.365794, -8.557922 ], [ 115.365792, -8.557907 ], [ 115.36579, -8.557891 ], [ 115.365786, -8.557875 ], [ 115.365782, -8.557858 ], [ 115.365777, -8.557841 ], [ 115.365772, -8.557823 ], [ 115.365765, -8.557805 ], [ 115.365758, -8.557787 ], [ 115.365751, -8.557768 ], [ 115.365742, -8.55775 ], [ 115.365733, -8.557731 ], [ 115.365724, -8.557713 ], [ 115.365713, -8.557695 ], [ 115.365703, -8.557677 ], [ 115.365692, -8.557659 ], [ 115.36568, -8.557642 ], [ 115.365668, -8.557625 ], [ 115.365656, -8.557609 ], [ 115.365644, -8.557593 ], [ 115.365631, -8.557578 ], [ 115.365618, -8.557564 ], [ 115.365604, -8.55755 ], [ 115.36559, -8.557537 ], [ 115.365576, -8.557525 ], [ 115.365561, -8.557514 ], [ 115.365545, -8.557504 ], [ 115.365529, -8.557495 ], [ 115.365512, -8.557486 ], [ 115.365494, -8.557478 ], [ 115.365475, -8.557471 ], [ 115.365456, -8.557464 ], [ 115.365436, -8.557458 ], [ 115.365414, -8.557452 ], [ 115.365392, -8.557446 ], [ 115.365369, -8.55744 ], [ 115.365345, -8.557435 ], [ 115.36532, -8.557429 ], [ 115.365295, -8.557424 ], [ 115.36527, -8.55742 ], [ 115.365244, -8.557416 ], [ 115.365218, -8.557412 ], [ 115.365193, -8.557409 ], [ 115.365168, -8.557407 ], [ 115.365143, -8.557405 ], [ 115.365119, -8.557404 ], [ 115.365096, -8.557402 ], [ 115.365073, -8.557401 ], [ 115.365052, -8.5574 ], [ 115.365032, -8.557399 ], [ 115.365012, -8.557398 ], [ 115.364994, -8.557396 ], [ 115.364978, -8.557394 ], [ 115.364962, -8.557391 ], [ 115.364948, -8.557388 ], [ 115.364936, -8.557384 ], [ 115.364924, -8.557379 ], [ 115.364914, -8.557374 ], [ 115.364905, -8.557368 ], [ 115.364898, -8.557362 ], [ 115.364891, -8.557355 ], [ 115.364891, -8.557354 ], [ 115.364886, -8.557346 ], [ 115.364881, -8.557338 ], [ 115.364878, -8.557328 ], [ 115.364875, -8.557318 ], [ 115.364873, -8.557307 ], [ 115.364871, -8.557296 ], [ 115.36487, -8.557284 ], [ 115.364869, -8.557271 ], [ 115.364868, -8.557258 ], [ 115.364868, -8.557244 ], [ 115.364868, -8.557231 ], [ 115.364868, -8.557217 ], [ 115.364868, -8.557203 ], [ 115.364869, -8.557189 ], [ 115.364869, -8.557175 ], [ 115.36487, -8.557161 ], [ 115.364871, -8.557148 ], [ 115.364872, -8.557134 ], [ 115.364873, -8.557121 ], [ 115.364874, -8.557107 ], [ 115.364875, -8.557094 ], [ 115.364876, -8.557081 ], [ 115.364877, -8.557068 ], [ 115.364878, -8.557054 ], [ 115.364879, -8.55704 ], [ 115.36488, -8.557025 ], [ 115.364881, -8.557009 ], [ 115.364882, -8.556991 ], [ 115.364883, -8.556981 ], [ 115.364884, -8.556972 ], [ 115.364886, -8.556951 ], [ 115.364888, -8.556927 ], [ 115.36489, -8.556902 ], [ 115.364892, -8.556875 ], [ 115.364894, -8.556846 ], [ 115.364895, -8.556817 ], [ 115.364896, -8.556787 ], [ 115.364896, -8.556757 ], [ 115.364895, -8.556727 ], [ 115.364892, -8.556697 ], [ 115.364888, -8.556668 ], [ 115.364884, -8.556639 ], [ 115.364878, -8.556611 ], [ 115.364872, -8.556582 ], [ 115.364865, -8.556554 ], [ 115.364858, -8.556526 ], [ 115.364851, -8.556498 ], [ 115.364844, -8.556469 ], [ 115.364837, -8.556441 ], [ 115.364831, -8.556412 ], [ 115.364824, -8.556384 ], [ 115.364818, -8.556355 ], [ 115.364813, -8.556326 ], [ 115.364808, -8.556297 ], [ 115.364804, -8.556267 ], [ 115.364801, -8.556238 ], [ 115.364799, -8.556209 ], [ 115.364797, -8.556179 ], [ 115.364796, -8.55615 ], [ 115.364795, -8.556122 ], [ 115.364794, -8.556093 ], [ 115.364794, -8.556066 ], [ 115.364793, -8.556045 ], [ 115.364793, -8.556039 ], [ 115.364792, -8.556012 ], [ 115.36479, -8.555987 ], [ 115.364788, -8.555961 ], [ 115.364786, -8.555937 ], [ 115.364782, -8.555912 ], [ 115.364778, -8.555888 ], [ 115.364773, -8.555864 ], [ 115.364769, -8.555849 ], [ 115.364766, -8.55584 ], [ 115.364758, -8.555816 ], [ 115.364749, -8.555791 ], [ 115.36474, -8.555767 ], [ 115.364729, -8.555743 ], [ 115.364717, -8.55572 ], [ 115.364705, -8.555696 ], [ 115.364693, -8.555674 ], [ 115.36468, -8.555652 ], [ 115.364667, -8.555631 ], [ 115.364654, -8.55561 ], [ 115.364641, -8.55559 ], [ 115.364628, -8.55557 ], [ 115.364614, -8.555551 ], [ 115.364601, -8.555532 ], [ 115.364587, -8.555514 ], [ 115.364573, -8.555495 ], [ 115.364559, -8.555477 ], [ 115.364546, -8.555458 ], [ 115.364532, -8.55544 ], [ 115.364519, -8.555422 ], [ 115.364506, -8.555404 ], [ 115.364499, -8.555394 ], [ 115.364494, -8.555386 ], [ 115.364483, -8.555368 ], [ 115.364473, -8.555351 ], [ 115.364465, -8.555334 ], [ 115.364457, -8.555318 ], [ 115.364451, -8.555301 ], [ 115.364446, -8.555285 ], [ 115.364442, -8.555268 ], [ 115.364438, -8.555251 ], [ 115.364436, -8.555234 ], [ 115.364434, -8.555217 ], [ 115.364433, -8.555198 ], [ 115.364432, -8.555179 ], [ 115.364432, -8.55516 ], [ 115.364433, -8.55514 ], [ 115.364433, -8.55512 ], [ 115.364435, -8.5551 ], [ 115.364436, -8.555079 ], [ 115.364438, -8.555058 ], [ 115.364439, -8.555037 ], [ 115.364441, -8.555015 ], [ 115.364443, -8.554994 ], [ 115.364445, -8.554973 ], [ 115.364448, -8.554951 ], [ 115.36445, -8.55493 ], [ 115.364453, -8.554908 ], [ 115.364456, -8.554887 ], [ 115.364459, -8.554865 ], [ 115.364463, -8.554843 ], [ 115.364467, -8.554822 ], [ 115.364471, -8.5548 ], [ 115.364476, -8.554779 ], [ 115.364481, -8.554757 ], [ 115.364487, -8.554735 ], [ 115.364493, -8.554713 ], [ 115.364499, -8.554691 ], [ 115.364506, -8.554668 ], [ 115.364513, -8.554646 ], [ 115.364519, -8.554623 ], [ 115.364525, -8.5546 ], [ 115.364529, -8.554577 ], [ 115.364533, -8.554553 ], [ 115.364535, -8.554529 ], [ 115.364535, -8.554505 ], [ 115.364534, -8.554485 ], [ 115.364534, -8.554481 ], [ 115.364531, -8.554457 ], [ 115.364527, -8.554433 ], [ 115.364522, -8.554411 ], [ 115.364516, -8.55439 ], [ 115.364509, -8.55437 ], [ 115.364503, -8.554353 ], [ 115.364495, -8.554337 ], [ 115.364488, -8.554324 ], [ 115.364479, -8.554312 ], [ 115.364471, -8.554301 ], [ 115.364462, -8.55429 ], [ 115.364452, -8.55428 ], [ 115.364441, -8.55427 ], [ 115.36443, -8.554259 ], [ 115.364418, -8.554247 ], [ 115.364405, -8.554235 ], [ 115.364391, -8.554221 ], [ 115.364377, -8.554208 ], [ 115.364364, -8.554194 ], [ 115.36435, -8.55418 ], [ 115.364336, -8.554166 ], [ 115.364323, -8.554153 ], [ 115.36431, -8.554141 ], [ 115.364298, -8.554129 ], [ 115.364287, -8.554117 ], [ 115.364275, -8.554106 ], [ 115.364264, -8.554095 ], [ 115.364252, -8.554084 ], [ 115.36424, -8.554073 ], [ 115.364228, -8.554062 ], [ 115.364216, -8.554052 ], [ 115.364203, -8.554041 ], [ 115.36419, -8.554029 ], [ 115.364177, -8.554018 ], [ 115.364164, -8.554007 ], [ 115.364152, -8.553996 ], [ 115.364141, -8.553984 ], [ 115.364131, -8.553973 ], [ 115.364122, -8.553962 ], [ 115.364116, -8.553953 ], [ 115.364114, -8.55395 ], [ 115.364107, -8.553939 ], [ 115.364101, -8.553928 ], [ 115.364096, -8.553917 ], [ 115.364091, -8.553907 ], [ 115.364088, -8.553897 ], [ 115.364086, -8.553887 ], [ 115.364084, -8.553877 ], [ 115.364083, -8.553868 ], [ 115.364084, -8.553859 ], [ 115.364085, -8.55385 ], [ 115.364088, -8.553841 ], [ 115.364092, -8.553832 ], [ 115.364097, -8.553823 ], [ 115.364104, -8.553814 ], [ 115.364113, -8.553805 ], [ 115.364123, -8.553795 ], [ 115.364134, -8.553785 ], [ 115.364147, -8.553776 ], [ 115.364162, -8.553766 ], [ 115.364177, -8.553756 ], [ 115.364193, -8.553746 ], [ 115.36421, -8.553736 ], [ 115.364228, -8.553727 ], [ 115.364247, -8.553717 ], [ 115.364266, -8.553708 ], [ 115.364285, -8.553699 ], [ 115.364303, -8.553691 ], [ 115.364322, -8.553683 ], [ 115.364339, -8.553676 ], [ 115.364356, -8.553669 ], [ 115.364372, -8.553662 ], [ 115.364387, -8.553656 ], [ 115.364401, -8.553651 ], [ 115.364415, -8.553645 ], [ 115.364429, -8.55364 ], [ 115.364443, -8.553634 ], [ 115.364458, -8.553627 ], [ 115.364473, -8.55362 ], [ 115.364488, -8.553612 ], [ 115.364505, -8.553603 ], [ 115.364521, -8.553593 ], [ 115.364538, -8.553584 ], [ 115.364554, -8.553574 ], [ 115.36457, -8.553564 ], [ 115.364585, -8.553554 ], [ 115.364599, -8.553544 ], [ 115.364612, -8.553535 ], [ 115.364624, -8.553527 ], [ 115.364635, -8.553519 ], [ 115.364645, -8.553511 ], [ 115.364654, -8.553503 ], [ 115.364662, -8.553495 ], [ 115.36467, -8.553487 ], [ 115.364678, -8.553478 ], [ 115.364686, -8.553469 ], [ 115.364693, -8.55346 ], [ 115.364701, -8.553451 ], [ 115.364707, -8.553441 ], [ 115.364714, -8.553431 ], [ 115.36472, -8.55342 ], [ 115.364725, -8.553409 ], [ 115.36473, -8.553398 ], [ 115.364734, -8.553387 ], [ 115.364735, -8.553386 ], [ 115.364738, -8.553376 ], [ 115.364741, -8.553364 ], [ 115.364743, -8.553352 ], [ 115.364744, -8.553339 ], [ 115.364745, -8.553326 ], [ 115.364746, -8.553313 ], [ 115.364745, -8.553299 ], [ 115.364744, -8.553285 ], [ 115.364742, -8.55327 ], [ 115.364739, -8.553255 ], [ 115.364736, -8.553239 ], [ 115.364732, -8.553222 ], [ 115.364728, -8.553206 ], [ 115.364723, -8.553188 ], [ 115.364718, -8.55317 ], [ 115.364713, -8.553152 ], [ 115.364707, -8.553133 ], [ 115.3647, -8.553114 ], [ 115.364694, -8.553094 ], [ 115.364686, -8.553075 ], [ 115.364679, -8.553055 ], [ 115.364671, -8.553036 ], [ 115.364663, -8.553017 ], [ 115.364655, -8.552998 ], [ 115.364646, -8.55298 ], [ 115.364637, -8.552962 ], [ 115.364628, -8.552945 ], [ 115.364618, -8.552928 ], [ 115.364609, -8.552911 ], [ 115.364599, -8.552896 ], [ 115.364589, -8.55288 ], [ 115.364579, -8.552865 ], [ 115.364569, -8.552851 ], [ 115.364559, -8.552837 ], [ 115.364549, -8.552823 ], [ 115.364538, -8.55281 ], [ 115.364527, -8.552796 ], [ 115.364516, -8.552783 ], [ 115.364504, -8.552769 ], [ 115.364492, -8.552755 ], [ 115.36448, -8.552741 ], [ 115.364467, -8.552727 ], [ 115.364454, -8.552713 ], [ 115.364441, -8.552698 ], [ 115.364427, -8.552684 ], [ 115.364413, -8.55267 ], [ 115.364399, -8.552655 ], [ 115.364385, -8.552641 ], [ 115.364371, -8.552627 ], [ 115.364356, -8.552613 ], [ 115.364341, -8.552599 ], [ 115.364326, -8.552584 ], [ 115.36431, -8.552569 ], [ 115.364294, -8.552553 ], [ 115.364277, -8.552536 ], [ 115.36426, -8.552518 ], [ 115.364243, -8.5525 ], [ 115.364225, -8.552481 ], [ 115.364208, -8.552462 ], [ 115.364192, -8.552443 ], [ 115.364176, -8.552425 ], [ 115.364161, -8.552408 ], [ 115.364153, -8.552397 ], [ 115.364148, -8.552391 ], [ 115.364136, -8.552376 ], [ 115.364126, -8.552362 ], [ 115.364118, -8.552349 ], [ 115.36411, -8.552337 ], [ 115.364104, -8.552326 ], [ 115.364099, -8.552314 ], [ 115.364094, -8.552303 ], [ 115.364091, -8.552291 ], [ 115.364088, -8.55228 ], [ 115.364086, -8.552268 ], [ 115.364084, -8.552256 ], [ 115.364083, -8.552243 ], [ 115.364083, -8.552231 ], [ 115.364083, -8.552218 ], [ 115.364083, -8.552205 ], [ 115.364085, -8.552192 ], [ 115.364086, -8.552179 ], [ 115.364088, -8.552166 ], [ 115.364091, -8.552153 ], [ 115.364093, -8.55214 ], [ 115.364096, -8.552127 ], [ 115.364099, -8.552115 ], [ 115.364103, -8.552103 ], [ 115.364106, -8.552092 ], [ 115.36411, -8.552082 ], [ 115.364114, -8.552072 ], [ 115.364117, -8.552062 ], [ 115.364121, -8.552052 ], [ 115.364125, -8.552041 ], [ 115.364128, -8.552031 ], [ 115.364132, -8.552019 ], [ 115.364135, -8.552007 ], [ 115.364138, -8.551993 ], [ 115.364141, -8.551979 ], [ 115.364144, -8.551963 ], [ 115.364146, -8.551947 ], [ 115.364148, -8.551929 ], [ 115.36415, -8.551912 ], [ 115.364151, -8.551893 ], [ 115.364152, -8.551874 ], [ 115.364152, -8.551855 ], [ 115.364151, -8.551836 ], [ 115.36415, -8.551816 ], [ 115.364149, -8.551796 ], [ 115.364147, -8.551776 ], [ 115.364145, -8.551757 ], [ 115.364142, -8.551737 ], [ 115.364139, -8.551718 ], [ 115.364138, -8.551711 ], [ 115.364136, -8.551699 ], [ 115.364132, -8.55168 ], [ 115.364128, -8.551662 ], [ 115.364124, -8.551643 ], [ 115.364119, -8.551625 ], [ 115.364113, -8.551607 ], [ 115.364107, -8.55159 ], [ 115.3641, -8.551572 ], [ 115.364092, -8.551555 ], [ 115.364084, -8.551537 ], [ 115.364075, -8.55152 ], [ 115.364066, -8.551502 ], [ 115.364056, -8.551485 ], [ 115.364047, -8.551467 ], [ 115.364037, -8.55145 ], [ 115.364027, -8.551432 ], [ 115.364017, -8.551414 ], [ 115.364007, -8.551397 ], [ 115.363997, -8.551379 ], [ 115.363987, -8.551361 ], [ 115.363977, -8.551343 ], [ 115.363967, -8.551325 ], [ 115.363957, -8.551307 ], [ 115.363946, -8.551289 ], [ 115.363935, -8.55127 ], [ 115.363924, -8.551252 ], [ 115.363923, -8.551251 ], [ 115.363912, -8.551234 ], [ 115.3639, -8.551215 ], [ 115.363888, -8.551196 ], [ 115.363876, -8.551177 ], [ 115.363875, -8.551175 ], [ 115.363864, -8.551158 ], [ 115.363852, -8.551139 ], [ 115.363839, -8.551119 ], [ 115.363827, -8.551099 ], [ 115.363814, -8.551079 ], [ 115.363801, -8.551059 ], [ 115.363789, -8.551039 ], [ 115.363776, -8.551018 ], [ 115.363764, -8.550998 ], [ 115.363751, -8.550978 ], [ 115.363739, -8.550958 ], [ 115.363727, -8.550938 ], [ 115.363714, -8.550918 ], [ 115.363702, -8.550899 ], [ 115.36369, -8.55088 ], [ 115.363678, -8.550862 ], [ 115.363666, -8.550845 ], [ 115.363654, -8.550829 ], [ 115.363643, -8.550813 ], [ 115.363631, -8.550798 ], [ 115.363619, -8.550784 ], [ 115.363608, -8.550771 ], [ 115.363596, -8.550758 ], [ 115.363585, -8.550745 ], [ 115.363574, -8.550733 ], [ 115.363565, -8.550724 ], [ 115.363562, -8.550721 ], [ 115.363551, -8.550709 ], [ 115.36354, -8.550697 ], [ 115.36353, -8.550685 ], [ 115.36352, -8.550672 ], [ 115.36351, -8.55066 ], [ 115.363501, -8.550649 ], [ 115.363493, -8.550637 ], [ 115.363486, -8.550625 ], [ 115.36348, -8.550614 ], [ 115.363474, -8.550603 ], [ 115.36347, -8.550591 ], [ 115.363466, -8.55058 ], [ 115.363463, -8.550569 ], [ 115.363461, -8.550558 ], [ 115.363459, -8.550546 ], [ 115.363458, -8.550535 ], [ 115.363457, -8.550523 ], [ 115.363456, -8.550511 ], [ 115.363455, -8.550499 ], [ 115.363455, -8.550486 ], [ 115.363455, -8.550473 ], [ 115.363455, -8.550458 ], [ 115.363455, -8.550443 ], [ 115.363456, -8.550427 ], [ 115.363456, -8.550409 ], [ 115.363457, -8.550391 ], [ 115.363457, -8.550372 ], [ 115.363458, -8.550354 ], [ 115.363459, -8.550336 ], [ 115.36346, -8.550319 ], [ 115.363461, -8.550303 ], [ 115.363462, -8.550288 ], [ 115.363464, -8.550276 ], [ 115.363465, -8.550265 ], [ 115.363467, -8.550256 ], [ 115.36347, -8.550248 ], [ 115.363474, -8.55024 ], [ 115.363478, -8.550232 ], [ 115.363484, -8.550224 ], [ 115.36349, -8.550215 ], [ 115.363498, -8.550206 ], [ 115.363507, -8.550195 ], [ 115.363518, -8.550184 ], [ 115.363529, -8.550172 ], [ 115.36354, -8.550159 ], [ 115.363552, -8.550146 ], [ 115.363564, -8.550132 ], [ 115.363575, -8.550118 ], [ 115.363587, -8.550104 ], [ 115.363598, -8.55009 ], [ 115.363609, -8.550075 ], [ 115.363619, -8.550061 ], [ 115.36363, -8.550046 ], [ 115.36364, -8.55003 ], [ 115.363649, -8.550015 ], [ 115.363659, -8.549998 ], [ 115.363668, -8.549982 ], [ 115.363677, -8.549965 ], [ 115.363686, -8.549948 ], [ 115.363694, -8.549931 ], [ 115.363701, -8.549914 ], [ 115.363708, -8.549896 ], [ 115.363714, -8.549879 ], [ 115.363719, -8.549862 ], [ 115.363724, -8.549845 ], [ 115.363724, -8.549845 ], [ 115.363727, -8.549828 ], [ 115.36373, -8.549811 ], [ 115.363732, -8.549794 ], [ 115.363733, -8.549778 ], [ 115.363733, -8.549762 ], [ 115.363732, -8.549746 ], [ 115.363731, -8.54973 ], [ 115.363729, -8.549714 ], [ 115.363726, -8.549699 ], [ 115.363722, -8.549684 ], [ 115.363722, -8.549684 ], [ 115.363718, -8.54967 ], [ 115.363713, -8.549656 ], [ 115.363708, -8.549644 ], [ 115.363707, -8.549642 ], [ 115.363701, -8.549629 ], [ 115.363694, -8.549617 ], [ 115.363687, -8.549606 ], [ 115.363679, -8.549595 ], [ 115.363671, -8.549584 ], [ 115.363662, -8.549574 ], [ 115.363653, -8.549564 ], [ 115.363643, -8.549554 ], [ 115.363633, -8.549543 ], [ 115.363622, -8.549533 ], [ 115.363611, -8.549522 ], [ 115.3636, -8.54951 ], [ 115.363588, -8.549498 ], [ 115.363575, -8.549487 ], [ 115.363563, -8.549475 ], [ 115.36355, -8.549464 ], [ 115.363536, -8.549454 ], [ 115.363523, -8.549444 ], [ 115.363509, -8.549434 ], [ 115.363494, -8.549426 ], [ 115.36348, -8.549418 ], [ 115.363465, -8.549411 ], [ 115.363449, -8.549405 ], [ 115.363433, -8.5494 ], [ 115.363417, -8.549395 ], [ 115.363399, -8.549391 ], [ 115.363381, -8.549388 ], [ 115.363363, -8.549385 ], [ 115.363344, -8.549383 ], [ 115.363324, -8.549382 ], [ 115.363303, -8.54938 ], [ 115.363283, -8.549379 ], [ 115.363262, -8.549378 ], [ 115.36324, -8.549377 ], [ 115.363219, -8.549376 ], [ 115.363197, -8.549375 ], [ 115.363175, -8.549374 ], [ 115.363153, -8.549372 ], [ 115.363131, -8.549371 ], [ 115.36311, -8.54937 ], [ 115.363088, -8.549369 ], [ 115.363067, -8.549369 ], [ 115.363047, -8.549368 ], [ 115.363027, -8.549367 ], [ 115.363007, -8.549367 ], [ 115.362987, -8.549367 ], [ 115.362968, -8.549366 ], [ 115.362949, -8.549366 ], [ 115.362931, -8.549366 ], [ 115.362913, -8.549366 ], [ 115.362895, -8.549366 ], [ 115.362877, -8.549366 ], [ 115.36286, -8.549366 ], [ 115.362842, -8.549366 ], [ 115.362825, -8.549366 ], [ 115.362808, -8.549366 ], [ 115.36279, -8.549366 ], [ 115.362772, -8.549366 ], [ 115.362754, -8.549365 ], [ 115.362736, -8.549365 ], [ 115.362717, -8.549365 ], [ 115.362699, -8.549364 ], [ 115.362682, -8.549364 ], [ 115.362664, -8.549362 ], [ 115.362648, -8.54936 ], [ 115.362632, -8.549358 ], [ 115.362617, -8.549355 ], [ 115.362603, -8.549352 ], [ 115.36259, -8.549347 ], [ 115.362578, -8.549343 ], [ 115.362568, -8.549337 ], [ 115.362558, -8.549331 ], [ 115.362556, -8.549329 ], [ 115.36255, -8.549324 ], [ 115.362543, -8.549317 ], [ 115.362537, -8.549309 ], [ 115.362532, -8.5493 ], [ 115.362529, -8.549291 ], [ 115.362526, -8.549281 ], [ 115.362524, -8.549271 ], [ 115.362522, -8.54926 ], [ 115.36252, -8.549249 ], [ 115.362518, -8.549237 ], [ 115.362517, -8.549224 ], [ 115.362515, -8.549212 ], [ 115.362514, -8.549199 ], [ 115.362512, -8.549185 ], [ 115.362511, -8.549172 ], [ 115.362509, -8.549159 ], [ 115.362508, -8.549146 ], [ 115.362508, -8.549133 ], [ 115.362507, -8.54912 ], [ 115.362507, -8.549108 ], [ 115.362507, -8.549095 ], [ 115.362507, -8.549083 ], [ 115.362507, -8.54907 ], [ 115.362507, -8.549056 ], [ 115.362506, -8.549042 ], [ 115.362506, -8.549027 ], [ 115.362505, -8.549012 ], [ 115.362503, -8.548995 ], [ 115.362501, -8.548978 ], [ 115.362499, -8.548961 ], [ 115.362497, -8.548944 ], [ 115.362494, -8.548928 ], [ 115.362491, -8.548912 ], [ 115.362488, -8.548897 ], [ 115.362485, -8.548883 ], [ 115.362481, -8.54887 ], [ 115.362478, -8.548859 ], [ 115.362473, -8.548847 ], [ 115.362469, -8.548837 ], [ 115.362463, -8.548827 ], [ 115.362458, -8.548817 ], [ 115.362451, -8.548807 ], [ 115.362444, -8.548798 ], [ 115.362435, -8.548788 ], [ 115.362426, -8.548778 ], [ 115.362417, -8.548769 ], [ 115.362407, -8.548759 ], [ 115.362396, -8.548749 ], [ 115.362385, -8.548739 ], [ 115.362373, -8.548729 ], [ 115.362361, -8.548718 ], [ 115.362349, -8.548708 ], [ 115.362336, -8.548698 ], [ 115.362323, -8.548687 ], [ 115.36231, -8.548677 ], [ 115.362296, -8.548667 ], [ 115.362282, -8.548657 ], [ 115.362268, -8.548648 ], [ 115.362253, -8.548639 ], [ 115.362238, -8.548631 ], [ 115.362224, -8.548623 ], [ 115.362209, -8.548616 ], [ 115.362195, -8.548609 ], [ 115.36218, -8.548602 ], [ 115.362166, -8.548596 ], [ 115.362153, -8.548591 ], [ 115.36214, -8.548585 ], [ 115.362128, -8.54858 ], [ 115.362116, -8.548576 ], [ 115.362104, -8.548571 ], [ 115.362091, -8.548567 ], [ 115.362079, -8.548562 ], [ 115.362067, -8.548558 ], [ 115.362054, -8.548553 ], [ 115.36204, -8.548548 ], [ 115.362026, -8.548543 ], [ 115.362011, -8.548537 ], [ 115.361995, -8.548532 ], [ 115.361977, -8.548526 ], [ 115.361958, -8.548519 ], [ 115.361936, -8.548513 ], [ 115.361913, -8.548506 ], [ 115.361888, -8.5485 ], [ 115.361861, -8.548493 ], [ 115.361832, -8.548486 ], [ 115.361803, -8.548479 ], [ 115.361773, -8.548472 ], [ 115.361742, -8.548465 ], [ 115.361712, -8.548458 ], [ 115.361683, -8.548452 ], [ 115.361654, -8.548446 ], [ 115.361626, -8.54844 ], [ 115.3616, -8.548435 ], [ 115.361574, -8.54843 ], [ 115.36155, -8.548425 ], [ 115.361526, -8.54842 ], [ 115.361503, -8.548415 ], [ 115.361482, -8.54841 ], [ 115.361461, -8.548405 ], [ 115.361441, -8.5484 ], [ 115.361423, -8.548395 ], [ 115.361405, -8.54839 ], [ 115.361388, -8.548384 ], [ 115.361372, -8.548378 ], [ 115.361357, -8.548371 ], [ 115.361343, -8.548365 ], [ 115.36133, -8.548357 ], [ 115.361318, -8.54835 ], [ 115.361307, -8.548341 ], [ 115.361296, -8.548333 ], [ 115.361287, -8.548324 ], [ 115.361277, -8.548315 ], [ 115.361269, -8.548306 ], [ 115.361261, -8.548296 ], [ 115.361253, -8.548286 ], [ 115.361245, -8.548277 ], [ 115.361239, -8.548266 ], [ 115.361232, -8.548256 ], [ 115.361227, -8.548245 ], [ 115.361222, -8.548234 ], [ 115.361217, -8.548223 ], [ 115.361214, -8.548211 ], [ 115.361211, -8.548198 ], [ 115.361209, -8.548185 ], [ 115.361207, -8.548172 ], [ 115.361206, -8.548158 ], [ 115.361205, -8.548142 ], [ 115.361205, -8.548126 ], [ 115.361204, -8.54811 ], [ 115.361203, -8.548092 ], [ 115.361202, -8.548072 ], [ 115.361201, -8.548053 ], [ 115.3612, -8.548032 ], [ 115.361198, -8.548011 ], [ 115.361197, -8.54799 ], [ 115.361196, -8.547969 ], [ 115.361195, -8.547948 ], [ 115.361194, -8.547928 ], [ 115.361193, -8.547909 ], [ 115.361192, -8.54789 ], [ 115.361192, -8.547872 ], [ 115.361192, -8.547854 ], [ 115.361192, -8.547837 ], [ 115.361192, -8.547821 ], [ 115.361193, -8.547804 ], [ 115.361193, -8.547788 ], [ 115.361194, -8.547772 ], [ 115.361195, -8.547757 ], [ 115.361197, -8.547741 ], [ 115.361199, -8.547725 ], [ 115.361201, -8.547709 ], [ 115.361204, -8.547692 ], [ 115.361208, -8.547675 ], [ 115.361213, -8.547658 ], [ 115.361218, -8.54764 ], [ 115.361225, -8.547622 ], [ 115.361232, -8.547604 ], [ 115.36124, -8.547585 ], [ 115.361249, -8.547566 ], [ 115.361257, -8.547547 ], [ 115.361267, -8.547528 ], [ 115.361276, -8.547509 ], [ 115.361285, -8.547491 ], [ 115.361295, -8.547473 ], [ 115.361305, -8.547455 ], [ 115.361314, -8.547437 ], [ 115.361324, -8.54742 ], [ 115.361334, -8.547402 ], [ 115.361345, -8.547384 ], [ 115.361355, -8.547366 ], [ 115.361366, -8.547348 ], [ 115.361377, -8.547329 ], [ 115.361389, -8.547309 ], [ 115.361402, -8.547289 ], [ 115.361416, -8.547267 ], [ 115.361431, -8.547244 ], [ 115.361447, -8.54722 ], [ 115.361465, -8.547194 ], [ 115.361484, -8.547165 ], [ 115.361506, -8.547135 ], [ 115.361529, -8.547103 ], [ 115.361553, -8.547069 ], [ 115.36158, -8.547033 ], [ 115.361607, -8.546996 ], [ 115.361636, -8.546958 ], [ 115.361667, -8.546919 ], [ 115.361699, -8.546878 ], [ 115.361732, -8.546836 ], [ 115.361766, -8.546794 ], [ 115.361801, -8.546752 ], [ 115.361836, -8.546709 ], [ 115.361871, -8.546667 ], [ 115.361907, -8.546625 ], [ 115.361942, -8.546583 ], [ 115.361976, -8.546543 ], [ 115.362011, -8.546503 ], [ 115.362047, -8.546463 ], [ 115.362083, -8.546422 ], [ 115.362122, -8.546382 ], [ 115.362164, -8.54634 ], [ 115.362208, -8.546297 ], [ 115.362256, -8.546252 ], [ 115.362308, -8.546206 ], [ 115.362363, -8.546158 ], [ 115.362421, -8.54611 ], [ 115.362479, -8.546061 ], [ 115.362537, -8.546014 ], [ 115.362594, -8.545967 ], [ 115.362648, -8.545923 ], [ 115.362698, -8.545882 ], [ 115.362744, -8.545844 ], [ 115.362786, -8.545809 ], [ 115.362824, -8.545777 ], [ 115.362859, -8.545747 ], [ 115.362891, -8.545719 ], [ 115.362921, -8.545692 ], [ 115.36295, -8.545667 ], [ 115.362977, -8.545642 ], [ 115.363004, -8.545618 ], [ 115.36303, -8.545594 ], [ 115.363056, -8.54557 ], [ 115.363081, -8.545547 ], [ 115.363106, -8.545523 ], [ 115.363132, -8.5455 ], [ 115.363158, -8.545477 ], [ 115.363183, -8.545454 ], [ 115.36321, -8.545431 ], [ 115.363236, -8.545408 ], [ 115.363262, -8.545386 ], [ 115.363288, -8.545363 ], [ 115.363314, -8.545341 ], [ 115.363339, -8.545319 ], [ 115.363363, -8.545297 ], [ 115.363385, -8.545275 ], [ 115.363407, -8.545254 ], [ 115.363426, -8.545232 ], [ 115.363445, -8.545211 ], [ 115.363463, -8.54519 ], [ 115.363479, -8.54517 ], [ 115.363494, -8.545149 ], [ 115.363508, -8.54513 ], [ 115.363521, -8.54511 ], [ 115.363533, -8.545091 ], [ 115.363545, -8.545072 ], [ 115.363555, -8.545053 ], [ 115.363565, -8.545034 ], [ 115.363574, -8.545015 ], [ 115.363582, -8.544995 ], [ 115.36359, -8.544975 ], [ 115.363597, -8.544953 ], [ 115.363604, -8.544931 ], [ 115.36361, -8.544908 ], [ 115.363616, -8.544884 ], [ 115.36362, -8.54486 ], [ 115.363623, -8.544835 ], [ 115.363625, -8.544809 ], [ 115.363625, -8.544784 ], [ 115.363624, -8.544758 ], [ 115.363622, -8.544732 ], [ 115.363617, -8.544706 ], [ 115.363611, -8.544679 ], [ 115.363603, -8.544651 ], [ 115.363594, -8.544621 ], [ 115.363583, -8.54459 ], [ 115.363571, -8.544556 ], [ 115.363557, -8.54452 ], [ 115.363542, -8.544481 ], [ 115.363526, -8.54444 ], [ 115.363509, -8.544397 ], [ 115.363491, -8.544353 ], [ 115.363473, -8.544308 ], [ 115.363455, -8.544263 ], [ 115.363437, -8.54422 ], [ 115.36342, -8.544179 ], [ 115.363419, -8.544177 ], [ 115.363402, -8.544137 ], [ 115.363386, -8.544097 ], [ 115.36337, -8.544059 ], [ 115.363354, -8.544022 ], [ 115.36334, -8.543989 ], [ 115.363338, -8.543985 ], [ 115.363322, -8.543947 ], [ 115.363305, -8.543909 ], [ 115.363288, -8.54387 ], [ 115.363271, -8.54383 ], [ 115.363252, -8.543789 ], [ 115.363233, -8.543747 ], [ 115.363229, -8.543737 ], [ 115.363214, -8.543705 ], [ 115.363194, -8.543662 ], [ 115.363173, -8.54362 ], [ 115.363153, -8.543578 ], [ 115.363132, -8.543537 ], [ 115.363111, -8.543498 ], [ 115.36309, -8.543459 ], [ 115.363069, -8.543422 ], [ 115.363048, -8.543386 ], [ 115.363028, -8.54335 ], [ 115.363008, -8.543317 ], [ 115.362989, -8.543284 ], [ 115.362971, -8.543252 ], [ 115.362953, -8.543221 ], [ 115.362937, -8.543192 ], [ 115.362921, -8.543162 ], [ 115.362905, -8.543134 ], [ 115.36289, -8.543105 ], [ 115.362874, -8.543076 ], [ 115.362858, -8.543046 ], [ 115.362842, -8.543016 ], [ 115.362825, -8.542985 ], [ 115.362807, -8.542953 ], [ 115.362789, -8.54292 ], [ 115.362771, -8.542886 ], [ 115.362753, -8.542852 ], [ 115.362735, -8.542817 ], [ 115.362718, -8.542782 ], [ 115.362702, -8.542747 ], [ 115.362688, -8.542711 ], [ 115.362674, -8.542675 ], [ 115.362662, -8.542639 ], [ 115.362652, -8.542604 ], [ 115.362642, -8.542568 ], [ 115.362635, -8.542533 ], [ 115.362635, -8.542533 ], [ 115.362628, -8.542499 ], [ 115.362624, -8.542464 ], [ 115.362621, -8.542431 ], [ 115.362619, -8.542398 ], [ 115.362619, -8.542365 ], [ 115.36262, -8.542333 ], [ 115.362622, -8.542301 ], [ 115.362626, -8.542269 ], [ 115.362631, -8.542237 ], [ 115.362637, -8.542205 ], [ 115.362643, -8.542173 ], [ 115.362651, -8.542141 ], [ 115.362659, -8.542109 ], [ 115.362668, -8.542077 ], [ 115.362677, -8.542045 ], [ 115.362687, -8.542013 ], [ 115.362697, -8.541981 ], [ 115.362708, -8.54195 ], [ 115.362719, -8.541918 ], [ 115.36273, -8.541886 ], [ 115.362741, -8.541853 ], [ 115.362753, -8.541819 ], [ 115.362766, -8.541784 ], [ 115.362779, -8.541747 ], [ 115.362794, -8.541709 ], [ 115.362809, -8.541667 ], [ 115.362825, -8.541623 ], [ 115.362842, -8.541577 ], [ 115.362859, -8.54153 ], [ 115.362876, -8.541482 ], [ 115.362893, -8.541433 ], [ 115.36291, -8.541386 ], [ 115.362925, -8.54134 ], [ 115.36294, -8.541297 ], [ 115.362953, -8.541256 ], [ 115.362965, -8.541218 ], [ 115.362976, -8.541182 ], [ 115.362986, -8.541148 ], [ 115.362995, -8.541116 ], [ 115.363004, -8.541085 ], [ 115.363012, -8.541056 ], [ 115.36302, -8.541027 ], [ 115.363028, -8.540999 ], [ 115.363036, -8.540972 ], [ 115.363043, -8.540946 ], [ 115.36305, -8.54092 ], [ 115.363057, -8.540894 ], [ 115.363063, -8.540869 ], [ 115.363069, -8.540845 ], [ 115.363074, -8.540821 ], [ 115.363078, -8.540797 ], [ 115.363082, -8.540774 ], [ 115.363084, -8.540752 ], [ 115.363086, -8.54073 ], [ 115.363088, -8.540708 ], [ 115.363088, -8.540687 ], [ 115.363088, -8.540666 ], [ 115.363088, -8.540646 ], [ 115.363086, -8.540626 ], [ 115.363084, -8.540606 ], [ 115.36308, -8.540586 ], [ 115.363078, -8.540577 ], [ 115.363076, -8.540566 ], [ 115.36307, -8.540546 ], [ 115.363063, -8.540525 ], [ 115.363055, -8.540503 ], [ 115.363045, -8.540481 ], [ 115.363033, -8.540457 ], [ 115.36302, -8.540433 ], [ 115.363005, -8.540407 ], [ 115.362989, -8.54038 ], [ 115.362971, -8.540352 ], [ 115.362952, -8.540323 ], [ 115.362931, -8.540294 ], [ 115.36291, -8.540263 ], [ 115.362887, -8.540231 ], [ 115.362864, -8.540199 ], [ 115.36284, -8.540166 ], [ 115.362815, -8.540133 ], [ 115.362791, -8.5401 ], [ 115.362767, -8.540067 ], [ 115.362744, -8.540033 ], [ 115.362722, -8.540001 ], [ 115.3627, -8.539969 ], [ 115.36268, -8.539937 ], [ 115.362661, -8.539906 ], [ 115.362643, -8.539876 ], [ 115.362626, -8.539845 ], [ 115.36261, -8.539815 ], [ 115.362594, -8.539786 ], [ 115.362579, -8.539756 ], [ 115.362564, -8.539727 ], [ 115.36255, -8.539697 ], [ 115.362537, -8.539668 ], [ 115.362525, -8.539639 ], [ 115.362514, -8.53961 ], [ 115.362504, -8.539582 ], [ 115.362496, -8.539554 ], [ 115.362489, -8.539526 ], [ 115.362484, -8.539498 ], [ 115.36248, -8.539471 ], [ 115.362479, -8.539444 ], [ 115.362478, -8.539417 ], [ 115.362479, -8.539391 ], [ 115.362481, -8.539366 ], [ 115.362483, -8.539352 ], [ 115.362485, -8.539341 ], [ 115.36249, -8.539317 ], [ 115.362496, -8.539294 ], [ 115.362503, -8.539271 ], [ 115.362511, -8.539249 ], [ 115.36252, -8.539229 ], [ 115.362529, -8.539209 ], [ 115.36254, -8.539191 ], [ 115.362551, -8.539174 ], [ 115.362563, -8.539158 ], [ 115.362576, -8.539144 ], [ 115.362589, -8.539131 ], [ 115.362602, -8.539119 ], [ 115.362616, -8.539109 ], [ 115.36263, -8.539099 ], [ 115.362644, -8.53909 ], [ 115.362658, -8.539081 ], [ 115.362673, -8.539072 ], [ 115.362687, -8.539064 ], [ 115.362701, -8.539056 ], [ 115.362715, -8.539048 ], [ 115.362729, -8.53904 ], [ 115.362744, -8.539032 ], [ 115.362758, -8.539024 ], [ 115.362773, -8.539017 ], [ 115.362787, -8.53901 ], [ 115.362803, -8.539002 ], [ 115.362818, -8.538996 ], [ 115.362833, -8.538989 ], [ 115.362848, -8.538982 ], [ 115.362862, -8.538976 ], [ 115.362876, -8.53897 ], [ 115.362889, -8.538963 ], [ 115.3629, -8.538957 ], [ 115.36291, -8.538951 ], [ 115.36292, -8.538945 ], [ 115.362928, -8.538939 ], [ 115.362935, -8.538933 ], [ 115.362941, -8.538926 ], [ 115.362947, -8.538919 ], [ 115.362948, -8.538917 ], [ 115.362952, -8.538912 ], [ 115.362957, -8.538904 ], [ 115.362961, -8.538895 ], [ 115.362965, -8.538885 ], [ 115.362969, -8.538875 ], [ 115.362972, -8.538864 ], [ 115.362975, -8.538851 ], [ 115.362978, -8.538838 ], [ 115.36298, -8.538824 ], [ 115.362982, -8.538808 ], [ 115.362983, -8.538791 ], [ 115.362985, -8.538774 ], [ 115.362985, -8.538754 ], [ 115.362986, -8.538734 ], [ 115.362986, -8.538713 ], [ 115.362986, -8.53869 ], [ 115.362985, -8.538667 ], [ 115.362985, -8.538643 ], [ 115.362984, -8.538617 ], [ 115.362983, -8.538591 ], [ 115.362982, -8.538564 ], [ 115.362982, -8.538537 ], [ 115.362981, -8.53851 ], [ 115.362981, -8.538484 ], [ 115.362982, -8.538465 ], [ 115.362982, -8.538458 ], [ 115.362983, -8.538433 ], [ 115.362986, -8.538409 ], [ 115.362989, -8.538386 ], [ 115.362992, -8.538364 ], [ 115.362997, -8.538342 ], [ 115.363002, -8.538321 ], [ 115.363008, -8.538301 ], [ 115.363015, -8.538281 ], [ 115.363022, -8.538262 ], [ 115.36303, -8.538243 ], [ 115.363039, -8.538224 ], [ 115.363049, -8.538205 ], [ 115.363059, -8.538185 ], [ 115.36307, -8.538166 ], [ 115.363082, -8.538147 ], [ 115.363094, -8.538127 ], [ 115.363107, -8.538107 ], [ 115.363121, -8.538086 ], [ 115.363122, -8.538084 ], [ 115.363135, -8.538065 ], [ 115.36315, -8.538044 ], [ 115.363157, -8.538034 ], [ 115.363165, -8.538022 ], [ 115.363181, -8.538001 ], [ 115.363196, -8.537979 ], [ 115.363211, -8.537958 ], [ 115.363225, -8.537937 ], [ 115.363239, -8.537916 ], [ 115.363253, -8.537896 ], [ 115.363267, -8.537875 ], [ 115.36328, -8.537855 ], [ 115.363294, -8.537834 ], [ 115.363308, -8.537813 ], [ 115.363323, -8.537792 ], [ 115.363338, -8.53777 ], [ 115.363355, -8.537747 ], [ 115.363372, -8.537723 ], [ 115.363389, -8.537699 ], [ 115.363408, -8.537675 ], [ 115.363426, -8.537651 ], [ 115.363444, -8.537627 ], [ 115.363462, -8.537603 ], [ 115.36348, -8.53758 ], [ 115.363497, -8.537557 ], [ 115.363514, -8.537535 ], [ 115.36353, -8.537514 ], [ 115.363545, -8.537492 ], [ 115.363553, -8.537481 ], [ 115.36356, -8.537471 ], [ 115.363574, -8.53745 ], [ 115.363586, -8.537428 ], [ 115.363598, -8.537406 ], [ 115.363609, -8.537384 ], [ 115.363619, -8.537361 ], [ 115.363628, -8.537337 ], [ 115.363637, -8.537314 ], [ 115.363644, -8.537289 ], [ 115.363651, -8.537264 ], [ 115.363657, -8.537239 ], [ 115.363662, -8.537213 ], [ 115.363667, -8.537186 ], [ 115.363671, -8.537159 ], [ 115.363674, -8.537132 ], [ 115.363678, -8.537105 ], [ 115.36368, -8.537081 ], [ 115.36368, -8.537077 ], [ 115.363683, -8.537048 ], [ 115.363685, -8.53702 ], [ 115.363687, -8.536991 ], [ 115.363688, -8.536963 ], [ 115.36369, -8.536934 ], [ 115.363691, -8.536904 ], [ 115.363692, -8.536874 ], [ 115.363694, -8.536844 ], [ 115.363695, -8.536812 ], [ 115.363696, -8.53678 ], [ 115.363697, -8.536746 ], [ 115.363699, -8.536711 ], [ 115.3637, -8.536675 ], [ 115.363702, -8.536639 ], [ 115.363703, -8.536602 ], [ 115.363705, -8.536566 ], [ 115.363707, -8.53653 ], [ 115.363708, -8.536494 ], [ 115.36371, -8.53646 ], [ 115.363711, -8.536427 ], [ 115.363712, -8.536396 ], [ 115.363713, -8.536366 ], [ 115.363713, -8.536337 ], [ 115.363713, -8.536309 ], [ 115.363713, -8.536281 ], [ 115.363711, -8.536254 ], [ 115.363709, -8.536228 ], [ 115.363707, -8.536202 ], [ 115.363704, -8.536184 ], [ 115.363703, -8.536176 ], [ 115.363699, -8.536151 ], [ 115.363693, -8.536125 ], [ 115.363687, -8.5361 ], [ 115.36368, -8.536076 ], [ 115.363673, -8.536052 ], [ 115.363664, -8.536028 ], [ 115.363654, -8.536004 ], [ 115.363644, -8.535981 ], [ 115.363633, -8.535957 ], [ 115.363621, -8.535935 ], [ 115.36361, -8.535913 ], [ 115.36361, -8.535912 ], [ 115.363598, -8.53589 ], [ 115.363586, -8.535868 ], [ 115.363575, -8.535847 ], [ 115.363564, -8.535825 ], [ 115.363553, -8.535804 ], [ 115.363542, -8.535784 ], [ 115.363532, -8.535764 ], [ 115.363521, -8.535744 ], [ 115.363511, -8.535725 ], [ 115.3635, -8.535706 ], [ 115.363489, -8.535688 ], [ 115.363477, -8.535671 ], [ 115.363466, -8.535654 ], [ 115.363453, -8.535637 ], [ 115.363441, -8.53562 ], [ 115.363428, -8.535603 ], [ 115.363415, -8.535586 ], [ 115.363402, -8.535569 ], [ 115.363388, -8.535551 ], [ 115.363374, -8.535533 ], [ 115.36336, -8.535513 ], [ 115.363347, -8.535494 ], [ 115.363333, -8.535474 ], [ 115.363321, -8.535454 ], [ 115.363308, -8.535434 ], [ 115.363297, -8.535414 ], [ 115.363287, -8.535394 ], [ 115.363278, -8.535374 ], [ 115.36327, -8.535355 ], [ 115.363263, -8.535335 ], [ 115.363257, -8.535317 ], [ 115.363253, -8.535303 ], [ 115.363252, -8.535298 ], [ 115.363247, -8.535279 ], [ 115.363243, -8.535261 ], [ 115.36324, -8.535242 ], [ 115.363237, -8.535224 ], [ 115.363234, -8.535205 ], [ 115.363232, -8.535186 ], [ 115.36323, -8.535168 ], [ 115.363228, -8.535149 ], [ 115.363227, -8.535129 ], [ 115.363226, -8.53512 ], [ 115.363226, -8.535109 ], [ 115.363225, -8.535089 ], [ 115.363225, -8.535068 ], [ 115.363225, -8.535047 ], [ 115.363225, -8.535025 ], [ 115.363225, -8.535003 ], [ 115.363225, -8.534979 ], [ 115.363225, -8.534955 ], [ 115.363224, -8.534931 ], [ 115.363223, -8.534905 ], [ 115.363221, -8.534879 ], [ 115.363218, -8.534852 ], [ 115.363215, -8.534825 ], [ 115.363212, -8.534797 ], [ 115.363207, -8.534768 ], [ 115.363202, -8.53474 ], [ 115.363196, -8.534711 ], [ 115.36319, -8.534682 ], [ 115.363183, -8.534653 ], [ 115.363175, -8.534624 ], [ 115.363166, -8.534595 ], [ 115.363157, -8.534566 ], [ 115.363147, -8.534537 ], [ 115.363137, -8.534509 ], [ 115.363125, -8.53448 ], [ 115.363113, -8.534452 ], [ 115.3631, -8.534424 ], [ 115.363087, -8.534397 ], [ 115.363073, -8.53437 ], [ 115.363058, -8.534344 ], [ 115.363042, -8.534318 ], [ 115.363026, -8.534292 ], [ 115.363009, -8.534267 ], [ 115.362991, -8.534243 ], [ 115.362972, -8.53422 ], [ 115.362953, -8.534197 ], [ 115.362934, -8.534175 ], [ 115.362914, -8.534154 ], [ 115.362893, -8.534133 ], [ 115.362873, -8.534114 ], [ 115.362852, -8.534095 ], [ 115.362831, -8.534078 ], [ 115.362811, -8.534061 ], [ 115.36279, -8.534046 ], [ 115.362769, -8.534031 ], [ 115.362748, -8.534016 ], [ 115.362726, -8.534002 ], [ 115.362703, -8.533989 ], [ 115.362679, -8.533975 ], [ 115.362655, -8.533962 ], [ 115.362628, -8.533949 ], [ 115.362601, -8.533935 ], [ 115.362574, -8.533922 ], [ 115.362545, -8.533908 ], [ 115.362517, -8.533895 ], [ 115.362489, -8.533882 ], [ 115.362462, -8.533869 ], [ 115.362436, -8.533857 ], [ 115.36241, -8.533845 ], [ 115.362386, -8.533833 ], [ 115.362362, -8.533821 ], [ 115.362338, -8.53381 ], [ 115.362314, -8.533798 ], [ 115.362289, -8.533786 ], [ 115.362264, -8.533774 ], [ 115.362237, -8.533761 ], [ 115.362209, -8.533748 ], [ 115.362179, -8.533734 ], [ 115.362149, -8.53372 ], [ 115.362118, -8.533706 ], [ 115.362088, -8.533692 ], [ 115.362058, -8.533678 ], [ 115.362029, -8.533665 ], [ 115.362001, -8.533652 ], [ 115.361974, -8.533639 ], [ 115.361949, -8.533628 ], [ 115.361926, -8.533616 ], [ 115.361903, -8.533605 ], [ 115.361881, -8.533594 ], [ 115.361859, -8.533582 ], [ 115.361837, -8.53357 ], [ 115.361815, -8.533557 ], [ 115.361793, -8.533544 ], [ 115.36177, -8.53353 ], [ 115.361747, -8.533515 ], [ 115.361723, -8.533499 ], [ 115.3617, -8.533483 ], [ 115.361677, -8.533467 ], [ 115.361653, -8.533449 ], [ 115.361631, -8.533432 ], [ 115.361608, -8.533414 ], [ 115.361586, -8.533395 ], [ 115.361565, -8.533376 ], [ 115.361544, -8.533356 ], [ 115.361523, -8.533336 ], [ 115.361503, -8.533315 ], [ 115.361483, -8.533293 ], [ 115.361464, -8.53327 ], [ 115.361445, -8.533246 ], [ 115.36144, -8.533239 ], [ 115.361431, -8.533226 ], [ 115.361427, -8.533221 ], [ 115.361409, -8.533195 ], [ 115.361398, -8.533178 ], [ 115.361392, -8.533168 ], [ 115.361375, -8.53314 ], [ 115.361358, -8.533111 ], [ 115.361341, -8.533081 ], [ 115.361325, -8.533051 ], [ 115.361309, -8.533019 ], [ 115.361293, -8.532987 ], [ 115.361278, -8.532954 ], [ 115.361262, -8.532921 ], [ 115.361246, -8.532887 ], [ 115.36123, -8.532853 ], [ 115.361213, -8.532819 ], [ 115.361197, -8.532786 ], [ 115.361179, -8.532752 ], [ 115.361162, -8.532719 ], [ 115.361144, -8.532686 ], [ 115.361142, -8.532684 ], [ 115.361125, -8.532654 ], [ 115.361105, -8.532621 ], [ 115.361084, -8.532589 ], [ 115.361062, -8.532556 ], [ 115.361038, -8.532524 ], [ 115.361014, -8.532492 ], [ 115.360988, -8.53246 ], [ 115.360962, -8.532428 ], [ 115.360936, -8.532397 ], [ 115.36091, -8.532367 ], [ 115.360885, -8.532337 ], [ 115.360861, -8.532309 ], [ 115.360838, -8.532283 ], [ 115.360817, -8.532258 ], [ 115.360798, -8.532234 ], [ 115.360779, -8.532211 ], [ 115.360762, -8.532189 ], [ 115.360746, -8.532167 ], [ 115.360731, -8.532145 ], [ 115.360715, -8.532123 ], [ 115.3607, -8.532101 ], [ 115.360685, -8.532077 ], [ 115.360669, -8.532053 ], [ 115.360654, -8.532028 ], [ 115.360639, -8.532003 ], [ 115.360625, -8.531977 ], [ 115.360612, -8.531952 ], [ 115.3606, -8.531926 ], [ 115.360588, -8.5319 ], [ 115.360579, -8.531875 ], [ 115.360578, -8.531872 ], [ 115.36057, -8.53185 ], [ 115.360563, -8.531825 ], [ 115.360557, -8.531799 ], [ 115.360551, -8.531774 ], [ 115.360547, -8.531748 ], [ 115.360543, -8.531722 ], [ 115.36054, -8.531695 ], [ 115.360537, -8.531667 ], [ 115.360534, -8.531638 ], [ 115.360534, -8.531638 ], [ 115.360532, -8.531608 ], [ 115.36053, -8.531576 ], [ 115.360529, -8.531542 ], [ 115.360528, -8.531507 ], [ 115.360527, -8.531469 ], [ 115.360527, -8.531429 ], [ 115.360527, -8.531386 ], [ 115.360527, -8.531341 ], [ 115.360527, -8.531293 ], [ 115.360528, -8.531244 ], [ 115.360529, -8.531193 ], [ 115.360531, -8.53114 ], [ 115.360532, -8.531087 ], [ 115.360534, -8.531032 ], [ 115.360536, -8.530977 ], [ 115.360538, -8.530921 ], [ 115.36054, -8.530864 ], [ 115.360543, -8.530807 ], [ 115.360546, -8.530749 ], [ 115.360549, -8.530689 ], [ 115.360552, -8.530629 ], [ 115.360555, -8.530568 ], [ 115.360559, -8.530505 ], [ 115.360563, -8.530442 ], [ 115.360566, -8.530379 ], [ 115.36057, -8.530316 ], [ 115.360573, -8.530256 ], [ 115.360576, -8.530197 ], [ 115.360578, -8.530141 ], [ 115.36058, -8.530088 ], [ 115.360581, -8.530039 ], [ 115.360582, -8.529993 ], [ 115.360581, -8.52995 ], [ 115.360581, -8.529909 ], [ 115.36058, -8.529868 ], [ 115.360579, -8.529828 ], [ 115.360577, -8.529787 ], [ 115.360576, -8.529745 ], [ 115.360575, -8.529701 ], [ 115.360573, -8.529655 ], [ 115.360571, -8.529608 ], [ 115.360569, -8.529561 ], [ 115.360566, -8.529513 ], [ 115.360562, -8.529465 ], [ 115.360558, -8.529418 ], [ 115.360553, -8.529372 ], [ 115.360546, -8.529327 ], [ 115.360539, -8.529283 ], [ 115.360531, -8.529241 ], [ 115.360523, -8.5292 ], [ 115.360514, -8.52916 ], [ 115.360505, -8.529121 ], [ 115.360497, -8.529083 ], [ 115.360489, -8.529046 ], [ 115.360482, -8.529009 ], [ 115.360475, -8.528972 ], [ 115.360469, -8.528935 ], [ 115.360462, -8.528898 ], [ 115.360456, -8.52886 ], [ 115.360449, -8.52882 ], [ 115.360441, -8.528778 ], [ 115.360433, -8.528735 ], [ 115.360424, -8.528689 ], [ 115.360414, -8.528641 ], [ 115.360404, -8.528592 ], [ 115.360394, -8.528543 ], [ 115.360384, -8.528494 ], [ 115.360374, -8.528445 ], [ 115.36037, -8.528421 ], [ 115.360366, -8.528399 ], [ 115.360359, -8.528355 ], [ 115.360354, -8.528313 ], [ 115.36035, -8.528275 ], [ 115.360347, -8.528238 ], [ 115.360345, -8.528203 ], [ 115.360345, -8.52817 ], [ 115.360345, -8.528165 ], [ 115.360345, -8.528138 ], [ 115.360347, -8.528106 ], [ 115.360348, -8.528074 ], [ 115.360351, -8.528042 ], [ 115.360354, -8.528009 ], [ 115.360356, -8.527975 ], [ 115.360359, -8.527939 ], [ 115.360362, -8.527902 ], [ 115.360365, -8.527861 ], [ 115.360367, -8.527818 ], [ 115.360368, -8.527771 ], [ 115.360369, -8.52772 ], [ 115.360369, -8.527666 ], [ 115.360368, -8.52761 ], [ 115.360366, -8.527552 ], [ 115.360364, -8.527494 ], [ 115.360362, -8.527435 ], [ 115.360358, -8.527377 ], [ 115.360355, -8.527321 ], [ 115.360351, -8.527267 ], [ 115.360347, -8.527215 ], [ 115.360342, -8.527165 ], [ 115.360338, -8.527117 ], [ 115.360334, -8.527075 ], [ 115.360333, -8.52707 ], [ 115.360329, -8.527025 ], [ 115.360325, -8.526981 ], [ 115.360321, -8.526938 ], [ 115.360318, -8.526896 ], [ 115.360316, -8.526854 ], [ 115.360314, -8.526814 ], [ 115.360313, -8.526774 ], [ 115.360313, -8.526735 ], [ 115.360314, -8.526696 ], [ 115.360316, -8.526658 ], [ 115.360318, -8.52662 ], [ 115.360322, -8.526582 ], [ 115.360326, -8.526552 ], [ 115.360327, -8.526544 ], [ 115.360332, -8.526507 ], [ 115.360339, -8.526469 ], [ 115.360346, -8.526431 ], [ 115.360354, -8.526393 ], [ 115.360363, -8.526354 ], [ 115.360373, -8.526314 ], [ 115.360383, -8.526274 ], [ 115.360393, -8.526233 ], [ 115.360404, -8.526191 ], [ 115.360414, -8.52615 ], [ 115.360425, -8.526108 ], [ 115.360434, -8.526067 ], [ 115.360443, -8.526027 ], [ 115.36045, -8.525987 ], [ 115.360456, -8.525948 ], [ 115.360461, -8.525911 ], [ 115.360465, -8.525873 ], [ 115.360467, -8.525835 ], [ 115.360469, -8.525797 ], [ 115.36047, -8.525759 ], [ 115.36047, -8.525719 ], [ 115.360469, -8.525677 ], [ 115.360468, -8.525633 ], [ 115.360467, -8.525588 ], [ 115.360464, -8.525541 ], [ 115.360462, -8.525493 ], [ 115.360458, -8.525444 ], [ 115.360455, -8.525395 ], [ 115.36045, -8.525345 ], [ 115.360446, -8.525303 ], [ 115.360445, -8.525296 ], [ 115.360439, -8.525247 ], [ 115.360433, -8.525198 ], [ 115.360426, -8.52515 ], [ 115.360419, -8.525102 ], [ 115.360412, -8.525055 ], [ 115.360404, -8.525008 ], [ 115.360396, -8.524961 ], [ 115.360388, -8.524915 ], [ 115.36038, -8.52487 ], [ 115.360372, -8.524825 ], [ 115.360366, -8.524791 ], [ 115.360364, -8.52478 ], [ 115.360355, -8.524737 ], [ 115.360346, -8.524694 ], [ 115.360336, -8.524651 ], [ 115.360326, -8.52461 ], [ 115.360315, -8.524569 ], [ 115.360307, -8.524543 ], [ 115.360303, -8.524529 ], [ 115.36029, -8.524491 ], [ 115.360276, -8.524453 ], [ 115.360261, -8.524416 ], [ 115.360245, -8.524379 ], [ 115.360228, -8.524344 ], [ 115.36021, -8.52431 ], [ 115.360191, -8.524276 ], [ 115.360172, -8.524246 ], [ 115.36017, -8.524243 ], [ 115.360149, -8.524212 ], [ 115.360127, -8.524181 ], [ 115.360103, -8.524152 ], [ 115.36008, -8.524124 ], [ 115.360055, -8.524097 ], [ 115.36003, -8.524071 ], [ 115.360025, -8.524066 ], [ 115.360005, -8.524048 ], [ 115.359979, -8.524026 ], [ 115.359954, -8.524005 ], [ 115.359927, -8.523986 ], [ 115.359901, -8.523969 ], [ 115.359875, -8.523954 ], [ 115.359848, -8.523941 ], [ 115.359821, -8.523929 ], [ 115.359794, -8.523919 ], [ 115.359767, -8.523912 ], [ 115.35974, -8.523906 ], [ 115.359713, -8.523901 ], [ 115.359685, -8.523899 ], [ 115.359657, -8.523897 ], [ 115.359629, -8.523898 ], [ 115.359601, -8.523899 ], [ 115.359572, -8.523902 ], [ 115.359544, -8.523906 ], [ 115.359515, -8.523911 ], [ 115.359486, -8.523917 ], [ 115.359458, -8.523923 ], [ 115.35943, -8.52393 ], [ 115.359403, -8.523938 ], [ 115.359377, -8.523945 ], [ 115.359351, -8.523953 ], [ 115.359328, -8.52396 ], [ 115.359305, -8.523967 ], [ 115.359283, -8.523974 ], [ 115.359262, -8.523981 ], [ 115.359243, -8.523987 ], [ 115.359224, -8.523993 ], [ 115.359205, -8.523999 ], [ 115.359188, -8.524004 ], [ 115.359171, -8.524008 ], [ 115.359154, -8.524011 ], [ 115.359137, -8.524014 ], [ 115.359121, -8.524017 ], [ 115.359104, -8.524019 ], [ 115.359088, -8.524021 ], [ 115.35907, -8.524022 ], [ 115.359053, -8.524023 ], [ 115.359035, -8.524024 ], [ 115.359016, -8.524024 ], [ 115.358996, -8.524024 ], [ 115.358976, -8.524023 ], [ 115.358956, -8.524021 ], [ 115.358935, -8.524019 ], [ 115.358913, -8.524015 ], [ 115.358891, -8.524009 ], [ 115.358868, -8.524002 ], [ 115.358845, -8.523994 ], [ 115.358822, -8.523983 ], [ 115.358799, -8.523971 ], [ 115.358789, -8.523965 ], [ 115.358777, -8.523958 ], [ 115.358755, -8.523942 ], [ 115.358733, -8.523925 ], [ 115.358713, -8.523905 ], [ 115.358694, -8.523884 ], [ 115.358675, -8.523861 ], [ 115.358658, -8.523837 ], [ 115.358641, -8.523812 ], [ 115.358624, -8.523786 ], [ 115.358615, -8.52377 ], [ 115.358608, -8.52376 ], [ 115.358592, -8.523735 ], [ 115.358576, -8.52371 ], [ 115.35856, -8.523686 ], [ 115.358543, -8.523663 ], [ 115.358541, -8.52366 ], [ 115.358526, -8.523641 ], [ 115.358509, -8.52362 ], [ 115.358492, -8.523599 ], [ 115.358474, -8.52358 ], [ 115.358456, -8.523562 ], [ 115.358438, -8.523544 ], [ 115.358419, -8.523527 ], [ 115.358401, -8.523511 ], [ 115.358381, -8.523496 ], [ 115.358361, -8.523482 ], [ 115.358341, -8.523469 ], [ 115.358319, -8.523458 ], [ 115.358297, -8.523448 ], [ 115.358274, -8.52344 ], [ 115.358249, -8.523434 ], [ 115.358224, -8.523429 ], [ 115.358198, -8.523425 ], [ 115.358172, -8.523423 ], [ 115.358145, -8.523421 ], [ 115.35812, -8.52342 ], [ 115.358094, -8.52342 ], [ 115.35807, -8.523419 ], [ 115.358047, -8.523419 ], [ 115.358025, -8.523418 ], [ 115.358004, -8.523417 ], [ 115.357984, -8.523416 ], [ 115.357965, -8.523414 ], [ 115.357947, -8.523413 ], [ 115.357929, -8.523411 ], [ 115.357912, -8.523408 ], [ 115.357895, -8.523406 ], [ 115.357878, -8.523402 ], [ 115.357862, -8.523399 ], [ 115.357846, -8.523394 ], [ 115.35783, -8.523389 ], [ 115.357814, -8.523382 ], [ 115.357798, -8.523375 ], [ 115.357782, -8.523366 ], [ 115.357765, -8.523356 ], [ 115.357749, -8.523345 ], [ 115.357733, -8.523333 ], [ 115.357717, -8.52332 ], [ 115.357703, -8.523306 ], [ 115.357689, -8.52329 ], [ 115.357676, -8.523274 ], [ 115.357665, -8.523257 ], [ 115.357656, -8.52324 ], [ 115.357648, -8.523221 ], [ 115.357641, -8.523201 ], [ 115.357636, -8.52318 ], [ 115.35763, -8.523157 ], [ 115.357625, -8.523132 ], [ 115.35762, -8.523105 ], [ 115.357614, -8.523075 ], [ 115.357608, -8.523044 ], [ 115.357601, -8.52301 ], [ 115.357594, -8.522974 ], [ 115.357586, -8.522938 ], [ 115.357579, -8.5229 ], [ 115.357572, -8.522862 ], [ 115.357565, -8.522824 ], [ 115.35756, -8.522787 ], [ 115.357555, -8.52275 ], [ 115.35755, -8.522714 ], [ 115.357547, -8.522679 ], [ 115.357545, -8.522644 ], [ 115.357544, -8.52261 ], [ 115.357544, -8.522576 ], [ 115.357545, -8.522542 ], [ 115.357547, -8.522508 ], [ 115.35755, -8.522473 ], [ 115.357555, -8.522439 ], [ 115.35756, -8.522404 ], [ 115.357567, -8.522369 ], [ 115.357574, -8.522333 ], [ 115.357582, -8.522295 ], [ 115.357592, -8.522257 ], [ 115.357601, -8.522218 ], [ 115.357612, -8.522177 ], [ 115.357624, -8.522135 ], [ 115.357635, -8.522093 ], [ 115.357647, -8.522051 ], [ 115.35766, -8.522009 ], [ 115.357672, -8.521968 ], [ 115.357684, -8.521927 ], [ 115.357696, -8.521889 ], [ 115.3577, -8.521873 ], [ 115.357707, -8.521852 ], [ 115.357717, -8.521818 ], [ 115.357727, -8.521784 ], [ 115.357736, -8.521753 ], [ 115.357743, -8.521722 ], [ 115.35775, -8.521692 ], [ 115.357755, -8.521663 ], [ 115.357759, -8.521635 ], [ 115.357762, -8.521606 ], [ 115.357763, -8.521578 ], [ 115.357762, -8.52155 ], [ 115.35776, -8.521522 ], [ 115.357757, -8.521494 ], [ 115.357753, -8.521466 ], [ 115.357748, -8.521437 ], [ 115.357741, -8.521408 ], [ 115.357734, -8.521379 ], [ 115.357725, -8.521349 ], [ 115.357716, -8.521319 ], [ 115.357707, -8.521288 ], [ 115.357697, -8.521256 ], [ 115.357694, -8.521247 ], [ 115.357688, -8.521224 ], [ 115.357678, -8.52119 ], [ 115.357669, -8.521156 ], [ 115.35766, -8.52112 ], [ 115.357652, -8.521084 ], [ 115.357644, -8.521046 ], [ 115.357637, -8.521008 ], [ 115.357631, -8.52097 ], [ 115.357627, -8.520946 ], [ 115.357626, -8.520943 ], [ 115.357623, -8.520943 ], [ 115.357594, -8.520946 ], [ 115.357481, -8.520956 ], [ 115.357068, -8.520991 ], [ 115.356594, -8.521014 ], [ 115.356442, -8.521022 ], [ 115.356424, -8.521023 ], [ 115.35611, -8.521047 ], [ 115.355457, -8.521098 ], [ 115.354691, -8.521164 ], [ 115.354551, -8.521187 ], [ 115.354464, -8.521202 ], [ 115.354422, -8.521208 ], [ 115.353939, -8.521444 ], [ 115.353418, -8.521603 ], [ 115.353002, -8.521732 ], [ 115.352763, -8.521942 ], [ 115.352457, -8.522223 ], [ 115.352393, -8.522283 ], [ 115.352002, -8.522375 ], [ 115.351406, -8.522555 ], [ 115.35088, -8.522698 ], [ 115.349905, -8.522964 ], [ 115.349504, -8.523071 ], [ 115.34868, -8.523292 ], [ 115.348159, -8.524281 ], [ 115.347712, -8.524844 ], [ 115.346815, -8.525351 ], [ 115.345427, -8.524659 ], [ 115.344844, -8.524781 ], [ 115.344822, -8.524784 ], [ 115.344331, -8.524858 ], [ 115.343618, -8.524893 ], [ 115.342944, -8.524874 ], [ 115.342526, -8.52485 ], [ 115.342203, -8.524702 ], [ 115.341876, -8.524564 ], [ 115.341665, -8.524442 ], [ 115.341833, -8.52451 ], [ 115.341738, -8.52446 ], [ 115.341286, -8.524154 ], [ 115.340941, -8.523692 ], [ 115.340889, -8.523658 ], [ 115.34051, -8.523407 ], [ 115.340231, -8.522832 ], [ 115.339714, -8.52314 ], [ 115.339476, -8.523281 ], [ 115.339211, -8.52344 ], [ 115.339036, -8.523544 ], [ 115.338621, -8.523791 ], [ 115.336853, -8.523643 ], [ 115.336513, -8.523642 ], [ 115.336432, -8.523641 ], [ 115.336353, -8.523641 ], [ 115.336364, -8.523724 ], [ 115.336246, -8.522928 ], [ 115.336204, -8.522643 ], [ 115.335967, -8.522239 ], [ 115.335778, -8.522107 ], [ 115.335531, -8.521934 ], [ 115.335275, -8.521777 ], [ 115.335088, -8.521662 ], [ 115.3348, -8.521502 ], [ 115.334644, -8.521416 ], [ 115.334512, -8.521343 ], [ 115.33446, -8.521257 ], [ 115.334401, -8.520973 ], [ 115.33437, -8.520637 ], [ 115.33439, -8.520329 ], [ 115.334592, -8.519802 ], [ 115.334872, -8.519316 ], [ 115.334966, -8.519032 ], [ 115.334841, -8.518819 ], [ 115.33485, -8.518824 ], [ 115.334779, -8.518712 ], [ 115.334716, -8.518605 ], [ 115.334677, -8.518499 ], [ 115.334668, -8.518285 ], [ 115.334632, -8.518123 ], [ 115.334481, -8.517932 ], [ 115.334388, -8.517819 ], [ 115.334449, -8.51741 ], [ 115.334431, -8.517008 ], [ 115.334683, -8.51614 ], [ 115.334685, -8.516134 ], [ 115.33459, -8.516097 ], [ 115.333957, -8.515853 ], [ 115.332795, -8.515703 ], [ 115.332722, -8.515693 ], [ 115.332394, -8.5156 ], [ 115.33225, -8.51556 ], [ 115.332064, -8.515507 ], [ 115.331851, -8.515463 ], [ 115.331778, -8.515493 ], [ 115.33173, -8.515513 ], [ 115.331725, -8.515515 ], [ 115.331634, -8.51541 ], [ 115.331367, -8.514815 ], [ 115.330968, -8.514279 ], [ 115.330731, -8.514015 ], [ 115.330571, -8.513836 ], [ 115.330093, -8.513523 ], [ 115.330062, -8.513503 ], [ 115.329699, -8.513264 ], [ 115.329663, -8.51324 ], [ 115.329592, -8.513225 ], [ 115.329547, -8.513216 ], [ 115.329272, -8.513226 ], [ 115.329056, -8.513191 ], [ 115.328952, -8.513109 ], [ 115.328929, -8.513028 ], [ 115.328929, -8.512865 ], [ 115.329152, -8.512657 ], [ 115.329129, -8.512471 ], [ 115.32899, -8.512273 ], [ 115.328814, -8.511837 ], [ 115.328861, -8.511686 ], [ 115.32899, -8.511559 ], [ 115.329189, -8.511408 ], [ 115.329236, -8.511304 ], [ 115.329266, -8.51113 ], [ 115.329296, -8.510956 ], [ 115.32931, -8.510492 ], [ 115.329404, -8.510318 ], [ 115.329556, -8.510202 ], [ 115.330106, -8.509996 ], [ 115.330479, -8.510032 ], [ 115.330807, -8.50979 ], [ 115.33097, -8.509745 ], [ 115.331018, -8.509733 ], [ 115.331345, -8.509769 ], [ 115.331447, -8.509742 ], [ 115.331881, -8.509628 ] ] ] ] } },
{ "type": "Feature", "properties": { "id": 13, "fid": 13, "objectid": 4158, "namobj": "Ubud", "fcode": "BA03070040", "wadmkc": "Ubud", "wadmkk": "Gianyar", "wadmpr": "Bali", "jumlah_penduduk": 72046, "area_admini": 31505600.820917513 }, "geometry": { "type": "MultiPolygon", "coordinates": [ [ [ [ 115.280219, -8.502732 ], [ 115.280356, -8.502272 ], [ 115.280686, -8.501011 ], [ 115.280862, -8.500686 ], [ 115.281185, -8.500258 ], [ 115.281404, -8.5 ], [ 115.255673, -8.5 ], [ 115.25577, -8.500273 ], [ 115.256519, -8.501062 ], [ 115.256796, -8.50203 ], [ 115.25673, -8.502304 ], [ 115.256601, -8.502599 ], [ 115.256464, -8.502743 ], [ 115.256288, -8.50294 ], [ 115.256141, -8.503038 ], [ 115.255897, -8.503157 ], [ 115.255904, -8.503134 ], [ 115.255801, -8.502809 ], [ 115.255527, -8.502795 ], [ 115.255426, -8.502923 ], [ 115.255244, -8.503114 ], [ 115.255147, -8.503302 ], [ 115.255057, -8.504512 ], [ 115.254913, -8.504912 ], [ 115.254846, -8.504972 ], [ 115.254799, -8.504962 ], [ 115.254637, -8.504928 ], [ 115.254663, -8.504748 ], [ 115.254507, -8.504338 ], [ 115.254333, -8.503983 ], [ 115.253682, -8.503485 ], [ 115.25349, -8.503331 ], [ 115.253337, -8.50309 ], [ 115.253296, -8.502921 ], [ 115.25334, -8.50267 ], [ 115.253355, -8.502639 ], [ 115.253649, -8.502004 ], [ 115.25377, -8.50176 ], [ 115.25365, -8.501065 ], [ 115.253607, -8.500762 ], [ 115.253642, -8.500565 ], [ 115.253837, -8.500359 ], [ 115.254089, -8.500111 ], [ 115.254136, -8.5 ], [ 115.25, -8.5 ], [ 115.240578, -8.5 ], [ 115.240554, -8.50001 ], [ 115.240489, -8.500079 ], [ 115.240205, -8.500419 ], [ 115.240017, -8.500657 ], [ 115.23983, -8.500947 ], [ 115.239492, -8.501354 ], [ 115.239433, -8.50148 ], [ 115.239155, -8.501712 ], [ 115.239032, -8.501855 ], [ 115.238668, -8.502224 ], [ 115.238427, -8.502498 ], [ 115.238094, -8.502872 ], [ 115.237944, -8.503131 ], [ 115.237879, -8.50338 ], [ 115.237813, -8.503666 ], [ 115.237818, -8.50384 ], [ 115.237864, -8.504301 ], [ 115.237879, -8.504508 ], [ 115.237935, -8.504911 ], [ 115.237961, -8.505107 ], [ 115.237986, -8.505236 ], [ 115.238042, -8.505307 ], [ 115.238132, -8.505382 ], [ 115.238198, -8.505453 ], [ 115.238259, -8.505543 ], [ 115.238296, -8.505751 ], [ 115.23829, -8.505892 ], [ 115.238281, -8.505981 ], [ 115.238227, -8.506198 ], [ 115.238184, -8.506324 ], [ 115.238117, -8.50647 ], [ 115.237978, -8.506837 ], [ 115.237864, -8.506968 ], [ 115.237821, -8.507081 ], [ 115.237705, -8.507376 ], [ 115.237686, -8.507451 ], [ 115.23768, -8.507555 ], [ 115.237689, -8.507654 ], [ 115.237746, -8.507762 ], [ 115.237778, -8.507843 ], [ 115.237858, -8.507961 ], [ 115.237919, -8.508069 ], [ 115.238028, -8.508188 ], [ 115.238108, -8.508282 ], [ 115.238221, -8.508405 ], [ 115.238277, -8.508511 ], [ 115.238343, -8.508615 ], [ 115.23838, -8.508695 ], [ 115.23838, -8.508756 ], [ 115.238375, -8.508841 ], [ 115.238246, -8.509066 ], [ 115.238127, -8.509231 ], [ 115.237936, -8.509451 ], [ 115.237751, -8.509624 ], [ 115.237603, -8.509765 ], [ 115.237427, -8.509993 ], [ 115.237369, -8.510143 ], [ 115.237316, -8.510359 ], [ 115.237287, -8.510543 ], [ 115.237305, -8.510713 ], [ 115.23727, -8.511122 ], [ 115.237208, -8.511244 ], [ 115.237131, -8.511366 ], [ 115.237045, -8.511509 ], [ 115.236983, -8.511593 ], [ 115.236897, -8.511701 ], [ 115.236717, -8.511898 ], [ 115.236479, -8.512052 ], [ 115.236384, -8.512136 ], [ 115.236102, -8.512322 ], [ 115.235975, -8.512376 ], [ 115.235912, -8.512438 ], [ 115.235887, -8.512459 ], [ 115.23584, -8.512463 ], [ 115.23579, -8.512442 ], [ 115.235744, -8.512433 ], [ 115.235672, -8.512404 ], [ 115.235601, -8.512345 ], [ 115.235559, -8.512265 ], [ 115.235454, -8.512185 ], [ 115.235328, -8.512101 ], [ 115.235219, -8.512025 ], [ 115.235005, -8.511965 ], [ 115.234875, -8.511965 ], [ 115.234765, -8.511968 ], [ 115.234639, -8.511997 ], [ 115.23439, -8.512084 ], [ 115.234179, -8.512137 ], [ 115.23404, -8.512208 ], [ 115.233795, -8.512324 ], [ 115.233521, -8.51241 ], [ 115.233403, -8.512502 ], [ 115.233306, -8.512585 ], [ 115.23328, -8.512644 ], [ 115.233288, -8.512715 ], [ 115.233305, -8.512799 ], [ 115.233346, -8.512924 ], [ 115.233421, -8.51312 ], [ 115.233463, -8.513187 ], [ 115.23348, -8.513229 ], [ 115.233475, -8.513309 ], [ 115.233424, -8.513443 ], [ 115.233394, -8.513547 ], [ 115.233335, -8.513639 ], [ 115.233288, -8.513727 ], [ 115.233195, -8.513831 ], [ 115.232988, -8.514031 ], [ 115.232717, -8.514245 ], [ 115.232496, -8.514559 ], [ 115.232182, -8.515193 ], [ 115.23206, -8.515561 ], [ 115.231967, -8.515834 ], [ 115.231906, -8.516012 ], [ 115.231768, -8.516432 ], [ 115.231646, -8.516702 ], [ 115.231516, -8.516927 ], [ 115.231341, -8.517112 ], [ 115.231098, -8.517321 ], [ 115.230899, -8.517749 ], [ 115.230845, -8.517884 ], [ 115.230682, -8.518928 ], [ 115.230656, -8.51959 ], [ 115.230636, -8.520014 ], [ 115.230649, -8.520188 ], [ 115.230624, -8.520432 ], [ 115.230633, -8.52061 ], [ 115.230632, -8.521019 ], [ 115.230617, -8.521173 ], [ 115.230609, -8.521467 ], [ 115.230629, -8.521538 ], [ 115.23068, -8.521622 ], [ 115.230753, -8.521713 ], [ 115.230824, -8.521807 ], [ 115.231012, -8.521878 ], [ 115.231096, -8.521895 ], [ 115.231211, -8.521933 ], [ 115.231298, -8.521957 ], [ 115.231538, -8.522056 ], [ 115.231586, -8.522063 ], [ 115.231619, -8.522083 ], [ 115.231676, -8.522117 ], [ 115.231727, -8.522134 ], [ 115.231774, -8.522155 ], [ 115.231808, -8.522192 ], [ 115.231828, -8.522222 ], [ 115.231828, -8.522242 ], [ 115.231831, -8.522292 ], [ 115.231827, -8.522333 ], [ 115.231837, -8.522373 ], [ 115.23184, -8.522427 ], [ 115.231833, -8.52246 ], [ 115.231803, -8.522534 ], [ 115.231758, -8.522634 ], [ 115.231697, -8.522798 ], [ 115.231666, -8.522912 ], [ 115.231587, -8.523089 ], [ 115.231573, -8.52323 ], [ 115.231499, -8.523344 ], [ 115.231468, -8.523448 ], [ 115.231371, -8.523631 ], [ 115.231351, -8.523695 ], [ 115.231283, -8.523822 ], [ 115.231211, -8.523939 ], [ 115.231143, -8.524016 ], [ 115.231086, -8.524099 ], [ 115.230957, -8.524209 ], [ 115.230916, -8.524256 ], [ 115.230869, -8.524303 ], [ 115.230828, -8.524333 ], [ 115.230781, -8.524379 ], [ 115.230713, -8.524429 ], [ 115.230571, -8.52458 ], [ 115.230458, -8.524688 ], [ 115.230355, -8.524787 ], [ 115.230353, -8.524788 ], [ 115.230306, -8.524835 ], [ 115.230181, -8.52493 ], [ 115.230175, -8.524933 ], [ 115.230108, -8.524977 ], [ 115.230055, -8.525019 ], [ 115.23001, -8.525051 ], [ 115.229983, -8.525069 ], [ 115.229951, -8.52509 ], [ 115.229935, -8.525112 ], [ 115.229916, -8.525149 ], [ 115.229902, -8.525172 ], [ 115.229943, -8.525194 ], [ 115.229942, -8.525233 ], [ 115.229971, -8.525306 ], [ 115.23002, -8.525374 ], [ 115.230264, -8.525612 ], [ 115.230705, -8.526177 ], [ 115.230948, -8.526464 ], [ 115.231093, -8.526693 ], [ 115.231291, -8.527101 ], [ 115.231794, -8.528189 ], [ 115.232199, -8.529102 ], [ 115.232445, -8.529622 ], [ 115.232673, -8.530155 ], [ 115.23277, -8.530403 ], [ 115.232952, -8.530966 ], [ 115.233034, -8.531292 ], [ 115.233134, -8.531787 ], [ 115.233177, -8.53201 ], [ 115.233195, -8.532209 ], [ 115.23319, -8.532354 ], [ 115.233011, -8.533047 ], [ 115.232613, -8.534981 ], [ 115.232478, -8.535711 ], [ 115.232389, -8.536865 ], [ 115.232385, -8.536922 ], [ 115.232344, -8.537563 ], [ 115.232375, -8.538521 ], [ 115.232632, -8.540057 ], [ 115.232802, -8.540888 ], [ 115.232897, -8.541372 ], [ 115.233036, -8.541736 ], [ 115.233059, -8.54178 ], [ 115.233077, -8.541763 ], [ 115.233083, -8.54176 ], [ 115.234116, -8.541264 ], [ 115.234802, -8.540973 ], [ 115.235717, -8.54071 ], [ 115.236726, -8.540407 ], [ 115.237466, -8.540197 ], [ 115.237977, -8.540052 ], [ 115.238649, -8.540068 ], [ 115.239213, -8.540124 ], [ 115.240166, -8.540342 ], [ 115.240958, -8.54048 ], [ 115.242844, -8.540732 ], [ 115.243256, -8.540723 ], [ 115.24349, -8.540688 ], [ 115.243793, -8.54056 ], [ 115.244144, -8.540346 ], [ 115.24441, -8.540071 ], [ 115.244416, -8.539912 ], [ 115.244211, -8.539838 ], [ 115.243898, -8.539619 ], [ 115.243682, -8.539402 ], [ 115.243353, -8.538912 ], [ 115.243128, -8.538556 ], [ 115.242985, -8.538405 ], [ 115.242823, -8.538323 ], [ 115.242519, -8.538345 ], [ 115.242329, -8.53838 ], [ 115.242151, -8.538259 ], [ 115.242002, -8.537867 ], [ 115.24198, -8.537602 ], [ 115.241974, -8.537528 ], [ 115.241961, -8.537367 ], [ 115.24197, -8.537038 ], [ 115.241977, -8.537011 ], [ 115.242068, -8.536618 ], [ 115.242152, -8.536281 ], [ 115.242017, -8.535713 ], [ 115.241984, -8.535484 ], [ 115.24198, -8.53546 ], [ 115.241984, -8.535454 ], [ 115.242058, -8.535313 ], [ 115.242395, -8.534999 ], [ 115.242503, -8.534878 ], [ 115.242506, -8.534678 ], [ 115.243596, -8.533829 ], [ 115.244226, -8.533432 ], [ 115.245344, -8.533431 ], [ 115.245598, -8.533592 ], [ 115.246438, -8.535013 ], [ 115.247379, -8.537997 ], [ 115.248029, -8.539737 ], [ 115.248147, -8.540325 ], [ 115.248064, -8.540859 ], [ 115.247454, -8.542032 ], [ 115.247022, -8.542618 ], [ 115.246656, -8.543298 ], [ 115.246453, -8.544066 ], [ 115.246517, -8.544318 ], [ 115.246662, -8.544872 ], [ 115.246819, -8.545062 ], [ 115.247011, -8.545198 ], [ 115.247227, -8.545258 ], [ 115.247423, -8.545324 ], [ 115.247967, -8.545509 ], [ 115.248488, -8.545777 ], [ 115.248622, -8.545918 ], [ 115.248597, -8.546096 ], [ 115.248501, -8.546264 ], [ 115.248347, -8.546622 ], [ 115.24855, -8.546926 ], [ 115.248943, -8.547567 ], [ 115.248947, -8.547598 ], [ 115.248964, -8.547728 ], [ 115.248913, -8.547989 ], [ 115.248656, -8.549043 ], [ 115.248664, -8.54907 ], [ 115.24872, -8.54912 ], [ 115.248743, -8.549219 ], [ 115.248715, -8.549453 ], [ 115.249383, -8.549577 ], [ 115.249943, -8.549831 ], [ 115.25, -8.550009 ], [ 115.250001, -8.550012 ], [ 115.250517, -8.55006 ], [ 115.251092, -8.550192 ], [ 115.251546, -8.550366 ], [ 115.251893, -8.55054 ], [ 115.252098, -8.550628 ], [ 115.252369, -8.550672 ], [ 115.252966, -8.550707 ], [ 115.253291, -8.550719 ], [ 115.253519, -8.550785 ], [ 115.253778, -8.550905 ], [ 115.254146, -8.551155 ], [ 115.25442, -8.551451 ], [ 115.254517, -8.552168 ], [ 115.254813, -8.553048 ], [ 115.25497, -8.553586 ], [ 115.255208, -8.554663 ], [ 115.255237, -8.554946 ], [ 115.255311, -8.555081 ], [ 115.255449, -8.555408 ], [ 115.255578, -8.555906 ], [ 115.255578, -8.556237 ], [ 115.255534, -8.556438 ], [ 115.255442, -8.556563 ], [ 115.254832, -8.557243 ], [ 115.254634, -8.557505 ], [ 115.254579, -8.557733 ], [ 115.254623, -8.557945 ], [ 115.254851, -8.558639 ], [ 115.25486, -8.558865 ], [ 115.254834, -8.559633 ], [ 115.254937, -8.559973 ], [ 115.25564, -8.56165 ], [ 115.255986, -8.562173 ], [ 115.256096, -8.562493 ], [ 115.256156, -8.562857 ], [ 115.256136, -8.563165 ], [ 115.2561, -8.563335 ], [ 115.256057, -8.563539 ], [ 115.256017, -8.563789 ], [ 115.256063, -8.564025 ], [ 115.256164, -8.564239 ], [ 115.256295, -8.564359 ], [ 115.256589, -8.564666 ], [ 115.2566, -8.564897 ], [ 115.256558, -8.565096 ], [ 115.256501, -8.565319 ], [ 115.256388, -8.565758 ], [ 115.256393, -8.565937 ], [ 115.25643, -8.566065 ], [ 115.25653, -8.566269 ], [ 115.256805, -8.566731 ], [ 115.256846, -8.566912 ], [ 115.256802, -8.567122 ], [ 115.256629, -8.56777 ], [ 115.256651, -8.567981 ], [ 115.256687, -8.568053 ], [ 115.256748, -8.568173 ], [ 115.256956, -8.568431 ], [ 115.257474, -8.568984 ], [ 115.258009, -8.569557 ], [ 115.258101, -8.569785 ], [ 115.258124, -8.569973 ], [ 115.258132, -8.570044 ], [ 115.2581, -8.570419 ], [ 115.258018, -8.570701 ], [ 115.257918, -8.571067 ], [ 115.257941, -8.571311 ], [ 115.258051, -8.571716 ], [ 115.25818, -8.571988 ], [ 115.258378, -8.572175 ], [ 115.259106, -8.572801 ], [ 115.259201, -8.572987 ], [ 115.2592, -8.57315 ], [ 115.259159, -8.573741 ], [ 115.259138, -8.574042 ], [ 115.259213, -8.574132 ], [ 115.259349, -8.574202 ], [ 115.259538, -8.574227 ], [ 115.25959, -8.574231 ], [ 115.260438, -8.574305 ], [ 115.260646, -8.574466 ], [ 115.261018, -8.574734 ], [ 115.261627, -8.575064 ], [ 115.261745, -8.57527 ], [ 115.261884, -8.575495 ], [ 115.26206, -8.575594 ], [ 115.262329, -8.575673 ], [ 115.262886, -8.575859 ], [ 115.263053, -8.575982 ], [ 115.263133, -8.576126 ], [ 115.263158, -8.576337 ], [ 115.263134, -8.576803 ], [ 115.263068, -8.577231 ], [ 115.263388, -8.577666 ], [ 115.263798, -8.578242 ], [ 115.26388, -8.578284 ], [ 115.264003, -8.578407 ], [ 115.264326, -8.578594 ], [ 115.264586, -8.578746 ], [ 115.264748, -8.578844 ], [ 115.265055, -8.578997 ], [ 115.265074, -8.579009 ], [ 115.265812, -8.578946 ], [ 115.265982, -8.578937 ], [ 115.26612, -8.578929 ], [ 115.267426, -8.578907 ], [ 115.267609, -8.578911 ], [ 115.267743, -8.578917 ], [ 115.268062, -8.578933 ], [ 115.268102, -8.578932 ], [ 115.26821, -8.578934 ], [ 115.268233, -8.578791 ], [ 115.268289, -8.578535 ], [ 115.268292, -8.578316 ], [ 115.268126, -8.57792 ], [ 115.268067, -8.57776 ], [ 115.268073, -8.577592 ], [ 115.26833, -8.577108 ], [ 115.268443, -8.576905 ], [ 115.268501, -8.576294 ], [ 115.268513, -8.576171 ], [ 115.268498, -8.575811 ], [ 115.268489, -8.575606 ], [ 115.26848, -8.575428 ], [ 115.268473, -8.575284 ], [ 115.26855, -8.574931 ], [ 115.268596, -8.574718 ], [ 115.268661, -8.574372 ], [ 115.268672, -8.573956 ], [ 115.268634, -8.573781 ], [ 115.268479, -8.573461 ], [ 115.268479, -8.572594 ], [ 115.268451, -8.572269 ], [ 115.26844, -8.572144 ], [ 115.268417, -8.571868 ], [ 115.268496, -8.571576 ], [ 115.268567, -8.571357 ], [ 115.268556, -8.570847 ], [ 115.268551, -8.570523 ], [ 115.268576, -8.570123 ], [ 115.26851, -8.569837 ], [ 115.268465, -8.569654 ], [ 115.268541, -8.569437 ], [ 115.268594, -8.569313 ], [ 115.268543, -8.569024 ], [ 115.268409, -8.568529 ], [ 115.268369, -8.568169 ], [ 115.268314, -8.567431 ], [ 115.268279, -8.566961 ], [ 115.268309, -8.566418 ], [ 115.268549, -8.56555 ], [ 115.268494, -8.564868 ], [ 115.268429, -8.56457 ], [ 115.268354, -8.56387 ], [ 115.268111, -8.561646 ], [ 115.268102, -8.561491 ], [ 115.268275, -8.56151 ], [ 115.26829, -8.561511 ], [ 115.268315, -8.561511 ], [ 115.268568, -8.561536 ], [ 115.268715, -8.56155 ], [ 115.269084, -8.561575 ], [ 115.269083, -8.561594 ], [ 115.271248, -8.561711 ], [ 115.271708, -8.561718 ], [ 115.271741, -8.561719 ], [ 115.271784, -8.561718 ], [ 115.271856, -8.561722 ], [ 115.27201, -8.56173 ], [ 115.272051, -8.561733 ], [ 115.272468, -8.561787 ], [ 115.272469, -8.561787 ], [ 115.272926, -8.56183 ], [ 115.273367, -8.56187 ], [ 115.273916, -8.561969 ], [ 115.27525, -8.562326 ], [ 115.276152, -8.56221 ], [ 115.276647, -8.562176 ], [ 115.277124, -8.562156 ], [ 115.27771, -8.562137 ], [ 115.278328, -8.562119 ], [ 115.27873, -8.562077 ], [ 115.279099, -8.561982 ], [ 115.279437, -8.561714 ], [ 115.280058, -8.561069 ], [ 115.280604, -8.560133 ], [ 115.280966, -8.55938 ], [ 115.281372, -8.558367 ], [ 115.281745, -8.557323 ], [ 115.281955, -8.55645 ], [ 115.282186, -8.555696 ], [ 115.282254, -8.555189 ], [ 115.282299, -8.554639 ], [ 115.282263, -8.554057 ], [ 115.281937, -8.553606 ], [ 115.281716, -8.553278 ], [ 115.281507, -8.552839 ], [ 115.281022, -8.551186 ], [ 115.281041, -8.550864 ], [ 115.281044, -8.550451 ], [ 115.280972, -8.550083 ], [ 115.280815, -8.549706 ], [ 115.280727, -8.549531 ], [ 115.28007, -8.548231 ], [ 115.279731, -8.547255 ], [ 115.279646, -8.546676 ], [ 115.279596, -8.546421 ], [ 115.278401, -8.544195 ], [ 115.278442, -8.543914 ], [ 115.27862, -8.543259 ], [ 115.278644, -8.543086 ], [ 115.278727, -8.542503 ], [ 115.278665, -8.541916 ], [ 115.278533, -8.54111 ], [ 115.278427, -8.540513 ], [ 115.278251, -8.539528 ], [ 115.278317, -8.539082 ], [ 115.278338, -8.539031 ], [ 115.278439, -8.538793 ], [ 115.278748, -8.538316 ], [ 115.278963, -8.537954 ], [ 115.279067, -8.537802 ], [ 115.27922, -8.537565 ], [ 115.279328, -8.537397 ], [ 115.279552, -8.536934 ], [ 115.28001, -8.535685 ], [ 115.280031, -8.535393 ], [ 115.279925, -8.535224 ], [ 115.279143, -8.534843 ], [ 115.279025, -8.534678 ], [ 115.279023, -8.534536 ], [ 115.279116, -8.534187 ], [ 115.279276, -8.533854 ], [ 115.279553, -8.533467 ], [ 115.279948, -8.533017 ], [ 115.279961, -8.532825 ], [ 115.279945, -8.532771 ], [ 115.279911, -8.532658 ], [ 115.279743, -8.532432 ], [ 115.279588, -8.532212 ], [ 115.27953, -8.532059 ], [ 115.279507, -8.531832 ], [ 115.279427, -8.531685 ], [ 115.279276, -8.531566 ], [ 115.278994, -8.531416 ], [ 115.278718, -8.531186 ], [ 115.278521, -8.530939 ], [ 115.278408, -8.530706 ], [ 115.278377, -8.530509 ], [ 115.278502, -8.530105 ], [ 115.278993, -8.529408 ], [ 115.279244, -8.529026 ], [ 115.279556, -8.528511 ], [ 115.279753, -8.528209 ], [ 115.279963, -8.527691 ], [ 115.28011, -8.527179 ], [ 115.280166, -8.526697 ], [ 115.280097, -8.525784 ], [ 115.280088, -8.525616 ], [ 115.280326, -8.525003 ], [ 115.280379, -8.524842 ], [ 115.28031, -8.524661 ], [ 115.280225, -8.524512 ], [ 115.280341, -8.523903 ], [ 115.280408, -8.523509 ], [ 115.280409, -8.523411 ], [ 115.280462, -8.523018 ], [ 115.280453, -8.522683 ], [ 115.280444, -8.522295 ], [ 115.280396, -8.521616 ], [ 115.280068, -8.521404 ], [ 115.278789, -8.520724 ], [ 115.278273, -8.520461 ], [ 115.278014, -8.520247 ], [ 115.277797, -8.519949 ], [ 115.277788, -8.519543 ], [ 115.277888, -8.519091 ], [ 115.27815, -8.518509 ], [ 115.278392, -8.517906 ], [ 115.278579, -8.517357 ], [ 115.278711, -8.516883 ], [ 115.278864, -8.516603 ], [ 115.279081, -8.516463 ], [ 115.279055, -8.516292 ], [ 115.279104, -8.516034 ], [ 115.279238, -8.515379 ], [ 115.279178, -8.514852 ], [ 115.279012, -8.513695 ], [ 115.278971, -8.512054 ], [ 115.278906, -8.511387 ], [ 115.27885, -8.510932 ], [ 115.278769, -8.510429 ], [ 115.278812, -8.510049 ], [ 115.278869, -8.509516 ], [ 115.278952, -8.509207 ], [ 115.279121, -8.508992 ], [ 115.27943, -8.508638 ], [ 115.279439, -8.508622 ], [ 115.279528, -8.508386 ], [ 115.279596, -8.508032 ], [ 115.279686, -8.507916 ], [ 115.279908, -8.507621 ], [ 115.279995, -8.507507 ], [ 115.280031, -8.507266 ], [ 115.280103, -8.506894 ], [ 115.280262, -8.506608 ], [ 115.280372, -8.506334 ], [ 115.280357, -8.506141 ], [ 115.280241, -8.505908 ], [ 115.279976, -8.505389 ], [ 115.279898, -8.504959 ], [ 115.279893, -8.504592 ], [ 115.279961, -8.503605 ], [ 115.280038, -8.503207 ], [ 115.280219, -8.502732 ] ] ] ] } },
{ "type": "Feature", "properties": { "id": 14, "fid": 14, "objectid": 4159, "namobj": "Tegallalang", "fcode": "BA03070040", "wadmkc": "Tegallalang", "wadmkk": "Gianyar", "wadmpr": "Bali", "jumlah_penduduk": 52310, "area_admini": 123529.1167417114 }, "geometry": { "type": "MultiPolygon", "coordinates": [ [ [ [ 115.256464, -8.502743 ], [ 115.256601, -8.502599 ], [ 115.25673, -8.502304 ], [ 115.256796, -8.50203 ], [ 115.256519, -8.501062 ], [ 115.25577, -8.500273 ], [ 115.255673, -8.5 ], [ 115.254136, -8.5 ], [ 115.254089, -8.500111 ], [ 115.253837, -8.500359 ], [ 115.253642, -8.500565 ], [ 115.253607, -8.500762 ], [ 115.25365, -8.501065 ], [ 115.25377, -8.50176 ], [ 115.253649, -8.502004 ], [ 115.253355, -8.502639 ], [ 115.25334, -8.50267 ], [ 115.253296, -8.502921 ], [ 115.253337, -8.50309 ], [ 115.25349, -8.503331 ], [ 115.253682, -8.503485 ], [ 115.254333, -8.503983 ], [ 115.254507, -8.504338 ], [ 115.254663, -8.504748 ], [ 115.254637, -8.504928 ], [ 115.254799, -8.504962 ], [ 115.254846, -8.504972 ], [ 115.254913, -8.504912 ], [ 115.255057, -8.504512 ], [ 115.255147, -8.503302 ], [ 115.255244, -8.503114 ], [ 115.255426, -8.502923 ], [ 115.255527, -8.502795 ], [ 115.255801, -8.502809 ], [ 115.255904, -8.503134 ], [ 115.255897, -8.503157 ], [ 115.256141, -8.503038 ], [ 115.256288, -8.50294 ], [ 115.256464, -8.502743 ] ] ] ] } },
{ "type": "Feature", "properties": { "id": 15, "fid": 15, "objectid": 4162, "namobj": "Banjarangkan", "fcode": "BA03070040", "wadmkc": "Banjarangkan", "wadmkk": "Klungkung", "wadmpr": "Bali", "jumlah_penduduk": 44431, "area_admini": 11799249.287991364 }, "geometry": { "type": "MultiPolygon", "coordinates": [ [ [ [ 115.375, -8.5 ], [ 115.356596, -8.5 ], [ 115.356668, -8.500062 ], [ 115.356719, -8.500232 ], [ 115.356747, -8.500292 ], [ 115.356773, -8.500378 ], [ 115.356773, -8.500436 ], [ 115.356772, -8.500553 ], [ 115.356748, -8.500683 ], [ 115.356711, -8.500839 ], [ 115.356659, -8.501193 ], [ 115.356632, -8.501427 ], [ 115.356597, -8.501645 ], [ 115.356594, -8.501757 ], [ 115.35663, -8.501914 ], [ 115.356669, -8.502026 ], [ 115.35671, -8.502136 ], [ 115.356718, -8.50225 ], [ 115.356694, -8.502393 ], [ 115.35664, -8.502606 ], [ 115.356642, -8.50272 ], [ 115.356668, -8.502796 ], [ 115.356736, -8.50289 ], [ 115.356788, -8.502966 ], [ 115.35683, -8.503003 ], [ 115.356916, -8.503055 ], [ 115.356981, -8.503123 ], [ 115.357036, -8.503233 ], [ 115.357056, -8.503329 ], [ 115.357029, -8.5035 ], [ 115.356997, -8.50368 ], [ 115.356902, -8.50393 ], [ 115.356847, -8.504087 ], [ 115.356846, -8.504088 ], [ 115.356846, -8.504089 ], [ 115.356741, -8.504208 ], [ 115.356662, -8.50427 ], [ 115.356596, -8.504296 ], [ 115.356523, -8.504295 ], [ 115.356427, -8.504257 ], [ 115.356375, -8.504247 ], [ 115.356324, -8.504237 ], [ 115.356199, -8.504182 ], [ 115.356105, -8.504166 ], [ 115.356047, -8.504187 ], [ 115.355994, -8.504227 ], [ 115.355957, -8.504281 ], [ 115.355949, -8.504344 ], [ 115.355944, -8.504404 ], [ 115.355964, -8.504482 ], [ 115.355995, -8.504534 ], [ 115.356053, -8.504597 ], [ 115.356106, -8.50463 ], [ 115.356162, -8.504665 ], [ 115.356304, -8.504736 ], [ 115.356437, -8.504804 ], [ 115.356547, -8.504865 ], [ 115.35662, -8.504946 ], [ 115.356674, -8.505029 ], [ 115.356718, -8.505172 ], [ 115.356731, -8.505216 ], [ 115.35671, -8.505279 ], [ 115.356642, -8.505325 ], [ 115.356529, -8.505379 ], [ 115.356411, -8.505444 ], [ 115.356393, -8.505454 ], [ 115.356321, -8.505493 ], [ 115.356269, -8.505522 ], [ 115.356198, -8.505576 ], [ 115.356177, -8.50562 ], [ 115.356171, -8.505693 ], [ 115.356186, -8.505891 ], [ 115.35618, -8.506096 ], [ 115.356198, -8.506291 ], [ 115.356186, -8.506437 ], [ 115.356165, -8.506531 ], [ 115.356118, -8.50659 ], [ 115.356021, -8.506645 ], [ 115.355916, -8.506691 ], [ 115.355693, -8.506764 ], [ 115.355451, -8.506793 ], [ 115.355152, -8.506829 ], [ 115.354905, -8.506869 ], [ 115.354711, -8.506953 ], [ 115.354614, -8.507031 ], [ 115.354396, -8.507312 ], [ 115.354231, -8.507486 ], [ 115.354159, -8.507615 ], [ 115.35414, -8.507745 ], [ 115.354144, -8.507753 ], [ 115.354177, -8.507831 ], [ 115.354315, -8.507935 ], [ 115.354416, -8.508023 ], [ 115.354442, -8.508046 ], [ 115.354613, -8.508188 ], [ 115.354695, -8.508299 ], [ 115.354702, -8.508385 ], [ 115.354679, -8.508463 ], [ 115.354627, -8.508518 ], [ 115.354526, -8.508596 ], [ 115.354394, -8.508718 ], [ 115.354387, -8.508728 ], [ 115.35432, -8.508821 ], [ 115.354312, -8.508832 ], [ 115.354231, -8.508953 ], [ 115.354288, -8.509016 ], [ 115.354326, -8.509059 ], [ 115.354415, -8.509167 ], [ 115.354455, -8.509204 ], [ 115.354463, -8.509235 ], [ 115.354448, -8.509285 ], [ 115.354431, -8.509326 ], [ 115.354375, -8.50938 ], [ 115.354327, -8.509415 ], [ 115.354237, -8.509458 ], [ 115.354133, -8.509501 ], [ 115.354096, -8.509511 ], [ 115.354006, -8.509535 ], [ 115.353864, -8.509558 ], [ 115.353765, -8.509591 ], [ 115.353645, -8.509631 ], [ 115.353557, -8.509664 ], [ 115.353522, -8.509678 ], [ 115.353459, -8.509715 ], [ 115.353424, -8.509775 ], [ 115.353398, -8.509843 ], [ 115.353398, -8.509899 ], [ 115.353417, -8.509982 ], [ 115.353454, -8.510048 ], [ 115.353493, -8.5101 ], [ 115.353582, -8.510179 ], [ 115.353721, -8.51024 ], [ 115.353904, -8.5103 ], [ 115.354093, -8.510371 ], [ 115.354095, -8.510372 ], [ 115.354203, -8.510404 ], [ 115.354312, -8.510449 ], [ 115.354386, -8.510487 ], [ 115.354422, -8.510529 ], [ 115.354436, -8.510579 ], [ 115.354439, -8.510596 ], [ 115.354451, -8.510668 ], [ 115.354418, -8.510786 ], [ 115.354367, -8.510901 ], [ 115.354307, -8.511033 ], [ 115.354235, -8.51121 ], [ 115.354041, -8.511568 ], [ 115.354022, -8.511698 ], [ 115.354016, -8.511763 ], [ 115.354031, -8.511819 ], [ 115.354081, -8.511861 ], [ 115.354165, -8.511894 ], [ 115.354226, -8.511917 ], [ 115.354342, -8.511951 ], [ 115.354442, -8.51198 ], [ 115.354727, -8.512088 ], [ 115.354842, -8.512156 ], [ 115.355097, -8.512278 ], [ 115.355257, -8.512403 ], [ 115.355494, -8.512571 ], [ 115.355579, -8.512701 ], [ 115.355682, -8.512884 ], [ 115.355768, -8.513074 ], [ 115.355808, -8.513239 ], [ 115.355787, -8.513388 ], [ 115.35576, -8.513444 ], [ 115.355757, -8.513447 ], [ 115.355686, -8.513535 ], [ 115.355549, -8.513614 ], [ 115.355391, -8.513693 ], [ 115.355341, -8.513741 ], [ 115.355293, -8.513787 ], [ 115.355227, -8.513881 ], [ 115.355173, -8.514082 ], [ 115.355136, -8.514356 ], [ 115.355174, -8.514513 ], [ 115.35526, -8.514707 ], [ 115.355402, -8.514934 ], [ 115.355475, -8.515073 ], [ 115.355584, -8.515192 ], [ 115.355703, -8.515254 ], [ 115.355765, -8.515275 ], [ 115.35583, -8.515267 ], [ 115.355884, -8.515259 ], [ 115.355908, -8.515255 ], [ 115.355991, -8.515232 ], [ 115.356062, -8.515188 ], [ 115.356136, -8.515147 ], [ 115.356238, -8.515102 ], [ 115.356296, -8.515088 ], [ 115.356348, -8.515091 ], [ 115.356398, -8.515094 ], [ 115.356455, -8.515129 ], [ 115.356555, -8.515184 ], [ 115.35659, -8.51522 ], [ 115.356652, -8.515315 ], [ 115.356726, -8.515462 ], [ 115.356781, -8.515677 ], [ 115.356878, -8.515984 ], [ 115.356972, -8.516147 ], [ 115.357058, -8.516319 ], [ 115.357161, -8.51652 ], [ 115.357193, -8.516681 ], [ 115.357216, -8.516861 ], [ 115.35728, -8.517059 ], [ 115.357327, -8.517287 ], [ 115.357335, -8.517484 ], [ 115.357393, -8.517803 ], [ 115.357428, -8.518006 ], [ 115.357436, -8.518028 ], [ 115.357545, -8.51833 ], [ 115.3576, -8.518427 ], [ 115.357595, -8.518553 ], [ 115.35759, -8.518621 ], [ 115.35756, -8.518722 ], [ 115.357513, -8.518898 ], [ 115.357381, -8.519213 ], [ 115.357274, -8.519531 ], [ 115.357252, -8.519573 ], [ 115.357239, -8.519645 ], [ 115.357269, -8.519716 ], [ 115.35734, -8.519843 ], [ 115.357407, -8.519994 ], [ 115.357507, -8.520218 ], [ 115.357558, -8.520302 ], [ 115.357583, -8.520412 ], [ 115.357552, -8.520596 ], [ 115.357547, -8.520716 ], [ 115.357585, -8.520824 ], [ 115.357626, -8.520943 ], [ 115.357627, -8.520946 ], [ 115.357631, -8.52097 ], [ 115.357637, -8.521008 ], [ 115.357644, -8.521046 ], [ 115.357652, -8.521084 ], [ 115.35766, -8.52112 ], [ 115.357669, -8.521156 ], [ 115.357678, -8.52119 ], [ 115.357688, -8.521224 ], [ 115.357694, -8.521247 ], [ 115.357697, -8.521256 ], [ 115.357707, -8.521288 ], [ 115.357716, -8.521319 ], [ 115.357725, -8.521349 ], [ 115.357734, -8.521379 ], [ 115.357741, -8.521408 ], [ 115.357748, -8.521437 ], [ 115.357753, -8.521466 ], [ 115.357757, -8.521494 ], [ 115.35776, -8.521522 ], [ 115.357762, -8.52155 ], [ 115.357763, -8.521578 ], [ 115.357762, -8.521606 ], [ 115.357759, -8.521635 ], [ 115.357755, -8.521663 ], [ 115.35775, -8.521692 ], [ 115.357743, -8.521722 ], [ 115.357736, -8.521753 ], [ 115.357727, -8.521784 ], [ 115.357717, -8.521818 ], [ 115.357707, -8.521852 ], [ 115.3577, -8.521873 ], [ 115.357696, -8.521889 ], [ 115.357684, -8.521927 ], [ 115.357672, -8.521968 ], [ 115.35766, -8.522009 ], [ 115.357647, -8.522051 ], [ 115.357635, -8.522093 ], [ 115.357624, -8.522135 ], [ 115.357612, -8.522177 ], [ 115.357601, -8.522218 ], [ 115.357592, -8.522257 ], [ 115.357582, -8.522295 ], [ 115.357574, -8.522333 ], [ 115.357567, -8.522369 ], [ 115.35756, -8.522404 ], [ 115.357555, -8.522439 ], [ 115.35755, -8.522473 ], [ 115.357547, -8.522508 ], [ 115.357545, -8.522542 ], [ 115.357544, -8.522576 ], [ 115.357544, -8.52261 ], [ 115.357545, -8.522644 ], [ 115.357547, -8.522679 ], [ 115.35755, -8.522714 ], [ 115.357555, -8.52275 ], [ 115.35756, -8.522787 ], [ 115.357565, -8.522824 ], [ 115.357572, -8.522862 ], [ 115.357579, -8.5229 ], [ 115.357586, -8.522938 ], [ 115.357594, -8.522974 ], [ 115.357601, -8.52301 ], [ 115.357608, -8.523044 ], [ 115.357614, -8.523075 ], [ 115.35762, -8.523105 ], [ 115.357625, -8.523132 ], [ 115.35763, -8.523157 ], [ 115.357636, -8.52318 ], [ 115.357641, -8.523201 ], [ 115.357648, -8.523221 ], [ 115.357656, -8.52324 ], [ 115.357665, -8.523257 ], [ 115.357676, -8.523274 ], [ 115.357689, -8.52329 ], [ 115.357703, -8.523306 ], [ 115.357717, -8.52332 ], [ 115.357733, -8.523333 ], [ 115.357749, -8.523345 ], [ 115.357765, -8.523356 ], [ 115.357782, -8.523366 ], [ 115.357798, -8.523375 ], [ 115.357814, -8.523382 ], [ 115.35783, -8.523389 ], [ 115.357846, -8.523394 ], [ 115.357862, -8.523399 ], [ 115.357878, -8.523402 ], [ 115.357895, -8.523406 ], [ 115.357912, -8.523408 ], [ 115.357929, -8.523411 ], [ 115.357947, -8.523413 ], [ 115.357965, -8.523414 ], [ 115.357984, -8.523416 ], [ 115.358004, -8.523417 ], [ 115.358025, -8.523418 ], [ 115.358047, -8.523419 ], [ 115.35807, -8.523419 ], [ 115.358094, -8.52342 ], [ 115.35812, -8.52342 ], [ 115.358145, -8.523421 ], [ 115.358172, -8.523423 ], [ 115.358198, -8.523425 ], [ 115.358224, -8.523429 ], [ 115.358249, -8.523434 ], [ 115.358274, -8.52344 ], [ 115.358297, -8.523448 ], [ 115.358319, -8.523458 ], [ 115.358341, -8.523469 ], [ 115.358361, -8.523482 ], [ 115.358381, -8.523496 ], [ 115.358401, -8.523511 ], [ 115.358419, -8.523527 ], [ 115.358438, -8.523544 ], [ 115.358456, -8.523562 ], [ 115.358474, -8.52358 ], [ 115.358492, -8.523599 ], [ 115.358509, -8.52362 ], [ 115.358526, -8.523641 ], [ 115.358541, -8.52366 ], [ 115.358543, -8.523663 ], [ 115.35856, -8.523686 ], [ 115.358576, -8.52371 ], [ 115.358592, -8.523735 ], [ 115.358608, -8.52376 ], [ 115.358615, -8.52377 ], [ 115.358624, -8.523786 ], [ 115.358641, -8.523812 ], [ 115.358658, -8.523837 ], [ 115.358675, -8.523861 ], [ 115.358694, -8.523884 ], [ 115.358713, -8.523905 ], [ 115.358733, -8.523925 ], [ 115.358755, -8.523942 ], [ 115.358777, -8.523958 ], [ 115.358789, -8.523965 ], [ 115.358799, -8.523971 ], [ 115.358822, -8.523983 ], [ 115.358845, -8.523994 ], [ 115.358868, -8.524002 ], [ 115.358891, -8.524009 ], [ 115.358913, -8.524015 ], [ 115.358935, -8.524019 ], [ 115.358956, -8.524021 ], [ 115.358976, -8.524023 ], [ 115.358996, -8.524024 ], [ 115.359016, -8.524024 ], [ 115.359035, -8.524024 ], [ 115.359053, -8.524023 ], [ 115.35907, -8.524022 ], [ 115.359088, -8.524021 ], [ 115.359104, -8.524019 ], [ 115.359121, -8.524017 ], [ 115.359137, -8.524014 ], [ 115.359154, -8.524011 ], [ 115.359171, -8.524008 ], [ 115.359188, -8.524004 ], [ 115.359205, -8.523999 ], [ 115.359224, -8.523993 ], [ 115.359243, -8.523987 ], [ 115.359262, -8.523981 ], [ 115.359283, -8.523974 ], [ 115.359305, -8.523967 ], [ 115.359328, -8.52396 ], [ 115.359351, -8.523953 ], [ 115.359377, -8.523945 ], [ 115.359403, -8.523938 ], [ 115.35943, -8.52393 ], [ 115.359458, -8.523923 ], [ 115.359486, -8.523917 ], [ 115.359515, -8.523911 ], [ 115.359544, -8.523906 ], [ 115.359572, -8.523902 ], [ 115.359601, -8.523899 ], [ 115.359629, -8.523898 ], [ 115.359657, -8.523897 ], [ 115.359685, -8.523899 ], [ 115.359713, -8.523901 ], [ 115.35974, -8.523906 ], [ 115.359767, -8.523912 ], [ 115.359794, -8.523919 ], [ 115.359821, -8.523929 ], [ 115.359848, -8.523941 ], [ 115.359875, -8.523954 ], [ 115.359901, -8.523969 ], [ 115.359927, -8.523986 ], [ 115.359954, -8.524005 ], [ 115.359979, -8.524026 ], [ 115.360005, -8.524048 ], [ 115.360025, -8.524066 ], [ 115.36003, -8.524071 ], [ 115.360055, -8.524097 ], [ 115.36008, -8.524124 ], [ 115.360103, -8.524152 ], [ 115.360127, -8.524181 ], [ 115.360149, -8.524212 ], [ 115.36017, -8.524243 ], [ 115.360172, -8.524246 ], [ 115.360191, -8.524276 ], [ 115.36021, -8.52431 ], [ 115.360228, -8.524344 ], [ 115.360245, -8.524379 ], [ 115.360261, -8.524416 ], [ 115.360276, -8.524453 ], [ 115.36029, -8.524491 ], [ 115.360303, -8.524529 ], [ 115.360307, -8.524543 ], [ 115.360315, -8.524569 ], [ 115.360326, -8.52461 ], [ 115.360336, -8.524651 ], [ 115.360346, -8.524694 ], [ 115.360355, -8.524737 ], [ 115.360364, -8.52478 ], [ 115.360366, -8.524791 ], [ 115.360372, -8.524825 ], [ 115.36038, -8.52487 ], [ 115.360388, -8.524915 ], [ 115.360396, -8.524961 ], [ 115.360404, -8.525008 ], [ 115.360412, -8.525055 ], [ 115.360419, -8.525102 ], [ 115.360426, -8.52515 ], [ 115.360433, -8.525198 ], [ 115.360439, -8.525247 ], [ 115.360445, -8.525296 ], [ 115.360446, -8.525303 ], [ 115.36045, -8.525345 ], [ 115.360455, -8.525395 ], [ 115.360458, -8.525444 ], [ 115.360462, -8.525493 ], [ 115.360464, -8.525541 ], [ 115.360467, -8.525588 ], [ 115.360468, -8.525633 ], [ 115.360469, -8.525677 ], [ 115.36047, -8.525719 ], [ 115.36047, -8.525759 ], [ 115.360469, -8.525797 ], [ 115.360467, -8.525835 ], [ 115.360465, -8.525873 ], [ 115.360461, -8.525911 ], [ 115.360456, -8.525948 ], [ 115.36045, -8.525987 ], [ 115.360443, -8.526027 ], [ 115.360434, -8.526067 ], [ 115.360425, -8.526108 ], [ 115.360414, -8.52615 ], [ 115.360404, -8.526191 ], [ 115.360393, -8.526233 ], [ 115.360383, -8.526274 ], [ 115.360373, -8.526314 ], [ 115.360363, -8.526354 ], [ 115.360354, -8.526393 ], [ 115.360346, -8.526431 ], [ 115.360339, -8.526469 ], [ 115.360332, -8.526507 ], [ 115.360327, -8.526544 ], [ 115.360326, -8.526552 ], [ 115.360322, -8.526582 ], [ 115.360318, -8.52662 ], [ 115.360316, -8.526658 ], [ 115.360314, -8.526696 ], [ 115.360313, -8.526735 ], [ 115.360313, -8.526774 ], [ 115.360314, -8.526814 ], [ 115.360316, -8.526854 ], [ 115.360318, -8.526896 ], [ 115.360321, -8.526938 ], [ 115.360325, -8.526981 ], [ 115.360329, -8.527025 ], [ 115.360333, -8.52707 ], [ 115.360334, -8.527075 ], [ 115.360338, -8.527117 ], [ 115.360342, -8.527165 ], [ 115.360347, -8.527215 ], [ 115.360351, -8.527267 ], [ 115.360355, -8.527321 ], [ 115.360358, -8.527377 ], [ 115.360362, -8.527435 ], [ 115.360364, -8.527494 ], [ 115.360366, -8.527552 ], [ 115.360368, -8.52761 ], [ 115.360369, -8.527666 ], [ 115.360369, -8.52772 ], [ 115.360368, -8.527771 ], [ 115.360367, -8.527818 ], [ 115.360365, -8.527861 ], [ 115.360362, -8.527902 ], [ 115.360359, -8.527939 ], [ 115.360356, -8.527975 ], [ 115.360354, -8.528009 ], [ 115.360351, -8.528042 ], [ 115.360348, -8.528074 ], [ 115.360347, -8.528106 ], [ 115.360345, -8.528138 ], [ 115.360345, -8.528165 ], [ 115.360345, -8.52817 ], [ 115.360345, -8.528203 ], [ 115.360347, -8.528238 ], [ 115.36035, -8.528275 ], [ 115.360354, -8.528313 ], [ 115.360359, -8.528355 ], [ 115.360366, -8.528399 ], [ 115.36037, -8.528421 ], [ 115.360374, -8.528445 ], [ 115.360384, -8.528494 ], [ 115.360394, -8.528543 ], [ 115.360404, -8.528592 ], [ 115.360414, -8.528641 ], [ 115.360424, -8.528689 ], [ 115.360433, -8.528735 ], [ 115.360441, -8.528778 ], [ 115.360449, -8.52882 ], [ 115.360456, -8.52886 ], [ 115.360462, -8.528898 ], [ 115.360469, -8.528935 ], [ 115.360475, -8.528972 ], [ 115.360482, -8.529009 ], [ 115.360489, -8.529046 ], [ 115.360497, -8.529083 ], [ 115.360505, -8.529121 ], [ 115.360514, -8.52916 ], [ 115.360523, -8.5292 ], [ 115.360531, -8.529241 ], [ 115.360539, -8.529283 ], [ 115.360546, -8.529327 ], [ 115.360553, -8.529372 ], [ 115.360558, -8.529418 ], [ 115.360562, -8.529465 ], [ 115.360566, -8.529513 ], [ 115.360569, -8.529561 ], [ 115.360571, -8.529608 ], [ 115.360573, -8.529655 ], [ 115.360575, -8.529701 ], [ 115.360576, -8.529745 ], [ 115.360577, -8.529787 ], [ 115.360579, -8.529828 ], [ 115.36058, -8.529868 ], [ 115.360581, -8.529909 ], [ 115.360581, -8.52995 ], [ 115.360582, -8.529993 ], [ 115.360581, -8.530039 ], [ 115.36058, -8.530088 ], [ 115.360578, -8.530141 ], [ 115.360576, -8.530197 ], [ 115.360573, -8.530256 ], [ 115.36057, -8.530316 ], [ 115.360566, -8.530379 ], [ 115.360563, -8.530442 ], [ 115.360559, -8.530505 ], [ 115.360555, -8.530568 ], [ 115.360552, -8.530629 ], [ 115.360549, -8.530689 ], [ 115.360546, -8.530749 ], [ 115.360543, -8.530807 ], [ 115.36054, -8.530864 ], [ 115.360538, -8.530921 ], [ 115.360536, -8.530977 ], [ 115.360534, -8.531032 ], [ 115.360532, -8.531087 ], [ 115.360531, -8.53114 ], [ 115.360529, -8.531193 ], [ 115.360528, -8.531244 ], [ 115.360527, -8.531293 ], [ 115.360527, -8.531341 ], [ 115.360527, -8.531386 ], [ 115.360527, -8.531429 ], [ 115.360527, -8.531469 ], [ 115.360528, -8.531507 ], [ 115.360529, -8.531542 ], [ 115.36053, -8.531576 ], [ 115.360532, -8.531608 ], [ 115.360534, -8.531638 ], [ 115.360534, -8.531638 ], [ 115.360537, -8.531667 ], [ 115.36054, -8.531695 ], [ 115.360543, -8.531722 ], [ 115.360547, -8.531748 ], [ 115.360551, -8.531774 ], [ 115.360557, -8.531799 ], [ 115.360563, -8.531825 ], [ 115.36057, -8.53185 ], [ 115.360578, -8.531872 ], [ 115.360579, -8.531875 ], [ 115.360588, -8.5319 ], [ 115.3606, -8.531926 ], [ 115.360612, -8.531952 ], [ 115.360625, -8.531977 ], [ 115.360639, -8.532003 ], [ 115.360654, -8.532028 ], [ 115.360669, -8.532053 ], [ 115.360685, -8.532077 ], [ 115.3607, -8.532101 ], [ 115.360715, -8.532123 ], [ 115.360731, -8.532145 ], [ 115.360746, -8.532167 ], [ 115.360762, -8.532189 ], [ 115.360779, -8.532211 ], [ 115.360798, -8.532234 ], [ 115.360817, -8.532258 ], [ 115.360838, -8.532283 ], [ 115.360861, -8.532309 ], [ 115.360885, -8.532337 ], [ 115.36091, -8.532367 ], [ 115.360936, -8.532397 ], [ 115.360962, -8.532428 ], [ 115.360988, -8.53246 ], [ 115.361014, -8.532492 ], [ 115.361038, -8.532524 ], [ 115.361062, -8.532556 ], [ 115.361084, -8.532589 ], [ 115.361105, -8.532621 ], [ 115.361125, -8.532654 ], [ 115.361142, -8.532684 ], [ 115.361144, -8.532686 ], [ 115.361162, -8.532719 ], [ 115.361179, -8.532752 ], [ 115.361197, -8.532786 ], [ 115.361213, -8.532819 ], [ 115.36123, -8.532853 ], [ 115.361246, -8.532887 ], [ 115.361262, -8.532921 ], [ 115.361278, -8.532954 ], [ 115.361293, -8.532987 ], [ 115.361309, -8.533019 ], [ 115.361325, -8.533051 ], [ 115.361341, -8.533081 ], [ 115.361358, -8.533111 ], [ 115.361375, -8.53314 ], [ 115.361392, -8.533168 ], [ 115.361398, -8.533178 ], [ 115.361409, -8.533195 ], [ 115.361427, -8.533221 ], [ 115.361431, -8.533226 ], [ 115.36144, -8.533239 ], [ 115.361445, -8.533246 ], [ 115.361464, -8.53327 ], [ 115.361483, -8.533293 ], [ 115.361503, -8.533315 ], [ 115.361523, -8.533336 ], [ 115.361544, -8.533356 ], [ 115.361565, -8.533376 ], [ 115.361586, -8.533395 ], [ 115.361608, -8.533414 ], [ 115.361631, -8.533432 ], [ 115.361653, -8.533449 ], [ 115.361677, -8.533467 ], [ 115.3617, -8.533483 ], [ 115.361723, -8.533499 ], [ 115.361747, -8.533515 ], [ 115.36177, -8.53353 ], [ 115.361793, -8.533544 ], [ 115.361815, -8.533557 ], [ 115.361837, -8.53357 ], [ 115.361859, -8.533582 ], [ 115.361881, -8.533594 ], [ 115.361903, -8.533605 ], [ 115.361926, -8.533616 ], [ 115.361949, -8.533628 ], [ 115.361974, -8.533639 ], [ 115.362001, -8.533652 ], [ 115.362029, -8.533665 ], [ 115.362058, -8.533678 ], [ 115.362088, -8.533692 ], [ 115.362118, -8.533706 ], [ 115.362149, -8.53372 ], [ 115.362179, -8.533734 ], [ 115.362209, -8.533748 ], [ 115.362237, -8.533761 ], [ 115.362264, -8.533774 ], [ 115.362289, -8.533786 ], [ 115.362314, -8.533798 ], [ 115.362338, -8.53381 ], [ 115.362362, -8.533821 ], [ 115.362386, -8.533833 ], [ 115.36241, -8.533845 ], [ 115.362436, -8.533857 ], [ 115.362462, -8.533869 ], [ 115.362489, -8.533882 ], [ 115.362517, -8.533895 ], [ 115.362545, -8.533908 ], [ 115.362574, -8.533922 ], [ 115.362601, -8.533935 ], [ 115.362628, -8.533949 ], [ 115.362655, -8.533962 ], [ 115.362679, -8.533975 ], [ 115.362703, -8.533989 ], [ 115.362726, -8.534002 ], [ 115.362748, -8.534016 ], [ 115.362769, -8.534031 ], [ 115.36279, -8.534046 ], [ 115.362811, -8.534061 ], [ 115.362831, -8.534078 ], [ 115.362852, -8.534095 ], [ 115.362873, -8.534114 ], [ 115.362893, -8.534133 ], [ 115.362914, -8.534154 ], [ 115.362934, -8.534175 ], [ 115.362953, -8.534197 ], [ 115.362972, -8.53422 ], [ 115.362991, -8.534243 ], [ 115.363009, -8.534267 ], [ 115.363026, -8.534292 ], [ 115.363042, -8.534318 ], [ 115.363058, -8.534344 ], [ 115.363073, -8.53437 ], [ 115.363087, -8.534397 ], [ 115.3631, -8.534424 ], [ 115.363113, -8.534452 ], [ 115.363125, -8.53448 ], [ 115.363137, -8.534509 ], [ 115.363147, -8.534537 ], [ 115.363157, -8.534566 ], [ 115.363166, -8.534595 ], [ 115.363175, -8.534624 ], [ 115.363183, -8.534653 ], [ 115.36319, -8.534682 ], [ 115.363196, -8.534711 ], [ 115.363202, -8.53474 ], [ 115.363207, -8.534768 ], [ 115.363212, -8.534797 ], [ 115.363215, -8.534825 ], [ 115.363218, -8.534852 ], [ 115.363221, -8.534879 ], [ 115.363223, -8.534905 ], [ 115.363224, -8.534931 ], [ 115.363225, -8.534955 ], [ 115.363225, -8.534979 ], [ 115.363225, -8.535003 ], [ 115.363225, -8.535025 ], [ 115.363225, -8.535047 ], [ 115.363225, -8.535068 ], [ 115.363225, -8.535089 ], [ 115.363226, -8.535109 ], [ 115.363226, -8.53512 ], [ 115.363227, -8.535129 ], [ 115.363228, -8.535149 ], [ 115.36323, -8.535168 ], [ 115.363232, -8.535186 ], [ 115.363234, -8.535205 ], [ 115.363237, -8.535224 ], [ 115.36324, -8.535242 ], [ 115.363243, -8.535261 ], [ 115.363247, -8.535279 ], [ 115.363252, -8.535298 ], [ 115.363253, -8.535303 ], [ 115.363257, -8.535317 ], [ 115.363263, -8.535335 ], [ 115.36327, -8.535355 ], [ 115.363278, -8.535374 ], [ 115.363287, -8.535394 ], [ 115.363297, -8.535414 ], [ 115.363308, -8.535434 ], [ 115.363321, -8.535454 ], [ 115.363333, -8.535474 ], [ 115.363347, -8.535494 ], [ 115.36336, -8.535513 ], [ 115.363374, -8.535533 ], [ 115.363388, -8.535551 ], [ 115.363402, -8.535569 ], [ 115.363415, -8.535586 ], [ 115.363428, -8.535603 ], [ 115.363441, -8.53562 ], [ 115.363453, -8.535637 ], [ 115.363466, -8.535654 ], [ 115.363477, -8.535671 ], [ 115.363489, -8.535688 ], [ 115.3635, -8.535706 ], [ 115.363511, -8.535725 ], [ 115.363521, -8.535744 ], [ 115.363532, -8.535764 ], [ 115.363542, -8.535784 ], [ 115.363553, -8.535804 ], [ 115.363564, -8.535825 ], [ 115.363575, -8.535847 ], [ 115.363586, -8.535868 ], [ 115.363598, -8.53589 ], [ 115.36361, -8.535912 ], [ 115.36361, -8.535913 ], [ 115.363621, -8.535935 ], [ 115.363633, -8.535957 ], [ 115.363644, -8.535981 ], [ 115.363654, -8.536004 ], [ 115.363664, -8.536028 ], [ 115.363673, -8.536052 ], [ 115.36368, -8.536076 ], [ 115.363687, -8.5361 ], [ 115.363693, -8.536125 ], [ 115.363699, -8.536151 ], [ 115.363703, -8.536176 ], [ 115.363704, -8.536184 ], [ 115.363707, -8.536202 ], [ 115.363709, -8.536228 ], [ 115.363711, -8.536254 ], [ 115.363713, -8.536281 ], [ 115.363713, -8.536309 ], [ 115.363713, -8.536337 ], [ 115.363713, -8.536366 ], [ 115.363712, -8.536396 ], [ 115.363711, -8.536427 ], [ 115.36371, -8.53646 ], [ 115.363708, -8.536494 ], [ 115.363707, -8.53653 ], [ 115.363705, -8.536566 ], [ 115.363703, -8.536602 ], [ 115.363702, -8.536639 ], [ 115.3637, -8.536675 ], [ 115.363699, -8.536711 ], [ 115.363697, -8.536746 ], [ 115.363696, -8.53678 ], [ 115.363695, -8.536812 ], [ 115.363694, -8.536844 ], [ 115.363692, -8.536874 ], [ 115.363691, -8.536904 ], [ 115.36369, -8.536934 ], [ 115.363688, -8.536963 ], [ 115.363687, -8.536991 ], [ 115.363685, -8.53702 ], [ 115.363683, -8.537048 ], [ 115.36368, -8.537077 ], [ 115.36368, -8.537081 ], [ 115.363678, -8.537105 ], [ 115.363674, -8.537132 ], [ 115.363671, -8.537159 ], [ 115.363667, -8.537186 ], [ 115.363662, -8.537213 ], [ 115.363657, -8.537239 ], [ 115.363651, -8.537264 ], [ 115.363644, -8.537289 ], [ 115.363637, -8.537314 ], [ 115.363628, -8.537337 ], [ 115.363619, -8.537361 ], [ 115.363609, -8.537384 ], [ 115.363598, -8.537406 ], [ 115.363586, -8.537428 ], [ 115.363574, -8.53745 ], [ 115.36356, -8.537471 ], [ 115.363553, -8.537481 ], [ 115.363545, -8.537492 ], [ 115.36353, -8.537514 ], [ 115.363514, -8.537535 ], [ 115.363497, -8.537557 ], [ 115.36348, -8.53758 ], [ 115.363462, -8.537603 ], [ 115.363444, -8.537627 ], [ 115.363426, -8.537651 ], [ 115.363408, -8.537675 ], [ 115.363389, -8.537699 ], [ 115.363372, -8.537723 ], [ 115.363355, -8.537747 ], [ 115.363338, -8.53777 ], [ 115.363323, -8.537792 ], [ 115.363308, -8.537813 ], [ 115.363294, -8.537834 ], [ 115.36328, -8.537855 ], [ 115.363267, -8.537875 ], [ 115.363253, -8.537896 ], [ 115.363239, -8.537916 ], [ 115.363225, -8.537937 ], [ 115.363211, -8.537958 ], [ 115.363196, -8.537979 ], [ 115.363181, -8.538001 ], [ 115.363165, -8.538022 ], [ 115.363157, -8.538034 ], [ 115.36315, -8.538044 ], [ 115.363135, -8.538065 ], [ 115.363122, -8.538084 ], [ 115.363121, -8.538086 ], [ 115.363107, -8.538107 ], [ 115.363094, -8.538127 ], [ 115.363082, -8.538147 ], [ 115.36307, -8.538166 ], [ 115.363059, -8.538185 ], [ 115.363049, -8.538205 ], [ 115.363039, -8.538224 ], [ 115.36303, -8.538243 ], [ 115.363022, -8.538262 ], [ 115.363015, -8.538281 ], [ 115.363008, -8.538301 ], [ 115.363002, -8.538321 ], [ 115.362997, -8.538342 ], [ 115.362992, -8.538364 ], [ 115.362989, -8.538386 ], [ 115.362986, -8.538409 ], [ 115.362983, -8.538433 ], [ 115.362982, -8.538458 ], [ 115.362982, -8.538465 ], [ 115.362981, -8.538484 ], [ 115.362981, -8.53851 ], [ 115.362982, -8.538537 ], [ 115.362982, -8.538564 ], [ 115.362983, -8.538591 ], [ 115.362984, -8.538617 ], [ 115.362985, -8.538643 ], [ 115.362985, -8.538667 ], [ 115.362986, -8.53869 ], [ 115.362986, -8.538713 ], [ 115.362986, -8.538734 ], [ 115.362985, -8.538754 ], [ 115.362985, -8.538774 ], [ 115.362983, -8.538791 ], [ 115.362982, -8.538808 ], [ 115.36298, -8.538824 ], [ 115.362978, -8.538838 ], [ 115.362975, -8.538851 ], [ 115.362972, -8.538864 ], [ 115.362969, -8.538875 ], [ 115.362965, -8.538885 ], [ 115.362961, -8.538895 ], [ 115.362957, -8.538904 ], [ 115.362952, -8.538912 ], [ 115.362948, -8.538917 ], [ 115.362947, -8.538919 ], [ 115.362941, -8.538926 ], [ 115.362935, -8.538933 ], [ 115.362928, -8.538939 ], [ 115.36292, -8.538945 ], [ 115.36291, -8.538951 ], [ 115.3629, -8.538957 ], [ 115.362889, -8.538963 ], [ 115.362876, -8.53897 ], [ 115.362862, -8.538976 ], [ 115.362848, -8.538982 ], [ 115.362833, -8.538989 ], [ 115.362818, -8.538996 ], [ 115.362803, -8.539002 ], [ 115.362787, -8.53901 ], [ 115.362773, -8.539017 ], [ 115.362758, -8.539024 ], [ 115.362744, -8.539032 ], [ 115.362729, -8.53904 ], [ 115.362715, -8.539048 ], [ 115.362701, -8.539056 ], [ 115.362687, -8.539064 ], [ 115.362673, -8.539072 ], [ 115.362658, -8.539081 ], [ 115.362644, -8.53909 ], [ 115.36263, -8.539099 ], [ 115.362616, -8.539109 ], [ 115.362602, -8.539119 ], [ 115.362589, -8.539131 ], [ 115.362576, -8.539144 ], [ 115.362563, -8.539158 ], [ 115.362551, -8.539174 ], [ 115.36254, -8.539191 ], [ 115.362529, -8.539209 ], [ 115.36252, -8.539229 ], [ 115.362511, -8.539249 ], [ 115.362503, -8.539271 ], [ 115.362496, -8.539294 ], [ 115.36249, -8.539317 ], [ 115.362485, -8.539341 ], [ 115.362483, -8.539352 ], [ 115.362481, -8.539366 ], [ 115.362479, -8.539391 ], [ 115.362478, -8.539417 ], [ 115.362479, -8.539444 ], [ 115.36248, -8.539471 ], [ 115.362484, -8.539498 ], [ 115.362489, -8.539526 ], [ 115.362496, -8.539554 ], [ 115.362504, -8.539582 ], [ 115.362514, -8.53961 ], [ 115.362525, -8.539639 ], [ 115.362537, -8.539668 ], [ 115.36255, -8.539697 ], [ 115.362564, -8.539727 ], [ 115.362579, -8.539756 ], [ 115.362594, -8.539786 ], [ 115.36261, -8.539815 ], [ 115.362626, -8.539845 ], [ 115.362643, -8.539876 ], [ 115.362661, -8.539906 ], [ 115.36268, -8.539937 ], [ 115.3627, -8.539969 ], [ 115.362722, -8.540001 ], [ 115.362744, -8.540033 ], [ 115.362767, -8.540067 ], [ 115.362791, -8.5401 ], [ 115.362815, -8.540133 ], [ 115.36284, -8.540166 ], [ 115.362864, -8.540199 ], [ 115.362887, -8.540231 ], [ 115.36291, -8.540263 ], [ 115.362931, -8.540294 ], [ 115.362952, -8.540323 ], [ 115.362971, -8.540352 ], [ 115.362989, -8.54038 ], [ 115.363005, -8.540407 ], [ 115.36302, -8.540433 ], [ 115.363033, -8.540457 ], [ 115.363045, -8.540481 ], [ 115.363055, -8.540503 ], [ 115.363063, -8.540525 ], [ 115.36307, -8.540546 ], [ 115.363076, -8.540566 ], [ 115.363078, -8.540577 ], [ 115.36308, -8.540586 ], [ 115.363084, -8.540606 ], [ 115.363086, -8.540626 ], [ 115.363088, -8.540646 ], [ 115.363088, -8.540666 ], [ 115.363088, -8.540687 ], [ 115.363088, -8.540708 ], [ 115.363086, -8.54073 ], [ 115.363084, -8.540752 ], [ 115.363082, -8.540774 ], [ 115.363078, -8.540797 ], [ 115.363074, -8.540821 ], [ 115.363069, -8.540845 ], [ 115.363063, -8.540869 ], [ 115.363057, -8.540894 ], [ 115.36305, -8.54092 ], [ 115.363043, -8.540946 ], [ 115.363036, -8.540972 ], [ 115.363028, -8.540999 ], [ 115.36302, -8.541027 ], [ 115.363012, -8.541056 ], [ 115.363004, -8.541085 ], [ 115.362995, -8.541116 ], [ 115.362986, -8.541148 ], [ 115.362976, -8.541182 ], [ 115.362965, -8.541218 ], [ 115.362953, -8.541256 ], [ 115.36294, -8.541297 ], [ 115.362925, -8.54134 ], [ 115.36291, -8.541386 ], [ 115.362893, -8.541433 ], [ 115.362876, -8.541482 ], [ 115.362859, -8.54153 ], [ 115.362842, -8.541577 ], [ 115.362825, -8.541623 ], [ 115.362809, -8.541667 ], [ 115.362794, -8.541709 ], [ 115.362779, -8.541747 ], [ 115.362766, -8.541784 ], [ 115.362753, -8.541819 ], [ 115.362741, -8.541853 ], [ 115.36273, -8.541886 ], [ 115.362719, -8.541918 ], [ 115.362708, -8.54195 ], [ 115.362697, -8.541981 ], [ 115.362687, -8.542013 ], [ 115.362677, -8.542045 ], [ 115.362668, -8.542077 ], [ 115.362659, -8.542109 ], [ 115.362651, -8.542141 ], [ 115.362643, -8.542173 ], [ 115.362637, -8.542205 ], [ 115.362631, -8.542237 ], [ 115.362626, -8.542269 ], [ 115.362622, -8.542301 ], [ 115.36262, -8.542333 ], [ 115.362619, -8.542365 ], [ 115.362619, -8.542398 ], [ 115.362621, -8.542431 ], [ 115.362624, -8.542464 ], [ 115.362628, -8.542499 ], [ 115.362635, -8.542533 ], [ 115.362635, -8.542533 ], [ 115.362642, -8.542568 ], [ 115.362652, -8.542604 ], [ 115.362662, -8.542639 ], [ 115.362674, -8.542675 ], [ 115.362688, -8.542711 ], [ 115.362702, -8.542747 ], [ 115.362718, -8.542782 ], [ 115.362735, -8.542817 ], [ 115.362753, -8.542852 ], [ 115.362771, -8.542886 ], [ 115.362789, -8.54292 ], [ 115.362807, -8.542953 ], [ 115.362825, -8.542985 ], [ 115.362842, -8.543016 ], [ 115.362858, -8.543046 ], [ 115.362874, -8.543076 ], [ 115.36289, -8.543105 ], [ 115.362905, -8.543134 ], [ 115.362921, -8.543162 ], [ 115.362937, -8.543192 ], [ 115.362953, -8.543221 ], [ 115.362971, -8.543252 ], [ 115.362989, -8.543284 ], [ 115.363008, -8.543317 ], [ 115.363028, -8.54335 ], [ 115.363048, -8.543386 ], [ 115.363069, -8.543422 ], [ 115.36309, -8.543459 ], [ 115.363111, -8.543498 ], [ 115.363132, -8.543537 ], [ 115.363153, -8.543578 ], [ 115.363173, -8.54362 ], [ 115.363194, -8.543662 ], [ 115.363214, -8.543705 ], [ 115.363229, -8.543737 ], [ 115.363233, -8.543747 ], [ 115.363252, -8.543789 ], [ 115.363271, -8.54383 ], [ 115.363288, -8.54387 ], [ 115.363305, -8.543909 ], [ 115.363322, -8.543947 ], [ 115.363338, -8.543985 ], [ 115.36334, -8.543989 ], [ 115.363354, -8.544022 ], [ 115.36337, -8.544059 ], [ 115.363386, -8.544097 ], [ 115.363402, -8.544137 ], [ 115.363419, -8.544177 ], [ 115.36342, -8.544179 ], [ 115.363437, -8.54422 ], [ 115.363455, -8.544263 ], [ 115.363473, -8.544308 ], [ 115.363491, -8.544353 ], [ 115.363509, -8.544397 ], [ 115.363526, -8.54444 ], [ 115.363542, -8.544481 ], [ 115.363557, -8.54452 ], [ 115.363571, -8.544556 ], [ 115.363583, -8.54459 ], [ 115.363594, -8.544621 ], [ 115.363603, -8.544651 ], [ 115.363611, -8.544679 ], [ 115.363617, -8.544706 ], [ 115.363622, -8.544732 ], [ 115.363624, -8.544758 ], [ 115.363625, -8.544784 ], [ 115.363625, -8.544809 ], [ 115.363623, -8.544835 ], [ 115.36362, -8.54486 ], [ 115.363616, -8.544884 ], [ 115.36361, -8.544908 ], [ 115.363604, -8.544931 ], [ 115.363597, -8.544953 ], [ 115.36359, -8.544975 ], [ 115.363582, -8.544995 ], [ 115.363574, -8.545015 ], [ 115.363565, -8.545034 ], [ 115.363555, -8.545053 ], [ 115.363545, -8.545072 ], [ 115.363533, -8.545091 ], [ 115.363521, -8.54511 ], [ 115.363508, -8.54513 ], [ 115.363494, -8.545149 ], [ 115.363479, -8.54517 ], [ 115.363463, -8.54519 ], [ 115.363445, -8.545211 ], [ 115.363426, -8.545232 ], [ 115.363407, -8.545254 ], [ 115.363385, -8.545275 ], [ 115.363363, -8.545297 ], [ 115.363339, -8.545319 ], [ 115.363314, -8.545341 ], [ 115.363288, -8.545363 ], [ 115.363262, -8.545386 ], [ 115.363236, -8.545408 ], [ 115.36321, -8.545431 ], [ 115.363183, -8.545454 ], [ 115.363158, -8.545477 ], [ 115.363132, -8.5455 ], [ 115.363106, -8.545523 ], [ 115.363081, -8.545547 ], [ 115.363056, -8.54557 ], [ 115.36303, -8.545594 ], [ 115.363004, -8.545618 ], [ 115.362977, -8.545642 ], [ 115.36295, -8.545667 ], [ 115.362921, -8.545692 ], [ 115.362891, -8.545719 ], [ 115.362859, -8.545747 ], [ 115.362824, -8.545777 ], [ 115.362786, -8.545809 ], [ 115.362744, -8.545844 ], [ 115.362698, -8.545882 ], [ 115.362648, -8.545923 ], [ 115.362594, -8.545967 ], [ 115.362537, -8.546014 ], [ 115.362479, -8.546061 ], [ 115.362421, -8.54611 ], [ 115.362363, -8.546158 ], [ 115.362308, -8.546206 ], [ 115.362256, -8.546252 ], [ 115.362208, -8.546297 ], [ 115.362164, -8.54634 ], [ 115.362122, -8.546382 ], [ 115.362083, -8.546422 ], [ 115.362047, -8.546463 ], [ 115.362011, -8.546503 ], [ 115.361976, -8.546543 ], [ 115.361942, -8.546583 ], [ 115.361907, -8.546625 ], [ 115.361871, -8.546667 ], [ 115.361836, -8.546709 ], [ 115.361801, -8.546752 ], [ 115.361766, -8.546794 ], [ 115.361732, -8.546836 ], [ 115.361699, -8.546878 ], [ 115.361667, -8.546919 ], [ 115.361636, -8.546958 ], [ 115.361607, -8.546996 ], [ 115.36158, -8.547033 ], [ 115.361553, -8.547069 ], [ 115.361529, -8.547103 ], [ 115.361506, -8.547135 ], [ 115.361484, -8.547165 ], [ 115.361465, -8.547194 ], [ 115.361447, -8.54722 ], [ 115.361431, -8.547244 ], [ 115.361416, -8.547267 ], [ 115.361402, -8.547289 ], [ 115.361389, -8.547309 ], [ 115.361377, -8.547329 ], [ 115.361366, -8.547348 ], [ 115.361355, -8.547366 ], [ 115.361345, -8.547384 ], [ 115.361334, -8.547402 ], [ 115.361324, -8.54742 ], [ 115.361314, -8.547437 ], [ 115.361305, -8.547455 ], [ 115.361295, -8.547473 ], [ 115.361285, -8.547491 ], [ 115.361276, -8.547509 ], [ 115.361267, -8.547528 ], [ 115.361257, -8.547547 ], [ 115.361249, -8.547566 ], [ 115.36124, -8.547585 ], [ 115.361232, -8.547604 ], [ 115.361225, -8.547622 ], [ 115.361218, -8.54764 ], [ 115.361213, -8.547658 ], [ 115.361208, -8.547675 ], [ 115.361204, -8.547692 ], [ 115.361201, -8.547709 ], [ 115.361199, -8.547725 ], [ 115.361197, -8.547741 ], [ 115.361195, -8.547757 ], [ 115.361194, -8.547772 ], [ 115.361193, -8.547788 ], [ 115.361193, -8.547804 ], [ 115.361192, -8.547821 ], [ 115.361192, -8.547837 ], [ 115.361192, -8.547854 ], [ 115.361192, -8.547872 ], [ 115.361192, -8.54789 ], [ 115.361193, -8.547909 ], [ 115.361194, -8.547928 ], [ 115.361195, -8.547948 ], [ 115.361196, -8.547969 ], [ 115.361197, -8.54799 ], [ 115.361198, -8.548011 ], [ 115.3612, -8.548032 ], [ 115.361201, -8.548053 ], [ 115.361202, -8.548072 ], [ 115.361203, -8.548092 ], [ 115.361204, -8.54811 ], [ 115.361205, -8.548126 ], [ 115.361205, -8.548142 ], [ 115.361206, -8.548158 ], [ 115.361207, -8.548172 ], [ 115.361209, -8.548185 ], [ 115.361211, -8.548198 ], [ 115.361214, -8.548211 ], [ 115.361217, -8.548223 ], [ 115.361222, -8.548234 ], [ 115.361227, -8.548245 ], [ 115.361232, -8.548256 ], [ 115.361239, -8.548266 ], [ 115.361245, -8.548277 ], [ 115.361253, -8.548286 ], [ 115.361261, -8.548296 ], [ 115.361269, -8.548306 ], [ 115.361277, -8.548315 ], [ 115.361287, -8.548324 ], [ 115.361296, -8.548333 ], [ 115.361307, -8.548341 ], [ 115.361318, -8.54835 ], [ 115.36133, -8.548357 ], [ 115.361343, -8.548365 ], [ 115.361357, -8.548371 ], [ 115.361372, -8.548378 ], [ 115.361388, -8.548384 ], [ 115.361405, -8.54839 ], [ 115.361423, -8.548395 ], [ 115.361441, -8.5484 ], [ 115.361461, -8.548405 ], [ 115.361482, -8.54841 ], [ 115.361503, -8.548415 ], [ 115.361526, -8.54842 ], [ 115.36155, -8.548425 ], [ 115.361574, -8.54843 ], [ 115.3616, -8.548435 ], [ 115.361626, -8.54844 ], [ 115.361654, -8.548446 ], [ 115.361683, -8.548452 ], [ 115.361712, -8.548458 ], [ 115.361742, -8.548465 ], [ 115.361773, -8.548472 ], [ 115.361803, -8.548479 ], [ 115.361832, -8.548486 ], [ 115.361861, -8.548493 ], [ 115.361888, -8.5485 ], [ 115.361913, -8.548506 ], [ 115.361936, -8.548513 ], [ 115.361958, -8.548519 ], [ 115.361977, -8.548526 ], [ 115.361995, -8.548532 ], [ 115.362011, -8.548537 ], [ 115.362026, -8.548543 ], [ 115.36204, -8.548548 ], [ 115.362054, -8.548553 ], [ 115.362067, -8.548558 ], [ 115.362079, -8.548562 ], [ 115.362091, -8.548567 ], [ 115.362104, -8.548571 ], [ 115.362116, -8.548576 ], [ 115.362128, -8.54858 ], [ 115.36214, -8.548585 ], [ 115.362153, -8.548591 ], [ 115.362166, -8.548596 ], [ 115.36218, -8.548602 ], [ 115.362195, -8.548609 ], [ 115.362209, -8.548616 ], [ 115.362224, -8.548623 ], [ 115.362238, -8.548631 ], [ 115.362253, -8.548639 ], [ 115.362268, -8.548648 ], [ 115.362282, -8.548657 ], [ 115.362296, -8.548667 ], [ 115.36231, -8.548677 ], [ 115.362323, -8.548687 ], [ 115.362336, -8.548698 ], [ 115.362349, -8.548708 ], [ 115.362361, -8.548718 ], [ 115.362373, -8.548729 ], [ 115.362385, -8.548739 ], [ 115.362396, -8.548749 ], [ 115.362407, -8.548759 ], [ 115.362417, -8.548769 ], [ 115.362426, -8.548778 ], [ 115.362435, -8.548788 ], [ 115.362444, -8.548798 ], [ 115.362451, -8.548807 ], [ 115.362458, -8.548817 ], [ 115.362463, -8.548827 ], [ 115.362469, -8.548837 ], [ 115.362473, -8.548847 ], [ 115.362478, -8.548859 ], [ 115.362481, -8.54887 ], [ 115.362485, -8.548883 ], [ 115.362488, -8.548897 ], [ 115.362491, -8.548912 ], [ 115.362494, -8.548928 ], [ 115.362497, -8.548944 ], [ 115.362499, -8.548961 ], [ 115.362501, -8.548978 ], [ 115.362503, -8.548995 ], [ 115.362505, -8.549012 ], [ 115.362506, -8.549027 ], [ 115.362506, -8.549042 ], [ 115.362507, -8.549056 ], [ 115.362507, -8.54907 ], [ 115.362507, -8.549083 ], [ 115.362507, -8.549095 ], [ 115.362507, -8.549108 ], [ 115.362507, -8.54912 ], [ 115.362508, -8.549133 ], [ 115.362508, -8.549146 ], [ 115.362509, -8.549159 ], [ 115.362511, -8.549172 ], [ 115.362512, -8.549185 ], [ 115.362514, -8.549199 ], [ 115.362515, -8.549212 ], [ 115.362517, -8.549224 ], [ 115.362518, -8.549237 ], [ 115.36252, -8.549249 ], [ 115.362522, -8.54926 ], [ 115.362524, -8.549271 ], [ 115.362526, -8.549281 ], [ 115.362529, -8.549291 ], [ 115.362532, -8.5493 ], [ 115.362537, -8.549309 ], [ 115.362543, -8.549317 ], [ 115.36255, -8.549324 ], [ 115.362556, -8.549329 ], [ 115.362558, -8.549331 ], [ 115.362568, -8.549337 ], [ 115.362578, -8.549343 ], [ 115.36259, -8.549347 ], [ 115.362603, -8.549352 ], [ 115.362617, -8.549355 ], [ 115.362632, -8.549358 ], [ 115.362648, -8.54936 ], [ 115.362664, -8.549362 ], [ 115.362682, -8.549364 ], [ 115.362699, -8.549364 ], [ 115.362717, -8.549365 ], [ 115.362736, -8.549365 ], [ 115.362754, -8.549365 ], [ 115.362772, -8.549366 ], [ 115.36279, -8.549366 ], [ 115.362808, -8.549366 ], [ 115.362825, -8.549366 ], [ 115.362842, -8.549366 ], [ 115.36286, -8.549366 ], [ 115.362877, -8.549366 ], [ 115.362895, -8.549366 ], [ 115.362913, -8.549366 ], [ 115.362931, -8.549366 ], [ 115.362949, -8.549366 ], [ 115.362968, -8.549366 ], [ 115.362987, -8.549367 ], [ 115.363007, -8.549367 ], [ 115.363027, -8.549367 ], [ 115.363047, -8.549368 ], [ 115.363067, -8.549369 ], [ 115.363088, -8.549369 ], [ 115.36311, -8.54937 ], [ 115.363131, -8.549371 ], [ 115.363153, -8.549372 ], [ 115.363175, -8.549374 ], [ 115.363197, -8.549375 ], [ 115.363219, -8.549376 ], [ 115.36324, -8.549377 ], [ 115.363262, -8.549378 ], [ 115.363283, -8.549379 ], [ 115.363303, -8.54938 ], [ 115.363324, -8.549382 ], [ 115.363344, -8.549383 ], [ 115.363363, -8.549385 ], [ 115.363381, -8.549388 ], [ 115.363399, -8.549391 ], [ 115.363417, -8.549395 ], [ 115.363433, -8.5494 ], [ 115.363449, -8.549405 ], [ 115.363465, -8.549411 ], [ 115.36348, -8.549418 ], [ 115.363494, -8.549426 ], [ 115.363509, -8.549434 ], [ 115.363523, -8.549444 ], [ 115.363536, -8.549454 ], [ 115.36355, -8.549464 ], [ 115.363563, -8.549475 ], [ 115.363575, -8.549487 ], [ 115.363588, -8.549498 ], [ 115.3636, -8.54951 ], [ 115.363611, -8.549522 ], [ 115.363622, -8.549533 ], [ 115.363633, -8.549543 ], [ 115.363643, -8.549554 ], [ 115.363653, -8.549564 ], [ 115.363662, -8.549574 ], [ 115.363671, -8.549584 ], [ 115.363679, -8.549595 ], [ 115.363687, -8.549606 ], [ 115.363694, -8.549617 ], [ 115.363701, -8.549629 ], [ 115.363707, -8.549642 ], [ 115.363708, -8.549644 ], [ 115.363713, -8.549656 ], [ 115.363718, -8.54967 ], [ 115.363722, -8.549684 ], [ 115.363722, -8.549684 ], [ 115.363726, -8.549699 ], [ 115.363729, -8.549714 ], [ 115.363731, -8.54973 ], [ 115.363732, -8.549746 ], [ 115.363733, -8.549762 ], [ 115.363733, -8.549778 ], [ 115.363732, -8.549794 ], [ 115.36373, -8.549811 ], [ 115.363727, -8.549828 ], [ 115.363724, -8.549845 ], [ 115.363724, -8.549845 ], [ 115.363719, -8.549862 ], [ 115.363714, -8.549879 ], [ 115.363708, -8.549896 ], [ 115.363701, -8.549914 ], [ 115.363694, -8.549931 ], [ 115.363686, -8.549948 ], [ 115.363677, -8.549965 ], [ 115.363668, -8.549982 ], [ 115.363659, -8.549998 ], [ 115.363649, -8.550015 ], [ 115.36364, -8.55003 ], [ 115.36363, -8.550046 ], [ 115.363619, -8.550061 ], [ 115.363609, -8.550075 ], [ 115.363598, -8.55009 ], [ 115.363587, -8.550104 ], [ 115.363575, -8.550118 ], [ 115.363564, -8.550132 ], [ 115.363552, -8.550146 ], [ 115.36354, -8.550159 ], [ 115.363529, -8.550172 ], [ 115.363518, -8.550184 ], [ 115.363507, -8.550195 ], [ 115.363498, -8.550206 ], [ 115.36349, -8.550215 ], [ 115.363484, -8.550224 ], [ 115.363478, -8.550232 ], [ 115.363474, -8.55024 ], [ 115.36347, -8.550248 ], [ 115.363467, -8.550256 ], [ 115.363465, -8.550265 ], [ 115.363464, -8.550276 ], [ 115.363462, -8.550288 ], [ 115.363461, -8.550303 ], [ 115.36346, -8.550319 ], [ 115.363459, -8.550336 ], [ 115.363458, -8.550354 ], [ 115.363457, -8.550372 ], [ 115.363457, -8.550391 ], [ 115.363456, -8.550409 ], [ 115.363456, -8.550427 ], [ 115.363455, -8.550443 ], [ 115.363455, -8.550458 ], [ 115.363455, -8.550473 ], [ 115.363455, -8.550486 ], [ 115.363455, -8.550499 ], [ 115.363456, -8.550511 ], [ 115.363457, -8.550523 ], [ 115.363458, -8.550535 ], [ 115.363459, -8.550546 ], [ 115.363461, -8.550558 ], [ 115.363463, -8.550569 ], [ 115.363466, -8.55058 ], [ 115.36347, -8.550591 ], [ 115.363474, -8.550603 ], [ 115.36348, -8.550614 ], [ 115.363486, -8.550625 ], [ 115.363493, -8.550637 ], [ 115.363501, -8.550649 ], [ 115.36351, -8.55066 ], [ 115.36352, -8.550672 ], [ 115.36353, -8.550685 ], [ 115.36354, -8.550697 ], [ 115.363551, -8.550709 ], [ 115.363562, -8.550721 ], [ 115.363565, -8.550724 ], [ 115.363574, -8.550733 ], [ 115.363585, -8.550745 ], [ 115.363596, -8.550758 ], [ 115.363608, -8.550771 ], [ 115.363619, -8.550784 ], [ 115.363631, -8.550798 ], [ 115.363643, -8.550813 ], [ 115.363654, -8.550829 ], [ 115.363666, -8.550845 ], [ 115.363678, -8.550862 ], [ 115.36369, -8.55088 ], [ 115.363702, -8.550899 ], [ 115.363714, -8.550918 ], [ 115.363727, -8.550938 ], [ 115.363739, -8.550958 ], [ 115.363751, -8.550978 ], [ 115.363764, -8.550998 ], [ 115.363776, -8.551018 ], [ 115.363789, -8.551039 ], [ 115.363801, -8.551059 ], [ 115.363814, -8.551079 ], [ 115.363827, -8.551099 ], [ 115.363839, -8.551119 ], [ 115.363852, -8.551139 ], [ 115.363864, -8.551158 ], [ 115.363875, -8.551175 ], [ 115.363876, -8.551177 ], [ 115.363888, -8.551196 ], [ 115.3639, -8.551215 ], [ 115.363912, -8.551234 ], [ 115.363923, -8.551251 ], [ 115.363924, -8.551252 ], [ 115.363935, -8.55127 ], [ 115.363946, -8.551289 ], [ 115.363957, -8.551307 ], [ 115.363967, -8.551325 ], [ 115.363977, -8.551343 ], [ 115.363987, -8.551361 ], [ 115.363997, -8.551379 ], [ 115.364007, -8.551397 ], [ 115.364017, -8.551414 ], [ 115.364027, -8.551432 ], [ 115.364037, -8.55145 ], [ 115.364047, -8.551467 ], [ 115.364056, -8.551485 ], [ 115.364066, -8.551502 ], [ 115.364075, -8.55152 ], [ 115.364084, -8.551537 ], [ 115.364092, -8.551555 ], [ 115.3641, -8.551572 ], [ 115.364107, -8.55159 ], [ 115.364113, -8.551607 ], [ 115.364119, -8.551625 ], [ 115.364124, -8.551643 ], [ 115.364128, -8.551662 ], [ 115.364132, -8.55168 ], [ 115.364136, -8.551699 ], [ 115.364138, -8.551711 ], [ 115.364139, -8.551718 ], [ 115.364142, -8.551737 ], [ 115.364145, -8.551757 ], [ 115.364147, -8.551776 ], [ 115.364149, -8.551796 ], [ 115.36415, -8.551816 ], [ 115.364151, -8.551836 ], [ 115.364152, -8.551855 ], [ 115.364152, -8.551874 ], [ 115.364151, -8.551893 ], [ 115.36415, -8.551912 ], [ 115.364148, -8.551929 ], [ 115.364146, -8.551947 ], [ 115.364144, -8.551963 ], [ 115.364141, -8.551979 ], [ 115.364138, -8.551993 ], [ 115.364135, -8.552007 ], [ 115.364132, -8.552019 ], [ 115.364128, -8.552031 ], [ 115.364125, -8.552041 ], [ 115.364121, -8.552052 ], [ 115.364117, -8.552062 ], [ 115.364114, -8.552072 ], [ 115.36411, -8.552082 ], [ 115.364106, -8.552092 ], [ 115.364103, -8.552103 ], [ 115.364099, -8.552115 ], [ 115.364096, -8.552127 ], [ 115.364093, -8.55214 ], [ 115.364091, -8.552153 ], [ 115.364088, -8.552166 ], [ 115.364086, -8.552179 ], [ 115.364085, -8.552192 ], [ 115.364083, -8.552205 ], [ 115.364083, -8.552218 ], [ 115.364083, -8.552231 ], [ 115.364083, -8.552243 ], [ 115.364084, -8.552256 ], [ 115.364086, -8.552268 ], [ 115.364088, -8.55228 ], [ 115.364091, -8.552291 ], [ 115.364094, -8.552303 ], [ 115.364099, -8.552314 ], [ 115.364104, -8.552326 ], [ 115.36411, -8.552337 ], [ 115.364118, -8.552349 ], [ 115.364126, -8.552362 ], [ 115.364136, -8.552376 ], [ 115.364148, -8.552391 ], [ 115.364153, -8.552397 ], [ 115.364161, -8.552408 ], [ 115.364176, -8.552425 ], [ 115.364192, -8.552443 ], [ 115.364208, -8.552462 ], [ 115.364225, -8.552481 ], [ 115.364243, -8.5525 ], [ 115.36426, -8.552518 ], [ 115.364277, -8.552536 ], [ 115.364294, -8.552553 ], [ 115.36431, -8.552569 ], [ 115.364326, -8.552584 ], [ 115.364341, -8.552599 ], [ 115.364356, -8.552613 ], [ 115.364371, -8.552627 ], [ 115.364385, -8.552641 ], [ 115.364399, -8.552655 ], [ 115.364413, -8.55267 ], [ 115.364427, -8.552684 ], [ 115.364441, -8.552698 ], [ 115.364454, -8.552713 ], [ 115.364467, -8.552727 ], [ 115.36448, -8.552741 ], [ 115.364492, -8.552755 ], [ 115.364504, -8.552769 ], [ 115.364516, -8.552783 ], [ 115.364527, -8.552796 ], [ 115.364538, -8.55281 ], [ 115.364549, -8.552823 ], [ 115.364559, -8.552837 ], [ 115.364569, -8.552851 ], [ 115.364579, -8.552865 ], [ 115.364589, -8.55288 ], [ 115.364599, -8.552896 ], [ 115.364609, -8.552911 ], [ 115.364618, -8.552928 ], [ 115.364628, -8.552945 ], [ 115.364637, -8.552962 ], [ 115.364646, -8.55298 ], [ 115.364655, -8.552998 ], [ 115.364663, -8.553017 ], [ 115.364671, -8.553036 ], [ 115.364679, -8.553055 ], [ 115.364686, -8.553075 ], [ 115.364694, -8.553094 ], [ 115.3647, -8.553114 ], [ 115.364707, -8.553133 ], [ 115.364713, -8.553152 ], [ 115.364718, -8.55317 ], [ 115.364723, -8.553188 ], [ 115.364728, -8.553206 ], [ 115.364732, -8.553222 ], [ 115.364736, -8.553239 ], [ 115.364739, -8.553255 ], [ 115.364742, -8.55327 ], [ 115.364744, -8.553285 ], [ 115.364745, -8.553299 ], [ 115.364746, -8.553313 ], [ 115.364745, -8.553326 ], [ 115.364744, -8.553339 ], [ 115.364743, -8.553352 ], [ 115.364741, -8.553364 ], [ 115.364738, -8.553376 ], [ 115.364735, -8.553386 ], [ 115.364734, -8.553387 ], [ 115.36473, -8.553398 ], [ 115.364725, -8.553409 ], [ 115.36472, -8.55342 ], [ 115.364714, -8.553431 ], [ 115.364707, -8.553441 ], [ 115.364701, -8.553451 ], [ 115.364693, -8.55346 ], [ 115.364686, -8.553469 ], [ 115.364678, -8.553478 ], [ 115.36467, -8.553487 ], [ 115.364662, -8.553495 ], [ 115.364654, -8.553503 ], [ 115.364645, -8.553511 ], [ 115.364635, -8.553519 ], [ 115.364624, -8.553527 ], [ 115.364612, -8.553535 ], [ 115.364599, -8.553544 ], [ 115.364585, -8.553554 ], [ 115.36457, -8.553564 ], [ 115.364554, -8.553574 ], [ 115.364538, -8.553584 ], [ 115.364521, -8.553593 ], [ 115.364505, -8.553603 ], [ 115.364488, -8.553612 ], [ 115.364473, -8.55362 ], [ 115.364458, -8.553627 ], [ 115.364443, -8.553634 ], [ 115.364429, -8.55364 ], [ 115.364415, -8.553645 ], [ 115.364401, -8.553651 ], [ 115.364387, -8.553656 ], [ 115.364372, -8.553662 ], [ 115.364356, -8.553669 ], [ 115.364339, -8.553676 ], [ 115.364322, -8.553683 ], [ 115.364303, -8.553691 ], [ 115.364285, -8.553699 ], [ 115.364266, -8.553708 ], [ 115.364247, -8.553717 ], [ 115.364228, -8.553727 ], [ 115.36421, -8.553736 ], [ 115.364193, -8.553746 ], [ 115.364177, -8.553756 ], [ 115.364162, -8.553766 ], [ 115.364147, -8.553776 ], [ 115.364134, -8.553785 ], [ 115.364123, -8.553795 ], [ 115.364113, -8.553805 ], [ 115.364104, -8.553814 ], [ 115.364097, -8.553823 ], [ 115.364092, -8.553832 ], [ 115.364088, -8.553841 ], [ 115.364085, -8.55385 ], [ 115.364084, -8.553859 ], [ 115.364083, -8.553868 ], [ 115.364084, -8.553877 ], [ 115.364086, -8.553887 ], [ 115.364088, -8.553897 ], [ 115.364091, -8.553907 ], [ 115.364096, -8.553917 ], [ 115.364101, -8.553928 ], [ 115.364107, -8.553939 ], [ 115.364114, -8.55395 ], [ 115.364116, -8.553953 ], [ 115.364122, -8.553962 ], [ 115.364131, -8.553973 ], [ 115.364141, -8.553984 ], [ 115.364152, -8.553996 ], [ 115.364164, -8.554007 ], [ 115.364177, -8.554018 ], [ 115.36419, -8.554029 ], [ 115.364203, -8.554041 ], [ 115.364216, -8.554052 ], [ 115.364228, -8.554062 ], [ 115.36424, -8.554073 ], [ 115.364252, -8.554084 ], [ 115.364264, -8.554095 ], [ 115.364275, -8.554106 ], [ 115.364287, -8.554117 ], [ 115.364298, -8.554129 ], [ 115.36431, -8.554141 ], [ 115.364323, -8.554153 ], [ 115.364336, -8.554166 ], [ 115.36435, -8.55418 ], [ 115.364364, -8.554194 ], [ 115.364377, -8.554208 ], [ 115.364391, -8.554221 ], [ 115.364405, -8.554235 ], [ 115.364418, -8.554247 ], [ 115.36443, -8.554259 ], [ 115.364441, -8.55427 ], [ 115.364452, -8.55428 ], [ 115.364462, -8.55429 ], [ 115.364471, -8.554301 ], [ 115.364479, -8.554312 ], [ 115.364488, -8.554324 ], [ 115.364495, -8.554337 ], [ 115.364503, -8.554353 ], [ 115.364509, -8.55437 ], [ 115.364516, -8.55439 ], [ 115.364522, -8.554411 ], [ 115.364527, -8.554433 ], [ 115.364531, -8.554457 ], [ 115.364534, -8.554481 ], [ 115.364534, -8.554485 ], [ 115.364535, -8.554505 ], [ 115.364535, -8.554529 ], [ 115.364533, -8.554553 ], [ 115.364529, -8.554577 ], [ 115.364525, -8.5546 ], [ 115.364519, -8.554623 ], [ 115.364513, -8.554646 ], [ 115.364506, -8.554668 ], [ 115.364499, -8.554691 ], [ 115.364493, -8.554713 ], [ 115.364487, -8.554735 ], [ 115.364481, -8.554757 ], [ 115.364476, -8.554779 ], [ 115.364471, -8.5548 ], [ 115.364467, -8.554822 ], [ 115.364463, -8.554843 ], [ 115.364459, -8.554865 ], [ 115.364456, -8.554887 ], [ 115.364453, -8.554908 ], [ 115.36445, -8.55493 ], [ 115.364448, -8.554951 ], [ 115.364445, -8.554973 ], [ 115.364443, -8.554994 ], [ 115.364441, -8.555015 ], [ 115.364439, -8.555037 ], [ 115.364438, -8.555058 ], [ 115.364436, -8.555079 ], [ 115.364435, -8.5551 ], [ 115.364433, -8.55512 ], [ 115.364433, -8.55514 ], [ 115.364432, -8.55516 ], [ 115.364432, -8.555179 ], [ 115.364433, -8.555198 ], [ 115.364434, -8.555217 ], [ 115.364436, -8.555234 ], [ 115.364438, -8.555251 ], [ 115.364442, -8.555268 ], [ 115.364446, -8.555285 ], [ 115.364451, -8.555301 ], [ 115.364457, -8.555318 ], [ 115.364465, -8.555334 ], [ 115.364473, -8.555351 ], [ 115.364483, -8.555368 ], [ 115.364494, -8.555386 ], [ 115.364499, -8.555394 ], [ 115.364506, -8.555404 ], [ 115.364519, -8.555422 ], [ 115.364532, -8.55544 ], [ 115.364546, -8.555458 ], [ 115.364559, -8.555477 ], [ 115.364573, -8.555495 ], [ 115.364587, -8.555514 ], [ 115.364601, -8.555532 ], [ 115.364614, -8.555551 ], [ 115.364628, -8.55557 ], [ 115.364641, -8.55559 ], [ 115.364654, -8.55561 ], [ 115.364667, -8.555631 ], [ 115.36468, -8.555652 ], [ 115.364693, -8.555674 ], [ 115.364705, -8.555696 ], [ 115.364717, -8.55572 ], [ 115.364729, -8.555743 ], [ 115.36474, -8.555767 ], [ 115.364749, -8.555791 ], [ 115.364758, -8.555816 ], [ 115.364766, -8.55584 ], [ 115.364769, -8.555849 ], [ 115.364773, -8.555864 ], [ 115.364778, -8.555888 ], [ 115.364782, -8.555912 ], [ 115.364786, -8.555937 ], [ 115.364788, -8.555961 ], [ 115.36479, -8.555987 ], [ 115.364792, -8.556012 ], [ 115.364793, -8.556039 ], [ 115.364793, -8.556045 ], [ 115.364794, -8.556066 ], [ 115.364794, -8.556093 ], [ 115.364795, -8.556122 ], [ 115.364796, -8.55615 ], [ 115.364797, -8.556179 ], [ 115.364799, -8.556209 ], [ 115.364801, -8.556238 ], [ 115.364804, -8.556267 ], [ 115.364808, -8.556297 ], [ 115.364813, -8.556326 ], [ 115.364818, -8.556355 ], [ 115.364824, -8.556384 ], [ 115.364831, -8.556412 ], [ 115.364837, -8.556441 ], [ 115.364844, -8.556469 ], [ 115.364851, -8.556498 ], [ 115.364858, -8.556526 ], [ 115.364865, -8.556554 ], [ 115.364872, -8.556582 ], [ 115.364878, -8.556611 ], [ 115.364884, -8.556639 ], [ 115.364888, -8.556668 ], [ 115.364892, -8.556697 ], [ 115.364895, -8.556727 ], [ 115.364896, -8.556757 ], [ 115.364896, -8.556787 ], [ 115.364895, -8.556817 ], [ 115.364894, -8.556846 ], [ 115.364892, -8.556875 ], [ 115.36489, -8.556902 ], [ 115.364888, -8.556927 ], [ 115.364886, -8.556951 ], [ 115.364884, -8.556972 ], [ 115.364883, -8.556981 ], [ 115.364882, -8.556991 ], [ 115.364881, -8.557009 ], [ 115.36488, -8.557025 ], [ 115.364879, -8.55704 ], [ 115.364878, -8.557054 ], [ 115.364877, -8.557068 ], [ 115.364876, -8.557081 ], [ 115.364875, -8.557094 ], [ 115.364874, -8.557107 ], [ 115.364873, -8.557121 ], [ 115.364872, -8.557134 ], [ 115.364871, -8.557148 ], [ 115.36487, -8.557161 ], [ 115.364869, -8.557175 ], [ 115.364869, -8.557189 ], [ 115.364868, -8.557203 ], [ 115.364868, -8.557217 ], [ 115.364868, -8.557231 ], [ 115.364868, -8.557244 ], [ 115.364868, -8.557258 ], [ 115.364869, -8.557271 ], [ 115.36487, -8.557284 ], [ 115.364871, -8.557296 ], [ 115.364873, -8.557307 ], [ 115.364875, -8.557318 ], [ 115.364878, -8.557328 ], [ 115.364881, -8.557338 ], [ 115.364886, -8.557346 ], [ 115.364891, -8.557354 ], [ 115.364891, -8.557355 ], [ 115.364898, -8.557362 ], [ 115.364905, -8.557368 ], [ 115.364914, -8.557374 ], [ 115.364924, -8.557379 ], [ 115.364936, -8.557384 ], [ 115.364948, -8.557388 ], [ 115.364962, -8.557391 ], [ 115.364978, -8.557394 ], [ 115.364994, -8.557396 ], [ 115.365012, -8.557398 ], [ 115.365032, -8.557399 ], [ 115.365052, -8.5574 ], [ 115.365073, -8.557401 ], [ 115.365096, -8.557402 ], [ 115.365119, -8.557404 ], [ 115.365143, -8.557405 ], [ 115.365168, -8.557407 ], [ 115.365193, -8.557409 ], [ 115.365218, -8.557412 ], [ 115.365244, -8.557416 ], [ 115.36527, -8.55742 ], [ 115.365295, -8.557424 ], [ 115.36532, -8.557429 ], [ 115.365345, -8.557435 ], [ 115.365369, -8.55744 ], [ 115.365392, -8.557446 ], [ 115.365414, -8.557452 ], [ 115.365436, -8.557458 ], [ 115.365456, -8.557464 ], [ 115.365475, -8.557471 ], [ 115.365494, -8.557478 ], [ 115.365512, -8.557486 ], [ 115.365529, -8.557495 ], [ 115.365545, -8.557504 ], [ 115.365561, -8.557514 ], [ 115.365576, -8.557525 ], [ 115.36559, -8.557537 ], [ 115.365604, -8.55755 ], [ 115.365618, -8.557564 ], [ 115.365631, -8.557578 ], [ 115.365644, -8.557593 ], [ 115.365656, -8.557609 ], [ 115.365668, -8.557625 ], [ 115.36568, -8.557642 ], [ 115.365692, -8.557659 ], [ 115.365703, -8.557677 ], [ 115.365713, -8.557695 ], [ 115.365724, -8.557713 ], [ 115.365733, -8.557731 ], [ 115.365742, -8.55775 ], [ 115.365751, -8.557768 ], [ 115.365758, -8.557787 ], [ 115.365765, -8.557805 ], [ 115.365772, -8.557823 ], [ 115.365777, -8.557841 ], [ 115.365782, -8.557858 ], [ 115.365786, -8.557875 ], [ 115.36579, -8.557891 ], [ 115.365792, -8.557907 ], [ 115.365794, -8.557922 ], [ 115.365795, -8.557937 ], [ 115.365796, -8.557952 ], [ 115.365795, -8.557968 ], [ 115.365793, -8.557983 ], [ 115.365791, -8.558 ], [ 115.365788, -8.558017 ], [ 115.365784, -8.558036 ], [ 115.365779, -8.558055 ], [ 115.365773, -8.558076 ], [ 115.365766, -8.558097 ], [ 115.365759, -8.558119 ], [ 115.365751, -8.558141 ], [ 115.365746, -8.558154 ], [ 115.365743, -8.558164 ], [ 115.365733, -8.558187 ], [ 115.365724, -8.55821 ], [ 115.365714, -8.558233 ], [ 115.365703, -8.558256 ], [ 115.365691, -8.558279 ], [ 115.365679, -8.558301 ], [ 115.365666, -8.558324 ], [ 115.365652, -8.558345 ], [ 115.365638, -8.558366 ], [ 115.365622, -8.558386 ], [ 115.365606, -8.558405 ], [ 115.365589, -8.558424 ], [ 115.365572, -8.558443 ], [ 115.365554, -8.558461 ], [ 115.365537, -8.558479 ], [ 115.365519, -8.558498 ], [ 115.365502, -8.558516 ], [ 115.365485, -8.558534 ], [ 115.365469, -8.558553 ], [ 115.365453, -8.558572 ], [ 115.365438, -8.55859 ], [ 115.365423, -8.558609 ], [ 115.36541, -8.558627 ], [ 115.365397, -8.558644 ], [ 115.365386, -8.558661 ], [ 115.365375, -8.558677 ], [ 115.365366, -8.558692 ], [ 115.365358, -8.558707 ], [ 115.365351, -8.558721 ], [ 115.365345, -8.558734 ], [ 115.365339, -8.558748 ], [ 115.365335, -8.55876 ], [ 115.365332, -8.558773 ], [ 115.365329, -8.558785 ], [ 115.365327, -8.558797 ], [ 115.365326, -8.558809 ], [ 115.365326, -8.55882 ], [ 115.365327, -8.558831 ], [ 115.365329, -8.558842 ], [ 115.365332, -8.558853 ], [ 115.365337, -8.558863 ], [ 115.365342, -8.558873 ], [ 115.36535, -8.558883 ], [ 115.365359, -8.558893 ], [ 115.36537, -8.558902 ], [ 115.365383, -8.558911 ], [ 115.365398, -8.55892 ], [ 115.365416, -8.558928 ], [ 115.365437, -8.558936 ], [ 115.365459, -8.558943 ], [ 115.36546, -8.558944 ], [ 115.365487, -8.558951 ], [ 115.365515, -8.558958 ], [ 115.365545, -8.558964 ], [ 115.365575, -8.55897 ], [ 115.365607, -8.558976 ], [ 115.365639, -8.558982 ], [ 115.365671, -8.558986 ], [ 115.365702, -8.558991 ], [ 115.365733, -8.558995 ], [ 115.365763, -8.558999 ], [ 115.365792, -8.559003 ], [ 115.365822, -8.559007 ], [ 115.365851, -8.559012 ], [ 115.36588, -8.559016 ], [ 115.365909, -8.55902 ], [ 115.365938, -8.559025 ], [ 115.365967, -8.559031 ], [ 115.365995, -8.559036 ], [ 115.366023, -8.559042 ], [ 115.366051, -8.559049 ], [ 115.366078, -8.559056 ], [ 115.366104, -8.559063 ], [ 115.366129, -8.559071 ], [ 115.366153, -8.559079 ], [ 115.366177, -8.559087 ], [ 115.366199, -8.559096 ], [ 115.366221, -8.559105 ], [ 115.366242, -8.559115 ], [ 115.366262, -8.559126 ], [ 115.366282, -8.559137 ], [ 115.366301, -8.559149 ], [ 115.36632, -8.559162 ], [ 115.366338, -8.559176 ], [ 115.366356, -8.55919 ], [ 115.366373, -8.559205 ], [ 115.36639, -8.55922 ], [ 115.366405, -8.559237 ], [ 115.36642, -8.559253 ], [ 115.366434, -8.55927 ], [ 115.366447, -8.559288 ], [ 115.366459, -8.559307 ], [ 115.36647, -8.559325 ], [ 115.36648, -8.559345 ], [ 115.36649, -8.559364 ], [ 115.3665, -8.559385 ], [ 115.366509, -8.559406 ], [ 115.366519, -8.559427 ], [ 115.366528, -8.559449 ], [ 115.366537, -8.559471 ], [ 115.366546, -8.559494 ], [ 115.366554, -8.559517 ], [ 115.366562, -8.559541 ], [ 115.366569, -8.559565 ], [ 115.366576, -8.559589 ], [ 115.366581, -8.559614 ], [ 115.366586, -8.559638 ], [ 115.366589, -8.559663 ], [ 115.366592, -8.559688 ], [ 115.366594, -8.559712 ], [ 115.366595, -8.559735 ], [ 115.366595, -8.559744 ], [ 115.366595, -8.559758 ], [ 115.366595, -8.55978 ], [ 115.366594, -8.5598 ], [ 115.366593, -8.559819 ], [ 115.366591, -8.559836 ], [ 115.366588, -8.559853 ], [ 115.366585, -8.559868 ], [ 115.366582, -8.559883 ], [ 115.366578, -8.559898 ], [ 115.366573, -8.559912 ], [ 115.366567, -8.559927 ], [ 115.366561, -8.559942 ], [ 115.366555, -8.559957 ], [ 115.366547, -8.559973 ], [ 115.366539, -8.559988 ], [ 115.366531, -8.560003 ], [ 115.366521, -8.560017 ], [ 115.366511, -8.560031 ], [ 115.366501, -8.560045 ], [ 115.36649, -8.560057 ], [ 115.366478, -8.560068 ], [ 115.366465, -8.560079 ], [ 115.366452, -8.560088 ], [ 115.366437, -8.560097 ], [ 115.366422, -8.560105 ], [ 115.366406, -8.560111 ], [ 115.366389, -8.560117 ], [ 115.366371, -8.560121 ], [ 115.366352, -8.560125 ], [ 115.366332, -8.560128 ], [ 115.366312, -8.560129 ], [ 115.366291, -8.560131 ], [ 115.36627, -8.560131 ], [ 115.366249, -8.560131 ], [ 115.366228, -8.56013 ], [ 115.366207, -8.560128 ], [ 115.366186, -8.560127 ], [ 115.366165, -8.560124 ], [ 115.366144, -8.560122 ], [ 115.366124, -8.560119 ], [ 115.366103, -8.560117 ], [ 115.366083, -8.560114 ], [ 115.366063, -8.560111 ], [ 115.366043, -8.560109 ], [ 115.366023, -8.560106 ], [ 115.366003, -8.560104 ], [ 115.365983, -8.560101 ], [ 115.365977, -8.5601 ], [ 115.365964, -8.560098 ], [ 115.365945, -8.560095 ], [ 115.365927, -8.560092 ], [ 115.365908, -8.560089 ], [ 115.365891, -8.560085 ], [ 115.365873, -8.560081 ], [ 115.365856, -8.560076 ], [ 115.36584, -8.560072 ], [ 115.365824, -8.560068 ], [ 115.365808, -8.560063 ], [ 115.365793, -8.560059 ], [ 115.365779, -8.560055 ], [ 115.365766, -8.560052 ], [ 115.365753, -8.560049 ], [ 115.36574, -8.560046 ], [ 115.365728, -8.560044 ], [ 115.365717, -8.560042 ], [ 115.365705, -8.56004 ], [ 115.365695, -8.560038 ], [ 115.365684, -8.560037 ], [ 115.365674, -8.560036 ], [ 115.365664, -8.560036 ], [ 115.365655, -8.560035 ], [ 115.365645, -8.560036 ], [ 115.365636, -8.560036 ], [ 115.365632, -8.560037 ], [ 115.365628, -8.560038 ], [ 115.36562, -8.56004 ], [ 115.365613, -8.560042 ], [ 115.365606, -8.560046 ], [ 115.365599, -8.56005 ], [ 115.365593, -8.560055 ], [ 115.365587, -8.560061 ], [ 115.365581, -8.560068 ], [ 115.365575, -8.560077 ], [ 115.36557, -8.560086 ], [ 115.365564, -8.560097 ], [ 115.365558, -8.560109 ], [ 115.365552, -8.560122 ], [ 115.365546, -8.560136 ], [ 115.36554, -8.560152 ], [ 115.365534, -8.560168 ], [ 115.365527, -8.560185 ], [ 115.365521, -8.560204 ], [ 115.365514, -8.560223 ], [ 115.365507, -8.560243 ], [ 115.365501, -8.56026 ], [ 115.3655, -8.560263 ], [ 115.365493, -8.560285 ], [ 115.365486, -8.560307 ], [ 115.365478, -8.56033 ], [ 115.36547, -8.560354 ], [ 115.365462, -8.560379 ], [ 115.365454, -8.560404 ], [ 115.365446, -8.560431 ], [ 115.365437, -8.560458 ], [ 115.365428, -8.560485 ], [ 115.365419, -8.560513 ], [ 115.365409, -8.56054 ], [ 115.365403, -8.560557 ], [ 115.3654, -8.560566 ], [ 115.36539, -8.560592 ], [ 115.36538, -8.560617 ], [ 115.365369, -8.56064 ], [ 115.365358, -8.560662 ], [ 115.365347, -8.560684 ], [ 115.365336, -8.560704 ], [ 115.365325, -8.560724 ], [ 115.365315, -8.560741 ], [ 115.365314, -8.560744 ], [ 115.365302, -8.560764 ], [ 115.365291, -8.560785 ], [ 115.365279, -8.560805 ], [ 115.365268, -8.560827 ], [ 115.365256, -8.560848 ], [ 115.365245, -8.560871 ], [ 115.365233, -8.560894 ], [ 115.365221, -8.560917 ], [ 115.365209, -8.560941 ], [ 115.365196, -8.560965 ], [ 115.365184, -8.56099 ], [ 115.365171, -8.561015 ], [ 115.365158, -8.56104 ], [ 115.365145, -8.561066 ], [ 115.365132, -8.561091 ], [ 115.365119, -8.561116 ], [ 115.365106, -8.56114 ], [ 115.365094, -8.561163 ], [ 115.365081, -8.561186 ], [ 115.365069, -8.561208 ], [ 115.365058, -8.561229 ], [ 115.365047, -8.56125 ], [ 115.365037, -8.56127 ], [ 115.365027, -8.56129 ], [ 115.365019, -8.56131 ], [ 115.365012, -8.56133 ], [ 115.365005, -8.56135 ], [ 115.365, -8.56137 ], [ 115.364996, -8.56139 ], [ 115.364993, -8.56141 ], [ 115.364992, -8.561429 ], [ 115.364991, -8.561448 ], [ 115.364991, -8.561466 ], [ 115.364992, -8.561483 ], [ 115.364994, -8.5615 ], [ 115.364996, -8.561515 ], [ 115.365, -8.56153 ], [ 115.365004, -8.561544 ], [ 115.365009, -8.561556 ], [ 115.365015, -8.561568 ], [ 115.365022, -8.561578 ], [ 115.365028, -8.561588 ], [ 115.365036, -8.561596 ], [ 115.365044, -8.561603 ], [ 115.365052, -8.561609 ], [ 115.365054, -8.56161 ], [ 115.365061, -8.561614 ], [ 115.36507, -8.561618 ], [ 115.36508, -8.561621 ], [ 115.36509, -8.561622 ], [ 115.3651, -8.561624 ], [ 115.36511, -8.561624 ], [ 115.365121, -8.561623 ], [ 115.365132, -8.561621 ], [ 115.365143, -8.561619 ], [ 115.365154, -8.561616 ], [ 115.365165, -8.561612 ], [ 115.365177, -8.561607 ], [ 115.365188, -8.561602 ], [ 115.3652, -8.561596 ], [ 115.365211, -8.561589 ], [ 115.365223, -8.561582 ], [ 115.365235, -8.561573 ], [ 115.365247, -8.561564 ], [ 115.365261, -8.561553 ], [ 115.365274, -8.561542 ], [ 115.365289, -8.561528 ], [ 115.365304, -8.561514 ], [ 115.365321, -8.561498 ], [ 115.365338, -8.561481 ], [ 115.365355, -8.561464 ], [ 115.365373, -8.561445 ], [ 115.36539, -8.561427 ], [ 115.365408, -8.561407 ], [ 115.365426, -8.561388 ], [ 115.365444, -8.561369 ], [ 115.365461, -8.561349 ], [ 115.365479, -8.56133 ], [ 115.365497, -8.561311 ], [ 115.365516, -8.561293 ], [ 115.365536, -8.561275 ], [ 115.365557, -8.561258 ], [ 115.365579, -8.561242 ], [ 115.365604, -8.561227 ], [ 115.365629, -8.561212 ], [ 115.365656, -8.561199 ], [ 115.365683, -8.561186 ], [ 115.365711, -8.561175 ], [ 115.36574, -8.561164 ], [ 115.365768, -8.561155 ], [ 115.365796, -8.561147 ], [ 115.365824, -8.56114 ], [ 115.365851, -8.561134 ], [ 115.365878, -8.561129 ], [ 115.365904, -8.561125 ], [ 115.365931, -8.561122 ], [ 115.365957, -8.561119 ], [ 115.365983, -8.561118 ], [ 115.36601, -8.561116 ], [ 115.366036, -8.561116 ], [ 115.366062, -8.561116 ], [ 115.366088, -8.561116 ], [ 115.366114, -8.561117 ], [ 115.366139, -8.561118 ], [ 115.366163, -8.56112 ], [ 115.366186, -8.561123 ], [ 115.366208, -8.561126 ], [ 115.366228, -8.561129 ], [ 115.366248, -8.561133 ], [ 115.366266, -8.561137 ], [ 115.366283, -8.561142 ], [ 115.3663, -8.561148 ], [ 115.366316, -8.561154 ], [ 115.366331, -8.56116 ], [ 115.366347, -8.561167 ], [ 115.366362, -8.561175 ], [ 115.366378, -8.561183 ], [ 115.366395, -8.561192 ], [ 115.366412, -8.561203 ], [ 115.36643, -8.561215 ], [ 115.366451, -8.561229 ], [ 115.366472, -8.561245 ], [ 115.366497, -8.561264 ], [ 115.366523, -8.561285 ], [ 115.366551, -8.561307 ], [ 115.366581, -8.561332 ], [ 115.366611, -8.561357 ], [ 115.366642, -8.561383 ], [ 115.366673, -8.561408 ], [ 115.366703, -8.561433 ], [ 115.366731, -8.561456 ], [ 115.366758, -8.561478 ], [ 115.366783, -8.561498 ], [ 115.366807, -8.561517 ], [ 115.36683, -8.561534 ], [ 115.366851, -8.561549 ], [ 115.366871, -8.561563 ], [ 115.36689, -8.561575 ], [ 115.366908, -8.561586 ], [ 115.366926, -8.561596 ], [ 115.366943, -8.561604 ], [ 115.36696, -8.561612 ], [ 115.366976, -8.561618 ], [ 115.366991, -8.561623 ], [ 115.367007, -8.561628 ], [ 115.367022, -8.561631 ], [ 115.367036, -8.561634 ], [ 115.367051, -8.561637 ], [ 115.367065, -8.561638 ], [ 115.367079, -8.561639 ], [ 115.367093, -8.561639 ], [ 115.367108, -8.561638 ], [ 115.367122, -8.561636 ], [ 115.367138, -8.561633 ], [ 115.367153, -8.561629 ], [ 115.36717, -8.561624 ], [ 115.367187, -8.561618 ], [ 115.367204, -8.561611 ], [ 115.367222, -8.561603 ], [ 115.367241, -8.561594 ], [ 115.367261, -8.561584 ], [ 115.36728, -8.561574 ], [ 115.367301, -8.561563 ], [ 115.367322, -8.561552 ], [ 115.367343, -8.56154 ], [ 115.367365, -8.561528 ], [ 115.367388, -8.561516 ], [ 115.367411, -8.561505 ], [ 115.367434, -8.561495 ], [ 115.367459, -8.561485 ], [ 115.367483, -8.561476 ], [ 115.367508, -8.561469 ], [ 115.367534, -8.561462 ], [ 115.367559, -8.561457 ], [ 115.367585, -8.561453 ], [ 115.36761, -8.561449 ], [ 115.367635, -8.561446 ], [ 115.36766, -8.561444 ], [ 115.367684, -8.561443 ], [ 115.367708, -8.561441 ], [ 115.36773, -8.561441 ], [ 115.367752, -8.56144 ], [ 115.367773, -8.56144 ], [ 115.367794, -8.561441 ], [ 115.367813, -8.561443 ], [ 115.367833, -8.561445 ], [ 115.367851, -8.561447 ], [ 115.367869, -8.561451 ], [ 115.367886, -8.561455 ], [ 115.367902, -8.561461 ], [ 115.367919, -8.561467 ], [ 115.367934, -8.561474 ], [ 115.36795, -8.561481 ], [ 115.367965, -8.56149 ], [ 115.36798, -8.5615 ], [ 115.367995, -8.561511 ], [ 115.36801, -8.561523 ], [ 115.368024, -8.561535 ], [ 115.368039, -8.561548 ], [ 115.368053, -8.561562 ], [ 115.368068, -8.561577 ], [ 115.368082, -8.561591 ], [ 115.368097, -8.561606 ], [ 115.368111, -8.561621 ], [ 115.368118, -8.561628 ], [ 115.368125, -8.561636 ], [ 115.36814, -8.561652 ], [ 115.368154, -8.561668 ], [ 115.368167, -8.561685 ], [ 115.368181, -8.561703 ], [ 115.368194, -8.561721 ], [ 115.368206, -8.561741 ], [ 115.368218, -8.561761 ], [ 115.36823, -8.561783 ], [ 115.368241, -8.561806 ], [ 115.368251, -8.561829 ], [ 115.368261, -8.561854 ], [ 115.368271, -8.561879 ], [ 115.36828, -8.561904 ], [ 115.368288, -8.56193 ], [ 115.368296, -8.561957 ], [ 115.368303, -8.561983 ], [ 115.36831, -8.56201 ], [ 115.368317, -8.562038 ], [ 115.368323, -8.562065 ], [ 115.368329, -8.562093 ], [ 115.368334, -8.562121 ], [ 115.36834, -8.562149 ], [ 115.368344, -8.562178 ], [ 115.368349, -8.562206 ], [ 115.368353, -8.562234 ], [ 115.368358, -8.562262 ], [ 115.368361, -8.56229 ], [ 115.368365, -8.562317 ], [ 115.368368, -8.562343 ], [ 115.36837, -8.562369 ], [ 115.368373, -8.562393 ], [ 115.368374, -8.562417 ], [ 115.368376, -8.562441 ], [ 115.368376, -8.562464 ], [ 115.368377, -8.562486 ], [ 115.368376, -8.562509 ], [ 115.368375, -8.562531 ], [ 115.368372, -8.562554 ], [ 115.368369, -8.562576 ], [ 115.368365, -8.562599 ], [ 115.36836, -8.562622 ], [ 115.368354, -8.562646 ], [ 115.368346, -8.562669 ], [ 115.368338, -8.562693 ], [ 115.368328, -8.562716 ], [ 115.368316, -8.56274 ], [ 115.368304, -8.562763 ], [ 115.36829, -8.562787 ], [ 115.368275, -8.56281 ], [ 115.368259, -8.562834 ], [ 115.368243, -8.562858 ], [ 115.368226, -8.562882 ], [ 115.368208, -8.562905 ], [ 115.368191, -8.562929 ], [ 115.368174, -8.562953 ], [ 115.368157, -8.562977 ], [ 115.368139, -8.563001 ], [ 115.368123, -8.563026 ], [ 115.368106, -8.56305 ], [ 115.36809, -8.563074 ], [ 115.368074, -8.563098 ], [ 115.368059, -8.563122 ], [ 115.368044, -8.563145 ], [ 115.368029, -8.563169 ], [ 115.368014, -8.563194 ], [ 115.368, -8.563218 ], [ 115.367985, -8.563243 ], [ 115.36797, -8.56327 ], [ 115.367955, -8.563297 ], [ 115.367939, -8.563325 ], [ 115.367922, -8.563355 ], [ 115.367905, -8.563386 ], [ 115.367888, -8.563417 ], [ 115.36787, -8.563449 ], [ 115.367853, -8.563479 ], [ 115.367835, -8.563509 ], [ 115.367819, -8.563538 ], [ 115.367803, -8.563565 ], [ 115.367788, -8.563589 ], [ 115.367774, -8.563611 ], [ 115.367761, -8.563632 ], [ 115.367749, -8.56365 ], [ 115.367739, -8.563668 ], [ 115.36773, -8.563684 ], [ 115.367723, -8.5637 ], [ 115.367718, -8.563714 ], [ 115.367714, -8.563729 ], [ 115.367712, -8.563743 ], [ 115.367712, -8.563756 ], [ 115.367712, -8.563756 ], [ 115.367714, -8.563769 ], [ 115.367717, -8.563781 ], [ 115.367722, -8.563791 ], [ 115.367729, -8.563801 ], [ 115.367737, -8.56381 ], [ 115.367747, -8.563817 ], [ 115.367757, -8.563824 ], [ 115.36777, -8.563829 ], [ 115.367783, -8.563833 ], [ 115.367798, -8.563837 ], [ 115.367814, -8.56384 ], [ 115.367831, -8.563842 ], [ 115.367849, -8.563844 ], [ 115.367867, -8.563845 ], [ 115.367887, -8.563846 ], [ 115.367907, -8.563846 ], [ 115.367928, -8.563845 ], [ 115.367949, -8.563843 ], [ 115.36797, -8.563841 ], [ 115.367992, -8.563836 ], [ 115.368013, -8.563831 ], [ 115.368035, -8.563823 ], [ 115.368056, -8.563815 ], [ 115.368077, -8.563804 ], [ 115.368098, -8.563793 ], [ 115.368119, -8.56378 ], [ 115.368141, -8.563766 ], [ 115.368162, -8.563751 ], [ 115.368184, -8.563736 ], [ 115.368207, -8.563719 ], [ 115.368229, -8.563702 ], [ 115.368252, -8.563685 ], [ 115.368275, -8.563666 ], [ 115.368298, -8.563647 ], [ 115.368321, -8.563627 ], [ 115.368344, -8.563606 ], [ 115.368367, -8.563585 ], [ 115.36839, -8.563562 ], [ 115.368413, -8.56354 ], [ 115.368436, -8.563516 ], [ 115.368458, -8.563493 ], [ 115.368481, -8.563469 ], [ 115.368505, -8.563444 ], [ 115.368528, -8.56342 ], [ 115.368552, -8.563396 ], [ 115.368577, -8.563372 ], [ 115.368602, -8.563349 ], [ 115.368627, -8.563326 ], [ 115.368653, -8.563305 ], [ 115.368679, -8.563285 ], [ 115.368704, -8.563267 ], [ 115.36873, -8.563251 ], [ 115.368755, -8.563237 ], [ 115.36878, -8.563226 ], [ 115.368805, -8.563218 ], [ 115.368829, -8.563212 ], [ 115.368853, -8.563208 ], [ 115.368878, -8.563206 ], [ 115.368903, -8.563207 ], [ 115.368928, -8.563209 ], [ 115.368953, -8.563213 ], [ 115.368979, -8.563218 ], [ 115.369005, -8.563224 ], [ 115.369031, -8.563232 ], [ 115.369057, -8.563241 ], [ 115.369081, -8.563251 ], [ 115.369105, -8.563262 ], [ 115.369127, -8.563273 ], [ 115.369147, -8.563286 ], [ 115.369165, -8.563298 ], [ 115.369181, -8.563312 ], [ 115.369195, -8.563326 ], [ 115.369208, -8.563341 ], [ 115.36922, -8.563358 ], [ 115.369231, -8.563375 ], [ 115.369241, -8.563394 ], [ 115.36925, -8.563415 ], [ 115.36926, -8.563437 ], [ 115.369269, -8.56346 ], [ 115.369277, -8.563484 ], [ 115.369286, -8.56351 ], [ 115.369293, -8.563535 ], [ 115.3693, -8.563561 ], [ 115.369305, -8.563582 ], [ 115.369307, -8.563587 ], [ 115.369312, -8.563612 ], [ 115.369317, -8.563636 ], [ 115.36932, -8.56366 ], [ 115.369323, -8.563684 ], [ 115.369325, -8.563708 ], [ 115.369326, -8.563732 ], [ 115.369326, -8.563756 ], [ 115.369325, -8.563781 ], [ 115.369323, -8.563807 ], [ 115.36932, -8.563834 ], [ 115.369317, -8.563862 ], [ 115.369312, -8.563891 ], [ 115.369306, -8.563921 ], [ 115.369299, -8.563953 ], [ 115.369292, -8.563985 ], [ 115.369283, -8.564019 ], [ 115.369273, -8.564054 ], [ 115.369262, -8.564091 ], [ 115.369256, -8.564109 ], [ 115.36925, -8.564128 ], [ 115.369238, -8.564166 ], [ 115.369225, -8.564205 ], [ 115.369212, -8.564244 ], [ 115.369199, -8.564281 ], [ 115.369199, -8.564282 ], [ 115.369186, -8.56432 ], [ 115.369174, -8.564358 ], [ 115.369162, -8.564395 ], [ 115.369152, -8.564431 ], [ 115.369142, -8.564465 ], [ 115.369133, -8.564499 ], [ 115.369126, -8.564532 ], [ 115.36912, -8.564563 ], [ 115.369115, -8.564593 ], [ 115.369112, -8.564621 ], [ 115.36911, -8.564648 ], [ 115.36911, -8.564674 ], [ 115.369112, -8.564699 ], [ 115.369116, -8.564724 ], [ 115.369121, -8.564748 ], [ 115.369128, -8.564773 ], [ 115.369136, -8.564798 ], [ 115.369146, -8.564824 ], [ 115.369158, -8.564851 ], [ 115.369159, -8.564854 ], [ 115.369171, -8.564879 ], [ 115.369185, -8.564907 ], [ 115.3692, -8.564937 ], [ 115.369216, -8.564967 ], [ 115.369232, -8.564997 ], [ 115.369249, -8.565028 ], [ 115.369265, -8.565058 ], [ 115.369281, -8.565089 ], [ 115.369294, -8.565115 ], [ 115.369296, -8.56512 ], [ 115.369311, -8.56515 ], [ 115.369325, -8.56518 ], [ 115.369339, -8.56521 ], [ 115.369351, -8.565239 ], [ 115.369363, -8.565267 ], [ 115.369374, -8.565295 ], [ 115.369383, -8.565322 ], [ 115.369392, -8.565347 ], [ 115.369399, -8.565373 ], [ 115.369406, -8.565398 ], [ 115.369412, -8.565422 ], [ 115.369417, -8.565447 ], [ 115.369421, -8.565471 ], [ 115.369424, -8.565496 ], [ 115.369426, -8.565521 ], [ 115.369428, -8.565546 ], [ 115.369429, -8.565572 ], [ 115.36943, -8.565598 ], [ 115.36943, -8.565625 ], [ 115.36943, -8.565652 ], [ 115.369429, -8.565679 ], [ 115.369429, -8.565687 ], [ 115.369429, -8.565707 ], [ 115.369428, -8.565735 ], [ 115.369427, -8.565763 ], [ 115.369425, -8.565792 ], [ 115.369424, -8.565822 ], [ 115.369422, -8.565853 ], [ 115.369422, -8.565862 ], [ 115.36942, -8.565885 ], [ 115.369418, -8.565918 ], [ 115.369416, -8.565952 ], [ 115.369414, -8.565988 ], [ 115.369411, -8.566025 ], [ 115.369409, -8.566062 ], [ 115.369406, -8.566099 ], [ 115.369405, -8.566136 ], [ 115.369403, -8.566173 ], [ 115.369403, -8.566208 ], [ 115.369403, -8.566241 ], [ 115.369404, -8.566272 ], [ 115.369406, -8.566301 ], [ 115.369409, -8.566328 ], [ 115.369413, -8.566353 ], [ 115.369418, -8.566376 ], [ 115.369423, -8.566398 ], [ 115.36943, -8.566418 ], [ 115.369437, -8.566436 ], [ 115.369446, -8.566453 ], [ 115.369455, -8.566468 ], [ 115.369465, -8.566482 ], [ 115.369477, -8.566494 ], [ 115.369489, -8.566506 ], [ 115.369501, -8.566515 ], [ 115.369515, -8.566523 ], [ 115.369529, -8.56653 ], [ 115.369544, -8.566535 ], [ 115.36956, -8.566539 ], [ 115.369576, -8.566542 ], [ 115.369593, -8.566543 ], [ 115.36961, -8.566544 ], [ 115.369628, -8.566544 ], [ 115.369646, -8.566543 ], [ 115.369664, -8.566542 ], [ 115.369683, -8.56654 ], [ 115.369702, -8.566538 ], [ 115.369721, -8.566535 ], [ 115.36974, -8.566531 ], [ 115.36976, -8.566526 ], [ 115.369781, -8.566519 ], [ 115.369802, -8.56651 ], [ 115.369823, -8.5665 ], [ 115.369846, -8.566487 ], [ 115.369869, -8.566472 ], [ 115.369893, -8.566455 ], [ 115.369918, -8.566437 ], [ 115.369943, -8.566416 ], [ 115.369969, -8.566393 ], [ 115.369996, -8.566369 ], [ 115.370024, -8.566343 ], [ 115.370052, -8.566315 ], [ 115.370081, -8.566286 ], [ 115.370111, -8.566257 ], [ 115.37014, -8.566228 ], [ 115.370169, -8.566199 ], [ 115.370198, -8.566171 ], [ 115.370227, -8.566145 ], [ 115.370254, -8.566121 ], [ 115.370281, -8.5661 ], [ 115.370307, -8.566082 ], [ 115.370332, -8.566066 ], [ 115.370357, -8.566054 ], [ 115.370381, -8.566044 ], [ 115.370404, -8.566037 ], [ 115.370427, -8.566033 ], [ 115.370449, -8.566033 ], [ 115.370471, -8.566035 ], [ 115.370492, -8.56604 ], [ 115.370513, -8.566048 ], [ 115.370534, -8.566059 ], [ 115.370555, -8.566071 ], [ 115.370575, -8.566086 ], [ 115.370595, -8.566103 ], [ 115.370615, -8.566122 ], [ 115.370635, -8.566142 ], [ 115.370655, -8.566164 ], [ 115.370674, -8.566186 ], [ 115.370683, -8.566198 ], [ 115.370693, -8.56621 ], [ 115.370711, -8.566234 ], [ 115.37073, -8.566259 ], [ 115.370747, -8.566283 ], [ 115.370765, -8.566308 ], [ 115.370781, -8.566332 ], [ 115.370797, -8.566357 ], [ 115.370813, -8.566382 ], [ 115.370828, -8.566407 ], [ 115.370842, -8.566433 ], [ 115.370856, -8.56646 ], [ 115.370869, -8.566488 ], [ 115.370881, -8.566518 ], [ 115.370894, -8.56655 ], [ 115.370905, -8.566583 ], [ 115.370916, -8.566617 ], [ 115.370927, -8.566652 ], [ 115.370936, -8.566688 ], [ 115.370946, -8.566724 ], [ 115.370954, -8.56676 ], [ 115.370963, -8.566795 ], [ 115.37097, -8.56683 ], [ 115.370977, -8.566864 ], [ 115.370984, -8.566898 ], [ 115.37099, -8.566931 ], [ 115.370995, -8.566963 ], [ 115.370997, -8.566974 ], [ 115.371, -8.566995 ], [ 115.371003, -8.567027 ], [ 115.371007, -8.567059 ], [ 115.371009, -8.56709 ], [ 115.371011, -8.567121 ], [ 115.371012, -8.567153 ], [ 115.371011, -8.567185 ], [ 115.371011, -8.567217 ], [ 115.371009, -8.567251 ], [ 115.371006, -8.567285 ], [ 115.371002, -8.56732 ], [ 115.370997, -8.567356 ], [ 115.37099, -8.567394 ], [ 115.370984, -8.567431 ], [ 115.370976, -8.56747 ], [ 115.370968, -8.567507 ], [ 115.37096, -8.567545 ], [ 115.370952, -8.567581 ], [ 115.370943, -8.567616 ], [ 115.370935, -8.56765 ], [ 115.370927, -8.567682 ], [ 115.37092, -8.567713 ], [ 115.370912, -8.567744 ], [ 115.370905, -8.567774 ], [ 115.370898, -8.567805 ], [ 115.370892, -8.567836 ], [ 115.370886, -8.567867 ], [ 115.37088, -8.5679 ], [ 115.370874, -8.567934 ], [ 115.370869, -8.56797 ], [ 115.370864, -8.568007 ], [ 115.370859, -8.568046 ], [ 115.370853, -8.568087 ], [ 115.370848, -8.568131 ], [ 115.370843, -8.568177 ], [ 115.370838, -8.568226 ], [ 115.370832, -8.568277 ], [ 115.370826, -8.568329 ], [ 115.370821, -8.568382 ], [ 115.370815, -8.568436 ], [ 115.370809, -8.568489 ], [ 115.370804, -8.56854 ], [ 115.370798, -8.56859 ], [ 115.370793, -8.568638 ], [ 115.370788, -8.568684 ], [ 115.370787, -8.568695 ], [ 115.370783, -8.568729 ], [ 115.370779, -8.568773 ], [ 115.370776, -8.568817 ], [ 115.370773, -8.56886 ], [ 115.370771, -8.568905 ], [ 115.370769, -8.568951 ], [ 115.370769, -8.568999 ], [ 115.370769, -8.569048 ], [ 115.37077, -8.569098 ], [ 115.370772, -8.569149 ], [ 115.370773, -8.569184 ], [ 115.370774, -8.5692 ], [ 115.370776, -8.569251 ], [ 115.370778, -8.569301 ], [ 115.370779, -8.569302 ], [ 115.370781, -8.569351 ], [ 115.370783, -8.569379 ], [ 115.370784, -8.569399 ], [ 115.370787, -8.569447 ], [ 115.37079, -8.569495 ], [ 115.370793, -8.569544 ], [ 115.370797, -8.569594 ], [ 115.370801, -8.569646 ], [ 115.370806, -8.5697 ], [ 115.370811, -8.569758 ], [ 115.370817, -8.56982 ], [ 115.370823, -8.569885 ], [ 115.370827, -8.569923 ], [ 115.37083, -8.569953 ], [ 115.370837, -8.570022 ], [ 115.370844, -8.570091 ], [ 115.370851, -8.57016 ], [ 115.370858, -8.570229 ], [ 115.370863, -8.570295 ], [ 115.370869, -8.570359 ], [ 115.370873, -8.57042 ], [ 115.370878, -8.57048 ], [ 115.370882, -8.570538 ], [ 115.370886, -8.570595 ], [ 115.37089, -8.570651 ], [ 115.370894, -8.570707 ], [ 115.370899, -8.570763 ], [ 115.370904, -8.570819 ], [ 115.37091, -8.570876 ], [ 115.370916, -8.570932 ], [ 115.370922, -8.570989 ], [ 115.370929, -8.571045 ], [ 115.370935, -8.571101 ], [ 115.370941, -8.571155 ], [ 115.370947, -8.571209 ], [ 115.370953, -8.571262 ], [ 115.370958, -8.571313 ], [ 115.370963, -8.571364 ], [ 115.370964, -8.571378 ], [ 115.370967, -8.571413 ], [ 115.370972, -8.571462 ], [ 115.370976, -8.57151 ], [ 115.370979, -8.571558 ], [ 115.370983, -8.571605 ], [ 115.370986, -8.571651 ], [ 115.37099, -8.571698 ], [ 115.370993, -8.571744 ], [ 115.370996, -8.571789 ], [ 115.370999, -8.571834 ], [ 115.371002, -8.571879 ], [ 115.371005, -8.571923 ], [ 115.371009, -8.571968 ], [ 115.371012, -8.572011 ], [ 115.371016, -8.572055 ], [ 115.37102, -8.572098 ], [ 115.371023, -8.572141 ], [ 115.371026, -8.572183 ], [ 115.371028, -8.572226 ], [ 115.37103, -8.572268 ], [ 115.371031, -8.572311 ], [ 115.371031, -8.572353 ], [ 115.37103, -8.572396 ], [ 115.371029, -8.572438 ], [ 115.371028, -8.572481 ], [ 115.371026, -8.572523 ], [ 115.371024, -8.572566 ], [ 115.371023, -8.572609 ], [ 115.371022, -8.572652 ], [ 115.371021, -8.572695 ], [ 115.371021, -8.572739 ], [ 115.371021, -8.572782 ], [ 115.371021, -8.572825 ], [ 115.371021, -8.572869 ], [ 115.37102, -8.572882 ], [ 115.371055, -8.574877 ], [ 115.371845, -8.574856 ], [ 115.372324, -8.574854 ], [ 115.372967, -8.574801 ], [ 115.372968, -8.574801 ], [ 115.373783, -8.574942 ], [ 115.374065, -8.574991 ], [ 115.374418, -8.574974 ], [ 115.374794, -8.574895 ], [ 115.375, -8.574804 ], [ 115.375, -8.5 ] ] ] ] } },
{ "type": "Feature", "properties": { "id": 16, "fid": 16, "objectid": 4165, "namobj": "Susut", "fcode": "BA03070040", "wadmkc": "Susut", "wadmkk": "Bangli", "wadmpr": "Bali", "jumlah_penduduk": 49847, "area_admini": 1800990.3577910101 }, "geometry": { "type": "MultiPolygon", "coordinates": [ [ [ [ 115.341614, -8.50118 ], [ 115.34167, -8.501175 ], [ 115.341727, -8.501169 ], [ 115.341784, -8.50116 ], [ 115.341832, -8.501151 ], [ 115.341841, -8.501149 ], [ 115.341896, -8.501135 ], [ 115.34195, -8.501115 ], [ 115.341999, -8.501089 ], [ 115.342042, -8.501054 ], [ 115.342081, -8.501013 ], [ 115.342117, -8.500967 ], [ 115.342149, -8.500918 ], [ 115.342171, -8.500866 ], [ 115.342177, -8.500812 ], [ 115.342174, -8.500774 ], [ 115.342173, -8.500767 ], [ 115.342172, -8.500755 ], [ 115.34216, -8.500698 ], [ 115.34215, -8.500641 ], [ 115.342146, -8.500586 ], [ 115.342148, -8.50057 ], [ 115.342153, -8.50053 ], [ 115.34217, -8.500476 ], [ 115.342194, -8.500423 ], [ 115.342221, -8.500373 ], [ 115.342285, -8.500283 ], [ 115.34237, -8.500214 ], [ 115.3424, -8.50019 ], [ 115.342503, -8.500096 ], [ 115.342552, -8.5 ], [ 115.328713, -8.5 ], [ 115.32875, -8.500192 ], [ 115.32905, -8.500878 ], [ 115.329025, -8.501401 ], [ 115.329047, -8.501645 ], [ 115.329314, -8.502099 ], [ 115.329463, -8.502721 ], [ 115.329379, -8.503232 ], [ 115.329378, -8.503348 ], [ 115.329622, -8.503605 ], [ 115.329634, -8.503709 ], [ 115.329585, -8.504046 ], [ 115.329596, -8.504394 ], [ 115.329677, -8.504499 ], [ 115.329921, -8.504709 ], [ 115.329909, -8.504814 ], [ 115.329715, -8.505105 ], [ 115.329463, -8.505416 ], [ 115.329344, -8.505839 ], [ 115.329305, -8.506698 ], [ 115.329408, -8.507395 ], [ 115.329545, -8.507884 ], [ 115.329708, -8.508082 ], [ 115.32971, -8.508082 ], [ 115.330513, -8.508201 ], [ 115.33056, -8.508203 ], [ 115.331054, -8.508216 ], [ 115.331564, -8.508229 ], [ 115.331572, -8.508241 ], [ 115.331865, -8.508683 ], [ 115.331933, -8.508949 ], [ 115.332006, -8.509348 ], [ 115.331906, -8.50962 ], [ 115.331881, -8.509628 ], [ 115.331447, -8.509742 ], [ 115.331345, -8.509769 ], [ 115.331018, -8.509733 ], [ 115.33097, -8.509745 ], [ 115.330807, -8.50979 ], [ 115.330479, -8.510032 ], [ 115.330106, -8.509996 ], [ 115.329556, -8.510202 ], [ 115.329404, -8.510318 ], [ 115.32931, -8.510492 ], [ 115.329296, -8.510956 ], [ 115.329266, -8.51113 ], [ 115.329236, -8.511304 ], [ 115.329189, -8.511408 ], [ 115.32899, -8.511559 ], [ 115.328861, -8.511686 ], [ 115.328814, -8.511837 ], [ 115.32899, -8.512273 ], [ 115.329129, -8.512471 ], [ 115.329152, -8.512657 ], [ 115.328929, -8.512865 ], [ 115.328929, -8.513028 ], [ 115.328952, -8.513109 ], [ 115.329056, -8.513191 ], [ 115.329272, -8.513226 ], [ 115.329547, -8.513216 ], [ 115.329592, -8.513225 ], [ 115.329663, -8.51324 ], [ 115.329699, -8.513264 ], [ 115.330062, -8.513503 ], [ 115.330093, -8.513523 ], [ 115.330571, -8.513836 ], [ 115.330731, -8.514015 ], [ 115.330968, -8.514279 ], [ 115.331367, -8.514815 ], [ 115.331634, -8.51541 ], [ 115.331725, -8.515515 ], [ 115.33173, -8.515513 ], [ 115.331778, -8.515493 ], [ 115.331851, -8.515463 ], [ 115.332064, -8.515507 ], [ 115.33225, -8.51556 ], [ 115.332394, -8.5156 ], [ 115.332722, -8.515693 ], [ 115.332795, -8.515703 ], [ 115.333957, -8.515853 ], [ 115.33459, -8.516097 ], [ 115.334685, -8.516134 ], [ 115.334683, -8.51614 ], [ 115.334758, -8.516173 ], [ 115.334763, -8.516156 ], [ 115.334774, -8.516118 ], [ 115.33479, -8.516064 ], [ 115.334802, -8.516009 ], [ 115.334809, -8.515954 ], [ 115.334809, -8.515951 ], [ 115.334811, -8.515899 ], [ 115.334809, -8.515843 ], [ 115.334804, -8.5158 ], [ 115.334803, -8.515787 ], [ 115.334796, -8.515731 ], [ 115.334793, -8.515715 ], [ 115.334788, -8.515674 ], [ 115.33478, -8.515617 ], [ 115.334774, -8.515559 ], [ 115.334771, -8.515502 ], [ 115.334772, -8.515444 ], [ 115.334778, -8.515387 ], [ 115.334784, -8.515362 ], [ 115.33479, -8.515332 ], [ 115.334808, -8.515279 ], [ 115.334832, -8.515229 ], [ 115.334846, -8.515207 ], [ 115.334862, -8.515181 ], [ 115.334895, -8.515134 ], [ 115.33493, -8.515088 ], [ 115.334965, -8.515042 ], [ 115.334999, -8.514996 ], [ 115.335032, -8.514949 ], [ 115.335063, -8.514902 ], [ 115.335094, -8.514854 ], [ 115.335122, -8.514806 ], [ 115.335126, -8.514799 ], [ 115.33515, -8.514756 ], [ 115.335175, -8.514707 ], [ 115.335199, -8.514656 ], [ 115.335221, -8.514608 ], [ 115.335222, -8.514605 ], [ 115.335243, -8.514553 ], [ 115.335264, -8.514501 ], [ 115.335284, -8.514448 ], [ 115.335288, -8.514435 ], [ 115.335303, -8.514394 ], [ 115.335323, -8.51434 ], [ 115.335325, -8.514336 ], [ 115.335325, -8.514336 ], [ 115.335344, -8.514286 ], [ 115.33536, -8.514245 ], [ 115.335366, -8.514232 ], [ 115.335392, -8.514182 ], [ 115.335424, -8.514137 ], [ 115.335464, -8.5141 ], [ 115.33551, -8.514069 ], [ 115.33556, -8.514042 ], [ 115.335612, -8.514016 ], [ 115.335666, -8.51399 ], [ 115.335711, -8.513966 ], [ 115.335717, -8.513962 ], [ 115.335758, -8.513935 ], [ 115.335767, -8.51393 ], [ 115.335813, -8.513894 ], [ 115.335855, -8.513856 ], [ 115.335892, -8.513814 ], [ 115.335924, -8.513768 ], [ 115.335934, -8.513749 ], [ 115.33595, -8.51372 ], [ 115.335971, -8.513668 ], [ 115.335975, -8.513655 ], [ 115.335989, -8.513614 ], [ 115.336005, -8.513557 ], [ 115.336024, -8.5135 ], [ 115.336053, -8.513453 ], [ 115.336097, -8.513425 ], [ 115.336152, -8.513409 ], [ 115.33621, -8.513394 ], [ 115.336264, -8.513371 ], [ 115.336299, -8.513348 ], [ 115.336322, -8.513329 ], [ 115.336352, -8.513301 ], [ 115.336386, -8.513256 ], [ 115.336391, -8.513249 ], [ 115.336415, -8.513207 ], [ 115.336439, -8.513155 ], [ 115.336458, -8.513102 ], [ 115.336468, -8.513061 ], [ 115.336472, -8.513047 ], [ 115.336479, -8.513009 ], [ 115.336482, -8.51299 ], [ 115.336483, -8.512934 ], [ 115.336469, -8.51288 ], [ 115.336453, -8.512849 ], [ 115.336443, -8.512829 ], [ 115.33641, -8.512781 ], [ 115.336374, -8.512737 ], [ 115.336338, -8.512694 ], [ 115.336303, -8.51265 ], [ 115.33627, -8.512603 ], [ 115.336244, -8.512552 ], [ 115.336229, -8.512497 ], [ 115.336229, -8.512469 ], [ 115.336229, -8.512441 ], [ 115.33624, -8.512385 ], [ 115.336263, -8.512333 ], [ 115.336277, -8.512318 ], [ 115.3363, -8.512291 ], [ 115.336346, -8.512256 ], [ 115.336396, -8.512227 ], [ 115.336445, -8.512198 ], [ 115.33649, -8.512165 ], [ 115.336524, -8.512131 ], [ 115.336529, -8.512125 ], [ 115.336564, -8.51208 ], [ 115.336595, -8.512031 ], [ 115.336623, -8.511981 ], [ 115.336637, -8.511953 ], [ 115.336642, -8.511943 ], [ 115.336649, -8.51193 ], [ 115.336673, -8.51188 ], [ 115.336697, -8.511829 ], [ 115.336721, -8.511778 ], [ 115.336733, -8.511751 ], [ 115.336745, -8.511726 ], [ 115.336769, -8.511673 ], [ 115.336794, -8.51162 ], [ 115.336822, -8.511568 ], [ 115.336853, -8.51152 ], [ 115.336882, -8.511484 ], [ 115.336889, -8.511476 ], [ 115.336929, -8.511438 ], [ 115.336976, -8.511409 ], [ 115.337027, -8.511386 ], [ 115.337081, -8.511366 ], [ 115.337134, -8.511346 ], [ 115.33718, -8.511324 ], [ 115.337215, -8.511302 ], [ 115.337232, -8.511289 ], [ 115.337273, -8.511249 ], [ 115.337274, -8.511248 ], [ 115.337308, -8.511203 ], [ 115.337336, -8.511153 ], [ 115.337359, -8.5111 ], [ 115.337377, -8.511046 ], [ 115.337394, -8.510992 ], [ 115.337417, -8.51094 ], [ 115.337443, -8.51089 ], [ 115.337462, -8.510841 ], [ 115.337464, -8.510837 ], [ 115.337485, -8.510785 ], [ 115.337516, -8.510738 ], [ 115.337552, -8.510694 ], [ 115.33759, -8.51065 ], [ 115.337625, -8.510605 ], [ 115.337653, -8.510557 ], [ 115.33766, -8.510537 ], [ 115.337671, -8.510504 ], [ 115.337682, -8.510449 ], [ 115.337691, -8.510392 ], [ 115.337698, -8.510352 ], [ 115.337701, -8.510335 ], [ 115.337718, -8.510281 ], [ 115.337742, -8.510231 ], [ 115.337772, -8.510183 ], [ 115.337807, -8.510137 ], [ 115.337843, -8.510092 ], [ 115.337851, -8.510082 ], [ 115.33788, -8.510048 ], [ 115.337916, -8.510003 ], [ 115.337953, -8.50996 ], [ 115.337989, -8.509916 ], [ 115.338025, -8.509873 ], [ 115.338037, -8.509859 ], [ 115.338061, -8.509829 ], [ 115.338097, -8.509786 ], [ 115.338132, -8.509743 ], [ 115.338155, -8.509715 ], [ 115.338167, -8.5097 ], [ 115.338202, -8.509657 ], [ 115.338236, -8.509613 ], [ 115.33827, -8.509569 ], [ 115.338279, -8.509558 ], [ 115.338304, -8.509524 ], [ 115.338337, -8.509479 ], [ 115.338371, -8.509432 ], [ 115.338383, -8.509415 ], [ 115.338405, -8.509385 ], [ 115.338439, -8.509336 ], [ 115.338473, -8.509287 ], [ 115.338509, -8.509239 ], [ 115.338547, -8.509196 ], [ 115.338588, -8.50916 ], [ 115.338627, -8.509138 ], [ 115.338632, -8.509135 ], [ 115.338681, -8.509121 ], [ 115.338733, -8.509117 ], [ 115.338788, -8.509121 ], [ 115.33879, -8.509121 ], [ 115.338791, -8.509121 ], [ 115.338806, -8.509124 ], [ 115.338845, -8.509132 ], [ 115.338904, -8.509148 ], [ 115.338963, -8.509169 ], [ 115.339023, -8.509191 ], [ 115.339082, -8.509215 ], [ 115.339136, -8.509237 ], [ 115.33914, -8.509238 ], [ 115.339197, -8.50926 ], [ 115.339253, -8.509281 ], [ 115.339307, -8.5093 ], [ 115.339362, -8.509317 ], [ 115.339416, -8.509333 ], [ 115.33947, -8.509346 ], [ 115.339476, -8.509347 ], [ 115.339524, -8.509357 ], [ 115.339578, -8.509365 ], [ 115.339633, -8.50937 ], [ 115.339689, -8.509373 ], [ 115.339745, -8.509373 ], [ 115.339803, -8.509369 ], [ 115.339857, -8.509362 ], [ 115.339862, -8.509362 ], [ 115.339862, -8.509361 ], [ 115.339896, -8.509354 ], [ 115.339918, -8.509349 ], [ 115.339972, -8.50933 ], [ 115.340021, -8.509303 ], [ 115.340064, -8.509268 ], [ 115.3401, -8.509225 ], [ 115.340131, -8.509177 ], [ 115.340158, -8.509125 ], [ 115.34017, -8.509097 ], [ 115.340181, -8.509071 ], [ 115.340201, -8.509018 ], [ 115.34022, -8.508964 ], [ 115.340236, -8.508911 ], [ 115.340238, -8.508904 ], [ 115.340251, -8.508856 ], [ 115.340265, -8.508802 ], [ 115.340279, -8.508747 ], [ 115.340291, -8.50869 ], [ 115.340305, -8.508634 ], [ 115.34031, -8.508615 ], [ 115.34032, -8.508578 ], [ 115.34034, -8.508525 ], [ 115.340364, -8.508476 ], [ 115.340396, -8.508433 ], [ 115.340435, -8.508394 ], [ 115.340478, -8.50836 ], [ 115.340525, -8.508328 ], [ 115.340575, -8.508298 ], [ 115.340627, -8.508269 ], [ 115.340678, -8.50824 ], [ 115.340729, -8.50821 ], [ 115.340777, -8.508178 ], [ 115.340822, -8.508143 ], [ 115.340862, -8.508104 ], [ 115.340898, -8.508061 ], [ 115.340928, -8.508013 ], [ 115.340955, -8.507963 ], [ 115.340979, -8.507911 ], [ 115.340999, -8.507856 ], [ 115.341002, -8.507848 ], [ 115.341017, -8.507801 ], [ 115.341034, -8.507745 ], [ 115.341049, -8.507689 ], [ 115.341063, -8.507634 ], [ 115.341077, -8.507578 ], [ 115.34109, -8.507523 ], [ 115.341102, -8.507468 ], [ 115.341114, -8.507413 ], [ 115.341121, -8.507379 ], [ 115.341125, -8.507358 ], [ 115.341136, -8.507303 ], [ 115.341147, -8.507248 ], [ 115.341157, -8.507193 ], [ 115.341168, -8.507137 ], [ 115.341172, -8.507113 ], [ 115.341178, -8.507082 ], [ 115.341189, -8.507026 ], [ 115.341199, -8.50697 ], [ 115.34121, -8.506914 ], [ 115.341221, -8.506858 ], [ 115.341228, -8.506825 ], [ 115.341232, -8.506803 ], [ 115.341243, -8.506747 ], [ 115.341254, -8.506691 ], [ 115.341258, -8.50667 ], [ 115.341265, -8.506635 ], [ 115.341276, -8.506579 ], [ 115.341286, -8.506523 ], [ 115.341296, -8.506467 ], [ 115.341299, -8.506453 ], [ 115.341306, -8.506412 ], [ 115.341315, -8.506357 ], [ 115.341315, -8.506356 ], [ 115.341323, -8.5063 ], [ 115.34133, -8.506245 ], [ 115.341337, -8.506189 ], [ 115.341341, -8.506155 ], [ 115.341343, -8.506134 ], [ 115.341348, -8.506079 ], [ 115.341353, -8.506024 ], [ 115.341358, -8.505968 ], [ 115.341359, -8.505958 ], [ 115.341364, -8.505912 ], [ 115.341367, -8.505889 ], [ 115.341371, -8.505856 ], [ 115.341379, -8.505799 ], [ 115.341389, -8.505742 ], [ 115.3414, -8.505684 ], [ 115.341404, -8.505671 ], [ 115.341414, -8.505626 ], [ 115.341427, -8.505567 ], [ 115.341431, -8.505548 ], [ 115.341437, -8.50551 ], [ 115.341439, -8.505454 ], [ 115.34143, -8.505402 ], [ 115.341411, -8.50536 ], [ 115.341408, -8.505353 ], [ 115.341377, -8.505307 ], [ 115.34134, -8.505261 ], [ 115.341304, -8.505215 ], [ 115.341289, -8.505194 ], [ 115.341271, -8.505168 ], [ 115.341246, -8.505117 ], [ 115.341233, -8.50508 ], [ 115.341228, -8.505065 ], [ 115.341216, -8.50501 ], [ 115.34121, -8.504953 ], [ 115.34121, -8.504904 ], [ 115.34121, -8.504895 ], [ 115.341214, -8.504836 ], [ 115.341222, -8.504777 ], [ 115.341233, -8.504718 ], [ 115.341241, -8.504687 ], [ 115.341248, -8.504658 ], [ 115.341265, -8.504599 ], [ 115.341283, -8.504541 ], [ 115.341295, -8.504509 ], [ 115.341303, -8.504484 ], [ 115.341323, -8.504428 ], [ 115.341337, -8.504389 ], [ 115.341343, -8.504373 ], [ 115.341361, -8.504318 ], [ 115.341377, -8.504263 ], [ 115.341382, -8.504245 ], [ 115.34139, -8.504209 ], [ 115.3414, -8.504155 ], [ 115.341404, -8.50411 ], [ 115.341404, -8.504102 ], [ 115.341404, -8.504048 ], [ 115.341397, -8.503995 ], [ 115.341385, -8.503941 ], [ 115.341369, -8.503887 ], [ 115.341351, -8.503833 ], [ 115.341332, -8.503779 ], [ 115.341328, -8.503767 ], [ 115.34132, -8.503745 ], [ 115.341316, -8.503733 ], [ 115.341313, -8.503724 ], [ 115.341297, -8.503668 ], [ 115.341284, -8.503612 ], [ 115.341274, -8.503556 ], [ 115.341266, -8.503499 ], [ 115.341256, -8.503444 ], [ 115.341243, -8.50339 ], [ 115.341235, -8.503366 ], [ 115.341225, -8.503338 ], [ 115.341202, -8.503288 ], [ 115.341175, -8.503239 ], [ 115.341145, -8.503192 ], [ 115.341111, -8.503146 ], [ 115.341076, -8.5031 ], [ 115.341039, -8.503055 ], [ 115.341002, -8.50301 ], [ 115.340986, -8.502989 ], [ 115.340966, -8.502965 ], [ 115.34093, -8.502919 ], [ 115.340896, -8.502872 ], [ 115.340879, -8.502849 ], [ 115.340863, -8.502825 ], [ 115.340834, -8.502777 ], [ 115.340806, -8.502728 ], [ 115.340806, -8.502727 ], [ 115.340781, -8.502677 ], [ 115.340767, -8.502644 ], [ 115.340758, -8.502625 ], [ 115.340738, -8.502572 ], [ 115.340721, -8.502519 ], [ 115.340721, -8.502518 ], [ 115.340707, -8.502463 ], [ 115.340701, -8.502434 ], [ 115.340695, -8.502407 ], [ 115.340687, -8.502353 ], [ 115.340687, -8.502352 ], [ 115.340687, -8.502351 ], [ 115.340682, -8.502294 ], [ 115.34068, -8.502238 ], [ 115.340678, -8.502181 ], [ 115.340676, -8.502125 ], [ 115.340669, -8.502068 ], [ 115.340662, -8.502018 ], [ 115.340661, -8.502012 ], [ 115.34066, -8.501957 ], [ 115.340668, -8.501902 ], [ 115.34068, -8.501855 ], [ 115.340682, -8.501847 ], [ 115.340701, -8.501793 ], [ 115.340724, -8.501739 ], [ 115.340748, -8.501686 ], [ 115.340768, -8.501642 ], [ 115.340772, -8.501632 ], [ 115.340795, -8.501579 ], [ 115.340817, -8.501526 ], [ 115.34084, -8.501475 ], [ 115.340843, -8.501467 ], [ 115.340864, -8.501424 ], [ 115.340891, -8.501375 ], [ 115.340923, -8.501328 ], [ 115.340949, -8.501297 ], [ 115.340959, -8.501284 ], [ 115.341001, -8.501246 ], [ 115.341051, -8.501221 ], [ 115.341106, -8.501207 ], [ 115.341161, -8.501192 ], [ 115.341216, -8.501184 ], [ 115.341273, -8.501181 ], [ 115.34133, -8.501181 ], [ 115.341388, -8.501183 ], [ 115.341445, -8.501185 ], [ 115.341501, -8.501185 ], [ 115.341522, -8.501184 ], [ 115.341558, -8.501183 ], [ 115.341614, -8.50118 ] ] ] ] } },
{ "type": "Feature", "properties": { "id": 17, "fid": 17, "objectid": 4166, "namobj": "Bangli", "fcode": "BA03070040", "wadmkc": "Bangli", "wadmkk": "Bangli", "wadmpr": "Bali", "jumlah_penduduk": 54438, "area_admini": 5198371.8455702588 }, "geometry": { "type": "MultiPolygon", "coordinates": [ [ [ [ 115.356711, -8.500839 ], [ 115.356748, -8.500683 ], [ 115.356772, -8.500553 ], [ 115.356773, -8.500436 ], [ 115.356773, -8.500378 ], [ 115.356747, -8.500292 ], [ 115.356719, -8.500232 ], [ 115.356668, -8.500062 ], [ 115.356596, -8.5 ], [ 115.342552, -8.5 ], [ 115.342503, -8.500096 ], [ 115.3424, -8.50019 ], [ 115.34237, -8.500214 ], [ 115.342285, -8.500283 ], [ 115.342221, -8.500373 ], [ 115.342194, -8.500423 ], [ 115.34217, -8.500476 ], [ 115.342153, -8.50053 ], [ 115.342148, -8.50057 ], [ 115.342146, -8.500586 ], [ 115.34215, -8.500641 ], [ 115.34216, -8.500698 ], [ 115.342172, -8.500755 ], [ 115.342173, -8.500767 ], [ 115.342174, -8.500774 ], [ 115.342177, -8.500812 ], [ 115.342171, -8.500866 ], [ 115.342149, -8.500918 ], [ 115.342117, -8.500967 ], [ 115.342081, -8.501013 ], [ 115.342042, -8.501054 ], [ 115.341999, -8.501089 ], [ 115.34195, -8.501115 ], [ 115.341896, -8.501135 ], [ 115.341841, -8.501149 ], [ 115.341832, -8.501151 ], [ 115.341784, -8.50116 ], [ 115.341727, -8.501169 ], [ 115.34167, -8.501175 ], [ 115.341614, -8.50118 ], [ 115.341558, -8.501183 ], [ 115.341522, -8.501184 ], [ 115.341501, -8.501185 ], [ 115.341445, -8.501185 ], [ 115.341388, -8.501183 ], [ 115.34133, -8.501181 ], [ 115.341273, -8.501181 ], [ 115.341216, -8.501184 ], [ 115.341161, -8.501192 ], [ 115.341106, -8.501207 ], [ 115.341051, -8.501221 ], [ 115.341001, -8.501246 ], [ 115.340959, -8.501284 ], [ 115.340949, -8.501297 ], [ 115.340923, -8.501328 ], [ 115.340891, -8.501375 ], [ 115.340864, -8.501424 ], [ 115.340843, -8.501467 ], [ 115.34084, -8.501475 ], [ 115.340817, -8.501526 ], [ 115.340795, -8.501579 ], [ 115.340772, -8.501632 ], [ 115.340768, -8.501642 ], [ 115.340748, -8.501686 ], [ 115.340724, -8.501739 ], [ 115.340701, -8.501793 ], [ 115.340682, -8.501847 ], [ 115.34068, -8.501855 ], [ 115.340668, -8.501902 ], [ 115.34066, -8.501957 ], [ 115.340661, -8.502012 ], [ 115.340662, -8.502018 ], [ 115.340669, -8.502068 ], [ 115.340676, -8.502125 ], [ 115.340678, -8.502181 ], [ 115.34068, -8.502238 ], [ 115.340682, -8.502294 ], [ 115.340687, -8.502351 ], [ 115.340687, -8.502352 ], [ 115.340687, -8.502353 ], [ 115.340695, -8.502407 ], [ 115.340701, -8.502434 ], [ 115.340707, -8.502463 ], [ 115.340721, -8.502518 ], [ 115.340721, -8.502519 ], [ 115.340738, -8.502572 ], [ 115.340758, -8.502625 ], [ 115.340767, -8.502644 ], [ 115.340781, -8.502677 ], [ 115.340806, -8.502727 ], [ 115.340806, -8.502728 ], [ 115.340834, -8.502777 ], [ 115.340863, -8.502825 ], [ 115.340879, -8.502849 ], [ 115.340896, -8.502872 ], [ 115.34093, -8.502919 ], [ 115.340966, -8.502965 ], [ 115.340986, -8.502989 ], [ 115.341002, -8.50301 ], [ 115.341039, -8.503055 ], [ 115.341076, -8.5031 ], [ 115.341111, -8.503146 ], [ 115.341145, -8.503192 ], [ 115.341175, -8.503239 ], [ 115.341202, -8.503288 ], [ 115.341225, -8.503338 ], [ 115.341235, -8.503366 ], [ 115.341243, -8.50339 ], [ 115.341256, -8.503444 ], [ 115.341266, -8.503499 ], [ 115.341274, -8.503556 ], [ 115.341284, -8.503612 ], [ 115.341297, -8.503668 ], [ 115.341313, -8.503724 ], [ 115.341316, -8.503733 ], [ 115.34132, -8.503745 ], [ 115.341328, -8.503767 ], [ 115.341332, -8.503779 ], [ 115.341351, -8.503833 ], [ 115.341369, -8.503887 ], [ 115.341385, -8.503941 ], [ 115.341397, -8.503995 ], [ 115.341404, -8.504048 ], [ 115.341404, -8.504102 ], [ 115.341404, -8.50411 ], [ 115.3414, -8.504155 ], [ 115.34139, -8.504209 ], [ 115.341382, -8.504245 ], [ 115.341377, -8.504263 ], [ 115.341361, -8.504318 ], [ 115.341343, -8.504373 ], [ 115.341337, -8.504389 ], [ 115.341323, -8.504428 ], [ 115.341303, -8.504484 ], [ 115.341295, -8.504509 ], [ 115.341283, -8.504541 ], [ 115.341265, -8.504599 ], [ 115.341248, -8.504658 ], [ 115.341241, -8.504687 ], [ 115.341233, -8.504718 ], [ 115.341222, -8.504777 ], [ 115.341214, -8.504836 ], [ 115.34121, -8.504895 ], [ 115.34121, -8.504904 ], [ 115.34121, -8.504953 ], [ 115.341216, -8.50501 ], [ 115.341228, -8.505065 ], [ 115.341233, -8.50508 ], [ 115.341246, -8.505117 ], [ 115.341271, -8.505168 ], [ 115.341289, -8.505194 ], [ 115.341304, -8.505215 ], [ 115.34134, -8.505261 ], [ 115.341377, -8.505307 ], [ 115.341408, -8.505353 ], [ 115.341411, -8.50536 ], [ 115.34143, -8.505402 ], [ 115.341439, -8.505454 ], [ 115.341437, -8.50551 ], [ 115.341431, -8.505548 ], [ 115.341427, -8.505567 ], [ 115.341414, -8.505626 ], [ 115.341404, -8.505671 ], [ 115.3414, -8.505684 ], [ 115.341389, -8.505742 ], [ 115.341379, -8.505799 ], [ 115.341371, -8.505856 ], [ 115.341367, -8.505889 ], [ 115.341364, -8.505912 ], [ 115.341359, -8.505958 ], [ 115.341358, -8.505968 ], [ 115.341353, -8.506024 ], [ 115.341348, -8.506079 ], [ 115.341343, -8.506134 ], [ 115.341341, -8.506155 ], [ 115.341337, -8.506189 ], [ 115.34133, -8.506245 ], [ 115.341323, -8.5063 ], [ 115.341315, -8.506356 ], [ 115.341315, -8.506357 ], [ 115.341306, -8.506412 ], [ 115.341299, -8.506453 ], [ 115.341296, -8.506467 ], [ 115.341286, -8.506523 ], [ 115.341276, -8.506579 ], [ 115.341265, -8.506635 ], [ 115.341258, -8.50667 ], [ 115.341254, -8.506691 ], [ 115.341243, -8.506747 ], [ 115.341232, -8.506803 ], [ 115.341228, -8.506825 ], [ 115.341221, -8.506858 ], [ 115.34121, -8.506914 ], [ 115.341199, -8.50697 ], [ 115.341189, -8.507026 ], [ 115.341178, -8.507082 ], [ 115.341172, -8.507113 ], [ 115.341168, -8.507137 ], [ 115.341157, -8.507193 ], [ 115.341147, -8.507248 ], [ 115.341136, -8.507303 ], [ 115.341125, -8.507358 ], [ 115.341121, -8.507379 ], [ 115.341114, -8.507413 ], [ 115.341102, -8.507468 ], [ 115.34109, -8.507523 ], [ 115.341077, -8.507578 ], [ 115.341063, -8.507634 ], [ 115.341049, -8.507689 ], [ 115.341034, -8.507745 ], [ 115.341017, -8.507801 ], [ 115.341002, -8.507848 ], [ 115.340999, -8.507856 ], [ 115.340979, -8.507911 ], [ 115.340955, -8.507963 ], [ 115.340928, -8.508013 ], [ 115.340898, -8.508061 ], [ 115.340862, -8.508104 ], [ 115.340822, -8.508143 ], [ 115.340777, -8.508178 ], [ 115.340729, -8.50821 ], [ 115.340678, -8.50824 ], [ 115.340627, -8.508269 ], [ 115.340575, -8.508298 ], [ 115.340525, -8.508328 ], [ 115.340478, -8.50836 ], [ 115.340435, -8.508394 ], [ 115.340396, -8.508433 ], [ 115.340364, -8.508476 ], [ 115.34034, -8.508525 ], [ 115.34032, -8.508578 ], [ 115.34031, -8.508615 ], [ 115.340305, -8.508634 ], [ 115.340291, -8.50869 ], [ 115.340279, -8.508747 ], [ 115.340265, -8.508802 ], [ 115.340251, -8.508856 ], [ 115.340238, -8.508904 ], [ 115.340236, -8.508911 ], [ 115.34022, -8.508964 ], [ 115.340201, -8.509018 ], [ 115.340181, -8.509071 ], [ 115.34017, -8.509097 ], [ 115.340158, -8.509125 ], [ 115.340131, -8.509177 ], [ 115.3401, -8.509225 ], [ 115.340064, -8.509268 ], [ 115.340021, -8.509303 ], [ 115.339972, -8.50933 ], [ 115.339918, -8.509349 ], [ 115.339896, -8.509354 ], [ 115.339862, -8.509361 ], [ 115.339862, -8.509362 ], [ 115.339857, -8.509362 ], [ 115.339803, -8.509369 ], [ 115.339745, -8.509373 ], [ 115.339689, -8.509373 ], [ 115.339633, -8.50937 ], [ 115.339578, -8.509365 ], [ 115.339524, -8.509357 ], [ 115.339476, -8.509347 ], [ 115.33947, -8.509346 ], [ 115.339416, -8.509333 ], [ 115.339362, -8.509317 ], [ 115.339307, -8.5093 ], [ 115.339253, -8.509281 ], [ 115.339197, -8.50926 ], [ 115.33914, -8.509238 ], [ 115.339136, -8.509237 ], [ 115.339082, -8.509215 ], [ 115.339023, -8.509191 ], [ 115.338963, -8.509169 ], [ 115.338904, -8.509148 ], [ 115.338845, -8.509132 ], [ 115.338806, -8.509124 ], [ 115.338791, -8.509121 ], [ 115.33879, -8.509121 ], [ 115.338788, -8.509121 ], [ 115.338733, -8.509117 ], [ 115.338681, -8.509121 ], [ 115.338632, -8.509135 ], [ 115.338627, -8.509138 ], [ 115.338588, -8.50916 ], [ 115.338547, -8.509196 ], [ 115.338509, -8.509239 ], [ 115.338473, -8.509287 ], [ 115.338439, -8.509336 ], [ 115.338405, -8.509385 ], [ 115.338383, -8.509415 ], [ 115.338371, -8.509432 ], [ 115.338337, -8.509479 ], [ 115.338304, -8.509524 ], [ 115.338279, -8.509558 ], [ 115.33827, -8.509569 ], [ 115.338236, -8.509613 ], [ 115.338202, -8.509657 ], [ 115.338167, -8.5097 ], [ 115.338155, -8.509715 ], [ 115.338132, -8.509743 ], [ 115.338097, -8.509786 ], [ 115.338061, -8.509829 ], [ 115.338037, -8.509859 ], [ 115.338025, -8.509873 ], [ 115.337989, -8.509916 ], [ 115.337953, -8.50996 ], [ 115.337916, -8.510003 ], [ 115.33788, -8.510048 ], [ 115.337851, -8.510082 ], [ 115.337843, -8.510092 ], [ 115.337807, -8.510137 ], [ 115.337772, -8.510183 ], [ 115.337742, -8.510231 ], [ 115.337718, -8.510281 ], [ 115.337701, -8.510335 ], [ 115.337698, -8.510352 ], [ 115.337691, -8.510392 ], [ 115.337682, -8.510449 ], [ 115.337671, -8.510504 ], [ 115.33766, -8.510537 ], [ 115.337653, -8.510557 ], [ 115.337625, -8.510605 ], [ 115.33759, -8.51065 ], [ 115.337552, -8.510694 ], [ 115.337516, -8.510738 ], [ 115.337485, -8.510785 ], [ 115.337464, -8.510837 ], [ 115.337462, -8.510841 ], [ 115.337443, -8.51089 ], [ 115.337417, -8.51094 ], [ 115.337394, -8.510992 ], [ 115.337377, -8.511046 ], [ 115.337359, -8.5111 ], [ 115.337336, -8.511153 ], [ 115.337308, -8.511203 ], [ 115.337274, -8.511248 ], [ 115.337273, -8.511249 ], [ 115.337232, -8.511289 ], [ 115.337215, -8.511302 ], [ 115.33718, -8.511324 ], [ 115.337134, -8.511346 ], [ 115.337081, -8.511366 ], [ 115.337027, -8.511386 ], [ 115.336976, -8.511409 ], [ 115.336929, -8.511438 ], [ 115.336889, -8.511476 ], [ 115.336882, -8.511484 ], [ 115.336853, -8.51152 ], [ 115.336822, -8.511568 ], [ 115.336794, -8.51162 ], [ 115.336769, -8.511673 ], [ 115.336745, -8.511726 ], [ 115.336733, -8.511751 ], [ 115.336721, -8.511778 ], [ 115.336697, -8.511829 ], [ 115.336673, -8.51188 ], [ 115.336649, -8.51193 ], [ 115.336642, -8.511943 ], [ 115.336637, -8.511953 ], [ 115.336623, -8.511981 ], [ 115.336595, -8.512031 ], [ 115.336564, -8.51208 ], [ 115.336529, -8.512125 ], [ 115.336524, -8.512131 ], [ 115.33649, -8.512165 ], [ 115.336445, -8.512198 ], [ 115.336396, -8.512227 ], [ 115.336346, -8.512256 ], [ 115.3363, -8.512291 ], [ 115.336277, -8.512318 ], [ 115.336263, -8.512333 ], [ 115.33624, -8.512385 ], [ 115.336229, -8.512441 ], [ 115.336229, -8.512469 ], [ 115.336229, -8.512497 ], [ 115.336244, -8.512552 ], [ 115.33627, -8.512603 ], [ 115.336303, -8.51265 ], [ 115.336338, -8.512694 ], [ 115.336374, -8.512737 ], [ 115.33641, -8.512781 ], [ 115.336443, -8.512829 ], [ 115.336453, -8.512849 ], [ 115.336469, -8.51288 ], [ 115.336483, -8.512934 ], [ 115.336482, -8.51299 ], [ 115.336479, -8.513009 ], [ 115.336472, -8.513047 ], [ 115.336468, -8.513061 ], [ 115.336458, -8.513102 ], [ 115.336439, -8.513155 ], [ 115.336415, -8.513207 ], [ 115.336391, -8.513249 ], [ 115.336386, -8.513256 ], [ 115.336352, -8.513301 ], [ 115.336322, -8.513329 ], [ 115.336299, -8.513348 ], [ 115.336264, -8.513371 ], [ 115.33621, -8.513394 ], [ 115.336152, -8.513409 ], [ 115.336097, -8.513425 ], [ 115.336053, -8.513453 ], [ 115.336024, -8.5135 ], [ 115.336005, -8.513557 ], [ 115.335989, -8.513614 ], [ 115.335975, -8.513655 ], [ 115.335971, -8.513668 ], [ 115.33595, -8.51372 ], [ 115.335934, -8.513749 ], [ 115.335924, -8.513768 ], [ 115.335892, -8.513814 ], [ 115.335855, -8.513856 ], [ 115.335813, -8.513894 ], [ 115.335767, -8.51393 ], [ 115.335758, -8.513935 ], [ 115.335717, -8.513962 ], [ 115.335711, -8.513966 ], [ 115.335666, -8.51399 ], [ 115.335612, -8.514016 ], [ 115.33556, -8.514042 ], [ 115.33551, -8.514069 ], [ 115.335464, -8.5141 ], [ 115.335424, -8.514137 ], [ 115.335392, -8.514182 ], [ 115.335366, -8.514232 ], [ 115.33536, -8.514245 ], [ 115.335344, -8.514286 ], [ 115.335325, -8.514336 ], [ 115.335325, -8.514336 ], [ 115.335323, -8.51434 ], [ 115.335303, -8.514394 ], [ 115.335288, -8.514435 ], [ 115.335284, -8.514448 ], [ 115.335264, -8.514501 ], [ 115.335243, -8.514553 ], [ 115.335222, -8.514605 ], [ 115.335221, -8.514608 ], [ 115.335199, -8.514656 ], [ 115.335175, -8.514707 ], [ 115.33515, -8.514756 ], [ 115.335126, -8.514799 ], [ 115.335122, -8.514806 ], [ 115.335094, -8.514854 ], [ 115.335063, -8.514902 ], [ 115.335032, -8.514949 ], [ 115.334999, -8.514996 ], [ 115.334965, -8.515042 ], [ 115.33493, -8.515088 ], [ 115.334895, -8.515134 ], [ 115.334862, -8.515181 ], [ 115.334846, -8.515207 ], [ 115.334832, -8.515229 ], [ 115.334808, -8.515279 ], [ 115.33479, -8.515332 ], [ 115.334784, -8.515362 ], [ 115.334778, -8.515387 ], [ 115.334772, -8.515444 ], [ 115.334771, -8.515502 ], [ 115.334774, -8.515559 ], [ 115.33478, -8.515617 ], [ 115.334788, -8.515674 ], [ 115.334793, -8.515715 ], [ 115.334796, -8.515731 ], [ 115.334803, -8.515787 ], [ 115.334804, -8.5158 ], [ 115.334809, -8.515843 ], [ 115.334811, -8.515899 ], [ 115.334809, -8.515951 ], [ 115.334809, -8.515954 ], [ 115.334802, -8.516009 ], [ 115.33479, -8.516064 ], [ 115.334774, -8.516118 ], [ 115.334763, -8.516156 ], [ 115.334758, -8.516173 ], [ 115.334683, -8.51614 ], [ 115.334431, -8.517008 ], [ 115.334449, -8.51741 ], [ 115.334388, -8.517819 ], [ 115.334481, -8.517932 ], [ 115.334632, -8.518123 ], [ 115.334668, -8.518285 ], [ 115.334677, -8.518499 ], [ 115.334716, -8.518605 ], [ 115.334779, -8.518712 ], [ 115.33485, -8.518824 ], [ 115.334841, -8.518819 ], [ 115.334966, -8.519032 ], [ 115.334872, -8.519316 ], [ 115.334592, -8.519802 ], [ 115.33439, -8.520329 ], [ 115.33437, -8.520637 ], [ 115.334401, -8.520973 ], [ 115.33446, -8.521257 ], [ 115.334512, -8.521343 ], [ 115.334644, -8.521416 ], [ 115.3348, -8.521502 ], [ 115.335088, -8.521662 ], [ 115.335275, -8.521777 ], [ 115.335531, -8.521934 ], [ 115.335778, -8.522107 ], [ 115.335967, -8.522239 ], [ 115.336204, -8.522643 ], [ 115.336246, -8.522928 ], [ 115.336364, -8.523724 ], [ 115.336353, -8.523641 ], [ 115.336432, -8.523641 ], [ 115.336513, -8.523642 ], [ 115.336853, -8.523643 ], [ 115.338621, -8.523791 ], [ 115.339036, -8.523544 ], [ 115.339211, -8.52344 ], [ 115.339476, -8.523281 ], [ 115.339714, -8.52314 ], [ 115.340231, -8.522832 ], [ 115.34051, -8.523407 ], [ 115.340889, -8.523658 ], [ 115.340941, -8.523692 ], [ 115.341286, -8.524154 ], [ 115.341738, -8.52446 ], [ 115.341833, -8.52451 ], [ 115.341665, -8.524442 ], [ 115.341876, -8.524564 ], [ 115.342203, -8.524702 ], [ 115.342526, -8.52485 ], [ 115.342944, -8.524874 ], [ 115.343618, -8.524893 ], [ 115.344331, -8.524858 ], [ 115.344822, -8.524784 ], [ 115.344844, -8.524781 ], [ 115.345427, -8.524659 ], [ 115.346815, -8.525351 ], [ 115.347712, -8.524844 ], [ 115.348159, -8.524281 ], [ 115.34868, -8.523292 ], [ 115.349504, -8.523071 ], [ 115.349905, -8.522964 ], [ 115.35088, -8.522698 ], [ 115.351406, -8.522555 ], [ 115.352002, -8.522375 ], [ 115.352393, -8.522283 ], [ 115.352457, -8.522223 ], [ 115.352763, -8.521942 ], [ 115.353002, -8.521732 ], [ 115.353418, -8.521603 ], [ 115.353939, -8.521444 ], [ 115.354422, -8.521208 ], [ 115.354464, -8.521202 ], [ 115.354551, -8.521187 ], [ 115.354691, -8.521164 ], [ 115.355457, -8.521098 ], [ 115.35611, -8.521047 ], [ 115.356424, -8.521023 ], [ 115.356442, -8.521022 ], [ 115.356594, -8.521014 ], [ 115.357068, -8.520991 ], [ 115.357481, -8.520956 ], [ 115.357594, -8.520946 ], [ 115.357623, -8.520943 ], [ 115.357626, -8.520943 ], [ 115.357585, -8.520824 ], [ 115.357547, -8.520716 ], [ 115.357552, -8.520596 ], [ 115.357583, -8.520412 ], [ 115.357558, -8.520302 ], [ 115.357507, -8.520218 ], [ 115.357407, -8.519994 ], [ 115.35734, -8.519843 ], [ 115.357269, -8.519716 ], [ 115.357239, -8.519645 ], [ 115.357252, -8.519573 ], [ 115.357274, -8.519531 ], [ 115.357381, -8.519213 ], [ 115.357513, -8.518898 ], [ 115.35756, -8.518722 ], [ 115.35759, -8.518621 ], [ 115.357595, -8.518553 ], [ 115.3576, -8.518427 ], [ 115.357545, -8.51833 ], [ 115.357436, -8.518028 ], [ 115.357428, -8.518006 ], [ 115.357393, -8.517803 ], [ 115.357335, -8.517484 ], [ 115.357327, -8.517287 ], [ 115.35728, -8.517059 ], [ 115.357216, -8.516861 ], [ 115.357193, -8.516681 ], [ 115.357161, -8.51652 ], [ 115.357058, -8.516319 ], [ 115.356972, -8.516147 ], [ 115.356878, -8.515984 ], [ 115.356781, -8.515677 ], [ 115.356726, -8.515462 ], [ 115.356652, -8.515315 ], [ 115.35659, -8.51522 ], [ 115.356555, -8.515184 ], [ 115.356455, -8.515129 ], [ 115.356398, -8.515094 ], [ 115.356348, -8.515091 ], [ 115.356296, -8.515088 ], [ 115.356238, -8.515102 ], [ 115.356136, -8.515147 ], [ 115.356062, -8.515188 ], [ 115.355991, -8.515232 ], [ 115.355908, -8.515255 ], [ 115.355884, -8.515259 ], [ 115.35583, -8.515267 ], [ 115.355765, -8.515275 ], [ 115.355703, -8.515254 ], [ 115.355584, -8.515192 ], [ 115.355475, -8.515073 ], [ 115.355402, -8.514934 ], [ 115.35526, -8.514707 ], [ 115.355174, -8.514513 ], [ 115.355136, -8.514356 ], [ 115.355173, -8.514082 ], [ 115.355227, -8.513881 ], [ 115.355293, -8.513787 ], [ 115.355341, -8.513741 ], [ 115.355391, -8.513693 ], [ 115.355549, -8.513614 ], [ 115.355686, -8.513535 ], [ 115.355757, -8.513447 ], [ 115.35576, -8.513444 ], [ 115.355787, -8.513388 ], [ 115.355808, -8.513239 ], [ 115.355768, -8.513074 ], [ 115.355682, -8.512884 ], [ 115.355579, -8.512701 ], [ 115.355494, -8.512571 ], [ 115.355257, -8.512403 ], [ 115.355097, -8.512278 ], [ 115.354842, -8.512156 ], [ 115.354727, -8.512088 ], [ 115.354442, -8.51198 ], [ 115.354342, -8.511951 ], [ 115.354226, -8.511917 ], [ 115.354165, -8.511894 ], [ 115.354081, -8.511861 ], [ 115.354031, -8.511819 ], [ 115.354016, -8.511763 ], [ 115.354022, -8.511698 ], [ 115.354041, -8.511568 ], [ 115.354235, -8.51121 ], [ 115.354307, -8.511033 ], [ 115.354367, -8.510901 ], [ 115.354418, -8.510786 ], [ 115.354451, -8.510668 ], [ 115.354439, -8.510596 ], [ 115.354436, -8.510579 ], [ 115.354422, -8.510529 ], [ 115.354386, -8.510487 ], [ 115.354312, -8.510449 ], [ 115.354203, -8.510404 ], [ 115.354095, -8.510372 ], [ 115.354093, -8.510371 ], [ 115.353904, -8.5103 ], [ 115.353721, -8.51024 ], [ 115.353582, -8.510179 ], [ 115.353493, -8.5101 ], [ 115.353454, -8.510048 ], [ 115.353417, -8.509982 ], [ 115.353398, -8.509899 ], [ 115.353398, -8.509843 ], [ 115.353424, -8.509775 ], [ 115.353459, -8.509715 ], [ 115.353522, -8.509678 ], [ 115.353557, -8.509664 ], [ 115.353645, -8.509631 ], [ 115.353765, -8.509591 ], [ 115.353864, -8.509558 ], [ 115.354006, -8.509535 ], [ 115.354096, -8.509511 ], [ 115.354133, -8.509501 ], [ 115.354237, -8.509458 ], [ 115.354327, -8.509415 ], [ 115.354375, -8.50938 ], [ 115.354431, -8.509326 ], [ 115.354448, -8.509285 ], [ 115.354463, -8.509235 ], [ 115.354455, -8.509204 ], [ 115.354415, -8.509167 ], [ 115.354326, -8.509059 ], [ 115.354288, -8.509016 ], [ 115.354231, -8.508953 ], [ 115.354312, -8.508832 ], [ 115.35432, -8.508821 ], [ 115.354387, -8.508728 ], [ 115.354394, -8.508718 ], [ 115.354526, -8.508596 ], [ 115.354627, -8.508518 ], [ 115.354679, -8.508463 ], [ 115.354702, -8.508385 ], [ 115.354695, -8.508299 ], [ 115.354613, -8.508188 ], [ 115.354442, -8.508046 ], [ 115.354416, -8.508023 ], [ 115.354315, -8.507935 ], [ 115.354177, -8.507831 ], [ 115.354144, -8.507753 ], [ 115.35414, -8.507745 ], [ 115.354159, -8.507615 ], [ 115.354231, -8.507486 ], [ 115.354396, -8.507312 ], [ 115.354614, -8.507031 ], [ 115.354711, -8.506953 ], [ 115.354905, -8.506869 ], [ 115.355152, -8.506829 ], [ 115.355451, -8.506793 ], [ 115.355693, -8.506764 ], [ 115.355916, -8.506691 ], [ 115.356021, -8.506645 ], [ 115.356118, -8.50659 ], [ 115.356165, -8.506531 ], [ 115.356186, -8.506437 ], [ 115.356198, -8.506291 ], [ 115.35618, -8.506096 ], [ 115.356186, -8.505891 ], [ 115.356171, -8.505693 ], [ 115.356177, -8.50562 ], [ 115.356198, -8.505576 ], [ 115.356269, -8.505522 ], [ 115.356321, -8.505493 ], [ 115.356393, -8.505454 ], [ 115.356411, -8.505444 ], [ 115.356529, -8.505379 ], [ 115.356642, -8.505325 ], [ 115.35671, -8.505279 ], [ 115.356731, -8.505216 ], [ 115.356718, -8.505172 ], [ 115.356674, -8.505029 ], [ 115.35662, -8.504946 ], [ 115.356547, -8.504865 ], [ 115.356437, -8.504804 ], [ 115.356304, -8.504736 ], [ 115.356162, -8.504665 ], [ 115.356106, -8.50463 ], [ 115.356053, -8.504597 ], [ 115.355995, -8.504534 ], [ 115.355964, -8.504482 ], [ 115.355944, -8.504404 ], [ 115.355949, -8.504344 ], [ 115.355957, -8.504281 ], [ 115.355994, -8.504227 ], [ 115.356047, -8.504187 ], [ 115.356105, -8.504166 ], [ 115.356199, -8.504182 ], [ 115.356324, -8.504237 ], [ 115.356375, -8.504247 ], [ 115.356427, -8.504257 ], [ 115.356523, -8.504295 ], [ 115.356596, -8.504296 ], [ 115.356662, -8.50427 ], [ 115.356741, -8.504208 ], [ 115.356846, -8.504089 ], [ 115.356846, -8.504088 ], [ 115.356847, -8.504087 ], [ 115.356902, -8.50393 ], [ 115.356997, -8.50368 ], [ 115.357029, -8.5035 ], [ 115.357056, -8.503329 ], [ 115.357036, -8.503233 ], [ 115.356981, -8.503123 ], [ 115.356916, -8.503055 ], [ 115.35683, -8.503003 ], [ 115.356788, -8.502966 ], [ 115.356736, -8.50289 ], [ 115.356668, -8.502796 ], [ 115.356642, -8.50272 ], [ 115.35664, -8.502606 ], [ 115.356694, -8.502393 ], [ 115.356718, -8.50225 ], [ 115.35671, -8.502136 ], [ 115.356669, -8.502026 ], [ 115.35663, -8.501914 ], [ 115.356594, -8.501757 ], [ 115.356597, -8.501645 ], [ 115.356632, -8.501427 ], [ 115.356659, -8.501193 ], [ 115.356711, -8.500839 ] ] ] ] } },
{ "type": "Feature", "properties": { "id": 18, "fid": 18, "objectid": 4186, "namobj": "Denpasar Selatan", "fcode": "BA03070040", "wadmkc": "Denpasar Selatan", "wadmkk": "Kota Denpasar", "wadmpr": "Bali", "jumlah_penduduk": 183969, "area_admini": 49444765.70689813 }, "geometry": { "type": "MultiPolygon", "coordinates": [ [ [ [ 115.213957, -8.735727 ], [ 115.214338, -8.735175 ], [ 115.215023, -8.734337 ], [ 115.215689, -8.733671 ], [ 115.216355, -8.733309 ], [ 115.216812, -8.733252 ], [ 115.217364, -8.732795 ], [ 115.218164, -8.731882 ], [ 115.21902, -8.73112 ], [ 115.218982, -8.730739 ], [ 115.218602, -8.730263 ], [ 115.218164, -8.729578 ], [ 115.217231, -8.729026 ], [ 115.216089, -8.72876 ], [ 115.214452, -8.728398 ], [ 115.213862, -8.728322 ], [ 115.213709, -8.72855 ], [ 115.213443, -8.72914 ], [ 115.213386, -8.730111 ], [ 115.213024, -8.731139 ], [ 115.212834, -8.731615 ], [ 115.212777, -8.731958 ], [ 115.212701, -8.732643 ], [ 115.212605, -8.732967 ], [ 115.212301, -8.73329 ], [ 115.211814, -8.734724 ], [ 115.211645, -8.735221 ], [ 115.211591, -8.735418 ], [ 115.2115, -8.735746 ], [ 115.21145, -8.735927 ], [ 115.2113, -8.736468 ], [ 115.211235, -8.7367 ], [ 115.211114, -8.737142 ], [ 115.210992, -8.737678 ], [ 115.210981, -8.737749 ], [ 115.210872, -8.73842 ], [ 115.210807, -8.738447 ], [ 115.210633, -8.738522 ], [ 115.210633, -8.738522 ], [ 115.210605, -8.738534 ], [ 115.210578, -8.738546 ], [ 115.210499, -8.73858 ], [ 115.210421, -8.738613 ], [ 115.210418, -8.738614 ], [ 115.210382, -8.738621 ], [ 115.210125, -8.738677 ], [ 115.209687, -8.738523 ], [ 115.208283, -8.737995 ], [ 115.208282, -8.737994 ], [ 115.208102, -8.73775 ], [ 115.208156, -8.737471 ], [ 115.208244, -8.737015 ], [ 115.208218, -8.736912 ], [ 115.20714, -8.736659 ], [ 115.206519, -8.736513 ], [ 115.206518, -8.736512 ], [ 115.206271, -8.736454 ], [ 115.206227, -8.736444 ], [ 115.205589, -8.736294 ], [ 115.20555, -8.736441 ], [ 115.205344, -8.737208 ], [ 115.204747, -8.737102 ], [ 115.203985, -8.737159 ], [ 115.202843, -8.737425 ], [ 115.202025, -8.737654 ], [ 115.201587, -8.737806 ], [ 115.20132, -8.738149 ], [ 115.20113, -8.738815 ], [ 115.200959, -8.739367 ], [ 115.200806, -8.7399 ], [ 115.200864, -8.740509 ], [ 115.200616, -8.741023 ], [ 115.20054, -8.741423 ], [ 115.201111, -8.742108 ], [ 115.201834, -8.742432 ], [ 115.202691, -8.74287 ], [ 115.202843, -8.743212 ], [ 115.203186, -8.74325 ], [ 115.20351, -8.742794 ], [ 115.203376, -8.741918 ], [ 115.203395, -8.740909 ], [ 115.203643, -8.739729 ], [ 115.204195, -8.738111 ], [ 115.20429, -8.737502 ], [ 115.204423, -8.737292 ], [ 115.204785, -8.737292 ], [ 115.205228, -8.737466 ], [ 115.205628, -8.737554 ], [ 115.206242, -8.737689 ], [ 115.20787, -8.738046 ], [ 115.207853, -8.738164 ], [ 115.20781, -8.738456 ], [ 115.207702, -8.73919 ], [ 115.207728, -8.739372 ], [ 115.207526, -8.740408 ], [ 115.207388, -8.741118 ], [ 115.207321, -8.74146 ], [ 115.206869, -8.743292 ], [ 115.206372, -8.745489 ], [ 115.206232, -8.74605 ], [ 115.206323, -8.746097 ], [ 115.206935, -8.746163 ], [ 115.207534, -8.746219 ], [ 115.208382, -8.746268 ], [ 115.208896, -8.746265 ], [ 115.209007, -8.746304 ], [ 115.209903, -8.74643 ], [ 115.20993, -8.746557 ], [ 115.211767, -8.746707 ], [ 115.211807, -8.746524 ], [ 115.211731, -8.746464 ], [ 115.211415, -8.746466 ], [ 115.211413, -8.746466 ], [ 115.211363, -8.746459 ], [ 115.211363, -8.746459 ], [ 115.211372, -8.746018 ], [ 115.211389, -8.745733 ], [ 115.211414, -8.745612 ], [ 115.211397, -8.745609 ], [ 115.211401, -8.745534 ], [ 115.211185, -8.745492 ], [ 115.210879, -8.745461 ], [ 115.21068, -8.745406 ], [ 115.21066, -8.745312 ], [ 115.210656, -8.745159 ], [ 115.210573, -8.74502 ], [ 115.210584, -8.744561 ], [ 115.210762, -8.744569 ], [ 115.211306, -8.7447 ], [ 115.211871, -8.744807 ], [ 115.212015, -8.744835 ], [ 115.212506, -8.742704 ], [ 115.2126, -8.742261 ], [ 115.212551, -8.742216 ], [ 115.212751, -8.741143 ], [ 115.212804, -8.740856 ], [ 115.21272, -8.740801 ], [ 115.212719, -8.740801 ], [ 115.212719, -8.740801 ], [ 115.21274, -8.740622 ], [ 115.21276, -8.740444 ], [ 115.212886, -8.740104 ], [ 115.213011, -8.739764 ], [ 115.213218, -8.739248 ], [ 115.213397, -8.738588 ], [ 115.213518, -8.738172 ], [ 115.213688, -8.737589 ], [ 115.213665, -8.737517 ], [ 115.213558, -8.737499 ], [ 115.213272, -8.737478 ], [ 115.212872, -8.737307 ], [ 115.212659, -8.736982 ], [ 115.212852, -8.736174 ], [ 115.213119, -8.73626 ], [ 115.213728, -8.736317 ], [ 115.213957, -8.735727 ] ] ], [ [ [ 115.233896, -8.723374 ], [ 115.233905, -8.723233 ], [ 115.233844, -8.723168 ], [ 115.233714, -8.723128 ], [ 115.232569, -8.723423 ], [ 115.232322, -8.72349 ], [ 115.231957, -8.723504 ], [ 115.231841, -8.723495 ], [ 115.231838, -8.723499 ], [ 115.231615, -8.72367 ], [ 115.231597, -8.723761 ], [ 115.231665, -8.72392 ], [ 115.231904, -8.72415 ], [ 115.232091, -8.724278 ], [ 115.232353, -8.724333 ], [ 115.232593, -8.724296 ], [ 115.232861, -8.724198 ], [ 115.233224, -8.723996 ], [ 115.23359, -8.723732 ], [ 115.233801, -8.723537 ], [ 115.233896, -8.723374 ] ] ], [ [ [ 115.239514, -8.721402 ], [ 115.239157, -8.7212 ], [ 115.238847, -8.721176 ], [ 115.238514, -8.721236 ], [ 115.238385, -8.72128 ], [ 115.238, -8.72141 ], [ 115.237899, -8.721456 ], [ 115.237858, -8.721474 ], [ 115.237623, -8.721581 ], [ 115.237622, -8.721582 ], [ 115.236931, -8.721452 ], [ 115.236927, -8.721451 ], [ 115.236723, -8.7214 ], [ 115.236528, -8.721351 ], [ 115.236328, -8.721408 ], [ 115.236319, -8.721416 ], [ 115.236195, -8.721522 ], [ 115.235967, -8.72176 ], [ 115.235812, -8.7219 ], [ 115.235767, -8.721941 ], [ 115.235605, -8.722131 ], [ 115.235415, -8.722208 ], [ 115.235301, -8.722266 ], [ 115.235063, -8.722388 ], [ 115.234927, -8.722515 ], [ 115.234787, -8.722647 ], [ 115.234618, -8.722805 ], [ 115.234465, -8.722948 ], [ 115.234463, -8.72295 ], [ 115.234088, -8.723409 ], [ 115.234082, -8.723416 ], [ 115.233866, -8.723755 ], [ 115.233827, -8.723816 ], [ 115.23374, -8.723954 ], [ 115.233666, -8.724068 ], [ 115.233664, -8.724073 ], [ 115.233651, -8.724101 ], [ 115.233593, -8.724236 ], [ 115.23354, -8.724359 ], [ 115.233528, -8.724456 ], [ 115.233492, -8.724739 ], [ 115.233387, -8.724977 ], [ 115.233144, -8.725172 ], [ 115.233102, -8.725206 ], [ 115.232893, -8.725282 ], [ 115.232636, -8.72531 ], [ 115.232445, -8.725253 ], [ 115.232293, -8.725139 ], [ 115.232207, -8.725021 ], [ 115.23217, -8.72497 ], [ 115.232065, -8.724825 ], [ 115.231836, -8.724473 ], [ 115.231617, -8.724149 ], [ 115.231322, -8.723835 ], [ 115.231254, -8.723767 ], [ 115.231056, -8.723569 ], [ 115.230856, -8.723473 ], [ 115.230761, -8.723559 ], [ 115.230675, -8.723711 ], [ 115.230666, -8.723764 ], [ 115.23065, -8.723868 ], [ 115.230649, -8.723868 ], [ 115.230649, -8.723868 ], [ 115.230633, -8.723871 ], [ 115.230475, -8.723896 ], [ 115.230142, -8.724089 ], [ 115.229622, -8.724526 ], [ 115.229477, -8.724688 ], [ 115.229431, -8.72474 ], [ 115.229286, -8.72502 ], [ 115.229265, -8.725212 ], [ 115.22934, -8.725411 ], [ 115.2297, -8.725673 ], [ 115.229737, -8.7257 ], [ 115.229883, -8.725828 ], [ 115.229968, -8.725988 ], [ 115.229958, -8.726222 ], [ 115.229885, -8.726419 ], [ 115.229818, -8.726576 ], [ 115.229815, -8.72664 ], [ 115.229806, -8.726863 ], [ 115.229852, -8.727091 ], [ 115.229855, -8.727105 ], [ 115.229897, -8.72724 ], [ 115.229834, -8.727441 ], [ 115.229696, -8.727412 ], [ 115.229515, -8.727212 ], [ 115.229412, -8.727092 ], [ 115.229334, -8.727002 ], [ 115.228991, -8.726736 ], [ 115.228849, -8.726641 ], [ 115.228601, -8.726593 ], [ 115.228574, -8.726657 ], [ 115.228516, -8.726793 ], [ 115.228373, -8.726802 ], [ 115.228097, -8.726637 ], [ 115.227944, -8.726546 ], [ 115.227802, -8.726536 ], [ 115.227697, -8.726622 ], [ 115.227573, -8.726841 ], [ 115.227519, -8.726984 ], [ 115.227392, -8.727316 ], [ 115.22733, -8.727427 ], [ 115.227203, -8.727652 ], [ 115.227107, -8.727821 ], [ 115.22697, -8.727925 ], [ 115.226386, -8.728371 ], [ 115.226288, -8.728423 ], [ 115.225803, -8.728682 ], [ 115.225451, -8.72887 ], [ 115.225131, -8.729024 ], [ 115.225065, -8.729056 ], [ 115.225008, -8.729097 ], [ 115.224651, -8.729356 ], [ 115.224437, -8.729584 ], [ 115.224316, -8.729718 ], [ 115.224259, -8.729782 ], [ 115.224237, -8.729805 ], [ 115.224123, -8.730034 ], [ 115.224059, -8.730162 ], [ 115.224052, -8.730426 ], [ 115.224049, -8.730477 ], [ 115.224037, -8.730755 ], [ 115.22402, -8.730897 ], [ 115.224016, -8.730926 ], [ 115.224014, -8.730929 ], [ 115.223895, -8.731126 ], [ 115.223734, -8.731287 ], [ 115.223723, -8.731297 ], [ 115.223552, -8.731369 ], [ 115.223288, -8.731426 ], [ 115.223102, -8.731404 ], [ 115.22296, -8.73133 ], [ 115.222938, -8.731319 ], [ 115.222774, -8.731269 ], [ 115.222722, -8.731271 ], [ 115.222581, -8.731276 ], [ 115.222317, -8.731326 ], [ 115.222166, -8.731398 ], [ 115.222139, -8.731412 ], [ 115.222104, -8.731454 ], [ 115.222079, -8.731484 ], [ 115.22191, -8.73169 ], [ 115.22186, -8.731787 ], [ 115.221801, -8.731904 ], [ 115.221767, -8.731968 ], [ 115.221725, -8.732325 ], [ 115.221785, -8.732462 ], [ 115.221801, -8.732498 ], [ 115.221803, -8.732504 ], [ 115.221917, -8.732725 ], [ 115.221993, -8.732842 ], [ 115.221993, -8.732842 ], [ 115.22206, -8.732946 ], [ 115.222196, -8.733225 ], [ 115.222218, -8.733317 ], [ 115.222288, -8.733617 ], [ 115.22236, -8.733903 ], [ 115.222375, -8.734021 ], [ 115.222388, -8.734131 ], [ 115.222353, -8.734395 ], [ 115.222246, -8.734581 ], [ 115.222205, -8.734635 ], [ 115.222097, -8.734779 ], [ 115.222096, -8.734781 ], [ 115.222061, -8.734809 ], [ 115.221946, -8.734902 ], [ 115.221801, -8.734927 ], [ 115.221489, -8.734981 ], [ 115.221196, -8.735009 ], [ 115.221128, -8.735042 ], [ 115.220989, -8.735109 ], [ 115.220911, -8.735223 ], [ 115.220886, -8.735304 ], [ 115.220775, -8.735659 ], [ 115.22076, -8.735726 ], [ 115.220654, -8.736201 ], [ 115.220602, -8.736507 ], [ 115.220575, -8.736666 ], [ 115.220568, -8.736708 ], [ 115.220575, -8.737075 ], [ 115.220575, -8.737108 ], [ 115.22063, -8.737512 ], [ 115.220639, -8.737572 ], [ 115.220681, -8.737885 ], [ 115.220682, -8.737893 ], [ 115.220685, -8.737908 ], [ 115.220739, -8.738172 ], [ 115.220834, -8.738583 ], [ 115.220822, -8.738725 ], [ 115.220817, -8.738731 ], [ 115.220739, -8.738821 ], [ 115.220683, -8.738853 ], [ 115.220596, -8.738904 ], [ 115.220519, -8.738933 ], [ 115.220215, -8.739047 ], [ 115.220205, -8.739052 ], [ 115.220001, -8.739154 ], [ 115.219932, -8.739265 ], [ 115.219787, -8.739499 ], [ 115.219735, -8.739692 ], [ 115.219704, -8.739808 ], [ 115.219691, -8.739881 ], [ 115.219683, -8.739931 ], [ 115.21966, -8.740065 ], [ 115.219585, -8.74051 ], [ 115.219529, -8.740913 ], [ 115.219478, -8.741283 ], [ 115.219436, -8.741471 ], [ 115.219354, -8.74184 ], [ 115.219335, -8.741926 ], [ 115.219199, -8.742281 ], [ 115.219061, -8.74264 ], [ 115.218907, -8.743008 ], [ 115.218674, -8.74373 ], [ 115.218645, -8.743821 ], [ 115.218133, -8.745412 ], [ 115.218095, -8.745549 ], [ 115.217824, -8.746506 ], [ 115.2178, -8.746911 ], [ 115.217895, -8.747315 ], [ 115.218074, -8.747744 ], [ 115.218371, -8.748184 ], [ 115.218728, -8.748457 ], [ 115.219014, -8.748587 ], [ 115.220192, -8.749124 ], [ 115.221143, -8.749421 ], [ 115.222595, -8.74973 ], [ 115.224023, -8.75004 ], [ 115.225902, -8.750539 ], [ 115.226545, -8.750849 ], [ 115.22733, -8.751467 ], [ 115.228023, -8.751969 ], [ 115.228072, -8.752004 ], [ 115.228448, -8.752276 ], [ 115.229115, -8.752372 ], [ 115.229448, -8.752276 ], [ 115.229852, -8.752062 ], [ 115.229888, -8.752013 ], [ 115.230043, -8.751801 ], [ 115.230185, -8.751158 ], [ 115.23009, -8.750706 ], [ 115.229947, -8.75023 ], [ 115.230138, -8.749897 ], [ 115.230852, -8.749421 ], [ 115.231121, -8.749247 ], [ 115.23202, -8.748665 ], [ 115.232065, -8.748636 ], [ 115.232435, -8.748384 ], [ 115.23266, -8.748231 ], [ 115.232712, -8.748277 ], [ 115.232787, -8.748344 ], [ 115.232874, -8.748422 ], [ 115.233068, -8.74844 ], [ 115.233374, -8.748469 ], [ 115.233897, -8.748327 ], [ 115.233973, -8.748246 ], [ 115.234302, -8.747898 ], [ 115.234332, -8.747834 ], [ 115.234587, -8.74728 ], [ 115.23473, -8.74678 ], [ 115.234635, -8.746042 ], [ 115.234445, -8.745519 ], [ 115.234183, -8.74509 ], [ 115.233812, -8.744736 ], [ 115.233636, -8.744567 ], [ 115.233088, -8.744186 ], [ 115.232549, -8.744007 ], [ 115.232517, -8.743996 ], [ 115.232473, -8.743994 ], [ 115.231851, -8.743972 ], [ 115.231399, -8.744162 ], [ 115.230947, -8.744329 ], [ 115.230019, -8.743972 ], [ 115.229555, -8.743729 ], [ 115.228972, -8.743425 ], [ 115.228234, -8.742854 ], [ 115.226993, -8.741755 ], [ 115.227212, -8.741589 ], [ 115.227252, -8.741576 ], [ 115.227529, -8.741484 ], [ 115.227994, -8.74133 ], [ 115.22817, -8.741215 ], [ 115.228356, -8.741094 ], [ 115.228409, -8.741034 ], [ 115.228424, -8.741018 ], [ 115.228467, -8.740969 ], [ 115.228522, -8.740824 ], [ 115.228449, -8.740781 ], [ 115.228363, -8.740729 ], [ 115.228318, -8.740702 ], [ 115.228229, -8.740649 ], [ 115.228172, -8.740495 ], [ 115.228152, -8.740442 ], [ 115.228076, -8.739833 ], [ 115.228043, -8.739565 ], [ 115.228043, -8.739536 ], [ 115.228043, -8.739313 ], [ 115.228139, -8.738958 ], [ 115.228316, -8.738564 ], [ 115.228445, -8.738424 ], [ 115.228674, -8.738173 ], [ 115.228975, -8.737863 ], [ 115.229023, -8.737792 ], [ 115.229285, -8.73741 ], [ 115.229332, -8.737299 ], [ 115.22936, -8.737233 ], [ 115.229392, -8.736889 ], [ 115.229388, -8.73686 ], [ 115.229354, -8.736528 ], [ 115.229213, -8.736088 ], [ 115.229198, -8.736041 ], [ 115.229132, -8.735799 ], [ 115.229155, -8.735527 ], [ 115.229327, -8.735099 ], [ 115.229402, -8.734934 ], [ 115.229404, -8.73493 ], [ 115.22952, -8.734844 ], [ 115.229649, -8.734814 ], [ 115.229728, -8.734862 ], [ 115.229728, -8.734862 ], [ 115.229743, -8.734943 ], [ 115.22973, -8.734963 ], [ 115.22961, -8.735141 ], [ 115.229483, -8.735279 ], [ 115.229463, -8.735356 ], [ 115.229395, -8.735624 ], [ 115.229395, -8.735641 ], [ 115.229396, -8.735802 ], [ 115.229523, -8.73611 ], [ 115.229703, -8.736433 ], [ 115.229952, -8.736936 ], [ 115.229982, -8.73715 ], [ 115.229952, -8.737435 ], [ 115.229732, -8.73797 ], [ 115.229724, -8.737984 ], [ 115.229546, -8.738285 ], [ 115.229418, -8.738443 ], [ 115.229182, -8.738582 ], [ 115.228977, -8.738688 ], [ 115.228845, -8.73883 ], [ 115.228804, -8.738965 ], [ 115.228833, -8.739051 ], [ 115.228843, -8.739081 ], [ 115.228915, -8.73912 ], [ 115.229198, -8.739067 ], [ 115.229585, -8.738901 ], [ 115.229854, -8.738785 ], [ 115.230135, -8.738661 ], [ 115.230434, -8.738586 ], [ 115.23049, -8.738572 ], [ 115.230641, -8.738765 ], [ 115.230667, -8.738799 ], [ 115.230902, -8.73897 ], [ 115.231167, -8.73912 ], [ 115.231309, -8.739291 ], [ 115.231502, -8.73937 ], [ 115.231659, -8.739391 ], [ 115.231752, -8.739391 ], [ 115.23191, -8.739433 ], [ 115.231916, -8.739434 ], [ 115.231918, -8.739436 ], [ 115.232037, -8.739555 ], [ 115.23218, -8.739684 ], [ 115.232302, -8.739798 ], [ 115.232627, -8.739923 ], [ 115.232637, -8.739927 ], [ 115.232669, -8.739963 ], [ 115.23273, -8.740034 ], [ 115.232944, -8.740291 ], [ 115.233044, -8.740405 ], [ 115.233101, -8.740533 ], [ 115.233165, -8.740626 ], [ 115.233253, -8.7407 ], [ 115.233304, -8.740744 ], [ 115.233308, -8.740747 ], [ 115.233594, -8.740897 ], [ 115.233843, -8.740976 ], [ 115.234001, -8.741126 ], [ 115.234005, -8.741138 ], [ 115.234093, -8.741361 ], [ 115.234136, -8.741668 ], [ 115.234172, -8.741925 ], [ 115.234265, -8.742147 ], [ 115.234583, -8.742468 ], [ 115.235057, -8.742946 ], [ 115.23545, -8.743296 ], [ 115.236392, -8.743817 ], [ 115.236713, -8.743903 ], [ 115.236999, -8.743867 ], [ 115.237377, -8.743696 ], [ 115.237392, -8.74369 ], [ 115.237627, -8.743596 ], [ 115.237894, -8.743459 ], [ 115.237905, -8.743453 ], [ 115.238169, -8.74341 ], [ 115.238555, -8.743389 ], [ 115.238783, -8.743431 ], [ 115.239183, -8.743424 ], [ 115.239354, -8.743396 ], [ 115.239438, -8.743376 ], [ 115.239504, -8.74336 ], [ 115.239676, -8.743224 ], [ 115.239754, -8.743025 ], [ 115.239797, -8.74281 ], [ 115.239797, -8.742705 ], [ 115.239797, -8.742546 ], [ 115.239894, -8.742512 ], [ 115.239897, -8.742511 ], [ 115.240054, -8.742446 ], [ 115.240268, -8.742361 ], [ 115.240475, -8.742247 ], [ 115.240675, -8.742039 ], [ 115.240803, -8.741832 ], [ 115.241025, -8.741511 ], [ 115.241091, -8.741436 ], [ 115.241396, -8.74109 ], [ 115.241443, -8.741008 ], [ 115.241532, -8.740855 ], [ 115.241739, -8.740626 ], [ 115.242017, -8.740326 ], [ 115.242077, -8.740259 ], [ 115.242345, -8.739955 ], [ 115.242402, -8.739869 ], [ 115.242588, -8.739591 ], [ 115.242788, -8.739769 ], [ 115.242922, -8.739885 ], [ 115.242938, -8.739898 ], [ 115.243145, -8.739919 ], [ 115.243273, -8.739884 ], [ 115.24338, -8.739841 ], [ 115.243447, -8.739814 ], [ 115.243487, -8.739798 ], [ 115.243622, -8.739611 ], [ 115.243652, -8.73957 ], [ 115.243773, -8.739391 ], [ 115.243816, -8.739278 ], [ 115.243817, -8.739275 ], [ 115.24383, -8.739241 ], [ 115.24388, -8.739077 ], [ 115.243886, -8.739049 ], [ 115.24393, -8.73882 ], [ 115.243965, -8.738541 ], [ 115.243973, -8.738477 ], [ 115.243973, -8.738185 ], [ 115.24398, -8.737928 ], [ 115.243944, -8.737564 ], [ 115.243923, -8.737414 ], [ 115.24388, -8.737157 ], [ 115.243802, -8.736936 ], [ 115.24388, -8.736857 ], [ 115.24403, -8.736757 ], [ 115.244084, -8.736723 ], [ 115.244187, -8.736657 ], [ 115.244458, -8.736422 ], [ 115.244751, -8.736129 ], [ 115.245044, -8.7359 ], [ 115.245162, -8.735853 ], [ 115.245222, -8.735829 ], [ 115.245372, -8.735851 ], [ 115.245539, -8.73601 ], [ 115.245543, -8.736015 ], [ 115.245865, -8.736222 ], [ 115.245986, -8.736279 ], [ 115.246214, -8.736322 ], [ 115.246314, -8.7363 ], [ 115.246436, -8.736229 ], [ 115.246509, -8.736107 ], [ 115.246521, -8.736086 ], [ 115.246628, -8.735929 ], [ 115.246668, -8.735866 ], [ 115.246678, -8.735851 ], [ 115.246743, -8.735686 ], [ 115.246788, -8.735591 ], [ 115.246871, -8.735415 ], [ 115.246942, -8.735222 ], [ 115.247114, -8.734851 ], [ 115.247192, -8.734694 ], [ 115.247235, -8.734509 ], [ 115.247299, -8.734052 ], [ 115.247321, -8.733616 ], [ 115.247292, -8.733245 ], [ 115.247221, -8.732938 ], [ 115.247241, -8.732821 ], [ 115.247256, -8.732731 ], [ 115.247314, -8.732702 ], [ 115.247414, -8.732653 ], [ 115.247606, -8.732481 ], [ 115.247785, -8.73231 ], [ 115.248027, -8.732031 ], [ 115.248313, -8.731703 ], [ 115.248627, -8.731261 ], [ 115.248755, -8.731205 ], [ 115.248905, -8.731139 ], [ 115.248955, -8.731146 ], [ 115.249074, -8.731241 ], [ 115.249175, -8.731321 ], [ 115.249234, -8.731368 ], [ 115.24949, -8.731412 ], [ 115.249562, -8.731425 ], [ 115.249855, -8.731432 ], [ 115.249918, -8.73141 ], [ 115.250061, -8.73136 ], [ 115.250183, -8.731318 ], [ 115.250442, -8.731213 ], [ 115.250519, -8.731182 ], [ 115.250654, -8.731082 ], [ 115.250797, -8.730875 ], [ 115.250854, -8.730639 ], [ 115.250826, -8.730354 ], [ 115.250847, -8.730061 ], [ 115.250776, -8.729811 ], [ 115.250683, -8.72964 ], [ 115.250519, -8.729497 ], [ 115.249926, -8.729069 ], [ 115.249427, -8.728748 ], [ 115.249013, -8.728491 ], [ 115.248591, -8.728305 ], [ 115.24832, -8.728248 ], [ 115.248042, -8.728198 ], [ 115.247785, -8.72822 ], [ 115.247556, -8.728305 ], [ 115.247278, -8.728448 ], [ 115.24695, -8.728805 ], [ 115.246521, -8.729283 ], [ 115.246236, -8.729597 ], [ 115.245465, -8.730404 ], [ 115.244851, -8.730946 ], [ 115.244701, -8.731103 ], [ 115.244615, -8.731296 ], [ 115.244587, -8.73136 ], [ 115.244594, -8.731518 ], [ 115.244708, -8.731653 ], [ 115.244851, -8.731796 ], [ 115.24494, -8.731968 ], [ 115.244944, -8.731974 ], [ 115.244945, -8.731979 ], [ 115.245022, -8.732331 ], [ 115.245065, -8.732531 ], [ 115.245054, -8.732692 ], [ 115.245051, -8.732745 ], [ 115.244965, -8.733074 ], [ 115.244744, -8.733581 ], [ 115.24468, -8.733752 ], [ 115.244651, -8.733902 ], [ 115.244537, -8.734087 ], [ 115.24443, -8.734144 ], [ 115.244094, -8.734309 ], [ 115.243915, -8.734437 ], [ 115.243766, -8.734544 ], [ 115.243573, -8.734737 ], [ 115.24343, -8.734808 ], [ 115.243266, -8.734844 ], [ 115.243131, -8.734901 ], [ 115.243129, -8.734902 ], [ 115.243059, -8.734937 ], [ 115.242824, -8.734951 ], [ 115.242811, -8.734952 ], [ 115.242588, -8.734972 ], [ 115.242568, -8.73499 ], [ 115.242517, -8.735037 ], [ 115.242352, -8.735072 ], [ 115.242055, -8.735025 ], [ 115.241855, -8.734993 ], [ 115.241774, -8.73498 ], [ 115.241329, -8.734882 ], [ 115.241089, -8.73483 ], [ 115.240975, -8.73483 ], [ 115.240893, -8.734877 ], [ 115.240886, -8.734881 ], [ 115.240839, -8.734908 ], [ 115.240625, -8.735072 ], [ 115.240435, -8.735236 ], [ 115.240363, -8.735299 ], [ 115.240254, -8.735394 ], [ 115.240061, -8.735594 ], [ 115.239802, -8.735802 ], [ 115.239697, -8.735886 ], [ 115.23944, -8.736086 ], [ 115.239311, -8.736193 ], [ 115.239126, -8.7363 ], [ 115.238933, -8.736357 ], [ 115.23879, -8.736443 ], [ 115.238669, -8.736536 ], [ 115.238605, -8.736671 ], [ 115.238505, -8.736864 ], [ 115.238501, -8.736868 ], [ 115.238248, -8.737114 ], [ 115.238012, -8.737378 ], [ 115.237881, -8.737471 ], [ 115.23782, -8.737514 ], [ 115.23764, -8.737579 ], [ 115.237527, -8.737621 ], [ 115.237338, -8.737607 ], [ 115.237327, -8.737607 ], [ 115.237191, -8.737585 ], [ 115.237149, -8.737543 ], [ 115.237113, -8.737507 ], [ 115.236977, -8.737378 ], [ 115.236756, -8.737185 ], [ 115.236673, -8.737136 ], [ 115.236613, -8.7371 ], [ 115.23642, -8.737 ], [ 115.236299, -8.736836 ], [ 115.236249, -8.736621 ], [ 115.236237, -8.736476 ], [ 115.236256, -8.736343 ], [ 115.236323, -8.736276 ], [ 115.236466, -8.7362 ], [ 115.236532, -8.736077 ], [ 115.23656, -8.736017 ], [ 115.236589, -8.735953 ], [ 115.236694, -8.735953 ], [ 115.236808, -8.736 ], [ 115.236903, -8.735953 ], [ 115.236922, -8.735839 ], [ 115.237046, -8.735848 ], [ 115.237151, -8.73581 ], [ 115.23717, -8.735629 ], [ 115.237284, -8.735439 ], [ 115.237332, -8.735315 ], [ 115.237465, -8.735163 ], [ 115.237579, -8.735163 ], [ 115.237721, -8.735208 ], [ 115.237817, -8.735239 ], [ 115.238046, -8.73522 ], [ 115.238237, -8.735171 ], [ 115.238379, -8.735134 ], [ 115.23859, -8.735056 ], [ 115.23874, -8.735001 ], [ 115.238778, -8.734934 ], [ 115.238781, -8.734911 ], [ 115.238788, -8.73483 ], [ 115.238864, -8.734763 ], [ 115.238969, -8.734744 ], [ 115.238969, -8.734658 ], [ 115.239026, -8.734573 ], [ 115.239026, -8.734573 ], [ 115.239216, -8.734573 ], [ 115.23934, -8.734478 ], [ 115.239435, -8.734411 ], [ 115.239578, -8.734382 ], [ 115.239702, -8.734325 ], [ 115.239724, -8.734218 ], [ 115.239736, -8.734158 ], [ 115.239749, -8.734097 ], [ 115.239797, -8.73383 ], [ 115.239677, -8.733583 ], [ 115.239645, -8.733516 ], [ 115.239593, -8.733426 ], [ 115.23953, -8.733316 ], [ 115.239407, -8.733126 ], [ 115.239308, -8.732901 ], [ 115.239302, -8.732888 ], [ 115.239304, -8.73287 ], [ 115.239348, -8.732549 ], [ 115.239359, -8.732469 ], [ 115.239383, -8.732396 ], [ 115.239404, -8.732332 ], [ 115.239484, -8.732087 ], [ 115.239502, -8.732031 ], [ 115.239626, -8.73187 ], [ 115.239795, -8.731803 ], [ 115.239844, -8.731784 ], [ 115.239917, -8.731732 ], [ 115.240073, -8.731622 ], [ 115.24032, -8.731451 ], [ 115.240634, -8.731527 ], [ 115.241044, -8.731613 ], [ 115.241305, -8.731697 ], [ 115.241367, -8.731717 ], [ 115.241662, -8.731689 ], [ 115.241783, -8.731534 ], [ 115.241796, -8.731518 ], [ 115.2419, -8.731175 ], [ 115.241883, -8.731056 ], [ 115.241862, -8.730918 ], [ 115.241786, -8.730499 ], [ 115.241615, -8.730271 ], [ 115.241508, -8.730184 ], [ 115.241301, -8.730014 ], [ 115.24112, -8.729938 ], [ 115.240815, -8.729909 ], [ 115.240641, -8.729892 ], [ 115.240443, -8.729872 ], [ 115.240435, -8.729871 ], [ 115.240054, -8.72969 ], [ 115.239945, -8.72959 ], [ 115.239664, -8.729328 ], [ 115.239283, -8.729005 ], [ 115.239064, -8.728662 ], [ 115.239026, -8.728358 ], [ 115.239026, -8.72811 ], [ 115.239188, -8.72772 ], [ 115.23934, -8.727434 ], [ 115.239597, -8.727196 ], [ 115.239968, -8.727035 ], [ 115.240116, -8.726993 ], [ 115.240405, -8.726912 ], [ 115.240577, -8.726863 ], [ 115.240768, -8.726825 ], [ 115.241101, -8.726844 ], [ 115.241482, -8.726949 ], [ 115.241672, -8.727111 ], [ 115.241786, -8.727225 ], [ 115.241957, -8.727549 ], [ 115.242053, -8.727748 ], [ 115.2421, -8.727865 ], [ 115.242243, -8.728215 ], [ 115.242291, -8.728383 ], [ 115.242319, -8.728481 ], [ 115.242376, -8.728624 ], [ 115.242445, -8.728731 ], [ 115.242458, -8.728752 ], [ 115.242548, -8.728891 ], [ 115.242709, -8.729033 ], [ 115.242716, -8.729036 ], [ 115.242952, -8.729112 ], [ 115.243297, -8.729421 ], [ 115.243426, -8.729466 ], [ 115.243492, -8.729489 ], [ 115.243639, -8.729539 ], [ 115.243916, -8.729635 ], [ 115.244261, -8.72979 ], [ 115.244499, -8.729731 ], [ 115.244554, -8.729656 ], [ 115.244665, -8.729504 ], [ 115.244669, -8.729494 ], [ 115.244679, -8.729462 ], [ 115.244808, -8.729052 ], [ 115.244813, -8.728684 ], [ 115.244817, -8.728395 ], [ 115.24482, -8.72822 ], [ 115.244756, -8.727635 ], [ 115.244741, -8.727495 ], [ 115.244653, -8.726685 ], [ 115.244511, -8.725376 ], [ 115.244415, -8.725162 ], [ 115.244088, -8.725009 ], [ 115.24359, -8.724776 ], [ 115.243499, -8.724734 ], [ 115.243333, -8.724734 ], [ 115.243239, -8.72478 ], [ 115.243166, -8.724817 ], [ 115.243066, -8.724817 ], [ 115.243009, -8.724817 ], [ 115.242964, -8.724817 ], [ 115.242719, -8.72468 ], [ 115.242667, -8.72465 ], [ 115.242636, -8.724608 ], [ 115.242417, -8.724305 ], [ 115.24225, -8.723853 ], [ 115.24219, -8.723613 ], [ 115.242084, -8.723187 ], [ 115.242012, -8.72302 ], [ 115.241834, -8.722866 ], [ 115.241641, -8.722802 ], [ 115.241584, -8.722783 ], [ 115.241275, -8.722675 ], [ 115.240965, -8.722473 ], [ 115.240763, -8.722259 ], [ 115.240716, -8.722194 ], [ 115.240573, -8.721997 ], [ 115.240347, -8.721902 ], [ 115.240073, -8.721855 ], [ 115.239799, -8.721676 ], [ 115.239514, -8.721402 ] ] ], [ [ [ 115.259907, -8.668047 ], [ 115.259843, -8.667798 ], [ 115.259943, -8.667153 ], [ 115.259833, -8.666403 ], [ 115.259789, -8.666265 ], [ 115.259645, -8.66614 ], [ 115.259344, -8.666032 ], [ 115.258251, -8.666023 ], [ 115.257538, -8.665928 ], [ 115.257285, -8.665833 ], [ 115.256781, -8.665332 ], [ 115.256427, -8.665246 ], [ 115.256089, -8.665224 ], [ 115.256079, -8.665181 ], [ 115.255892, -8.664571 ], [ 115.25581, -8.664408 ], [ 115.255681, -8.664295 ], [ 115.255424, -8.664222 ], [ 115.255124, -8.664262 ], [ 115.255083, -8.664279 ], [ 115.255029, -8.664309 ], [ 115.254895, -8.664352 ], [ 115.255018, -8.664763 ], [ 115.255131, -8.665213 ], [ 115.255119, -8.665217 ], [ 115.255187, -8.665473 ], [ 115.255372, -8.666128 ], [ 115.255497, -8.666639 ], [ 115.255794, -8.667389 ], [ 115.256163, -8.66818 ], [ 115.255598, -8.66818 ], [ 115.254652, -8.668168 ], [ 115.253938, -8.668192 ], [ 115.253444, -8.668245 ], [ 115.252754, -8.668311 ], [ 115.252171, -8.66837 ], [ 115.251517, -8.668442 ], [ 115.251422, -8.668043 ], [ 115.250987, -8.668109 ], [ 115.251053, -8.66859 ], [ 115.251166, -8.669037 ], [ 115.251219, -8.669364 ], [ 115.251267, -8.669643 ], [ 115.25135, -8.670042 ], [ 115.251386, -8.67047 ], [ 115.250482, -8.670553 ], [ 115.250006, -8.670619 ], [ 115.249786, -8.670661 ], [ 115.249221, -8.670768 ], [ 115.248864, -8.670833 ], [ 115.248715, -8.670899 ], [ 115.248685, -8.67091 ], [ 115.248685, -8.67091 ], [ 115.248351, -8.671015 ], [ 115.248381, -8.671465 ], [ 115.248389, -8.671451 ], [ 115.248406, -8.671692 ], [ 115.248513, -8.672313 ], [ 115.248556, -8.672806 ], [ 115.248563, -8.673298 ], [ 115.24852, -8.673719 ], [ 115.246685, -8.673669 ], [ 115.246607, -8.673664 ], [ 115.246652, -8.673816 ], [ 115.24668, -8.674091 ], [ 115.246644, -8.67445 ], [ 115.246507, -8.67447 ], [ 115.246406, -8.674506 ], [ 115.246287, -8.674541 ], [ 115.24621, -8.674547 ], [ 115.246108, -8.67453 ], [ 115.246049, -8.6745 ], [ 115.246007, -8.674411 ], [ 115.245948, -8.674244 ], [ 115.245894, -8.67406 ], [ 115.245841, -8.673893 ], [ 115.245799, -8.673673 ], [ 115.245799, -8.67355 ], [ 115.245795, -8.67355 ], [ 115.245761, -8.673548 ], [ 115.245384, -8.673526 ], [ 115.245144, -8.673513 ], [ 115.244588, -8.67346 ], [ 115.244563, -8.67346 ], [ 115.244267, -8.673455 ], [ 115.243186, -8.673424 ], [ 115.242526, -8.673405 ], [ 115.241699, -8.67335 ], [ 115.241348, -8.673326 ], [ 115.241223, -8.673318 ], [ 115.240608, -8.673299 ], [ 115.240412, -8.673292 ], [ 115.240404, -8.673521 ], [ 115.240438, -8.674031 ], [ 115.24048, -8.674155 ], [ 115.240577, -8.674436 ], [ 115.240632, -8.674609 ], [ 115.240539, -8.674619 ], [ 115.23873, -8.674611 ], [ 115.238268, -8.674598 ], [ 115.236495, -8.67455 ], [ 115.236005, -8.674528 ], [ 115.235263, -8.674482 ], [ 115.233388, -8.674384 ], [ 115.233384, -8.675022 ], [ 115.232342, -8.674997 ], [ 115.232145, -8.674997 ], [ 115.231861, -8.674997 ], [ 115.231131, -8.674893 ], [ 115.230602, -8.674852 ], [ 115.229973, -8.674832 ], [ 115.229098, -8.674811 ], [ 115.228573, -8.674808 ], [ 115.228196, -8.674786 ], [ 115.228098, -8.67478 ], [ 115.227462, -8.674744 ], [ 115.227347, -8.674756 ], [ 115.227008, -8.67474 ], [ 115.226492, -8.674685 ], [ 115.22619, -8.674654 ], [ 115.225609, -8.674624 ], [ 115.225061, -8.674608 ], [ 115.22504, -8.674606 ], [ 115.224629, -8.674569 ], [ 115.224251, -8.674535 ], [ 115.22386, -8.674482 ], [ 115.223301, -8.674392 ], [ 115.222768, -8.674268 ], [ 115.22248, -8.674188 ], [ 115.222209, -8.674126 ], [ 115.222, -8.674094 ], [ 115.22145, -8.674173 ], [ 115.220083, -8.674046 ], [ 115.219552, -8.674002 ], [ 115.219546, -8.673992 ], [ 115.219213, -8.673952 ], [ 115.218327, -8.673888 ], [ 115.217925, -8.673875 ], [ 115.217875, -8.67421 ], [ 115.217776, -8.674866 ], [ 115.217669, -8.675582 ], [ 115.217479, -8.6766 ], [ 115.217449, -8.676759 ], [ 115.217349, -8.676991 ], [ 115.217179, -8.677386 ], [ 115.216877, -8.678087 ], [ 115.216835, -8.678185 ], [ 115.216794, -8.678374 ], [ 115.216707, -8.678769 ], [ 115.21668, -8.678889 ], [ 115.216686, -8.679126 ], [ 115.216762, -8.679438 ], [ 115.216702, -8.679436 ], [ 115.215943, -8.6792 ], [ 115.215186, -8.679014 ], [ 115.215186, -8.679214 ], [ 115.214986, -8.679172 ], [ 115.214686, -8.679214 ], [ 115.214351, -8.67925 ], [ 115.214094, -8.679364 ], [ 115.213822, -8.679421 ], [ 115.213458, -8.679443 ], [ 115.21313, -8.6795 ], [ 115.212659, -8.679543 ], [ 115.212188, -8.679628 ], [ 115.212231, -8.680314 ], [ 115.212302, -8.680613 ], [ 115.212181, -8.680585 ], [ 115.212145, -8.680728 ], [ 115.212024, -8.681235 ], [ 115.211931, -8.681477 ], [ 115.21171, -8.681756 ], [ 115.211488, -8.682141 ], [ 115.211436, -8.682256 ], [ 115.211377, -8.682269 ], [ 115.210873, -8.682371 ], [ 115.21074, -8.682398 ], [ 115.210225, -8.682452 ], [ 115.20981, -8.682354 ], [ 115.209392, -8.682224 ], [ 115.209034, -8.682081 ], [ 115.208722, -8.681954 ], [ 115.20851, -8.681417 ], [ 115.208349, -8.681212 ], [ 115.207678, -8.681167 ], [ 115.207394, -8.68113 ], [ 115.207138, -8.681089 ], [ 115.206738, -8.681132 ], [ 115.206299, -8.681275 ], [ 115.205953, -8.681485 ], [ 115.205535, -8.681855 ], [ 115.205459, -8.682112 ], [ 115.205326, -8.682475 ], [ 115.205224, -8.682429 ], [ 115.205208, -8.682632 ], [ 115.203999, -8.682434 ], [ 115.203973, -8.682739 ], [ 115.203953, -8.682747 ], [ 115.203974, -8.682801 ], [ 115.203907, -8.683363 ], [ 115.202869, -8.683371 ], [ 115.20286, -8.683353 ], [ 115.202775, -8.683363 ], [ 115.202308, -8.683353 ], [ 115.2009, -8.683344 ], [ 115.200072, -8.683344 ], [ 115.200186, -8.683544 ], [ 115.200433, -8.683944 ], [ 115.200567, -8.684372 ], [ 115.200547, -8.6846 ], [ 115.200395, -8.685295 ], [ 115.200266, -8.685868 ], [ 115.200177, -8.685908 ], [ 115.200056, -8.686346 ], [ 115.199929, -8.686709 ], [ 115.199838, -8.686946 ], [ 115.199633, -8.68744 ], [ 115.199541, -8.687625 ], [ 115.199324, -8.688102 ], [ 115.19916, -8.68827 ], [ 115.199155, -8.688289 ], [ 115.198468, -8.687949 ], [ 115.198332, -8.688332 ], [ 115.198014, -8.689151 ], [ 115.197927, -8.689399 ], [ 115.197918, -8.689395 ], [ 115.197918, -8.689497 ], [ 115.197699, -8.690087 ], [ 115.197233, -8.691391 ], [ 115.196167, -8.690963 ], [ 115.194006, -8.690059 ], [ 115.193564, -8.68989 ], [ 115.193496, -8.690011 ], [ 115.193467, -8.69041 ], [ 115.193391, -8.690544 ], [ 115.19302, -8.690629 ], [ 115.192639, -8.690572 ], [ 115.192258, -8.690763 ], [ 115.191992, -8.690896 ], [ 115.191765, -8.690958 ], [ 115.191718, -8.691178 ], [ 115.191569, -8.691811 ], [ 115.191394, -8.692285 ], [ 115.191139, -8.692865 ], [ 115.190924, -8.693378 ], [ 115.190577, -8.693826 ], [ 115.19027, -8.694049 ], [ 115.19003, -8.694272 ], [ 115.189804, -8.694495 ], [ 115.189683, -8.694706 ], [ 115.189543, -8.695154 ], [ 115.189364, -8.695796 ], [ 115.189265, -8.69615 ], [ 115.189116, -8.696684 ], [ 115.189034, -8.697224 ], [ 115.188964, -8.697976 ], [ 115.18892, -8.698702 ], [ 115.188877, -8.699428 ], [ 115.188861, -8.699893 ], [ 115.188827, -8.700318 ], [ 115.188843, -8.700906 ], [ 115.18884, -8.701487 ], [ 115.18881, -8.702252 ], [ 115.188742, -8.702687 ], [ 115.188593, -8.703228 ], [ 115.188543, -8.703538 ], [ 115.188505, -8.70377 ], [ 115.188378, -8.70418 ], [ 115.188135, -8.704934 ], [ 115.187717, -8.70615 ], [ 115.187442, -8.706926 ], [ 115.187562, -8.706966 ], [ 115.187417, -8.707528 ], [ 115.187296, -8.707975 ], [ 115.187203, -8.708287 ], [ 115.187096, -8.708504 ], [ 115.187074, -8.708531 ], [ 115.187045, -8.708544 ], [ 115.187024, -8.708548 ], [ 115.187, -8.708553 ], [ 115.186981, -8.708567 ], [ 115.186965, -8.70859 ], [ 115.186958, -8.708624 ], [ 115.186898, -8.708855 ], [ 115.18688, -8.708975 ], [ 115.186877, -8.709129 ], [ 115.186894, -8.709356 ], [ 115.186894, -8.709444 ], [ 115.186882, -8.709535 ], [ 115.186857, -8.709648 ], [ 115.186831, -8.709768 ], [ 115.18673, -8.710106 ], [ 115.186672, -8.710184 ], [ 115.186509, -8.710291 ], [ 115.186385, -8.710387 ], [ 115.186373, -8.710396 ], [ 115.18629, -8.710501 ], [ 115.186225, -8.710611 ], [ 115.186192, -8.710688 ], [ 115.186185, -8.71073 ], [ 115.186193, -8.710776 ], [ 115.186209, -8.710823 ], [ 115.186227, -8.710862 ], [ 115.186368, -8.711164 ], [ 115.186392, -8.711223 ], [ 115.186403, -8.711283 ], [ 115.186384, -8.711352 ], [ 115.185993, -8.711563 ], [ 115.185967, -8.711577 ], [ 115.185988, -8.711617 ], [ 115.186041, -8.711718 ], [ 115.18617, -8.711946 ], [ 115.186231, -8.712123 ], [ 115.186311, -8.712367 ], [ 115.186383, -8.712648 ], [ 115.186435, -8.712899 ], [ 115.186471, -8.713221 ], [ 115.186923, -8.713247 ], [ 115.186884, -8.713585 ], [ 115.186852, -8.713854 ], [ 115.18685, -8.714061 ], [ 115.186835, -8.71429 ], [ 115.1868, -8.714599 ], [ 115.186793, -8.714685 ], [ 115.186797, -8.71473 ], [ 115.186822, -8.714823 ], [ 115.186831, -8.714904 ], [ 115.186831, -8.715132 ], [ 115.18684, -8.715183 ], [ 115.186858, -8.7152 ], [ 115.186877, -8.715212 ], [ 115.187044, -8.715282 ], [ 115.187061, -8.715301 ], [ 115.187066, -8.715326 ], [ 115.187066, -8.715347 ], [ 115.187082, -8.715503 ], [ 115.187095, -8.71572 ], [ 115.18708, -8.715991 ], [ 115.187042, -8.716242 ], [ 115.187009, -8.716326 ], [ 115.186951, -8.716446 ], [ 115.186924, -8.716497 ], [ 115.186905, -8.716562 ], [ 115.186871, -8.71667 ], [ 115.186848, -8.716875 ], [ 115.186847, -8.71696 ], [ 115.186855, -8.717077 ], [ 115.186865, -8.717179 ], [ 115.186881, -8.717282 ], [ 115.186974, -8.717659 ], [ 115.187026, -8.717825 ], [ 115.187043, -8.717873 ], [ 115.187059, -8.717901 ], [ 115.187095, -8.717928 ], [ 115.187153, -8.717947 ], [ 115.187204, -8.71797 ], [ 115.187275, -8.718017 ], [ 115.187502, -8.718164 ], [ 115.187555, -8.718202 ], [ 115.18758, -8.71822 ], [ 115.187628, -8.718244 ], [ 115.187695, -8.718267 ], [ 115.187744, -8.718298 ], [ 115.18775, -8.718376 ], [ 115.187815, -8.718458 ], [ 115.187912, -8.718529 ], [ 115.188038, -8.718639 ], [ 115.188116, -8.7187 ], [ 115.187417, -8.71964 ], [ 115.18716, -8.720014 ], [ 115.18708, -8.720223 ], [ 115.186934, -8.7207 ], [ 115.186961, -8.721441 ], [ 115.187067, -8.721451 ], [ 115.187288, -8.721473 ], [ 115.18815, -8.728654 ], [ 115.189881, -8.733227 ], [ 115.189664, -8.733512 ], [ 115.189004, -8.734379 ], [ 115.189024, -8.7345 ], [ 115.187461, -8.735147 ], [ 115.187437, -8.735181 ], [ 115.18743, -8.735221 ], [ 115.187421, -8.735248 ], [ 115.187447, -8.735492 ], [ 115.187447, -8.735696 ], [ 115.187377, -8.735882 ], [ 115.187275, -8.736005 ], [ 115.187272, -8.736082 ], [ 115.187268, -8.736237 ], [ 115.18724, -8.737168 ], [ 115.187434, -8.737917 ], [ 115.187563, -8.738155 ], [ 115.187645, -8.738305 ], [ 115.187775, -8.738544 ], [ 115.188248, -8.738833 ], [ 115.188298, -8.738863 ], [ 115.188703, -8.739015 ], [ 115.188764, -8.739038 ], [ 115.188839, -8.739045 ], [ 115.188844, -8.739029 ], [ 115.188848, -8.739014 ], [ 115.188921, -8.73876 ], [ 115.188963, -8.738755 ], [ 115.188963, -8.738755 ], [ 115.188963, -8.738755 ], [ 115.188985, -8.738752 ], [ 115.189056, -8.738759 ], [ 115.189417, -8.738796 ], [ 115.189418, -8.738796 ], [ 115.18969, -8.738783 ], [ 115.189738, -8.738708 ], [ 115.189757, -8.738678 ], [ 115.18988, -8.738408 ], [ 115.189907, -8.73835 ], [ 115.19002, -8.738177 ], [ 115.19005, -8.73813 ], [ 115.190271, -8.737897 ], [ 115.190596, -8.737671 ], [ 115.190624, -8.737651 ], [ 115.190653, -8.737631 ], [ 115.191222, -8.737336 ], [ 115.191235, -8.737329 ], [ 115.191594, -8.737149 ], [ 115.192083, -8.736796 ], [ 115.192108, -8.736779 ], [ 115.192235, -8.73669 ], [ 115.192306, -8.736634 ], [ 115.192716, -8.736242 ], [ 115.192701, -8.736085 ], [ 115.192714, -8.735988 ], [ 115.192719, -8.73595 ], [ 115.19283, -8.735816 ], [ 115.192846, -8.735812 ], [ 115.192906, -8.735796 ], [ 115.192929, -8.73579 ], [ 115.193031, -8.735859 ], [ 115.19307, -8.735885 ], [ 115.19324, -8.736089 ], [ 115.193422, -8.736302 ], [ 115.193471, -8.736315 ], [ 115.193496, -8.736321 ], [ 115.193528, -8.736329 ], [ 115.193681, -8.736295 ], [ 115.19376, -8.736312 ], [ 115.193775, -8.736459 ], [ 115.193761, -8.736488 ], [ 115.193737, -8.736535 ], [ 115.193707, -8.736595 ], [ 115.193715, -8.73673 ], [ 115.193817, -8.736871 ], [ 115.193931, -8.736898 ], [ 115.194041, -8.736877 ], [ 115.194167, -8.736854 ], [ 115.194467, -8.736816 ], [ 115.194472, -8.736819 ], [ 115.19457, -8.736877 ], [ 115.194681, -8.736943 ], [ 115.194833, -8.737128 ], [ 115.1951, -8.737454 ], [ 115.195164, -8.737696 ], [ 115.195334, -8.737916 ], [ 115.19547, -8.738001 ], [ 115.195686, -8.738041 ], [ 115.195798, -8.737976 ], [ 115.195841, -8.737951 ], [ 115.196049, -8.737724 ], [ 115.196049, -8.737724 ], [ 115.196109, -8.737608 ], [ 115.196159, -8.737511 ], [ 115.196284, -8.737113 ], [ 115.196289, -8.737062 ], [ 115.196313, -8.736822 ], [ 115.196289, -8.736785 ], [ 115.196201, -8.736647 ], [ 115.196133, -8.736454 ], [ 115.196146, -8.736416 ], [ 115.19618, -8.736316 ], [ 115.196211, -8.736222 ], [ 115.196287, -8.735873 ], [ 115.196308, -8.735741 ], [ 115.196514, -8.73446 ], [ 115.196656, -8.7341 ], [ 115.196698, -8.733992 ], [ 115.19695, -8.733563 ], [ 115.197018, -8.733505 ], [ 115.197137, -8.733405 ], [ 115.197307, -8.733366 ], [ 115.197509, -8.733453 ], [ 115.197909, -8.73367 ], [ 115.198187, -8.733878 ], [ 115.19849, -8.734082 ], [ 115.198662, -8.734048 ], [ 115.198805, -8.733984 ], [ 115.19895, -8.733919 ], [ 115.199183, -8.733744 ], [ 115.199202, -8.733729 ], [ 115.199284, -8.733601 ], [ 115.199308, -8.73347 ], [ 115.199289, -8.73324 ], [ 115.199325, -8.733076 ], [ 115.199349, -8.733041 ], [ 115.199444, -8.732905 ], [ 115.20017, -8.732187 ], [ 115.20044, -8.732055 ], [ 115.200518, -8.732017 ], [ 115.200637, -8.731952 ], [ 115.201152, -8.73167 ], [ 115.201427, -8.731667 ], [ 115.201487, -8.731689 ], [ 115.20169, -8.731766 ], [ 115.201964, -8.73199 ], [ 115.202242, -8.732364 ], [ 115.202283, -8.732462 ], [ 115.202486, -8.732725 ], [ 115.202607, -8.73283 ], [ 115.202954, -8.732941 ], [ 115.203337, -8.732972 ], [ 115.203881, -8.732983 ], [ 115.204205, -8.73299 ], [ 115.204401, -8.732937 ], [ 115.204434, -8.73291 ], [ 115.204583, -8.732791 ], [ 115.204788, -8.732477 ], [ 115.204926, -8.73223 ], [ 115.205236, -8.731973 ], [ 115.205408, -8.731842 ], [ 115.205431, -8.731813 ], [ 115.205493, -8.731736 ], [ 115.205498, -8.731701 ], [ 115.205505, -8.731654 ], [ 115.205513, -8.731604 ], [ 115.205505, -8.731591 ], [ 115.20544, -8.731475 ], [ 115.204989, -8.731525 ], [ 115.204812, -8.731539 ], [ 115.204734, -8.731506 ], [ 115.204699, -8.731491 ], [ 115.204674, -8.731481 ], [ 115.204626, -8.731409 ], [ 115.204351, -8.73099 ], [ 115.204285, -8.73084 ], [ 115.204272, -8.730811 ], [ 115.204285, -8.730766 ], [ 115.204307, -8.730684 ], [ 115.204391, -8.730386 ], [ 115.204174, -8.730202 ], [ 115.204073, -8.730129 ], [ 115.204032, -8.729993 ], [ 115.204085, -8.729799 ], [ 115.204282, -8.729677 ], [ 115.204329, -8.729648 ], [ 115.204442, -8.729561 ], [ 115.204507, -8.729435 ], [ 115.204517, -8.729211 ], [ 115.204519, -8.729154 ], [ 115.204529, -8.728929 ], [ 115.204575, -8.728819 ], [ 115.204678, -8.728797 ], [ 115.204782, -8.728832 ], [ 115.204839, -8.728852 ], [ 115.204977, -8.728965 ], [ 115.205078, -8.729086 ], [ 115.205144, -8.729165 ], [ 115.20519, -8.729187 ], [ 115.205296, -8.729237 ], [ 115.205516, -8.729226 ], [ 115.205707, -8.729153 ], [ 115.205755, -8.729135 ], [ 115.205797, -8.729111 ], [ 115.205797, -8.729111 ], [ 115.205805, -8.729114 ], [ 115.20623, -8.729107 ], [ 115.206378, -8.729126 ], [ 115.206441, -8.729134 ], [ 115.20688, -8.729278 ], [ 115.207155, -8.729401 ], [ 115.207357, -8.729556 ], [ 115.207494, -8.729681 ], [ 115.207994, -8.729777 ], [ 115.208173, -8.729893 ], [ 115.208345, -8.730024 ], [ 115.209085, -8.730102 ], [ 115.20925, -8.730124 ], [ 115.209491, -8.730371 ], [ 115.209597, -8.730485 ], [ 115.209718, -8.730545 ], [ 115.209887, -8.730527 ], [ 115.209892, -8.730525 ], [ 115.209937, -8.730505 ], [ 115.210092, -8.730437 ], [ 115.210166, -8.730391 ], [ 115.210277, -8.730322 ], [ 115.21043, -8.730304 ], [ 115.21043, -8.730304 ], [ 115.210488, -8.730327 ], [ 115.210585, -8.730364 ], [ 115.21093, -8.730787 ], [ 115.2112, -8.73106 ], [ 115.211372, -8.731264 ], [ 115.211458, -8.731435 ], [ 115.21145, -8.731633 ], [ 115.211396, -8.732293 ], [ 115.211383, -8.732451 ], [ 115.211386, -8.732717 ], [ 115.211575, -8.7328 ], [ 115.211699, -8.732772 ], [ 115.211741, -8.732686 ], [ 115.21177, -8.732543 ], [ 115.211856, -8.732239 ], [ 115.212074, -8.731839 ], [ 115.212131, -8.731849 ], [ 115.212299, -8.731853 ], [ 115.212421, -8.731856 ], [ 115.212438, -8.731719 ], [ 115.212447, -8.731651 ], [ 115.213014, -8.728826 ], [ 115.213254, -8.727887 ], [ 115.213336, -8.727566 ], [ 115.213684, -8.726203 ], [ 115.213875, -8.726231 ], [ 115.213875, -8.726231 ], [ 115.214085, -8.726468 ], [ 115.214161, -8.726561 ], [ 115.214809, -8.726633 ], [ 115.215083, -8.72666 ], [ 115.215208, -8.726697 ], [ 115.215273, -8.726794 ], [ 115.215289, -8.726906 ], [ 115.215384, -8.72703 ], [ 115.215483, -8.727064 ], [ 115.21627, -8.726945 ], [ 115.216476, -8.726867 ], [ 115.216476, -8.726867 ], [ 115.216638, -8.726731 ], [ 115.216638, -8.726731 ], [ 115.216877, -8.72649 ], [ 115.217101, -8.726341 ], [ 115.217239, -8.726298 ], [ 115.217442, -8.726335 ], [ 115.217677, -8.726458 ], [ 115.217853, -8.726582 ], [ 115.218074, -8.72661 ], [ 115.218274, -8.726558 ], [ 115.218487, -8.726464 ], [ 115.218681, -8.72642 ], [ 115.218807, -8.726427 ], [ 115.219059, -8.726689 ], [ 115.219193, -8.726825 ], [ 115.21984, -8.726876 ], [ 115.220035, -8.726892 ], [ 115.220456, -8.726889 ], [ 115.221013, -8.726661 ], [ 115.221321, -8.726473 ], [ 115.221695, -8.726203 ], [ 115.222035, -8.725879 ], [ 115.222223, -8.7257 ], [ 115.222439, -8.725587 ], [ 115.222999, -8.725483 ], [ 115.223589, -8.72541 ], [ 115.223843, -8.725353 ], [ 115.224071, -8.725231 ], [ 115.224072, -8.72523 ], [ 115.224072, -8.72523 ], [ 115.22424, -8.725427 ], [ 115.224576, -8.725823 ], [ 115.22529, -8.726489 ], [ 115.225945, -8.726799 ], [ 115.226385, -8.726811 ], [ 115.22667, -8.726739 ], [ 115.227182, -8.726216 ], [ 115.227277, -8.726013 ], [ 115.227218, -8.725871 ], [ 115.226992, -8.725668 ], [ 115.226873, -8.725419 ], [ 115.226718, -8.725228 ], [ 115.226468, -8.72499 ], [ 115.226099, -8.724812 ], [ 115.225778, -8.72461 ], [ 115.225266, -8.724336 ], [ 115.22486, -8.723981 ], [ 115.224849, -8.723928 ], [ 115.224828, -8.723832 ], [ 115.224541, -8.723731 ], [ 115.22443, -8.723698 ], [ 115.224352, -8.723611 ], [ 115.224336, -8.723473 ], [ 115.224437, -8.723237 ], [ 115.224526, -8.723095 ], [ 115.224331, -8.722833 ], [ 115.224258, -8.722748 ], [ 115.224253, -8.722334 ], [ 115.224417, -8.722201 ], [ 115.225301, -8.721736 ], [ 115.22599, -8.721193 ], [ 115.226163, -8.721028 ], [ 115.226339, -8.720966 ], [ 115.226889, -8.720573 ], [ 115.227241, -8.720369 ], [ 115.227429, -8.720258 ], [ 115.227529, -8.720144 ], [ 115.227675, -8.719899 ], [ 115.227808, -8.719755 ], [ 115.227914, -8.719694 ], [ 115.227914, -8.719694 ], [ 115.229438, -8.719492 ], [ 115.229698, -8.719502 ], [ 115.229975, -8.719523 ], [ 115.230153, -8.719519 ], [ 115.230382, -8.719556 ], [ 115.231173, -8.719469 ], [ 115.231495, -8.719414 ], [ 115.231495, -8.719414 ], [ 115.231682, -8.719385 ], [ 115.231682, -8.719385 ], [ 115.231725, -8.719388 ], [ 115.232094, -8.719374 ], [ 115.23275, -8.719128 ], [ 115.233473, -8.718619 ], [ 115.233669, -8.718478 ], [ 115.233961, -8.718278 ], [ 115.234033, -8.718221 ], [ 115.23422, -8.718041 ], [ 115.234803, -8.71791 ], [ 115.235022, -8.717862 ], [ 115.235157, -8.717766 ], [ 115.23531, -8.717685 ], [ 115.235521, -8.71765 ], [ 115.235701, -8.717639 ], [ 115.236124, -8.717635 ], [ 115.236616, -8.717538 ], [ 115.236879, -8.717451 ], [ 115.236973, -8.71738 ], [ 115.23702, -8.717275 ], [ 115.237283, -8.717253 ], [ 115.237571, -8.717203 ], [ 115.237629, -8.717202 ], [ 115.237789, -8.717281 ], [ 115.237902, -8.717301 ], [ 115.23798, -8.717252 ], [ 115.238078, -8.717141 ], [ 115.238241, -8.717139 ], [ 115.238382, -8.717134 ], [ 115.238382, -8.717134 ], [ 115.238522, -8.717136 ], [ 115.238691, -8.717179 ], [ 115.239034, -8.717097 ], [ 115.239169, -8.717037 ], [ 115.239233, -8.717008 ], [ 115.239269, -8.716974 ], [ 115.239338, -8.71691 ], [ 115.239362, -8.716838 ], [ 115.239362, -8.716838 ], [ 115.239375, -8.716799 ], [ 115.239535, -8.716523 ], [ 115.239835, -8.716166 ], [ 115.240225, -8.71567 ], [ 115.240225, -8.71567 ], [ 115.24034, -8.715658 ], [ 115.240346, -8.715657 ], [ 115.240346, -8.715657 ], [ 115.240415, -8.7156 ], [ 115.240416, -8.715599 ], [ 115.240469, -8.715555 ], [ 115.240474, -8.715545 ], [ 115.240474, -8.715545 ], [ 115.240594, -8.715278 ], [ 115.240671, -8.71513 ], [ 115.240671, -8.71513 ], [ 115.241025, -8.714927 ], [ 115.241154, -8.714871 ], [ 115.241493, -8.714724 ], [ 115.242013, -8.714453 ], [ 115.242234, -8.714338 ], [ 115.242494, -8.714142 ], [ 115.242609, -8.714055 ], [ 115.242937, -8.713662 ], [ 115.243008, -8.713576 ], [ 115.243531, -8.713307 ], [ 115.243924, -8.713164 ], [ 115.244474, -8.713012 ], [ 115.244826, -8.712888 ], [ 115.245302, -8.712717 ], [ 115.245749, -8.712593 ], [ 115.246016, -8.712545 ], [ 115.246606, -8.712536 ], [ 115.247453, -8.712555 ], [ 115.247824, -8.712717 ], [ 115.247924, -8.712908 ], [ 115.248108, -8.713093 ], [ 115.248126, -8.713449 ], [ 115.24815, -8.713658 ], [ 115.248221, -8.713723 ], [ 115.248382, -8.713729 ], [ 115.248596, -8.71364 ], [ 115.248763, -8.713521 ], [ 115.248905, -8.713432 ], [ 115.248995, -8.713408 ], [ 115.249601, -8.713384 ], [ 115.250202, -8.713384 ], [ 115.25072, -8.713354 ], [ 115.250755, -8.713485 ], [ 115.250845, -8.713527 ], [ 115.250863, -8.713396 ], [ 115.250857, -8.712956 ], [ 115.250922, -8.712867 ], [ 115.251225, -8.712777 ], [ 115.251701, -8.712629 ], [ 115.252124, -8.712557 ], [ 115.252594, -8.712533 ], [ 115.252796, -8.712581 ], [ 115.252915, -8.712753 ], [ 115.253004, -8.712795 ], [ 115.253123, -8.712801 ], [ 115.253141, -8.712712 ], [ 115.253087, -8.712658 ], [ 115.25301, -8.712652 ], [ 115.252921, -8.712646 ], [ 115.252873, -8.712575 ], [ 115.252879, -8.712349 ], [ 115.252873, -8.712141 ], [ 115.252874, -8.712139 ], [ 115.252909, -8.712075 ], [ 115.253284, -8.711927 ], [ 115.253485, -8.711871 ], [ 115.253563, -8.711849 ], [ 115.25371, -8.71184 ], [ 115.253849, -8.711831 ], [ 115.254569, -8.711962 ], [ 115.255241, -8.712081 ], [ 115.255586, -8.712046 ], [ 115.255651, -8.711927 ], [ 115.255663, -8.711772 ], [ 115.255966, -8.711617 ], [ 115.256621, -8.711201 ], [ 115.257162, -8.710987 ], [ 115.257477, -8.710856 ], [ 115.257799, -8.710666 ], [ 115.25814, -8.710397 ], [ 115.258142, -8.710395 ], [ 115.258162, -8.71038 ], [ 115.258471, -8.710112 ], [ 115.258768, -8.709934 ], [ 115.258923, -8.70994 ], [ 115.259114, -8.709841 ], [ 115.259247, -8.709755 ], [ 115.259553, -8.709577 ], [ 115.259728, -8.709431 ], [ 115.259985, -8.709195 ], [ 115.260185, -8.709038 ], [ 115.260357, -8.708934 ], [ 115.260492, -8.708902 ], [ 115.260699, -8.708899 ], [ 115.260763, -8.708906 ], [ 115.260813, -8.708913 ], [ 115.260874, -8.708899 ], [ 115.260917, -8.708852 ], [ 115.260956, -8.708788 ], [ 115.261017, -8.708681 ], [ 115.261135, -8.708574 ], [ 115.261349, -8.70841 ], [ 115.261606, -8.708274 ], [ 115.261688, -8.708164 ], [ 115.261788, -8.708039 ], [ 115.26197, -8.707799 ], [ 115.262102, -8.707635 ], [ 115.262202, -8.707517 ], [ 115.262219, -8.707501 ], [ 115.26227, -8.707453 ], [ 115.2623, -8.707434 ], [ 115.2623, -8.707434 ], [ 115.262337, -8.70741 ], [ 115.262445, -8.707407 ], [ 115.262548, -8.707418 ], [ 115.262637, -8.707425 ], [ 115.262741, -8.707425 ], [ 115.262805, -8.707375 ], [ 115.262884, -8.707282 ], [ 115.262941, -8.707196 ], [ 115.263066, -8.707093 ], [ 115.263298, -8.706921 ], [ 115.263483, -8.706832 ], [ 115.263612, -8.706761 ], [ 115.263687, -8.706697 ], [ 115.26369, -8.706625 ], [ 115.263615, -8.706582 ], [ 115.263533, -8.706504 ], [ 115.263505, -8.706432 ], [ 115.263487, -8.706304 ], [ 115.263501, -8.70625 ], [ 115.263562, -8.70614 ], [ 115.263647, -8.706029 ], [ 115.263765, -8.705915 ], [ 115.263919, -8.705772 ], [ 115.264051, -8.705669 ], [ 115.264129, -8.70559 ], [ 115.264165, -8.705501 ], [ 115.26419, -8.705194 ], [ 115.264182, -8.705033 ], [ 115.264315, -8.704805 ], [ 115.264425, -8.704617 ], [ 115.264594, -8.704309 ], [ 115.264762, -8.703763 ], [ 115.264929, -8.703099 ], [ 115.265013, -8.702769 ], [ 115.26502, -8.702709 ], [ 115.265046, -8.702475 ], [ 115.265692, -8.700355 ], [ 115.265988, -8.698763 ], [ 115.266076, -8.698291 ], [ 115.266196, -8.697822 ], [ 115.266414, -8.69697 ], [ 115.266505, -8.6963 ], [ 115.266646, -8.695148 ], [ 115.26678, -8.694268 ], [ 115.266896, -8.693025 ], [ 115.266902, -8.692149 ], [ 115.266793, -8.691216 ], [ 115.266616, -8.690546 ], [ 115.266316, -8.689516 ], [ 115.265946, -8.688267 ], [ 115.265814, -8.688201 ], [ 115.26557, -8.688052 ], [ 115.265482, -8.687892 ], [ 115.265424, -8.687652 ], [ 115.2652, -8.686622 ], [ 115.264896, -8.685476 ], [ 115.26468, -8.684616 ], [ 115.264502, -8.683569 ], [ 115.264387, -8.682521 ], [ 115.264386, -8.682514 ], [ 115.264288, -8.681617 ], [ 115.264337, -8.681173 ], [ 115.264497, -8.680347 ], [ 115.264945, -8.678437 ], [ 115.264999, -8.677677 ], [ 115.265036, -8.677205 ], [ 115.265115, -8.677127 ], [ 115.265211, -8.676977 ], [ 115.265198, -8.676845 ], [ 115.265134, -8.676807 ], [ 115.264841, -8.6768 ], [ 115.264652, -8.676762 ], [ 115.264473, -8.6766 ], [ 115.264404, -8.676447 ], [ 115.264248, -8.675771 ], [ 115.264119, -8.675277 ], [ 115.263635, -8.674125 ], [ 115.263405, -8.6736 ], [ 115.263106, -8.67296 ], [ 115.262799, -8.672344 ], [ 115.26253, -8.671832 ], [ 115.26198, -8.670876 ], [ 115.261666, -8.67033 ], [ 115.261398, -8.669806 ], [ 115.26127, -8.669459 ], [ 115.26127, -8.669459 ], [ 115.261242, -8.66946 ], [ 115.260941, -8.66947 ], [ 115.260741, -8.669436 ], [ 115.260649, -8.66938 ], [ 115.260606, -8.66915 ], [ 115.260629, -8.668759 ], [ 115.260682, -8.668378 ], [ 115.260662, -8.668173 ], [ 115.260602, -8.668041 ], [ 115.260527, -8.667978 ], [ 115.260187, -8.668041 ], [ 115.259997, -8.668084 ], [ 115.259907, -8.668047 ] ] ] ] } },
{ "type": "Feature", "properties": { "id": 19, "fid": 19, "objectid": 4187, "namobj": "Denpasar Timur", "fcode": "BA03070040", "wadmkc": "Denpasar Timur", "wadmkk": "Kota Denpasar", "wadmpr": "Bali", "jumlah_penduduk": 112067, "area_admini": 26257490.812758531 }, "geometry": { "type": "MultiPolygon", "coordinates": [ [ [ [ 115.235016, -8.59154 ], [ 115.235, -8.591539 ], [ 115.234861, -8.591526 ], [ 115.234835, -8.591523 ], [ 115.234793, -8.591519 ], [ 115.234793, -8.591525 ], [ 115.234792, -8.591606 ], [ 115.234788, -8.591734 ], [ 115.234784, -8.591795 ], [ 115.234782, -8.591883 ], [ 115.234791, -8.59211 ], [ 115.234774, -8.592202 ], [ 115.23476, -8.592281 ], [ 115.234729, -8.592367 ], [ 115.234697, -8.592415 ], [ 115.234643, -8.592499 ], [ 115.234608, -8.592581 ], [ 115.234588, -8.592654 ], [ 115.23458, -8.592733 ], [ 115.234573, -8.592838 ], [ 115.234551, -8.59297 ], [ 115.234531, -8.593043 ], [ 115.234461, -8.592911 ], [ 115.234334, -8.592699 ], [ 115.23428, -8.592624 ], [ 115.234227, -8.592581 ], [ 115.234042, -8.59246 ], [ 115.233812, -8.592313 ], [ 115.233737, -8.59228 ], [ 115.233676, -8.592263 ], [ 115.233628, -8.59224 ], [ 115.233611, -8.592217 ], [ 115.233572, -8.59217 ], [ 115.233534, -8.592126 ], [ 115.233418, -8.592041 ], [ 115.233353, -8.591983 ], [ 115.233297, -8.591923 ], [ 115.233286, -8.591908 ], [ 115.233284, -8.591901 ], [ 115.233286, -8.591865 ], [ 115.233286, -8.591839 ], [ 115.233281, -8.591821 ], [ 115.233272, -8.591808 ], [ 115.233268, -8.591801 ], [ 115.233259, -8.591795 ], [ 115.233245, -8.591794 ], [ 115.233224, -8.591795 ], [ 115.233197, -8.591802 ], [ 115.233175, -8.591815 ], [ 115.23315, -8.591818 ], [ 115.233122, -8.591815 ], [ 115.233059, -8.591794 ], [ 115.233007, -8.591755 ], [ 115.232978, -8.591734 ], [ 115.23278, -8.591665 ], [ 115.232616, -8.591701 ], [ 115.232216, -8.591779 ], [ 115.23196, -8.591817 ], [ 115.231738, -8.591854 ], [ 115.23145, -8.591903 ], [ 115.231188, -8.59194 ], [ 115.231031, -8.591962 ], [ 115.230904, -8.591985 ], [ 115.230597, -8.592029 ], [ 115.230084, -8.592087 ], [ 115.22981, -8.592119 ], [ 115.229559, -8.592168 ], [ 115.229586, -8.592359 ], [ 115.229602, -8.592443 ], [ 115.22941, -8.592469 ], [ 115.229344, -8.592477 ], [ 115.229273, -8.592487 ], [ 115.228834, -8.592543 ], [ 115.228611, -8.592565 ], [ 115.228593, -8.592564 ], [ 115.228581, -8.592556 ], [ 115.228573, -8.592544 ], [ 115.228519, -8.592429 ], [ 115.228494, -8.592401 ], [ 115.228468, -8.592382 ], [ 115.228447, -8.592372 ], [ 115.228421, -8.592369 ], [ 115.228302, -8.592406 ], [ 115.228206, -8.592429 ], [ 115.228181, -8.592387 ], [ 115.228135, -8.592365 ], [ 115.228042, -8.592363 ], [ 115.228016, -8.592412 ], [ 115.227948, -8.592426 ], [ 115.227945, -8.592427 ], [ 115.227925, -8.592597 ], [ 115.228021, -8.592866 ], [ 115.228274, -8.593409 ], [ 115.228299, -8.593535 ], [ 115.228294, -8.593915 ], [ 115.228315, -8.594413 ], [ 115.22841, -8.59477 ], [ 115.228523, -8.595177 ], [ 115.228584, -8.595418 ], [ 115.228602, -8.59549 ], [ 115.228745, -8.595683 ], [ 115.22889, -8.595928 ], [ 115.229141, -8.596309 ], [ 115.229686, -8.596832 ], [ 115.229886, -8.596981 ], [ 115.230003, -8.597007 ], [ 115.230252, -8.596981 ], [ 115.23037, -8.596929 ], [ 115.230462, -8.596895 ], [ 115.23059, -8.596996 ], [ 115.230604, -8.597093 ], [ 115.23058, -8.597355 ], [ 115.230575, -8.59753 ], [ 115.230623, -8.597683 ], [ 115.23068, -8.597817 ], [ 115.230904, -8.598351 ], [ 115.230905, -8.598355 ], [ 115.23101, -8.598809 ], [ 115.231042, -8.598833 ], [ 115.231297, -8.599041 ], [ 115.231608, -8.599294 ], [ 115.231682, -8.599532 ], [ 115.231677, -8.599803 ], [ 115.231669, -8.600613 ], [ 115.231745, -8.600933 ], [ 115.231852, -8.601082 ], [ 115.231892, -8.601144 ], [ 115.232082, -8.601435 ], [ 115.233226, -8.603345 ], [ 115.233554, -8.603888 ], [ 115.234346, -8.605517 ], [ 115.234714, -8.606052 ], [ 115.235282, -8.606818 ], [ 115.235332, -8.606886 ], [ 115.235469, -8.607071 ], [ 115.23547, -8.607091 ], [ 115.235521, -8.607115 ], [ 115.23573, -8.607277 ], [ 115.235949, -8.6074 ], [ 115.23633, -8.607553 ], [ 115.236454, -8.607638 ], [ 115.236577, -8.607829 ], [ 115.23672, -8.60801 ], [ 115.23713, -8.608381 ], [ 115.237396, -8.608676 ], [ 115.237729, -8.609171 ], [ 115.237977, -8.609428 ], [ 115.23831, -8.609723 ], [ 115.238595, -8.609961 ], [ 115.238719, -8.610265 ], [ 115.238814, -8.610646 ], [ 115.23889, -8.610979 ], [ 115.238976, -8.611455 ], [ 115.239024, -8.61194 ], [ 115.239109, -8.612359 ], [ 115.238976, -8.612397 ], [ 115.238767, -8.612397 ], [ 115.238481, -8.61234 ], [ 115.238243, -8.612302 ], [ 115.237843, -8.612207 ], [ 115.237691, -8.612245 ], [ 115.237425, -8.612321 ], [ 115.237149, -8.612388 ], [ 115.236939, -8.612388 ], [ 115.236739, -8.612369 ], [ 115.236654, -8.612407 ], [ 115.236501, -8.612892 ], [ 115.236359, -8.613473 ], [ 115.236292, -8.613749 ], [ 115.236235, -8.613815 ], [ 115.23614, -8.613777 ], [ 115.236073, -8.613578 ], [ 115.236035, -8.613254 ], [ 115.236073, -8.61274 ], [ 115.236006, -8.612359 ], [ 115.23573, -8.612378 ], [ 115.235302, -8.612331 ], [ 115.23494, -8.612321 ], [ 115.234798, -8.612416 ], [ 115.23475, -8.61294 ], [ 115.234731, -8.613292 ], [ 115.234817, -8.613501 ], [ 115.234978, -8.613892 ], [ 115.23494, -8.614196 ], [ 115.234902, -8.614748 ], [ 115.234845, -8.6157 ], [ 115.234798, -8.616052 ], [ 115.234607, -8.616671 ], [ 115.234322, -8.617175 ], [ 115.234227, -8.61747 ], [ 115.234322, -8.617632 ], [ 115.234322, -8.617889 ], [ 115.23436, -8.617956 ], [ 115.234474, -8.618051 ], [ 115.234436, -8.618517 ], [ 115.234436, -8.618784 ], [ 115.234598, -8.618917 ], [ 115.234617, -8.619126 ], [ 115.234645, -8.619393 ], [ 115.234588, -8.619726 ], [ 115.234588, -8.619974 ], [ 115.234636, -8.62024 ], [ 115.234722, -8.620602 ], [ 115.23476, -8.62083 ], [ 115.234855, -8.620944 ], [ 115.235007, -8.620973 ], [ 115.235159, -8.621582 ], [ 115.234731, -8.621715 ], [ 115.234626, -8.621782 ], [ 115.234702, -8.622172 ], [ 115.234769, -8.622648 ], [ 115.234741, -8.622924 ], [ 115.234769, -8.62301 ], [ 115.234826, -8.6232 ], [ 115.234769, -8.623295 ], [ 115.234598, -8.62339 ], [ 115.234541, -8.623514 ], [ 115.234474, -8.623952 ], [ 115.234579, -8.624199 ], [ 115.234579, -8.625618 ], [ 115.234569, -8.625941 ], [ 115.233998, -8.625998 ], [ 115.233779, -8.626027 ], [ 115.233608, -8.626065 ], [ 115.233456, -8.626017 ], [ 115.233284, -8.626008 ], [ 115.233037, -8.626036 ], [ 115.232808, -8.626065 ], [ 115.232437, -8.626074 ], [ 115.232076, -8.626008 ], [ 115.231666, -8.626008 ], [ 115.231057, -8.625989 ], [ 115.230904, -8.626015 ], [ 115.230999, -8.626187 ], [ 115.231082, -8.626544 ], [ 115.231249, -8.626758 ], [ 115.23151, -8.626913 ], [ 115.231927, -8.626996 ], [ 115.232046, -8.627484 ], [ 115.232212, -8.628364 ], [ 115.232331, -8.629114 ], [ 115.232331, -8.629435 ], [ 115.23195, -8.62959 ], [ 115.230915, -8.629804 ], [ 115.230434, -8.629931 ], [ 115.230465, -8.630137 ], [ 115.230567, -8.630298 ], [ 115.230732, -8.630427 ], [ 115.230877, -8.63047 ], [ 115.231095, -8.630551 ], [ 115.231213, -8.630727 ], [ 115.231449, -8.630988 ], [ 115.231661, -8.631131 ], [ 115.232123, -8.631295 ], [ 115.232483, -8.631464 ], [ 115.232731, -8.631642 ], [ 115.233406, -8.632228 ], [ 115.233391, -8.632398 ], [ 115.233334, -8.632746 ], [ 115.233239, -8.633161 ], [ 115.233204, -8.633308 ], [ 115.233097, -8.63353 ], [ 115.233027, -8.633649 ], [ 115.232836, -8.633969 ], [ 115.23279, -8.634077 ], [ 115.232788, -8.634132 ], [ 115.232786, -8.634171 ], [ 115.232796, -8.634472 ], [ 115.232791, -8.634768 ], [ 115.232692, -8.634974 ], [ 115.232514, -8.635181 ], [ 115.232424, -8.635347 ], [ 115.232432, -8.635521 ], [ 115.232516, -8.635718 ], [ 115.232266, -8.635701 ], [ 115.23214, -8.635693 ], [ 115.232016, -8.635677 ], [ 115.231781, -8.635662 ], [ 115.231771, -8.635829 ], [ 115.23176, -8.635997 ], [ 115.231758, -8.636027 ], [ 115.231758, -8.636451 ], [ 115.231757, -8.636701 ], [ 115.231756, -8.637458 ], [ 115.231763, -8.637497 ], [ 115.231851, -8.637973 ], [ 115.231876, -8.638054 ], [ 115.23191, -8.638284 ], [ 115.231983, -8.638752 ], [ 115.231925, -8.638951 ], [ 115.231831, -8.639029 ], [ 115.230851, -8.638854 ], [ 115.230839, -8.638811 ], [ 115.230786, -8.63873 ], [ 115.230691, -8.638725 ], [ 115.230487, -8.638787 ], [ 115.230377, -8.638887 ], [ 115.230463, -8.639116 ], [ 115.230544, -8.63931 ], [ 115.230542, -8.639312 ], [ 115.230541, -8.639312 ], [ 115.230563, -8.639354 ], [ 115.23062, -8.639511 ], [ 115.230734, -8.639777 ], [ 115.23042, -8.639806 ], [ 115.230163, -8.63982 ], [ 115.230001, -8.639825 ], [ 115.229789, -8.639825 ], [ 115.229789, -8.639829 ], [ 115.229751, -8.639818 ], [ 115.229561, -8.639827 ], [ 115.229556, -8.640089 ], [ 115.229542, -8.640217 ], [ 115.229318, -8.640194 ], [ 115.229342, -8.640455 ], [ 115.229337, -8.64066 ], [ 115.229304, -8.640979 ], [ 115.229304, -8.640998 ], [ 115.22929, -8.64136 ], [ 115.229424, -8.641395 ], [ 115.229348, -8.6421 ], [ 115.229248, -8.642085 ], [ 115.229205, -8.64238 ], [ 115.229143, -8.642652 ], [ 115.228891, -8.642628 ], [ 115.228829, -8.643099 ], [ 115.228558, -8.643075 ], [ 115.228501, -8.643389 ], [ 115.228258, -8.643384 ], [ 115.22822, -8.643584 ], [ 115.22813, -8.643898 ], [ 115.22822, -8.643965 ], [ 115.228177, -8.644241 ], [ 115.228196, -8.644412 ], [ 115.228225, -8.644545 ], [ 115.228194, -8.644776 ], [ 115.228143, -8.645369 ], [ 115.228112, -8.645612 ], [ 115.227841, -8.645603 ], [ 115.22786, -8.645904 ], [ 115.227875, -8.646185 ], [ 115.227862, -8.646302 ], [ 115.22764, -8.646257 ], [ 115.227365, -8.646208 ], [ 115.226939, -8.646097 ], [ 115.226875, -8.64608 ], [ 115.226522, -8.646027 ], [ 115.225881, -8.645929 ], [ 115.225391, -8.645859 ], [ 115.225449, -8.646173 ], [ 115.225614, -8.646673 ], [ 115.225828, -8.64715 ], [ 115.226005, -8.647508 ], [ 115.226183, -8.647818 ], [ 115.226314, -8.648045 ], [ 115.226613, -8.6486 ], [ 115.226731, -8.64891 ], [ 115.226861, -8.649303 ], [ 115.226947, -8.649741 ], [ 115.226993, -8.650087 ], [ 115.227003, -8.650515 ], [ 115.227024, -8.651145 ], [ 115.227058, -8.651645 ], [ 115.227079, -8.652312 ], [ 115.2271, -8.652812 ], [ 115.227109, -8.653454 ], [ 115.227143, -8.654037 ], [ 115.22714, -8.654668 ], [ 115.227136, -8.655346 ], [ 115.227135, -8.655715 ], [ 115.22715, -8.656042 ], [ 115.227111, -8.656051 ], [ 115.226898, -8.656052 ], [ 115.226384, -8.656029 ], [ 115.226178, -8.65602 ], [ 115.225375, -8.655988 ], [ 115.225311, -8.655979 ], [ 115.224916, -8.655957 ], [ 115.22452, -8.655888 ], [ 115.223986, -8.655795 ], [ 115.223659, -8.656784 ], [ 115.223246, -8.656749 ], [ 115.223011, -8.656741 ], [ 115.222172, -8.656713 ], [ 115.222231, -8.656394 ], [ 115.2224, -8.655626 ], [ 115.222407, -8.655626 ], [ 115.221948, -8.655606 ], [ 115.221975, -8.655012 ], [ 115.221964, -8.654581 ], [ 115.221922, -8.654228 ], [ 115.221958, -8.653494 ], [ 115.221967, -8.652523 ], [ 115.221954, -8.652116 ], [ 115.221969, -8.651873 ], [ 115.222048, -8.651829 ], [ 115.22187, -8.651654 ], [ 115.221283, -8.651615 ], [ 115.22076, -8.651584 ], [ 115.219974, -8.651566 ], [ 115.21945, -8.651553 ], [ 115.218717, -8.651527 ], [ 115.218721, -8.652031 ], [ 115.218706, -8.652567 ], [ 115.21868, -8.652971 ], [ 115.218642, -8.653483 ], [ 115.218592, -8.65403 ], [ 115.218563, -8.654298 ], [ 115.218794, -8.654324 ], [ 115.218711, -8.655195 ], [ 115.218576, -8.656236 ], [ 115.218545, -8.656478 ], [ 115.218328, -8.6582 ], [ 115.21831, -8.658339 ], [ 115.218238, -8.659044 ], [ 115.218237, -8.659116 ], [ 115.218207, -8.660381 ], [ 115.218207, -8.660381 ], [ 115.218208, -8.660423 ], [ 115.218208, -8.660455 ], [ 115.218208, -8.660473 ], [ 115.218209, -8.660542 ], [ 115.218211, -8.660623 ], [ 115.218214, -8.660813 ], [ 115.218215, -8.660909 ], [ 115.218246, -8.66123 ], [ 115.218282, -8.661385 ], [ 115.218334, -8.661345 ], [ 115.218964, -8.661347 ], [ 115.219338, -8.661324 ], [ 115.21971, -8.661252 ], [ 115.220162, -8.661261 ], [ 115.221354, -8.661284 ], [ 115.221372, -8.661386 ], [ 115.221442, -8.661882 ], [ 115.22148, -8.662154 ], [ 115.221504, -8.662325 ], [ 115.221449, -8.662741 ], [ 115.221446, -8.662878 ], [ 115.221437, -8.663301 ], [ 115.221442, -8.663343 ], [ 115.221569, -8.663619 ], [ 115.221594, -8.663822 ], [ 115.221578, -8.6641 ], [ 115.221569, -8.664145 ], [ 115.221533, -8.664652 ], [ 115.221528, -8.664732 ], [ 115.221445, -8.665131 ], [ 115.2214, -8.665737 ], [ 115.221387, -8.665991 ], [ 115.221404, -8.666087 ], [ 115.221318, -8.666136 ], [ 115.221091, -8.666386 ], [ 115.220785, -8.666503 ], [ 115.220512, -8.666667 ], [ 115.220507, -8.666707 ], [ 115.220507, -8.666967 ], [ 115.22047, -8.667553 ], [ 115.220453, -8.667777 ], [ 115.220419, -8.668211 ], [ 115.220417, -8.668322 ], [ 115.220408, -8.668842 ], [ 115.220396, -8.669249 ], [ 115.220412, -8.669548 ], [ 115.220412, -8.669718 ], [ 115.219569, -8.669757 ], [ 115.219586, -8.670088 ], [ 115.219623, -8.670722 ], [ 115.219623, -8.670797 ], [ 115.219623, -8.670804 ], [ 115.219857, -8.670812 ], [ 115.219871, -8.671055 ], [ 115.219871, -8.671519 ], [ 115.219871, -8.671769 ], [ 115.219843, -8.672097 ], [ 115.219757, -8.672526 ], [ 115.219664, -8.67299 ], [ 115.219556, -8.673645 ], [ 115.219552, -8.674002 ], [ 115.220083, -8.674046 ], [ 115.22145, -8.674173 ], [ 115.222, -8.674094 ], [ 115.222209, -8.674126 ], [ 115.22248, -8.674188 ], [ 115.222768, -8.674268 ], [ 115.223301, -8.674392 ], [ 115.22386, -8.674482 ], [ 115.224251, -8.674535 ], [ 115.224629, -8.674569 ], [ 115.22504, -8.674606 ], [ 115.225061, -8.674608 ], [ 115.225609, -8.674624 ], [ 115.22619, -8.674654 ], [ 115.226492, -8.674685 ], [ 115.227008, -8.67474 ], [ 115.227347, -8.674756 ], [ 115.227462, -8.674744 ], [ 115.228098, -8.67478 ], [ 115.228196, -8.674786 ], [ 115.228573, -8.674808 ], [ 115.229098, -8.674811 ], [ 115.229973, -8.674832 ], [ 115.230602, -8.674852 ], [ 115.231131, -8.674893 ], [ 115.231861, -8.674997 ], [ 115.232145, -8.674997 ], [ 115.232342, -8.674997 ], [ 115.233384, -8.675022 ], [ 115.233388, -8.674384 ], [ 115.235263, -8.674482 ], [ 115.236005, -8.674528 ], [ 115.236495, -8.67455 ], [ 115.238268, -8.674598 ], [ 115.23873, -8.674611 ], [ 115.240539, -8.674619 ], [ 115.240632, -8.674609 ], [ 115.240577, -8.674436 ], [ 115.24048, -8.674155 ], [ 115.240438, -8.674031 ], [ 115.240404, -8.673521 ], [ 115.240412, -8.673292 ], [ 115.240608, -8.673299 ], [ 115.241223, -8.673318 ], [ 115.241348, -8.673326 ], [ 115.241699, -8.67335 ], [ 115.242526, -8.673405 ], [ 115.243186, -8.673424 ], [ 115.244267, -8.673455 ], [ 115.244563, -8.67346 ], [ 115.244588, -8.67346 ], [ 115.245144, -8.673513 ], [ 115.245384, -8.673526 ], [ 115.245761, -8.673548 ], [ 115.245795, -8.67355 ], [ 115.245799, -8.67355 ], [ 115.245799, -8.673673 ], [ 115.245841, -8.673893 ], [ 115.245894, -8.67406 ], [ 115.245948, -8.674244 ], [ 115.246007, -8.674411 ], [ 115.246049, -8.6745 ], [ 115.246108, -8.67453 ], [ 115.24621, -8.674547 ], [ 115.246287, -8.674541 ], [ 115.246406, -8.674506 ], [ 115.246507, -8.67447 ], [ 115.246644, -8.67445 ], [ 115.24668, -8.674091 ], [ 115.246652, -8.673816 ], [ 115.246607, -8.673664 ], [ 115.246685, -8.673669 ], [ 115.24852, -8.673719 ], [ 115.248563, -8.673298 ], [ 115.248556, -8.672806 ], [ 115.248513, -8.672313 ], [ 115.248406, -8.671692 ], [ 115.248389, -8.671451 ], [ 115.248381, -8.671465 ], [ 115.248351, -8.671015 ], [ 115.248685, -8.67091 ], [ 115.248685, -8.67091 ], [ 115.248715, -8.670899 ], [ 115.248864, -8.670833 ], [ 115.249221, -8.670768 ], [ 115.249786, -8.670661 ], [ 115.250006, -8.670619 ], [ 115.250482, -8.670553 ], [ 115.251386, -8.67047 ], [ 115.25135, -8.670042 ], [ 115.251267, -8.669643 ], [ 115.251219, -8.669364 ], [ 115.251166, -8.669037 ], [ 115.251053, -8.66859 ], [ 115.250987, -8.668109 ], [ 115.251422, -8.668043 ], [ 115.251517, -8.668442 ], [ 115.252171, -8.66837 ], [ 115.252754, -8.668311 ], [ 115.253444, -8.668245 ], [ 115.253938, -8.668192 ], [ 115.254652, -8.668168 ], [ 115.255598, -8.66818 ], [ 115.256163, -8.66818 ], [ 115.255794, -8.667389 ], [ 115.255497, -8.666639 ], [ 115.255372, -8.666128 ], [ 115.255187, -8.665473 ], [ 115.255119, -8.665217 ], [ 115.255131, -8.665213 ], [ 115.255018, -8.664763 ], [ 115.254895, -8.664352 ], [ 115.255029, -8.664309 ], [ 115.255083, -8.664279 ], [ 115.255124, -8.664262 ], [ 115.255424, -8.664222 ], [ 115.255681, -8.664295 ], [ 115.25581, -8.664408 ], [ 115.255892, -8.664571 ], [ 115.256079, -8.665181 ], [ 115.256089, -8.665224 ], [ 115.256427, -8.665246 ], [ 115.256781, -8.665332 ], [ 115.257285, -8.665833 ], [ 115.257538, -8.665928 ], [ 115.258251, -8.666023 ], [ 115.259344, -8.666032 ], [ 115.259645, -8.66614 ], [ 115.259789, -8.666265 ], [ 115.259833, -8.666403 ], [ 115.259943, -8.667153 ], [ 115.259843, -8.667798 ], [ 115.259907, -8.668047 ], [ 115.259997, -8.668084 ], [ 115.260187, -8.668041 ], [ 115.260527, -8.667978 ], [ 115.260602, -8.668041 ], [ 115.260662, -8.668173 ], [ 115.260682, -8.668378 ], [ 115.260629, -8.668759 ], [ 115.260606, -8.66915 ], [ 115.260649, -8.66938 ], [ 115.260741, -8.669436 ], [ 115.260941, -8.66947 ], [ 115.261242, -8.66946 ], [ 115.26127, -8.669459 ], [ 115.261171, -8.669188 ], [ 115.261087, -8.668756 ], [ 115.261089, -8.668364 ], [ 115.261276, -8.6666 ], [ 115.261455, -8.665629 ], [ 115.261746, -8.664597 ], [ 115.261761, -8.664545 ], [ 115.261918, -8.664222 ], [ 115.261968, -8.664119 ], [ 115.26232, -8.663612 ], [ 115.262996, -8.662576 ], [ 115.263434, -8.661737 ], [ 115.264418, -8.660108 ], [ 115.265091, -8.659257 ], [ 115.26587, -8.658338 ], [ 115.266423, -8.657694 ], [ 115.267975, -8.656088 ], [ 115.268938, -8.655156 ], [ 115.269916, -8.654113 ], [ 115.270264, -8.653847 ], [ 115.270846, -8.653505 ], [ 115.271056, -8.653384 ], [ 115.271442, -8.653162 ], [ 115.271902, -8.652829 ], [ 115.272789, -8.652063 ], [ 115.273385, -8.651548 ], [ 115.273385, -8.651548 ], [ 115.273635, -8.651333 ], [ 115.2741, -8.651019 ], [ 115.274705, -8.650588 ], [ 115.274881, -8.650443 ], [ 115.274271, -8.65024 ], [ 115.274244, -8.650202 ], [ 115.273217, -8.647774 ], [ 115.273157, -8.64763 ], [ 115.273103, -8.647502 ], [ 115.272749, -8.645453 ], [ 115.270943, -8.640865 ], [ 115.270574, -8.640756 ], [ 115.270351, -8.640787 ], [ 115.270272, -8.640769 ], [ 115.270028, -8.640825 ], [ 115.269766, -8.641017 ], [ 115.269506, -8.641149 ], [ 115.269205, -8.641336 ], [ 115.268917, -8.641507 ], [ 115.268586, -8.641534 ], [ 115.268139, -8.641589 ], [ 115.267854, -8.641588 ], [ 115.267507, -8.641586 ], [ 115.267282, -8.641613 ], [ 115.267183, -8.641571 ], [ 115.267004, -8.64147 ], [ 115.266773, -8.641454 ], [ 115.266403, -8.641476 ], [ 115.266283, -8.641505 ], [ 115.266049, -8.641504 ], [ 115.265924, -8.641508 ], [ 115.265673, -8.641399 ], [ 115.265552, -8.641234 ], [ 115.265619, -8.640662 ], [ 115.265635, -8.640361 ], [ 115.265549, -8.640232 ], [ 115.265471, -8.640093 ], [ 115.265058, -8.639561 ], [ 115.264877, -8.63937 ], [ 115.26471, -8.639107 ], [ 115.264516, -8.63877 ], [ 115.26453, -8.638576 ], [ 115.264596, -8.638422 ], [ 115.26462, -8.638341 ], [ 115.264683, -8.638124 ], [ 115.2647, -8.637917 ], [ 115.264669, -8.637736 ], [ 115.261851, -8.637585 ], [ 115.261165, -8.637421 ], [ 115.260911, -8.637361 ], [ 115.259903, -8.636796 ], [ 115.25965, -8.636302 ], [ 115.259286, -8.635384 ], [ 115.259101, -8.634733 ], [ 115.258917, -8.634285 ], [ 115.25847, -8.633296 ], [ 115.256912, -8.633731 ], [ 115.25605, -8.632498 ], [ 115.255575, -8.63217 ], [ 115.255759, -8.631135 ], [ 115.255826, -8.630752 ], [ 115.255968, -8.629667 ], [ 115.25663, -8.628497 ], [ 115.256647, -8.62822 ], [ 115.256675, -8.628016 ], [ 115.256693, -8.627739 ], [ 115.256708, -8.627508 ], [ 115.256735, -8.627256 ], [ 115.256727, -8.626878 ], [ 115.256688, -8.626654 ], [ 115.256655, -8.626396 ], [ 115.256615, -8.626233 ], [ 115.256536, -8.625846 ], [ 115.256432, -8.625345 ], [ 115.256345, -8.624996 ], [ 115.256295, -8.624781 ], [ 115.256237, -8.624506 ], [ 115.256189, -8.62435 ], [ 115.256118, -8.624182 ], [ 115.256059, -8.623859 ], [ 115.255905, -8.623464 ], [ 115.255798, -8.623224 ], [ 115.255691, -8.623044 ], [ 115.255547, -8.622816 ], [ 115.255404, -8.622696 ], [ 115.2552, -8.622563 ], [ 115.255068, -8.622515 ], [ 115.254767, -8.622526 ], [ 115.254551, -8.622525 ], [ 115.254347, -8.622464 ], [ 115.254266, -8.622428 ], [ 115.254155, -8.622379 ], [ 115.25404, -8.622274 ], [ 115.253981, -8.622145 ], [ 115.252078, -8.622064 ], [ 115.251908, -8.62153 ], [ 115.25169, -8.621556 ], [ 115.251691, -8.621339 ], [ 115.251137, -8.621255 ], [ 115.25094, -8.620558 ], [ 115.250413, -8.620619 ], [ 115.249215, -8.620424 ], [ 115.248796, -8.618019 ], [ 115.248645, -8.617153 ], [ 115.247325, -8.616842 ], [ 115.246881, -8.616676 ], [ 115.246028, -8.616356 ], [ 115.24597, -8.61613 ], [ 115.2457, -8.615082 ], [ 115.24536, -8.613092 ], [ 115.244726, -8.612319 ], [ 115.244338, -8.611911 ], [ 115.243335, -8.609132 ], [ 115.243022, -8.607506 ], [ 115.242947, -8.606641 ], [ 115.242808, -8.605033 ], [ 115.24287, -8.604962 ], [ 115.243395, -8.603546 ], [ 115.24397, -8.601993 ], [ 115.244083, -8.601688 ], [ 115.244196, -8.601383 ], [ 115.244196, -8.601382 ], [ 115.243328, -8.601038 ], [ 115.242806, -8.600831 ], [ 115.242755, -8.600801 ], [ 115.242675, -8.600802 ], [ 115.24259, -8.600798 ], [ 115.242527, -8.600782 ], [ 115.242082, -8.600595 ], [ 115.241653, -8.600407 ], [ 115.241589, -8.600609 ], [ 115.241477, -8.600904 ], [ 115.241427, -8.601042 ], [ 115.241398, -8.601103 ], [ 115.241379, -8.601144 ], [ 115.241356, -8.601201 ], [ 115.241281, -8.601404 ], [ 115.241259, -8.601449 ], [ 115.241228, -8.601512 ], [ 115.241205, -8.601545 ], [ 115.241161, -8.60161 ], [ 115.241124, -8.601658 ], [ 115.241092, -8.60169 ], [ 115.241056, -8.60171 ], [ 115.240997, -8.601741 ], [ 115.240941, -8.601767 ], [ 115.240924, -8.601775 ], [ 115.240894, -8.601779 ], [ 115.240805, -8.601772 ], [ 115.240779, -8.601767 ], [ 115.24054, -8.601718 ], [ 115.240341, -8.601686 ], [ 115.240319, -8.601809 ], [ 115.240302, -8.601933 ], [ 115.240247, -8.602137 ], [ 115.240186, -8.602297 ], [ 115.240166, -8.602372 ], [ 115.240147, -8.602455 ], [ 115.240125, -8.602599 ], [ 115.240112, -8.602657 ], [ 115.240093, -8.60269 ], [ 115.240076, -8.602702 ], [ 115.239986, -8.60272 ], [ 115.239931, -8.602731 ], [ 115.239711, -8.602725 ], [ 115.239408, -8.602681 ], [ 115.239379, -8.602676 ], [ 115.238958, -8.602615 ], [ 115.238816, -8.602614 ], [ 115.238815, -8.602641 ], [ 115.238814, -8.602654 ], [ 115.238718, -8.602652 ], [ 115.238562, -8.602614 ], [ 115.238521, -8.602604 ], [ 115.238275, -8.602591 ], [ 115.238275, -8.602551 ], [ 115.238276, -8.602539 ], [ 115.238187, -8.602536 ], [ 115.238063, -8.602532 ], [ 115.237861, -8.60252 ], [ 115.237568, -8.602498 ], [ 115.237524, -8.602496 ], [ 115.23752, -8.602489 ], [ 115.237474, -8.602394 ], [ 115.237434, -8.602321 ], [ 115.237433, -8.602319 ], [ 115.237331, -8.602178 ], [ 115.237287, -8.602109 ], [ 115.237273, -8.602077 ], [ 115.237267, -8.602058 ], [ 115.237263, -8.60203 ], [ 115.237263, -8.602012 ], [ 115.237263, -8.601997 ], [ 115.237272, -8.601959 ], [ 115.237286, -8.601931 ], [ 115.237314, -8.601879 ], [ 115.237334, -8.601835 ], [ 115.237337, -8.601829 ], [ 115.237342, -8.601793 ], [ 115.237335, -8.601741 ], [ 115.237332, -8.601735 ], [ 115.23729, -8.601596 ], [ 115.237242, -8.601492 ], [ 115.237213, -8.601418 ], [ 115.237194, -8.601351 ], [ 115.237188, -8.601297 ], [ 115.237208, -8.601199 ], [ 115.237243, -8.601136 ], [ 115.237282, -8.601096 ], [ 115.237351, -8.60104 ], [ 115.237393, -8.60101 ], [ 115.237418, -8.600992 ], [ 115.23745, -8.600969 ], [ 115.237485, -8.600917 ], [ 115.237535, -8.600798 ], [ 115.237552, -8.600674 ], [ 115.237555, -8.600621 ], [ 115.237541, -8.600561 ], [ 115.237535, -8.600543 ], [ 115.237514, -8.600478 ], [ 115.237493, -8.600422 ], [ 115.237484, -8.600369 ], [ 115.237474, -8.600287 ], [ 115.237478, -8.600259 ], [ 115.237502, -8.600207 ], [ 115.237538, -8.600161 ], [ 115.237587, -8.600125 ], [ 115.237646, -8.600092 ], [ 115.237697, -8.60008 ], [ 115.237738, -8.600089 ], [ 115.237739, -8.60009 ], [ 115.237777, -8.600115 ], [ 115.237862, -8.60017 ], [ 115.237912, -8.600186 ], [ 115.237969, -8.600179 ], [ 115.238006, -8.600159 ], [ 115.238036, -8.60013 ], [ 115.238077, -8.600056 ], [ 115.238133, -8.599916 ], [ 115.238164, -8.599812 ], [ 115.238174, -8.599742 ], [ 115.238163, -8.5997 ], [ 115.238127, -8.599662 ], [ 115.238124, -8.599659 ], [ 115.238049, -8.59959 ], [ 115.23804, -8.599567 ], [ 115.238042, -8.599537 ], [ 115.23805, -8.599515 ], [ 115.238062, -8.599504 ], [ 115.238082, -8.599492 ], [ 115.238102, -8.599488 ], [ 115.23812, -8.599489 ], [ 115.238146, -8.599498 ], [ 115.238188, -8.599525 ], [ 115.238194, -8.599529 ], [ 115.238352, -8.599623 ], [ 115.238435, -8.599644 ], [ 115.23849, -8.599644 ], [ 115.238562, -8.599615 ], [ 115.238602, -8.599572 ], [ 115.23863, -8.599501 ], [ 115.238637, -8.599437 ], [ 115.238618, -8.599355 ], [ 115.238598, -8.59931 ], [ 115.238538, -8.599181 ], [ 115.23847, -8.598894 ], [ 115.238396, -8.598599 ], [ 115.23833, -8.598379 ], [ 115.238297, -8.598224 ], [ 115.238264, -8.598035 ], [ 115.23824, -8.597897 ], [ 115.238197, -8.597736 ], [ 115.238176, -8.597691 ], [ 115.238139, -8.597662 ], [ 115.238093, -8.597645 ], [ 115.238062, -8.597643 ], [ 115.238023, -8.597649 ], [ 115.237975, -8.59767 ], [ 115.237921, -8.597701 ], [ 115.237891, -8.597719 ], [ 115.237857, -8.597754 ], [ 115.237834, -8.597769 ], [ 115.237799, -8.59779 ], [ 115.237762, -8.597802 ], [ 115.237599, -8.597827 ], [ 115.237546, -8.597821 ], [ 115.237533, -8.597811 ], [ 115.23749, -8.59777 ], [ 115.237473, -8.59771 ], [ 115.237422, -8.597611 ], [ 115.237351, -8.597471 ], [ 115.237336, -8.597423 ], [ 115.237336, -8.597379 ], [ 115.237354, -8.597349 ], [ 115.237391, -8.597312 ], [ 115.237467, -8.597269 ], [ 115.237505, -8.59725 ], [ 115.237526, -8.59724 ], [ 115.237561, -8.597207 ], [ 115.237577, -8.597172 ], [ 115.237578, -8.597164 ], [ 115.237583, -8.597121 ], [ 115.237574, -8.59707 ], [ 115.237561, -8.597039 ], [ 115.237536, -8.597006 ], [ 115.2375, -8.596957 ], [ 115.237455, -8.59691 ], [ 115.237428, -8.596851 ], [ 115.23743, -8.59678 ], [ 115.237452, -8.596718 ], [ 115.237503, -8.596645 ], [ 115.237553, -8.596581 ], [ 115.23758, -8.596525 ], [ 115.237596, -8.59647 ], [ 115.237602, -8.596428 ], [ 115.237591, -8.596379 ], [ 115.23756, -8.59635 ], [ 115.237505, -8.59633 ], [ 115.237482, -8.596317 ], [ 115.237433, -8.59629 ], [ 115.23738, -8.596251 ], [ 115.237348, -8.596185 ], [ 115.237347, -8.596123 ], [ 115.237365, -8.596055 ], [ 115.237396, -8.596007 ], [ 115.237405, -8.595994 ], [ 115.237445, -8.595932 ], [ 115.237485, -8.595866 ], [ 115.237501, -8.595807 ], [ 115.237507, -8.595736 ], [ 115.237482, -8.595666 ], [ 115.237477, -8.595639 ], [ 115.237466, -8.595587 ], [ 115.237463, -8.59556 ], [ 115.237464, -8.59553 ], [ 115.237488, -8.595483 ], [ 115.237488, -8.595483 ], [ 115.237543, -8.595419 ], [ 115.237593, -8.595377 ], [ 115.237616, -8.595333 ], [ 115.237621, -8.595291 ], [ 115.237605, -8.595241 ], [ 115.237586, -8.595207 ], [ 115.237506, -8.595066 ], [ 115.237488, -8.595014 ], [ 115.237488, -8.594969 ], [ 115.237456, -8.594968 ], [ 115.235981, -8.59494 ], [ 115.235962, -8.594719 ], [ 115.235961, -8.594533 ], [ 115.235968, -8.594453 ], [ 115.235969, -8.594439 ], [ 115.235968, -8.594386 ], [ 115.23594, -8.594242 ], [ 115.235887, -8.593899 ], [ 115.23588, -8.593744 ], [ 115.235887, -8.593427 ], [ 115.235879, -8.593128 ], [ 115.235871, -8.592976 ], [ 115.23587, -8.592959 ], [ 115.235866, -8.592894 ], [ 115.235838, -8.592894 ], [ 115.235822, -8.592893 ], [ 115.235766, -8.592888 ], [ 115.235727, -8.592882 ], [ 115.2357, -8.592875 ], [ 115.235672, -8.592864 ], [ 115.235652, -8.592852 ], [ 115.235633, -8.592833 ], [ 115.235626, -8.592816 ], [ 115.235616, -8.592787 ], [ 115.235616, -8.592765 ], [ 115.235616, -8.592737 ], [ 115.235621, -8.592704 ], [ 115.235626, -8.592641 ], [ 115.235627, -8.592593 ], [ 115.235628, -8.592505 ], [ 115.235625, -8.592456 ], [ 115.235625, -8.592453 ], [ 115.235612, -8.592334 ], [ 115.235604, -8.592283 ], [ 115.235542, -8.592199 ], [ 115.235501, -8.592145 ], [ 115.23548, -8.592118 ], [ 115.235446, -8.592072 ], [ 115.235432, -8.592053 ], [ 115.235414, -8.592006 ], [ 115.235386, -8.591871 ], [ 115.235383, -8.591861 ], [ 115.235343, -8.591739 ], [ 115.235292, -8.591619 ], [ 115.235275, -8.591582 ], [ 115.235251, -8.591559 ], [ 115.235234, -8.59155 ], [ 115.235206, -8.591546 ], [ 115.235166, -8.591543 ], [ 115.2351, -8.591543 ], [ 115.235016, -8.59154 ] ] ] ] } },
{ "type": "Feature", "properties": { "id": 20, "fid": 20, "objectid": 4188, "namobj": "Denpasar Barat", "fcode": "BA03070040", "wadmkc": "Denpasar Barat", "wadmkk": "Kota Denpasar", "wadmpr": "Bali", "jumlah_penduduk": 259750, "area_admini": 23583998.01672972 }, "geometry": { "type": "MultiPolygon", "coordinates": [ [ [ [ 115.18873, -8.616344 ], [ 115.188276, -8.6157 ], [ 115.187834, -8.615205 ], [ 115.18767, -8.615022 ], [ 115.187569, -8.614992 ], [ 115.187511, -8.614979 ], [ 115.187334, -8.614943 ], [ 115.187259, -8.614943 ], [ 115.18719, -8.614959 ], [ 115.1871, -8.615001 ], [ 115.187069, -8.615071 ], [ 115.187022, -8.615126 ], [ 115.186918, -8.615222 ], [ 115.186816, -8.615292 ], [ 115.186731, -8.615377 ], [ 115.186518, -8.615708 ], [ 115.186484, -8.61581 ], [ 115.186469, -8.615906 ], [ 115.186462, -8.616027 ], [ 115.186463, -8.616085 ], [ 115.186466, -8.616216 ], [ 115.186452, -8.616339 ], [ 115.186414, -8.616558 ], [ 115.186393, -8.616607 ], [ 115.186374, -8.61663 ], [ 115.186332, -8.616647 ], [ 115.186299, -8.616655 ], [ 115.186278, -8.616648 ], [ 115.186267, -8.616641 ], [ 115.186256, -8.616623 ], [ 115.186246, -8.616586 ], [ 115.186236, -8.616573 ], [ 115.186222, -8.616562 ], [ 115.186175, -8.616547 ], [ 115.18615, -8.616524 ], [ 115.186146, -8.616495 ], [ 115.18616, -8.616447 ], [ 115.186168, -8.616426 ], [ 115.186159, -8.616403 ], [ 115.186144, -8.616392 ], [ 115.186116, -8.616373 ], [ 115.185953, -8.616422 ], [ 115.185404, -8.616552 ], [ 115.185326, -8.616495 ], [ 115.185278, -8.616453 ], [ 115.185221, -8.616441 ], [ 115.18505, -8.616455 ], [ 115.184947, -8.616514 ], [ 115.184839, -8.616622 ], [ 115.184761, -8.616684 ], [ 115.184431, -8.616607 ], [ 115.184235, -8.616562 ], [ 115.184236, -8.616467 ], [ 115.18423, -8.616423 ], [ 115.18421, -8.616392 ], [ 115.184157, -8.616361 ], [ 115.183832, -8.616042 ], [ 115.183729, -8.615929 ], [ 115.183655, -8.615881 ], [ 115.18358, -8.615829 ], [ 115.18347, -8.615793 ], [ 115.1833, -8.615775 ], [ 115.183117, -8.615755 ], [ 115.182979, -8.615752 ], [ 115.182917, -8.615768 ], [ 115.182827, -8.615817 ], [ 115.182749, -8.615881 ], [ 115.182693, -8.61592 ], [ 115.182663, -8.615932 ], [ 115.182626, -8.615934 ], [ 115.182598, -8.615927 ], [ 115.182564, -8.615915 ], [ 115.182532, -8.615909 ], [ 115.182504, -8.615909 ], [ 115.182477, -8.615922 ], [ 115.182433, -8.615968 ], [ 115.182373, -8.61602 ], [ 115.182327, -8.61604 ], [ 115.182283, -8.616046 ], [ 115.182221, -8.616062 ], [ 115.182129, -8.616081 ], [ 115.182081, -8.616091 ], [ 115.182015, -8.616111 ], [ 115.181989, -8.616106 ], [ 115.181963, -8.616088 ], [ 115.181925, -8.616053 ], [ 115.181838, -8.615962 ], [ 115.18179, -8.615931 ], [ 115.181657, -8.615851 ], [ 115.181582, -8.615834 ], [ 115.181477, -8.615829 ], [ 115.181244, -8.615828 ], [ 115.181096, -8.615819 ], [ 115.180928, -8.615818 ], [ 115.18085, -8.615933 ], [ 115.180788, -8.61601 ], [ 115.180658, -8.616122 ], [ 115.180596, -8.616159 ], [ 115.180484, -8.616195 ], [ 115.180422, -8.616198 ], [ 115.180337, -8.61619 ], [ 115.180193, -8.616197 ], [ 115.180183, -8.616268 ], [ 115.180186, -8.616304 ], [ 115.180169, -8.616359 ], [ 115.180193, -8.616456 ], [ 115.180243, -8.616553 ], [ 115.180251, -8.616699 ], [ 115.180168, -8.616755 ], [ 115.180078, -8.616806 ], [ 115.180039, -8.616863 ], [ 115.180015, -8.616981 ], [ 115.180028, -8.617066 ], [ 115.180053, -8.617135 ], [ 115.180065, -8.617247 ], [ 115.180057, -8.617436 ], [ 115.180034, -8.617627 ], [ 115.180003, -8.617813 ], [ 115.179967, -8.61802 ], [ 115.179902, -8.61815 ], [ 115.179938, -8.618343 ], [ 115.179932, -8.618508 ], [ 115.179946, -8.618611 ], [ 115.179945, -8.618745 ], [ 115.179955, -8.618903 ], [ 115.17991, -8.619167 ], [ 115.179908, -8.619423 ], [ 115.179887, -8.619671 ], [ 115.179906, -8.619861 ], [ 115.179947, -8.620044 ], [ 115.18008, -8.620289 ], [ 115.18023, -8.620617 ], [ 115.180401, -8.620956 ], [ 115.180642, -8.621483 ], [ 115.180746, -8.621653 ], [ 115.18079, -8.621702 ], [ 115.180821, -8.621742 ], [ 115.18089, -8.621819 ], [ 115.180921, -8.621881 ], [ 115.180959, -8.621955 ], [ 115.180992, -8.622018 ], [ 115.181015, -8.622051 ], [ 115.181016, -8.622097 ], [ 115.181026, -8.622151 ], [ 115.181044, -8.622212 ], [ 115.181073, -8.622266 ], [ 115.181121, -8.622332 ], [ 115.18116, -8.622409 ], [ 115.181184, -8.622495 ], [ 115.181219, -8.622693 ], [ 115.181224, -8.622803 ], [ 115.181215, -8.622881 ], [ 115.181199, -8.622967 ], [ 115.18119, -8.623059 ], [ 115.181199, -8.623115 ], [ 115.181289, -8.623111 ], [ 115.181346, -8.623109 ], [ 115.181414, -8.623111 ], [ 115.181464, -8.62312 ], [ 115.181505, -8.623165 ], [ 115.181542, -8.623212 ], [ 115.181609, -8.623252 ], [ 115.181746, -8.6233 ], [ 115.181884, -8.623403 ], [ 115.182005, -8.62354 ], [ 115.182116, -8.623673 ], [ 115.182193, -8.623779 ], [ 115.182242, -8.62386 ], [ 115.182283, -8.623968 ], [ 115.182302, -8.624055 ], [ 115.182307, -8.624105 ], [ 115.182308, -8.624168 ], [ 115.182305, -8.624229 ], [ 115.182291, -8.62429 ], [ 115.18224, -8.624409 ], [ 115.18214, -8.624559 ], [ 115.1821, -8.624643 ], [ 115.182054, -8.624734 ], [ 115.18203, -8.624822 ], [ 115.18202, -8.624908 ], [ 115.182019, -8.62517 ], [ 115.182012, -8.625485 ], [ 115.182005, -8.625712 ], [ 115.182004, -8.625957 ], [ 115.18201, -8.626126 ], [ 115.182024, -8.626378 ], [ 115.182063, -8.626824 ], [ 115.18213, -8.62728 ], [ 115.181892, -8.627361 ], [ 115.181944, -8.627505 ], [ 115.181731, -8.627548 ], [ 115.181754, -8.627749 ], [ 115.181769, -8.6279 ], [ 115.18158, -8.627945 ], [ 115.181336, -8.627954 ], [ 115.180999, -8.627944 ], [ 115.181041, -8.628308 ], [ 115.181033, -8.62833 ], [ 115.180991, -8.628367 ], [ 115.180914, -8.628385 ], [ 115.180749, -8.628403 ], [ 115.180256, -8.628385 ], [ 115.18023, -8.628384 ], [ 115.180119, -8.628362 ], [ 115.180025, -8.628312 ], [ 115.179915, -8.62825 ], [ 115.179746, -8.628186 ], [ 115.179595, -8.62831 ], [ 115.179369, -8.628338 ], [ 115.179338, -8.628383 ], [ 115.179347, -8.628453 ], [ 115.179405, -8.628676 ], [ 115.179448, -8.628886 ], [ 115.179485, -8.629006 ], [ 115.179506, -8.629082 ], [ 115.179542, -8.629154 ], [ 115.179633, -8.629148 ], [ 115.179702, -8.629163 ], [ 115.179764, -8.629229 ], [ 115.179842, -8.629344 ], [ 115.179948, -8.629573 ], [ 115.17999, -8.629666 ], [ 115.180032, -8.629759 ], [ 115.180041, -8.629875 ], [ 115.180056, -8.630003 ], [ 115.180093, -8.630145 ], [ 115.180039, -8.630149 ], [ 115.180038, -8.630227 ], [ 115.180074, -8.630305 ], [ 115.180109, -8.630384 ], [ 115.180124, -8.630435 ], [ 115.180126, -8.630538 ], [ 115.180101, -8.630696 ], [ 115.180083, -8.63083 ], [ 115.180048, -8.630993 ], [ 115.180012, -8.631069 ], [ 115.179943, -8.631143 ], [ 115.179898, -8.631176 ], [ 115.179882, -8.631242 ], [ 115.179879, -8.631271 ], [ 115.179892, -8.631302 ], [ 115.179893, -8.631351 ], [ 115.179896, -8.631381 ], [ 115.179908, -8.631397 ], [ 115.179925, -8.631405 ], [ 115.179951, -8.631405 ], [ 115.179996, -8.631404 ], [ 115.180029, -8.631402 ], [ 115.180046, -8.631411 ], [ 115.180077, -8.631496 ], [ 115.180184, -8.63166 ], [ 115.180256, -8.631834 ], [ 115.180311, -8.631965 ], [ 115.180362, -8.632094 ], [ 115.180374, -8.632245 ], [ 115.180382, -8.632321 ], [ 115.180385, -8.63239 ], [ 115.180377, -8.632436 ], [ 115.180353, -8.632506 ], [ 115.180302, -8.6326 ], [ 115.180253, -8.632678 ], [ 115.180175, -8.63279 ], [ 115.180249, -8.633664 ], [ 115.180326, -8.633673 ], [ 115.180372, -8.633827 ], [ 115.180393, -8.633972 ], [ 115.180409, -8.634071 ], [ 115.180432, -8.634142 ], [ 115.180482, -8.634243 ], [ 115.180533, -8.634324 ], [ 115.180568, -8.634373 ], [ 115.180626, -8.634482 ], [ 115.180742, -8.634779 ], [ 115.180809, -8.634996 ], [ 115.180845, -8.635145 ], [ 115.180899, -8.635248 ], [ 115.180945, -8.635348 ], [ 115.181007, -8.635523 ], [ 115.181068, -8.635584 ], [ 115.181074, -8.635596 ], [ 115.181149, -8.635734 ], [ 115.181309, -8.636135 ], [ 115.181366, -8.63679 ], [ 115.181539, -8.636967 ], [ 115.181596, -8.63706 ], [ 115.181612, -8.63745 ], [ 115.181635, -8.637856 ], [ 115.181664, -8.638334 ], [ 115.181658, -8.638449 ], [ 115.181657, -8.638562 ], [ 115.181655, -8.638683 ], [ 115.181651, -8.638724 ], [ 115.181579, -8.638876 ], [ 115.181527, -8.638952 ], [ 115.18145, -8.639094 ], [ 115.181362, -8.639256 ], [ 115.181294, -8.63926 ], [ 115.181294, -8.639275 ], [ 115.181282, -8.639561 ], [ 115.181264, -8.639695 ], [ 115.181307, -8.639825 ], [ 115.181364, -8.639927 ], [ 115.181439, -8.640062 ], [ 115.181453, -8.640094 ], [ 115.181509, -8.640216 ], [ 115.181609, -8.640318 ], [ 115.181668, -8.640396 ], [ 115.181689, -8.640502 ], [ 115.181684, -8.640591 ], [ 115.181647, -8.640761 ], [ 115.181582, -8.640912 ], [ 115.181375, -8.641192 ], [ 115.181266, -8.641306 ], [ 115.181205, -8.641315 ], [ 115.181173, -8.64132 ], [ 115.181137, -8.641407 ], [ 115.181079, -8.641526 ], [ 115.181028, -8.641554 ], [ 115.18096, -8.641567 ], [ 115.180862, -8.641578 ], [ 115.180799, -8.641708 ], [ 115.180745, -8.641866 ], [ 115.180711, -8.642045 ], [ 115.180719, -8.642143 ], [ 115.180738, -8.642251 ], [ 115.180765, -8.642347 ], [ 115.180787, -8.642521 ], [ 115.180783, -8.642613 ], [ 115.180766, -8.642662 ], [ 115.180843, -8.642678 ], [ 115.180943, -8.642689 ], [ 115.180945, -8.64269 ], [ 115.180998, -8.642701 ], [ 115.181013, -8.642728 ], [ 115.181017, -8.642828 ], [ 115.181029, -8.642933 ], [ 115.181057, -8.643003 ], [ 115.181071, -8.643056 ], [ 115.181054, -8.643128 ], [ 115.181064, -8.643183 ], [ 115.181059, -8.643248 ], [ 115.181007, -8.643327 ], [ 115.180962, -8.643365 ], [ 115.180911, -8.643355 ], [ 115.180874, -8.643405 ], [ 115.180851, -8.643504 ], [ 115.180773, -8.643571 ], [ 115.18073, -8.643607 ], [ 115.180626, -8.643723 ], [ 115.18056, -8.643833 ], [ 115.180559, -8.643888 ], [ 115.180585, -8.643971 ], [ 115.180617, -8.644123 ], [ 115.180622, -8.644203 ], [ 115.180579, -8.644294 ], [ 115.180565, -8.64436 ], [ 115.180664, -8.644449 ], [ 115.180837, -8.644501 ], [ 115.180902, -8.644549 ], [ 115.180951, -8.644568 ], [ 115.18097, -8.644575 ], [ 115.180968, -8.644589 ], [ 115.18096, -8.644632 ], [ 115.180944, -8.644668 ], [ 115.180961, -8.644714 ], [ 115.180985, -8.644723 ], [ 115.180992, -8.644731 ], [ 115.180992, -8.644758 ], [ 115.181002, -8.644777 ], [ 115.18102, -8.644796 ], [ 115.18106, -8.644809 ], [ 115.181126, -8.644831 ], [ 115.181172, -8.644861 ], [ 115.181195, -8.644877 ], [ 115.181246, -8.644934 ], [ 115.181266, -8.644975 ], [ 115.181288, -8.645011 ], [ 115.181238, -8.645119 ], [ 115.181204, -8.645226 ], [ 115.181174, -8.645329 ], [ 115.18116, -8.645443 ], [ 115.181128, -8.6456 ], [ 115.181108, -8.645723 ], [ 115.181083, -8.645792 ], [ 115.181063, -8.645881 ], [ 115.181058, -8.645988 ], [ 115.181085, -8.646069 ], [ 115.181086, -8.64607 ], [ 115.181085, -8.646074 ], [ 115.181089, -8.646089 ], [ 115.181113, -8.646168 ], [ 115.181152, -8.646228 ], [ 115.181201, -8.646272 ], [ 115.181248, -8.646291 ], [ 115.181267, -8.646291 ], [ 115.181325, -8.646287 ], [ 115.181392, -8.646253 ], [ 115.181401, -8.64625 ], [ 115.181429, -8.646242 ], [ 115.181454, -8.646246 ], [ 115.181478, -8.646266 ], [ 115.181511, -8.646299 ], [ 115.181546, -8.646345 ], [ 115.181558, -8.646372 ], [ 115.181561, -8.646421 ], [ 115.181561, -8.646474 ], [ 115.181569, -8.646667 ], [ 115.181576, -8.64682 ], [ 115.181558, -8.647235 ], [ 115.181493, -8.647566 ], [ 115.181475, -8.64766 ], [ 115.18146, -8.64773 ], [ 115.181423, -8.647796 ], [ 115.181314, -8.647815 ], [ 115.181272, -8.647879 ], [ 115.181271, -8.647898 ], [ 115.181269, -8.647924 ], [ 115.181267, -8.647931 ], [ 115.181247, -8.647997 ], [ 115.181177, -8.648016 ], [ 115.181136, -8.648013 ], [ 115.181128, -8.648012 ], [ 115.181071, -8.648026 ], [ 115.181029, -8.64806 ], [ 115.181012, -8.64814 ], [ 115.181038, -8.648193 ], [ 115.181042, -8.648202 ], [ 115.181, -8.648298 ], [ 115.180953, -8.648374 ], [ 115.18086, -8.648548 ], [ 115.180835, -8.648564 ], [ 115.180736, -8.648627 ], [ 115.180722, -8.648671 ], [ 115.180741, -8.648724 ], [ 115.180769, -8.648753 ], [ 115.180804, -8.648788 ], [ 115.180839, -8.648947 ], [ 115.180823, -8.649053 ], [ 115.180753, -8.649142 ], [ 115.180675, -8.64923 ], [ 115.180643, -8.649265 ], [ 115.18057, -8.649392 ], [ 115.180528, -8.6495 ], [ 115.180489, -8.649586 ], [ 115.180529, -8.649631 ], [ 115.18055, -8.649657 ], [ 115.180584, -8.649698 ], [ 115.180655, -8.649759 ], [ 115.180668, -8.649806 ], [ 115.180569, -8.649934 ], [ 115.180449, -8.650069 ], [ 115.180411, -8.650111 ], [ 115.180336, -8.650236 ], [ 115.180325, -8.650359 ], [ 115.180355, -8.650408 ], [ 115.180395, -8.650487 ], [ 115.180409, -8.650525 ], [ 115.180458, -8.650624 ], [ 115.180459, -8.650626 ], [ 115.18048, -8.650707 ], [ 115.180491, -8.650786 ], [ 115.180477, -8.650848 ], [ 115.180453, -8.650928 ], [ 115.180398, -8.651022 ], [ 115.18031, -8.651146 ], [ 115.18029, -8.651206 ], [ 115.180273, -8.6513 ], [ 115.180221, -8.651415 ], [ 115.180139, -8.651507 ], [ 115.180093, -8.651554 ], [ 115.180056, -8.651592 ], [ 115.179988, -8.651619 ], [ 115.17997, -8.651695 ], [ 115.179948, -8.65179 ], [ 115.179931, -8.651907 ], [ 115.179891, -8.651958 ], [ 115.179877, -8.652012 ], [ 115.179875, -8.652023 ], [ 115.179866, -8.652058 ], [ 115.179867, -8.652099 ], [ 115.179877, -8.652128 ], [ 115.179887, -8.65216 ], [ 115.179888, -8.652186 ], [ 115.179882, -8.652228 ], [ 115.179867, -8.652267 ], [ 115.179843, -8.652299 ], [ 115.179813, -8.65232 ], [ 115.179744, -8.652345 ], [ 115.179673, -8.65241 ], [ 115.179595, -8.652512 ], [ 115.179539, -8.652571 ], [ 115.179513, -8.65259 ], [ 115.179496, -8.652594 ], [ 115.179472, -8.652595 ], [ 115.179444, -8.652594 ], [ 115.179419, -8.652591 ], [ 115.179399, -8.652593 ], [ 115.179387, -8.652604 ], [ 115.179383, -8.652607 ], [ 115.179364, -8.652639 ], [ 115.179356, -8.652656 ], [ 115.179338, -8.652698 ], [ 115.179317, -8.65275 ], [ 115.179201, -8.652952 ], [ 115.179254, -8.65299 ], [ 115.179318, -8.653024 ], [ 115.179358, -8.653062 ], [ 115.179411, -8.653117 ], [ 115.179438, -8.653125 ], [ 115.179512, -8.653119 ], [ 115.179525, -8.653118 ], [ 115.179602, -8.653114 ], [ 115.179658, -8.653131 ], [ 115.179713, -8.653162 ], [ 115.179739, -8.653205 ], [ 115.179747, -8.653274 ], [ 115.179751, -8.653351 ], [ 115.179736, -8.653414 ], [ 115.179725, -8.653514 ], [ 115.179703, -8.653661 ], [ 115.179664, -8.653733 ], [ 115.179636, -8.653802 ], [ 115.179559, -8.653908 ], [ 115.17951, -8.653954 ], [ 115.179474, -8.654049 ], [ 115.179456, -8.65411 ], [ 115.179449, -8.654135 ], [ 115.179475, -8.654217 ], [ 115.179495, -8.654251 ], [ 115.179557, -8.654319 ], [ 115.179584, -8.654344 ], [ 115.179648, -8.654404 ], [ 115.179751, -8.654434 ], [ 115.179834, -8.654462 ], [ 115.179914, -8.654493 ], [ 115.179906, -8.654584 ], [ 115.17986, -8.654698 ], [ 115.179806, -8.654779 ], [ 115.179754, -8.654835 ], [ 115.179692, -8.654906 ], [ 115.179623, -8.655036 ], [ 115.179591, -8.6551 ], [ 115.179536, -8.655166 ], [ 115.179444, -8.655251 ], [ 115.179432, -8.655262 ], [ 115.1794, -8.655375 ], [ 115.179421, -8.655455 ], [ 115.179421, -8.655458 ], [ 115.179439, -8.65556 ], [ 115.17944, -8.65557 ], [ 115.17945, -8.655584 ], [ 115.17949, -8.655638 ], [ 115.179576, -8.655682 ], [ 115.179671, -8.65573 ], [ 115.179708, -8.65578 ], [ 115.179782, -8.655871 ], [ 115.179823, -8.655967 ], [ 115.179865, -8.655998 ], [ 115.179868, -8.65601 ], [ 115.179921, -8.656174 ], [ 115.179815, -8.656248 ], [ 115.179882, -8.656314 ], [ 115.179795, -8.656361 ], [ 115.179684, -8.656378 ], [ 115.179584, -8.656389 ], [ 115.17948, -8.656401 ], [ 115.179389, -8.656418 ], [ 115.179274, -8.656446 ], [ 115.179114, -8.656477 ], [ 115.178971, -8.656507 ], [ 115.178933, -8.656515 ], [ 115.17888, -8.656532 ], [ 115.178839, -8.656531 ], [ 115.17875, -8.656542 ], [ 115.178825, -8.656659 ], [ 115.178827, -8.656663 ], [ 115.178881, -8.656751 ], [ 115.178913, -8.656802 ], [ 115.178992, -8.656868 ], [ 115.179067, -8.656914 ], [ 115.179136, -8.657001 ], [ 115.17917, -8.657049 ], [ 115.179167, -8.657118 ], [ 115.179186, -8.657179 ], [ 115.179188, -8.657416 ], [ 115.179161, -8.657457 ], [ 115.179144, -8.657567 ], [ 115.179083, -8.657574 ], [ 115.179073, -8.657797 ], [ 115.179107, -8.657855 ], [ 115.179122, -8.657965 ], [ 115.179214, -8.657977 ], [ 115.179197, -8.658055 ], [ 115.179152, -8.658139 ], [ 115.17921, -8.658175 ], [ 115.179258, -8.658203 ], [ 115.179337, -8.658285 ], [ 115.179373, -8.65834 ], [ 115.179438, -8.658418 ], [ 115.179499, -8.658479 ], [ 115.179693, -8.658621 ], [ 115.17982, -8.658762 ], [ 115.179858, -8.658818 ], [ 115.179889, -8.65888 ], [ 115.179898, -8.658943 ], [ 115.179881, -8.659023 ], [ 115.17987, -8.659091 ], [ 115.179856, -8.659122 ], [ 115.179845, -8.65915 ], [ 115.179829, -8.659187 ], [ 115.179825, -8.659227 ], [ 115.179818, -8.659277 ], [ 115.179819, -8.659328 ], [ 115.179841, -8.659394 ], [ 115.179862, -8.659444 ], [ 115.179886, -8.659463 ], [ 115.179989, -8.659503 ], [ 115.180041, -8.659524 ], [ 115.180111, -8.659625 ], [ 115.180305, -8.659797 ], [ 115.180378, -8.659879 ], [ 115.180495, -8.659943 ], [ 115.180535, -8.66008 ], [ 115.18044, -8.660106 ], [ 115.180316, -8.660094 ], [ 115.180212, -8.660102 ], [ 115.179974, -8.660164 ], [ 115.179734, -8.660222 ], [ 115.179368, -8.660306 ], [ 115.178891, -8.660416 ], [ 115.178699, -8.660492 ], [ 115.178418, -8.660612 ], [ 115.178212, -8.660695 ], [ 115.178132, -8.660485 ], [ 115.177954, -8.660533 ], [ 115.177921, -8.660399 ], [ 115.177849, -8.660416 ], [ 115.177527, -8.660487 ], [ 115.177472, -8.660411 ], [ 115.177428, -8.660368 ], [ 115.177375, -8.660304 ], [ 115.177315, -8.660233 ], [ 115.177258, -8.660157 ], [ 115.177185, -8.660105 ], [ 115.1771, -8.660036 ], [ 115.177004, -8.65996 ], [ 115.176877, -8.659873 ], [ 115.176773, -8.659827 ], [ 115.176883, -8.659835 ], [ 115.177138, -8.659829 ], [ 115.177324, -8.659188 ], [ 115.176901, -8.65914 ], [ 115.176903, -8.659086 ], [ 115.17691, -8.659065 ], [ 115.176985, -8.658975 ], [ 115.177073, -8.658887 ], [ 115.176861, -8.658833 ], [ 115.176855, -8.658831 ], [ 115.176673, -8.658769 ], [ 115.17651, -8.658775 ], [ 115.176508, -8.658775 ], [ 115.176505, -8.658775 ], [ 115.176504, -8.658775 ], [ 115.176433, -8.658646 ], [ 115.177123, -8.658641 ], [ 115.177379, -8.65864 ], [ 115.177771, -8.658645 ], [ 115.177775, -8.658621 ], [ 115.177779, -8.658593 ], [ 115.177772, -8.658566 ], [ 115.177757, -8.658537 ], [ 115.177732, -8.658493 ], [ 115.177706, -8.658449 ], [ 115.177677, -8.658409 ], [ 115.177648, -8.658376 ], [ 115.177621, -8.658377 ], [ 115.177608, -8.658364 ], [ 115.177605, -8.658354 ], [ 115.177598, -8.658322 ], [ 115.177576, -8.658131 ], [ 115.176145, -8.658193 ], [ 115.176115, -8.657859 ], [ 115.175609, -8.657905 ], [ 115.175564, -8.65797 ], [ 115.175047, -8.658059 ], [ 115.175003, -8.65808 ], [ 115.174958, -8.658121 ], [ 115.174965, -8.658218 ], [ 115.174973, -8.658315 ], [ 115.174972, -8.658651 ], [ 115.17495, -8.658898 ], [ 115.174902, -8.659287 ], [ 115.174856, -8.659517 ], [ 115.174826, -8.65976 ], [ 115.174826, -8.659864 ], [ 115.174694, -8.659834 ], [ 115.174542, -8.659802 ], [ 115.174483, -8.659902 ], [ 115.174429, -8.659993 ], [ 115.174359, -8.66012 ], [ 115.174231, -8.660335 ], [ 115.174198, -8.66046 ], [ 115.174192, -8.660497 ], [ 115.174171, -8.66062 ], [ 115.174137, -8.660722 ], [ 115.174062, -8.660905 ], [ 115.174024, -8.660988 ], [ 115.173988, -8.661103 ], [ 115.17396, -8.661183 ], [ 115.173894, -8.661288 ], [ 115.173872, -8.661352 ], [ 115.173827, -8.661409 ], [ 115.173803, -8.661442 ], [ 115.173746, -8.661462 ], [ 115.173688, -8.661508 ], [ 115.173657, -8.661542 ], [ 115.173613, -8.661593 ], [ 115.173565, -8.661659 ], [ 115.17346, -8.661736 ], [ 115.173439, -8.661803 ], [ 115.17343, -8.661854 ], [ 115.173431, -8.661947 ], [ 115.173453, -8.662059 ], [ 115.173475, -8.662207 ], [ 115.173491, -8.662299 ], [ 115.17351, -8.662402 ], [ 115.173502, -8.662513 ], [ 115.173485, -8.66263 ], [ 115.173516, -8.6627 ], [ 115.173576, -8.662775 ], [ 115.173606, -8.662853 ], [ 115.173616, -8.662984 ], [ 115.173612, -8.663301 ], [ 115.173581, -8.66354 ], [ 115.173573, -8.663733 ], [ 115.173575, -8.66391 ], [ 115.173581, -8.664096 ], [ 115.173613, -8.664257 ], [ 115.173611, -8.664391 ], [ 115.173602, -8.664479 ], [ 115.173597, -8.664653 ], [ 115.173617, -8.664857 ], [ 115.173645, -8.66502 ], [ 115.173696, -8.665135 ], [ 115.173725, -8.665221 ], [ 115.173722, -8.665279 ], [ 115.173679, -8.665391 ], [ 115.173632, -8.665485 ], [ 115.173625, -8.665538 ], [ 115.173785, -8.665562 ], [ 115.173932, -8.665583 ], [ 115.174116, -8.665601 ], [ 115.174415, -8.665635 ], [ 115.174812, -8.665672 ], [ 115.175394, -8.665766 ], [ 115.17552, -8.665789 ], [ 115.175499, -8.665836 ], [ 115.175492, -8.66589 ], [ 115.175496, -8.665944 ], [ 115.175543, -8.666056 ], [ 115.175584, -8.66616 ], [ 115.175596, -8.666203 ], [ 115.175615, -8.66627 ], [ 115.175609, -8.666353 ], [ 115.175603, -8.666436 ], [ 115.175621, -8.66648 ], [ 115.175621, -8.666547 ], [ 115.175621, -8.666624 ], [ 115.17567, -8.6667 ], [ 115.175745, -8.666777 ], [ 115.175858, -8.666881 ], [ 115.175881, -8.666902 ], [ 115.175939, -8.66702 ], [ 115.175972, -8.667172 ], [ 115.175974, -8.667185 ], [ 115.175982, -8.667275 ], [ 115.176006, -8.667364 ], [ 115.176071, -8.667442 ], [ 115.176157, -8.667539 ], [ 115.176191, -8.667576 ], [ 115.176246, -8.667634 ], [ 115.176368, -8.66782 ], [ 115.176467, -8.667987 ], [ 115.176525, -8.668096 ], [ 115.17661, -8.668256 ], [ 115.176648, -8.668348 ], [ 115.176653, -8.668472 ], [ 115.176634, -8.668586 ], [ 115.176641, -8.668691 ], [ 115.176642, -8.668712 ], [ 115.176646, -8.668801 ], [ 115.176662, -8.668908 ], [ 115.176712, -8.669005 ], [ 115.176736, -8.669061 ], [ 115.176799, -8.669117 ], [ 115.176807, -8.669124 ], [ 115.176876, -8.669155 ], [ 115.176928, -8.669167 ], [ 115.176967, -8.669186 ], [ 115.17698, -8.66923 ], [ 115.176968, -8.669269 ], [ 115.176974, -8.669313 ], [ 115.176995, -8.669369 ], [ 115.177042, -8.669413 ], [ 115.17711, -8.669431 ], [ 115.177186, -8.669449 ], [ 115.17724, -8.669484 ], [ 115.177277, -8.669529 ], [ 115.177293, -8.669588 ], [ 115.177322, -8.669714 ], [ 115.177243, -8.669763 ], [ 115.177254, -8.669789 ], [ 115.177255, -8.669791 ], [ 115.177318, -8.669944 ], [ 115.177364, -8.669935 ], [ 115.177409, -8.670071 ], [ 115.177412, -8.670127 ], [ 115.177413, -8.670173 ], [ 115.177457, -8.670287 ], [ 115.177499, -8.670379 ], [ 115.177547, -8.670463 ], [ 115.17757, -8.670511 ], [ 115.177588, -8.670552 ], [ 115.177604, -8.67059 ], [ 115.177615, -8.670615 ], [ 115.177666, -8.670729 ], [ 115.177715, -8.670852 ], [ 115.177822, -8.671033 ], [ 115.177883, -8.671111 ], [ 115.177895, -8.67114 ], [ 115.177901, -8.671164 ], [ 115.177914, -8.671201 ], [ 115.177924, -8.671227 ], [ 115.177938, -8.671247 ], [ 115.177971, -8.671267 ], [ 115.178011, -8.671298 ], [ 115.178038, -8.671332 ], [ 115.178094, -8.671369 ], [ 115.178128, -8.671439 ], [ 115.178151, -8.671517 ], [ 115.178168, -8.671649 ], [ 115.178191, -8.671747 ], [ 115.178232, -8.671895 ], [ 115.178258, -8.671982 ], [ 115.178272, -8.672036 ], [ 115.178267, -8.67208 ], [ 115.178261, -8.672148 ], [ 115.178275, -8.672178 ], [ 115.1783, -8.672202 ], [ 115.17833, -8.672227 ], [ 115.178345, -8.672251 ], [ 115.178353, -8.672283 ], [ 115.178349, -8.672333 ], [ 115.178338, -8.672388 ], [ 115.178385, -8.672444 ], [ 115.178413, -8.672463 ], [ 115.178466, -8.672494 ], [ 115.178501, -8.672509 ], [ 115.178539, -8.672525 ], [ 115.178593, -8.67254 ], [ 115.178636, -8.67254 ], [ 115.178674, -8.67254 ], [ 115.17871, -8.672546 ], [ 115.178729, -8.672551 ], [ 115.178747, -8.672572 ], [ 115.178768, -8.672597 ], [ 115.178793, -8.672667 ], [ 115.17881, -8.672711 ], [ 115.178827, -8.672749 ], [ 115.17883, -8.672788 ], [ 115.178841, -8.672821 ], [ 115.178851, -8.67285 ], [ 115.178869, -8.672868 ], [ 115.178923, -8.672887 ], [ 115.178965, -8.6729 ], [ 115.178999, -8.672929 ], [ 115.178984, -8.672989 ], [ 115.178931, -8.673027 ], [ 115.178889, -8.673047 ], [ 115.178918, -8.673115 ], [ 115.178957, -8.673158 ], [ 115.179042, -8.673156 ], [ 115.179081, -8.673201 ], [ 115.179098, -8.673275 ], [ 115.179062, -8.673324 ], [ 115.179094, -8.673407 ], [ 115.179186, -8.673458 ], [ 115.179247, -8.673529 ], [ 115.179311, -8.673646 ], [ 115.179328, -8.673743 ], [ 115.179314, -8.673808 ], [ 115.17929, -8.673872 ], [ 115.179279, -8.673944 ], [ 115.179274, -8.673978 ], [ 115.179229, -8.674193 ], [ 115.179225, -8.674223 ], [ 115.1794, -8.674203 ], [ 115.179424, -8.674261 ], [ 115.179467, -8.674309 ], [ 115.179518, -8.674354 ], [ 115.179536, -8.674365 ], [ 115.17959, -8.674401 ], [ 115.179641, -8.674521 ], [ 115.179669, -8.674602 ], [ 115.179712, -8.674682 ], [ 115.179748, -8.674755 ], [ 115.179756, -8.674802 ], [ 115.179753, -8.67486 ], [ 115.179752, -8.674897 ], [ 115.179698, -8.674968 ], [ 115.179598, -8.675061 ], [ 115.179595, -8.675063 ], [ 115.179542, -8.675094 ], [ 115.179503, -8.675125 ], [ 115.17948, -8.675149 ], [ 115.179474, -8.675166 ], [ 115.179471, -8.675191 ], [ 115.179476, -8.67526 ], [ 115.179497, -8.675305 ], [ 115.179483, -8.675433 ], [ 115.179477, -8.67545 ], [ 115.179476, -8.67552 ], [ 115.179477, -8.675538 ], [ 115.179503, -8.675555 ], [ 115.179514, -8.675562 ], [ 115.179522, -8.675582 ], [ 115.179517, -8.675659 ], [ 115.179496, -8.675676 ], [ 115.17948, -8.675688 ], [ 115.179462, -8.675761 ], [ 115.179454, -8.675848 ], [ 115.179454, -8.675922 ], [ 115.179465, -8.676027 ], [ 115.179451, -8.676056 ], [ 115.17937, -8.676125 ], [ 115.179311, -8.676175 ], [ 115.179251, -8.676219 ], [ 115.179251, -8.676219 ], [ 115.179223, -8.676246 ], [ 115.179227, -8.676265 ], [ 115.179206, -8.676311 ], [ 115.179193, -8.676348 ], [ 115.179153, -8.676395 ], [ 115.179132, -8.676446 ], [ 115.179117, -8.6765 ], [ 115.179107, -8.676564 ], [ 115.179083, -8.676601 ], [ 115.179048, -8.676626 ], [ 115.17901, -8.676629 ], [ 115.178954, -8.676651 ], [ 115.178875, -8.676664 ], [ 115.178828, -8.676644 ], [ 115.178815, -8.676618 ], [ 115.178799, -8.676585 ], [ 115.178773, -8.676579 ], [ 115.178755, -8.676589 ], [ 115.178744, -8.676647 ], [ 115.178718, -8.676693 ], [ 115.178682, -8.676707 ], [ 115.178632, -8.676739 ], [ 115.178589, -8.676786 ], [ 115.178521, -8.676819 ], [ 115.178452, -8.676812 ], [ 115.178378, -8.6768 ], [ 115.178314, -8.676785 ], [ 115.17826, -8.676783 ], [ 115.178244, -8.676782 ], [ 115.178143, -8.676779 ], [ 115.178078, -8.67681 ], [ 115.178026, -8.676895 ], [ 115.177951, -8.677036 ], [ 115.17793, -8.677085 ], [ 115.177922, -8.677137 ], [ 115.177912, -8.677199 ], [ 115.177932, -8.677283 ], [ 115.177933, -8.67729 ], [ 115.177937, -8.677479 ], [ 115.177924, -8.677699 ], [ 115.177894, -8.677845 ], [ 115.177818, -8.677957 ], [ 115.177723, -8.678026 ], [ 115.17766, -8.678089 ], [ 115.177643, -8.678153 ], [ 115.177605, -8.678189 ], [ 115.177563, -8.678216 ], [ 115.177514, -8.678243 ], [ 115.177454, -8.678265 ], [ 115.177363, -8.678326 ], [ 115.177298, -8.678386 ], [ 115.177185, -8.67848 ], [ 115.177128, -8.678513 ], [ 115.177035, -8.678551 ], [ 115.176969, -8.678572 ], [ 115.176818, -8.678598 ], [ 115.176746, -8.678615 ], [ 115.17668, -8.678616 ], [ 115.176601, -8.678563 ], [ 115.176549, -8.678524 ], [ 115.176497, -8.678517 ], [ 115.176413, -8.678508 ], [ 115.176401, -8.678507 ], [ 115.176361, -8.678478 ], [ 115.176299, -8.678494 ], [ 115.176281, -8.678503 ], [ 115.176268, -8.67854 ], [ 115.176268, -8.678576 ], [ 115.176259, -8.678594 ], [ 115.17624, -8.678617 ], [ 115.176209, -8.678635 ], [ 115.176196, -8.678657 ], [ 115.176177, -8.678687 ], [ 115.176148, -8.678708 ], [ 115.176124, -8.678727 ], [ 115.176107, -8.678798 ], [ 115.176074, -8.678854 ], [ 115.176005, -8.678899 ], [ 115.17598, -8.678921 ], [ 115.175976, -8.678964 ], [ 115.175963, -8.679023 ], [ 115.175965, -8.67908 ], [ 115.175982, -8.679161 ], [ 115.175969, -8.67926 ], [ 115.175953, -8.679331 ], [ 115.175945, -8.679409 ], [ 115.175944, -8.679419 ], [ 115.175931, -8.679494 ], [ 115.175899, -8.679656 ], [ 115.175861, -8.679731 ], [ 115.175773, -8.679816 ], [ 115.175712, -8.679875 ], [ 115.175669, -8.679913 ], [ 115.175651, -8.679948 ], [ 115.175623, -8.680038 ], [ 115.175593, -8.680115 ], [ 115.17561, -8.680196 ], [ 115.175611, -8.680201 ], [ 115.175591, -8.680314 ], [ 115.175548, -8.680392 ], [ 115.175389, -8.680541 ], [ 115.175298, -8.680589 ], [ 115.175216, -8.680603 ], [ 115.175195, -8.680606 ], [ 115.17514, -8.68061 ], [ 115.175108, -8.680628 ], [ 115.175076, -8.680655 ], [ 115.175075, -8.680656 ], [ 115.175051, -8.680693 ], [ 115.175033, -8.680765 ], [ 115.174857, -8.680704 ], [ 115.174625, -8.680657 ], [ 115.174412, -8.680617 ], [ 115.174204, -8.680572 ], [ 115.174167, -8.680556 ], [ 115.174121, -8.68054 ], [ 115.174119, -8.680539 ], [ 115.174085, -8.680523 ], [ 115.174045, -8.680525 ], [ 115.174006, -8.680561 ], [ 115.173978, -8.680632 ], [ 115.173934, -8.680701 ], [ 115.173792, -8.680917 ], [ 115.173752, -8.681051 ], [ 115.173703, -8.681287 ], [ 115.173646, -8.681498 ], [ 115.173577, -8.681728 ], [ 115.173567, -8.681761 ], [ 115.173545, -8.681806 ], [ 115.173503, -8.681848 ], [ 115.173433, -8.681886 ], [ 115.173391, -8.681941 ], [ 115.173364, -8.682016 ], [ 115.173346, -8.682122 ], [ 115.173325, -8.682192 ], [ 115.173099, -8.682215 ], [ 115.172862, -8.682244 ], [ 115.172806, -8.682258 ], [ 115.172727, -8.682278 ], [ 115.172653, -8.682296 ], [ 115.172508, -8.682326 ], [ 115.172531, -8.682386 ], [ 115.172586, -8.682418 ], [ 115.172622, -8.682467 ], [ 115.172705, -8.682702 ], [ 115.172728, -8.682788 ], [ 115.172763, -8.682867 ], [ 115.17281, -8.682907 ], [ 115.172853, -8.682932 ], [ 115.173041, -8.683012 ], [ 115.173075, -8.683027 ], [ 115.173101, -8.683049 ], [ 115.173115, -8.683079 ], [ 115.173132, -8.683121 ], [ 115.173143, -8.68319 ], [ 115.173154, -8.68321 ], [ 115.17317, -8.68324 ], [ 115.173241, -8.683268 ], [ 115.173257, -8.6833 ], [ 115.173283, -8.683325 ], [ 115.173322, -8.683363 ], [ 115.173323, -8.683364 ], [ 115.173351, -8.683398 ], [ 115.173359, -8.683439 ], [ 115.173361, -8.683468 ], [ 115.173362, -8.683497 ], [ 115.173362, -8.683504 ], [ 115.173362, -8.683521 ], [ 115.173353, -8.683547 ], [ 115.173343, -8.683558 ], [ 115.173321, -8.683574 ], [ 115.173285, -8.683586 ], [ 115.173258, -8.683602 ], [ 115.173245, -8.683634 ], [ 115.173231, -8.68368 ], [ 115.173218, -8.683714 ], [ 115.173206, -8.683748 ], [ 115.173199, -8.683772 ], [ 115.173193, -8.683801 ], [ 115.173194, -8.683824 ], [ 115.173198, -8.683837 ], [ 115.173211, -8.683845 ], [ 115.173234, -8.683852 ], [ 115.17327, -8.68386 ], [ 115.173289, -8.683875 ], [ 115.173294, -8.68389 ], [ 115.173332, -8.684007 ], [ 115.173354, -8.6841 ], [ 115.173383, -8.684189 ], [ 115.17344, -8.684334 ], [ 115.173462, -8.684399 ], [ 115.173479, -8.684429 ], [ 115.173497, -8.684444 ], [ 115.173522, -8.684454 ], [ 115.173544, -8.684456 ], [ 115.173572, -8.684454 ], [ 115.173634, -8.684446 ], [ 115.173645, -8.684445 ], [ 115.173674, -8.684444 ], [ 115.173705, -8.684449 ], [ 115.17373, -8.684465 ], [ 115.173738, -8.684478 ], [ 115.173742, -8.684496 ], [ 115.173735, -8.684548 ], [ 115.173722, -8.68463 ], [ 115.173716, -8.684687 ], [ 115.173708, -8.684721 ], [ 115.173709, -8.68477 ], [ 115.173719, -8.68484 ], [ 115.173717, -8.684861 ], [ 115.173711, -8.684938 ], [ 115.173703, -8.684985 ], [ 115.173689, -8.685036 ], [ 115.173681, -8.685067 ], [ 115.173671, -8.685107 ], [ 115.173664, -8.685141 ], [ 115.173663, -8.685164 ], [ 115.173674, -8.685202 ], [ 115.173683, -8.685256 ], [ 115.173686, -8.685303 ], [ 115.173681, -8.685329 ], [ 115.173668, -8.685367 ], [ 115.173664, -8.685383 ], [ 115.173662, -8.685418 ], [ 115.173657, -8.685458 ], [ 115.173662, -8.685482 ], [ 115.17367, -8.685505 ], [ 115.173687, -8.685523 ], [ 115.173706, -8.685532 ], [ 115.173723, -8.685549 ], [ 115.173764, -8.685621 ], [ 115.173839, -8.685769 ], [ 115.1739, -8.685922 ], [ 115.17395, -8.686054 ], [ 115.173982, -8.686158 ], [ 115.173996, -8.686222 ], [ 115.17401, -8.686282 ], [ 115.17403, -8.686332 ], [ 115.174045, -8.686355 ], [ 115.17409, -8.686408 ], [ 115.174158, -8.68645 ], [ 115.174173, -8.68646 ], [ 115.174208, -8.686485 ], [ 115.174219, -8.686507 ], [ 115.174226, -8.686529 ], [ 115.174229, -8.686538 ], [ 115.174255, -8.686632 ], [ 115.174273, -8.686727 ], [ 115.174306, -8.686862 ], [ 115.174318, -8.686896 ], [ 115.174332, -8.686908 ], [ 115.174356, -8.686912 ], [ 115.174395, -8.686906 ], [ 115.174469, -8.686887 ], [ 115.174517, -8.686879 ], [ 115.17459, -8.686875 ], [ 115.17468, -8.686885 ], [ 115.174735, -8.686897 ], [ 115.174772, -8.686904 ], [ 115.174856, -8.686908 ], [ 115.174925, -8.686909 ], [ 115.17501, -8.686922 ], [ 115.175047, -8.686928 ], [ 115.175135, -8.68694 ], [ 115.175205, -8.686948 ], [ 115.175291, -8.686948 ], [ 115.175364, -8.686941 ], [ 115.175447, -8.686933 ], [ 115.17554, -8.686925 ], [ 115.175659, -8.686912 ], [ 115.175769, -8.686862 ], [ 115.175806, -8.686839 ], [ 115.175821, -8.686834 ], [ 115.175931, -8.686832 ], [ 115.176087, -8.686802 ], [ 115.176271, -8.686779 ], [ 115.176371, -8.68678 ], [ 115.176418, -8.686783 ], [ 115.176463, -8.686794 ], [ 115.176516, -8.686813 ], [ 115.176545, -8.686822 ], [ 115.176571, -8.686825 ], [ 115.176597, -8.686824 ], [ 115.176637, -8.686818 ], [ 115.176672, -8.68681 ], [ 115.176761, -8.68677 ], [ 115.176776, -8.686763 ], [ 115.176872, -8.686751 ], [ 115.176987, -8.68674 ], [ 115.177025, -8.686738 ], [ 115.177059, -8.68674 ], [ 115.177072, -8.686742 ], [ 115.177091, -8.686753 ], [ 115.177103, -8.686764 ], [ 115.177111, -8.686786 ], [ 115.177116, -8.686817 ], [ 115.177119, -8.686845 ], [ 115.177118, -8.686865 ], [ 115.177117, -8.686872 ], [ 115.17711, -8.686889 ], [ 115.177102, -8.686899 ], [ 115.177096, -8.686911 ], [ 115.177092, -8.686933 ], [ 115.177089, -8.686964 ], [ 115.177088, -8.686967 ], [ 115.177088, -8.686995 ], [ 115.177087, -8.687025 ], [ 115.177087, -8.687042 ], [ 115.177088, -8.687062 ], [ 115.17709, -8.687079 ], [ 115.177091, -8.687093 ], [ 115.177093, -8.687099 ], [ 115.177096, -8.687105 ], [ 115.177105, -8.687109 ], [ 115.177117, -8.687111 ], [ 115.177122, -8.687112 ], [ 115.177269, -8.687102 ], [ 115.177285, -8.687106 ], [ 115.177292, -8.687113 ], [ 115.177297, -8.687125 ], [ 115.177303, -8.687157 ], [ 115.177306, -8.687191 ], [ 115.177309, -8.687219 ], [ 115.177314, -8.687257 ], [ 115.177323, -8.687284 ], [ 115.177327, -8.687294 ], [ 115.177343, -8.687329 ], [ 115.17735, -8.687352 ], [ 115.177357, -8.687376 ], [ 115.177365, -8.687471 ], [ 115.177365, -8.687497 ], [ 115.177352, -8.687549 ], [ 115.177346, -8.687576 ], [ 115.177344, -8.687599 ], [ 115.177345, -8.687616 ], [ 115.17736, -8.687652 ], [ 115.17739, -8.687685 ], [ 115.177412, -8.687709 ], [ 115.177425, -8.687743 ], [ 115.177426, -8.68777 ], [ 115.177421, -8.687803 ], [ 115.177397, -8.687846 ], [ 115.177385, -8.687866 ], [ 115.177359, -8.68795 ], [ 115.177335, -8.688072 ], [ 115.177306, -8.68821 ], [ 115.177291, -8.688289 ], [ 115.177259, -8.688486 ], [ 115.177253, -8.68857 ], [ 115.177254, -8.688647 ], [ 115.177244, -8.688697 ], [ 115.17723, -8.688734 ], [ 115.177215, -8.688767 ], [ 115.17719, -8.688839 ], [ 115.177162, -8.688951 ], [ 115.177149, -8.689042 ], [ 115.177141, -8.68912 ], [ 115.177101, -8.689251 ], [ 115.177082, -8.689313 ], [ 115.177076, -8.689361 ], [ 115.177083, -8.689443 ], [ 115.177099, -8.689502 ], [ 115.177106, -8.689541 ], [ 115.177116, -8.689612 ], [ 115.177125, -8.68965 ], [ 115.177155, -8.689701 ], [ 115.177173, -8.689733 ], [ 115.177177, -8.689809 ], [ 115.177178, -8.689909 ], [ 115.177178, -8.689969 ], [ 115.17719, -8.690031 ], [ 115.177214, -8.690094 ], [ 115.177265, -8.690227 ], [ 115.177319, -8.690439 ], [ 115.177366, -8.690649 ], [ 115.177369, -8.690756 ], [ 115.177368, -8.690811 ], [ 115.177368, -8.690832 ], [ 115.177371, -8.690839 ], [ 115.177384, -8.690852 ], [ 115.177407, -8.690859 ], [ 115.177446, -8.690852 ], [ 115.177478, -8.69084 ], [ 115.177483, -8.690838 ], [ 115.177532, -8.690821 ], [ 115.177561, -8.690819 ], [ 115.177618, -8.690822 ], [ 115.177645, -8.690839 ], [ 115.177654, -8.690854 ], [ 115.177658, -8.690891 ], [ 115.177654, -8.690952 ], [ 115.177651, -8.690999 ], [ 115.177662, -8.691116 ], [ 115.177669, -8.691177 ], [ 115.177726, -8.69131 ], [ 115.177729, -8.691317 ], [ 115.177759, -8.691415 ], [ 115.177787, -8.691532 ], [ 115.177794, -8.691579 ], [ 115.177802, -8.691626 ], [ 115.17781, -8.69165 ], [ 115.177821, -8.691678 ], [ 115.177842, -8.691697 ], [ 115.177876, -8.691715 ], [ 115.178042, -8.6918 ], [ 115.178153, -8.691842 ], [ 115.178272, -8.691869 ], [ 115.178369, -8.691878 ], [ 115.17845, -8.691874 ], [ 115.178508, -8.691875 ], [ 115.17879, -8.691882 ], [ 115.178841, -8.691884 ], [ 115.178887, -8.691884 ], [ 115.178921, -8.691877 ], [ 115.178978, -8.691862 ], [ 115.179038, -8.691851 ], [ 115.179107, -8.691851 ], [ 115.179155, -8.691873 ], [ 115.179224, -8.691938 ], [ 115.179275, -8.691968 ], [ 115.179311, -8.691976 ], [ 115.179348, -8.691974 ], [ 115.179399, -8.691954 ], [ 115.179457, -8.691907 ], [ 115.179595, -8.691752 ], [ 115.179646, -8.6917 ], [ 115.179687, -8.691676 ], [ 115.179728, -8.691666 ], [ 115.179756, -8.691667 ], [ 115.179771, -8.691668 ], [ 115.17986, -8.691687 ], [ 115.180029, -8.691747 ], [ 115.180094, -8.691777 ], [ 115.180222, -8.691862 ], [ 115.180254, -8.691899 ], [ 115.180264, -8.691933 ], [ 115.180272, -8.691969 ], [ 115.180259, -8.692021 ], [ 115.180223, -8.692118 ], [ 115.180191, -8.692183 ], [ 115.180157, -8.692253 ], [ 115.180148, -8.692297 ], [ 115.180147, -8.692329 ], [ 115.180159, -8.692355 ], [ 115.180258, -8.69245 ], [ 115.180273, -8.69247 ], [ 115.180277, -8.692499 ], [ 115.180276, -8.692534 ], [ 115.180231, -8.692711 ], [ 115.180194, -8.692836 ], [ 115.18011, -8.693006 ], [ 115.179984, -8.69316 ], [ 115.179972, -8.693171 ], [ 115.179666, -8.69345 ], [ 115.179516, -8.693548 ], [ 115.179476, -8.693583 ], [ 115.179465, -8.693673 ], [ 115.179465, -8.693751 ], [ 115.179466, -8.693839 ], [ 115.179491, -8.69396 ], [ 115.179604, -8.694126 ], [ 115.179635, -8.694217 ], [ 115.179651, -8.694307 ], [ 115.179628, -8.694565 ], [ 115.179622, -8.694856 ], [ 115.179615, -8.694922 ], [ 115.179583, -8.694972 ], [ 115.179538, -8.695025 ], [ 115.179481, -8.695063 ], [ 115.179346, -8.695145 ], [ 115.179226, -8.695245 ], [ 115.179066, -8.695395 ], [ 115.178958, -8.695454 ], [ 115.178911, -8.695464 ], [ 115.178854, -8.695464 ], [ 115.178817, -8.695453 ], [ 115.178754, -8.695427 ], [ 115.178612, -8.695362 ], [ 115.178505, -8.695316 ], [ 115.178373, -8.695289 ], [ 115.178206, -8.69528 ], [ 115.178149, -8.695276 ], [ 115.178088, -8.695265 ], [ 115.178038, -8.695255 ], [ 115.178005, -8.695253 ], [ 115.177937, -8.695273 ], [ 115.177867, -8.69529 ], [ 115.177756, -8.695328 ], [ 115.177555, -8.695395 ], [ 115.177432, -8.695425 ], [ 115.177106, -8.695489 ], [ 115.177029, -8.695492 ], [ 115.176906, -8.695479 ], [ 115.176831, -8.695475 ], [ 115.176788, -8.695482 ], [ 115.176703, -8.695505 ], [ 115.176621, -8.695563 ], [ 115.176573, -8.695632 ], [ 115.17647, -8.695754 ], [ 115.176424, -8.695817 ], [ 115.176392, -8.695886 ], [ 115.176378, -8.695942 ], [ 115.176364, -8.696051 ], [ 115.176342, -8.696203 ], [ 115.176334, -8.696294 ], [ 115.176437, -8.696465 ], [ 115.176588, -8.696777 ], [ 115.176972, -8.697462 ], [ 115.177069, -8.697627 ], [ 115.17707, -8.697629 ], [ 115.177188, -8.697863 ], [ 115.177477, -8.697703 ], [ 115.177558, -8.697657 ], [ 115.177608, -8.697631 ], [ 115.177652, -8.697623 ], [ 115.177681, -8.697626 ], [ 115.177736, -8.697644 ], [ 115.177811, -8.697705 ], [ 115.177886, -8.697758 ], [ 115.177933, -8.69779 ], [ 115.177947, -8.697799 ], [ 115.177989, -8.697813 ], [ 115.178069, -8.697833 ], [ 115.178154, -8.69785 ], [ 115.178288, -8.697882 ], [ 115.178289, -8.69786 ], [ 115.178307, -8.697639 ], [ 115.178311, -8.697611 ], [ 115.178318, -8.697591 ], [ 115.178335, -8.697568 ], [ 115.178351, -8.697556 ], [ 115.178365, -8.697547 ], [ 115.178388, -8.697541 ], [ 115.178418, -8.697543 ], [ 115.178773, -8.697655 ], [ 115.17895, -8.697649 ], [ 115.179013, -8.697677 ], [ 115.179246, -8.697777 ], [ 115.179812, -8.69782 ], [ 115.181761, -8.697969 ], [ 115.181644, -8.698885 ], [ 115.181549, -8.699885 ], [ 115.182395, -8.699953 ], [ 115.182353, -8.700303 ], [ 115.18235, -8.700409 ], [ 115.182327, -8.700808 ], [ 115.182297, -8.700988 ], [ 115.182241, -8.701335 ], [ 115.18221, -8.701427 ], [ 115.182201, -8.701464 ], [ 115.182194, -8.701564 ], [ 115.182195, -8.701595 ], [ 115.182208, -8.701639 ], [ 115.182209, -8.701664 ], [ 115.182218, -8.701784 ], [ 115.182224, -8.701864 ], [ 115.182232, -8.701929 ], [ 115.182243, -8.702122 ], [ 115.18224, -8.702179 ], [ 115.182235, -8.702282 ], [ 115.182222, -8.702464 ], [ 115.1822, -8.702622 ], [ 115.18219, -8.702762 ], [ 115.182169, -8.702906 ], [ 115.182168, -8.702955 ], [ 115.182166, -8.703023 ], [ 115.182146, -8.703749 ], [ 115.182627, -8.703924 ], [ 115.183822, -8.704392 ], [ 115.184178, -8.704517 ], [ 115.184282, -8.704351 ], [ 115.184426, -8.704136 ], [ 115.1848, -8.70425 ], [ 115.185326, -8.704358 ], [ 115.185854, -8.704459 ], [ 115.186243, -8.704539 ], [ 115.186281, -8.704556 ], [ 115.186297, -8.704631 ], [ 115.186282, -8.7047 ], [ 115.18628, -8.704714 ], [ 115.186281, -8.704727 ], [ 115.18628, -8.704746 ], [ 115.186276, -8.704762 ], [ 115.186272, -8.70477 ], [ 115.186251, -8.704788 ], [ 115.186243, -8.704797 ], [ 115.186237, -8.704805 ], [ 115.186232, -8.704815 ], [ 115.186206, -8.704898 ], [ 115.186188, -8.704933 ], [ 115.186182, -8.704942 ], [ 115.186171, -8.704947 ], [ 115.186159, -8.704952 ], [ 115.186155, -8.704956 ], [ 115.18615, -8.704964 ], [ 115.186152, -8.70497 ], [ 115.186162, -8.705125 ], [ 115.186136, -8.705209 ], [ 115.186092, -8.70534 ], [ 115.186057, -8.705416 ], [ 115.185937, -8.705621 ], [ 115.185808, -8.70585 ], [ 115.185611, -8.706261 ], [ 115.18592, -8.706326 ], [ 115.186595, -8.706522 ], [ 115.186561, -8.706655 ], [ 115.187335, -8.70689 ], [ 115.187442, -8.706926 ], [ 115.187717, -8.70615 ], [ 115.188135, -8.704934 ], [ 115.188378, -8.70418 ], [ 115.188505, -8.70377 ], [ 115.188543, -8.703538 ], [ 115.188593, -8.703228 ], [ 115.188742, -8.702687 ], [ 115.18881, -8.702252 ], [ 115.18884, -8.701487 ], [ 115.188843, -8.700906 ], [ 115.188827, -8.700318 ], [ 115.188861, -8.699893 ], [ 115.188877, -8.699428 ], [ 115.18892, -8.698702 ], [ 115.188964, -8.697976 ], [ 115.189034, -8.697224 ], [ 115.189116, -8.696684 ], [ 115.189265, -8.69615 ], [ 115.189364, -8.695796 ], [ 115.189543, -8.695154 ], [ 115.189683, -8.694706 ], [ 115.189804, -8.694495 ], [ 115.19003, -8.694272 ], [ 115.19027, -8.694049 ], [ 115.190577, -8.693826 ], [ 115.190924, -8.693378 ], [ 115.191139, -8.692865 ], [ 115.191394, -8.692285 ], [ 115.191569, -8.691811 ], [ 115.191718, -8.691178 ], [ 115.191765, -8.690958 ], [ 115.191992, -8.690896 ], [ 115.192258, -8.690763 ], [ 115.192639, -8.690572 ], [ 115.19302, -8.690629 ], [ 115.193391, -8.690544 ], [ 115.193467, -8.69041 ], [ 115.193496, -8.690011 ], [ 115.193564, -8.68989 ], [ 115.194006, -8.690059 ], [ 115.196167, -8.690963 ], [ 115.197233, -8.691391 ], [ 115.197699, -8.690087 ], [ 115.197918, -8.689497 ], [ 115.197918, -8.689395 ], [ 115.197927, -8.689399 ], [ 115.198014, -8.689151 ], [ 115.198332, -8.688332 ], [ 115.198468, -8.687949 ], [ 115.199155, -8.688289 ], [ 115.19916, -8.68827 ], [ 115.199324, -8.688102 ], [ 115.199541, -8.687625 ], [ 115.199633, -8.68744 ], [ 115.199838, -8.686946 ], [ 115.199929, -8.686709 ], [ 115.200056, -8.686346 ], [ 115.200177, -8.685908 ], [ 115.200266, -8.685868 ], [ 115.200395, -8.685295 ], [ 115.200547, -8.6846 ], [ 115.200567, -8.684372 ], [ 115.200433, -8.683944 ], [ 115.200186, -8.683544 ], [ 115.200072, -8.683344 ], [ 115.2009, -8.683344 ], [ 115.202308, -8.683353 ], [ 115.202775, -8.683363 ], [ 115.20286, -8.683353 ], [ 115.202869, -8.683371 ], [ 115.203907, -8.683363 ], [ 115.203974, -8.682801 ], [ 115.203953, -8.682747 ], [ 115.203973, -8.682739 ], [ 115.203999, -8.682434 ], [ 115.205208, -8.682632 ], [ 115.205224, -8.682429 ], [ 115.205326, -8.682475 ], [ 115.205459, -8.682112 ], [ 115.205535, -8.681855 ], [ 115.205953, -8.681485 ], [ 115.206299, -8.681275 ], [ 115.206738, -8.681132 ], [ 115.207138, -8.681089 ], [ 115.207394, -8.68113 ], [ 115.207678, -8.681167 ], [ 115.208349, -8.681212 ], [ 115.20851, -8.681417 ], [ 115.208722, -8.681954 ], [ 115.209034, -8.682081 ], [ 115.209392, -8.682224 ], [ 115.20981, -8.682354 ], [ 115.210225, -8.682452 ], [ 115.21074, -8.682398 ], [ 115.210873, -8.682371 ], [ 115.211377, -8.682269 ], [ 115.211436, -8.682256 ], [ 115.211488, -8.682141 ], [ 115.21171, -8.681756 ], [ 115.211931, -8.681477 ], [ 115.212024, -8.681235 ], [ 115.212145, -8.680728 ], [ 115.212181, -8.680585 ], [ 115.212302, -8.680613 ], [ 115.212231, -8.680314 ], [ 115.212188, -8.679628 ], [ 115.212659, -8.679543 ], [ 115.21313, -8.6795 ], [ 115.213458, -8.679443 ], [ 115.213822, -8.679421 ], [ 115.214094, -8.679364 ], [ 115.214351, -8.67925 ], [ 115.214686, -8.679214 ], [ 115.214986, -8.679172 ], [ 115.215186, -8.679214 ], [ 115.215186, -8.679014 ], [ 115.215943, -8.6792 ], [ 115.216702, -8.679436 ], [ 115.216762, -8.679438 ], [ 115.216686, -8.679126 ], [ 115.21668, -8.678889 ], [ 115.216707, -8.678769 ], [ 115.216794, -8.678374 ], [ 115.216835, -8.678185 ], [ 115.216877, -8.678087 ], [ 115.217179, -8.677386 ], [ 115.217349, -8.676991 ], [ 115.217449, -8.676759 ], [ 115.217479, -8.6766 ], [ 115.217669, -8.675582 ], [ 115.217776, -8.674866 ], [ 115.217875, -8.67421 ], [ 115.217925, -8.673875 ], [ 115.218327, -8.673888 ], [ 115.219213, -8.673952 ], [ 115.219546, -8.673992 ], [ 115.219552, -8.674002 ], [ 115.219556, -8.673645 ], [ 115.219664, -8.67299 ], [ 115.219757, -8.672526 ], [ 115.219843, -8.672097 ], [ 115.219871, -8.671769 ], [ 115.219871, -8.671519 ], [ 115.219871, -8.671055 ], [ 115.219857, -8.670812 ], [ 115.219623, -8.670804 ], [ 115.219623, -8.670797 ], [ 115.219623, -8.670722 ], [ 115.219586, -8.670088 ], [ 115.219569, -8.669757 ], [ 115.220412, -8.669718 ], [ 115.220412, -8.669548 ], [ 115.220396, -8.669249 ], [ 115.220408, -8.668842 ], [ 115.220417, -8.668322 ], [ 115.220419, -8.668211 ], [ 115.220453, -8.667777 ], [ 115.22047, -8.667553 ], [ 115.220507, -8.666967 ], [ 115.220507, -8.666707 ], [ 115.220512, -8.666667 ], [ 115.220785, -8.666503 ], [ 115.221091, -8.666386 ], [ 115.221318, -8.666136 ], [ 115.221404, -8.666087 ], [ 115.221387, -8.665991 ], [ 115.2214, -8.665737 ], [ 115.221445, -8.665131 ], [ 115.221528, -8.664732 ], [ 115.221533, -8.664652 ], [ 115.221569, -8.664145 ], [ 115.221578, -8.6641 ], [ 115.221594, -8.663822 ], [ 115.221569, -8.663619 ], [ 115.221442, -8.663343 ], [ 115.221437, -8.663301 ], [ 115.221446, -8.662878 ], [ 115.221449, -8.662741 ], [ 115.221504, -8.662325 ], [ 115.22148, -8.662154 ], [ 115.221442, -8.661882 ], [ 115.221372, -8.661386 ], [ 115.221354, -8.661284 ], [ 115.220162, -8.661261 ], [ 115.21971, -8.661252 ], [ 115.219338, -8.661324 ], [ 115.218964, -8.661347 ], [ 115.218334, -8.661345 ], [ 115.218282, -8.661385 ], [ 115.218246, -8.66123 ], [ 115.218215, -8.660909 ], [ 115.218214, -8.660813 ], [ 115.218211, -8.660623 ], [ 115.218209, -8.660542 ], [ 115.218208, -8.660473 ], [ 115.218208, -8.660455 ], [ 115.218208, -8.660423 ], [ 115.218207, -8.660381 ], [ 115.218207, -8.660381 ], [ 115.218237, -8.659116 ], [ 115.218238, -8.659044 ], [ 115.21831, -8.658339 ], [ 115.218328, -8.6582 ], [ 115.218545, -8.656478 ], [ 115.218576, -8.656236 ], [ 115.217831, -8.65612 ], [ 115.216907, -8.65598 ], [ 115.216798, -8.655963 ], [ 115.215932, -8.655829 ], [ 115.214936, -8.655674 ], [ 115.214546, -8.655614 ], [ 115.213937, -8.655524 ], [ 115.213349, -8.655465 ], [ 115.213137, -8.655434 ], [ 115.212658, -8.655366 ], [ 115.212615, -8.65536 ], [ 115.212602, -8.655358 ], [ 115.212474, -8.655342 ], [ 115.212352, -8.655328 ], [ 115.212248, -8.655315 ], [ 115.212148, -8.655303 ], [ 115.212118, -8.655299 ], [ 115.211844, -8.655262 ], [ 115.211341, -8.655189 ], [ 115.211238, -8.655175 ], [ 115.210701, -8.65503 ], [ 115.210426, -8.654873 ], [ 115.210328, -8.654817 ], [ 115.2097, -8.654625 ], [ 115.208678, -8.654446 ], [ 115.208516, -8.654424 ], [ 115.207956, -8.654348 ], [ 115.207398, -8.654251 ], [ 115.207365, -8.654239 ], [ 115.207351, -8.654236 ], [ 115.207205, -8.654197 ], [ 115.207086, -8.654165 ], [ 115.207088, -8.654149 ], [ 115.2069, -8.654137 ], [ 115.206546, -8.654032 ], [ 115.205873, -8.653831 ], [ 115.205159, -8.653617 ], [ 115.204546, -8.653455 ], [ 115.204448, -8.653429 ], [ 115.203664, -8.653219 ], [ 115.203639, -8.653211 ], [ 115.203375, -8.653123 ], [ 115.203135, -8.653043 ], [ 115.202753, -8.652916 ], [ 115.202369, -8.652801 ], [ 115.200797, -8.652333 ], [ 115.200572, -8.652266 ], [ 115.200021, -8.652166 ], [ 115.199671, -8.652103 ], [ 115.198633, -8.651915 ], [ 115.198519, -8.651894 ], [ 115.198229, -8.651852 ], [ 115.198194, -8.651845 ], [ 115.198132, -8.651836 ], [ 115.198012, -8.65182 ], [ 115.198004, -8.651819 ], [ 115.19793, -8.651809 ], [ 115.197859, -8.651799 ], [ 115.197047, -8.651692 ], [ 115.19673, -8.651641 ], [ 115.196276, -8.651564 ], [ 115.195489, -8.651494 ], [ 115.195464, -8.651492 ], [ 115.194879, -8.65146 ], [ 115.194669, -8.651449 ], [ 115.194312, -8.651429 ], [ 115.193848, -8.651403 ], [ 115.193103, -8.651274 ], [ 115.192851, -8.651232 ], [ 115.192647, -8.651241 ], [ 115.192401, -8.651252 ], [ 115.192264, -8.651251 ], [ 115.192078, -8.65125 ], [ 115.192057, -8.651015 ], [ 115.192055, -8.650802 ], [ 115.192094, -8.650694 ], [ 115.192262, -8.650618 ], [ 115.193013, -8.65066 ], [ 115.193261, -8.650655 ], [ 115.19339, -8.650572 ], [ 115.193735, -8.649781 ], [ 115.193899, -8.64935 ], [ 115.194175, -8.649067 ], [ 115.194342, -8.648565 ], [ 115.194457, -8.648019 ], [ 115.194484, -8.647679 ], [ 115.194431, -8.647385 ], [ 115.194353, -8.647059 ], [ 115.194351, -8.646664 ], [ 115.194533, -8.64598 ], [ 115.19459, -8.645785 ], [ 115.194548, -8.645409 ], [ 115.194502, -8.645199 ], [ 115.194398, -8.644999 ], [ 115.194116, -8.644731 ], [ 115.193965, -8.644591 ], [ 115.193936, -8.644535 ], [ 115.193772, -8.644215 ], [ 115.193724, -8.644044 ], [ 115.193722, -8.643971 ], [ 115.1937, -8.643647 ], [ 115.193727, -8.643552 ], [ 115.193719, -8.643464 ], [ 115.193721, -8.643203 ], [ 115.1937, -8.642985 ], [ 115.193589, -8.642709 ], [ 115.193417, -8.642444 ], [ 115.19328, -8.642043 ], [ 115.193194, -8.641609 ], [ 115.193205, -8.641438 ], [ 115.193793, -8.640879 ], [ 115.193897, -8.640764 ], [ 115.193923, -8.640545 ], [ 115.193784, -8.640222 ], [ 115.193707, -8.640075 ], [ 115.193709, -8.639901 ], [ 115.193991, -8.639584 ], [ 115.194073, -8.639495 ], [ 115.194079, -8.639318 ], [ 115.193907, -8.639037 ], [ 115.193769, -8.638852 ], [ 115.193688, -8.63865 ], [ 115.193663, -8.638424 ], [ 115.19372, -8.638243 ], [ 115.193917, -8.63808 ], [ 115.194075, -8.637961 ], [ 115.194168, -8.637847 ], [ 115.194179, -8.637779 ], [ 115.193969, -8.637517 ], [ 115.193349, -8.637006 ], [ 115.193323, -8.636985 ], [ 115.193205, -8.636888 ], [ 115.193172, -8.636817 ], [ 115.193186, -8.636786 ], [ 115.193344, -8.636434 ], [ 115.193397, -8.636257 ], [ 115.193408, -8.636221 ], [ 115.193422, -8.636174 ], [ 115.193457, -8.636043 ], [ 115.193569, -8.635909 ], [ 115.194305, -8.635603 ], [ 115.194353, -8.635586 ], [ 115.194404, -8.635562 ], [ 115.194634, -8.635505 ], [ 115.195255, -8.635383 ], [ 115.195339, -8.635267 ], [ 115.195312, -8.635162 ], [ 115.195169, -8.634915 ], [ 115.194953, -8.634539 ], [ 115.194898, -8.634436 ], [ 115.194721, -8.634447 ], [ 115.194542, -8.634537 ], [ 115.19442, -8.634583 ], [ 115.194243, -8.634506 ], [ 115.193821, -8.63429 ], [ 115.193586, -8.634339 ], [ 115.193113, -8.634417 ], [ 115.192929, -8.634333 ], [ 115.192764, -8.634178 ], [ 115.192707, -8.63403 ], [ 115.192729, -8.633865 ], [ 115.192804, -8.633461 ], [ 115.192841, -8.633256 ], [ 115.192854, -8.632978 ], [ 115.192767, -8.632712 ], [ 115.192635, -8.632574 ], [ 115.192584, -8.632556 ], [ 115.192498, -8.632526 ], [ 115.192314, -8.632551 ], [ 115.192309, -8.632555 ], [ 115.192151, -8.632693 ], [ 115.191828, -8.632906 ], [ 115.191517, -8.632823 ], [ 115.191322, -8.632703 ], [ 115.191183, -8.63255 ], [ 115.191002, -8.632349 ], [ 115.190862, -8.632071 ], [ 115.190727, -8.631574 ], [ 115.190434, -8.631156 ], [ 115.190385, -8.631069 ], [ 115.190086, -8.630714 ], [ 115.189971, -8.630388 ], [ 115.189816, -8.630127 ], [ 115.189806, -8.62998 ], [ 115.189867, -8.629376 ], [ 115.189885, -8.629094 ], [ 115.189962, -8.628803 ], [ 115.190105, -8.628297 ], [ 115.190195, -8.627602 ], [ 115.190117, -8.627469 ], [ 115.189963, -8.627333 ], [ 115.189709, -8.627196 ], [ 115.189282, -8.626962 ], [ 115.189013, -8.626775 ], [ 115.188679, -8.626518 ], [ 115.188577, -8.62634 ], [ 115.188458, -8.625829 ], [ 115.188443, -8.62548 ], [ 115.188412, -8.625107 ], [ 115.188338, -8.625001 ], [ 115.188337, -8.625 ], [ 115.188253, -8.624878 ], [ 115.188039, -8.624826 ], [ 115.187664, -8.624741 ], [ 115.187429, -8.624606 ], [ 115.187466, -8.624499 ], [ 115.187622, -8.624069 ], [ 115.187519, -8.623965 ], [ 115.187359, -8.623933 ], [ 115.187168, -8.623805 ], [ 115.187109, -8.62368 ], [ 115.186961, -8.623437 ], [ 115.18673, -8.623047 ], [ 115.186638, -8.622869 ], [ 115.186498, -8.622765 ], [ 115.186092, -8.622495 ], [ 115.18608, -8.622361 ], [ 115.186134, -8.622244 ], [ 115.186279, -8.622192 ], [ 115.186652, -8.622142 ], [ 115.186825, -8.622116 ], [ 115.186877, -8.622094 ], [ 115.187434, -8.62215 ], [ 115.18812, -8.622026 ], [ 115.187907, -8.621217 ], [ 115.18866, -8.621026 ], [ 115.188502, -8.620453 ], [ 115.189053, -8.620363 ], [ 115.188952, -8.620026 ], [ 115.189334, -8.619857 ], [ 115.189357, -8.619464 ], [ 115.18948, -8.619149 ], [ 115.189885, -8.618992 ], [ 115.189919, -8.618328 ], [ 115.189997, -8.617935 ], [ 115.190289, -8.617924 ], [ 115.190503, -8.617463 ], [ 115.190582, -8.617261 ], [ 115.189795, -8.616991 ], [ 115.189682, -8.617047 ], [ 115.189244, -8.616878 ], [ 115.188809, -8.616726 ], [ 115.18873, -8.616344 ] ] ] ] } },
{ "type": "Feature", "properties": { "id": 21, "fid": 21, "objectid": 4189, "namobj": "Denpasar Utara", "fcode": "BA03070040", "wadmkc": "Denpasar Utara", "wadmkk": "Kota Denpasar", "wadmpr": "Bali", "jumlah_penduduk": 194600, "area_admini": 26604111.974065039 }, "geometry": { "type": "MultiPolygon", "coordinates": [ [ [ [ 115.227668, -8.592373 ], [ 115.227667, -8.592352 ], [ 115.227663, -8.592328 ], [ 115.227647, -8.592282 ], [ 115.227624, -8.592227 ], [ 115.227577, -8.592124 ], [ 115.227545, -8.592051 ], [ 115.227539, -8.592002 ], [ 115.227533, -8.591948 ], [ 115.227533, -8.59192 ], [ 115.227548, -8.591827 ], [ 115.227568, -8.591754 ], [ 115.227548, -8.591753 ], [ 115.227381, -8.591743 ], [ 115.227283, -8.591739 ], [ 115.227282, -8.591798 ], [ 115.22728, -8.591908 ], [ 115.227261, -8.59208 ], [ 115.227222, -8.592339 ], [ 115.227203, -8.592405 ], [ 115.227185, -8.592465 ], [ 115.227172, -8.592541 ], [ 115.227156, -8.592724 ], [ 115.227169, -8.59281 ], [ 115.226674, -8.592809 ], [ 115.22641, -8.592769 ], [ 115.226158, -8.59275 ], [ 115.226052, -8.592805 ], [ 115.225952, -8.592883 ], [ 115.225866, -8.59304 ], [ 115.22582, -8.593199 ], [ 115.225832, -8.593323 ], [ 115.225891, -8.593553 ], [ 115.225916, -8.593634 ], [ 115.225945, -8.593723 ], [ 115.225979, -8.593794 ], [ 115.226011, -8.59384 ], [ 115.226062, -8.593903 ], [ 115.226087, -8.593948 ], [ 115.226096, -8.593983 ], [ 115.226096, -8.594025 ], [ 115.226087, -8.594064 ], [ 115.226062, -8.594119 ], [ 115.226033, -8.594173 ], [ 115.226016, -8.594228 ], [ 115.226009, -8.59429 ], [ 115.226009, -8.594364 ], [ 115.226037, -8.594488 ], [ 115.22614, -8.594729 ], [ 115.226266, -8.595132 ], [ 115.22628, -8.595186 ], [ 115.226282, -8.59526 ], [ 115.22627, -8.595403 ], [ 115.226252, -8.595495 ], [ 115.226227, -8.595557 ], [ 115.226188, -8.595652 ], [ 115.2261, -8.595761 ], [ 115.225936, -8.595907 ], [ 115.225449, -8.596293 ], [ 115.225067, -8.596666 ], [ 115.224923, -8.596805 ], [ 115.224685, -8.597006 ], [ 115.224326, -8.597184 ], [ 115.224051, -8.597303 ], [ 115.224021, -8.597317 ], [ 115.223912, -8.597366 ], [ 115.223823, -8.597274 ], [ 115.223768, -8.597226 ], [ 115.223656, -8.597169 ], [ 115.223582, -8.597134 ], [ 115.22347, -8.597098 ], [ 115.223393, -8.597058 ], [ 115.223333, -8.596984 ], [ 115.22332, -8.59695 ], [ 115.22326, -8.596802 ], [ 115.223158, -8.596609 ], [ 115.223077, -8.596474 ], [ 115.222985, -8.596414 ], [ 115.2229, -8.596377 ], [ 115.222724, -8.596351 ], [ 115.222487, -8.596343 ], [ 115.222304, -8.596352 ], [ 115.222099, -8.596348 ], [ 115.22186, -8.596321 ], [ 115.221617, -8.596273 ], [ 115.221426, -8.596242 ], [ 115.221221, -8.59624 ], [ 115.221129, -8.596251 ], [ 115.221023, -8.596279 ], [ 115.220906, -8.596311 ], [ 115.220801, -8.596328 ], [ 115.220731, -8.59632 ], [ 115.220619, -8.596294 ], [ 115.220536, -8.596254 ], [ 115.220449, -8.596225 ], [ 115.220364, -8.596201 ], [ 115.220267, -8.596186 ], [ 115.220143, -8.596185 ], [ 115.220019, -8.596173 ], [ 115.219929, -8.596159 ], [ 115.219812, -8.596135 ], [ 115.21972, -8.596101 ], [ 115.219639, -8.596096 ], [ 115.219589, -8.596094 ], [ 115.219201, -8.596121 ], [ 115.219192, -8.596026 ], [ 115.219141, -8.596021 ], [ 115.219134, -8.595987 ], [ 115.219033, -8.595984 ], [ 115.218994, -8.59584 ], [ 115.218768, -8.595825 ], [ 115.218731, -8.596061 ], [ 115.218496, -8.596041 ], [ 115.21826, -8.596029 ], [ 115.218206, -8.596029 ], [ 115.218164, -8.596049 ], [ 115.218111, -8.596083 ], [ 115.21805, -8.596097 ], [ 115.218012, -8.596098 ], [ 115.217962, -8.596089 ], [ 115.217917, -8.596059 ], [ 115.217863, -8.596001 ], [ 115.217809, -8.595962 ], [ 115.217748, -8.595931 ], [ 115.217689, -8.595922 ], [ 115.217601, -8.595919 ], [ 115.217479, -8.595884 ], [ 115.216846, -8.595711 ], [ 115.216773, -8.595671 ], [ 115.216699, -8.595642 ], [ 115.216614, -8.59561 ], [ 115.216546, -8.595602 ], [ 115.216404, -8.59561 ], [ 115.216355, -8.595612 ], [ 115.216272, -8.595602 ], [ 115.216043, -8.595556 ], [ 115.216017, -8.595545 ], [ 115.216009, -8.595528 ], [ 115.216005, -8.595472 ], [ 115.215994, -8.595459 ], [ 115.215967, -8.595444 ], [ 115.215923, -8.595439 ], [ 115.215858, -8.595435 ], [ 115.2158, -8.595437 ], [ 115.21577, -8.595437 ], [ 115.215743, -8.59543 ], [ 115.215698, -8.595403 ], [ 115.215625, -8.595363 ], [ 115.21532, -8.595306 ], [ 115.21528, -8.595586 ], [ 115.214966, -8.595539 ], [ 115.214778, -8.596889 ], [ 115.214425, -8.596785 ], [ 115.214375, -8.596869 ], [ 115.214346, -8.596884 ], [ 115.214296, -8.596886 ], [ 115.214227, -8.596869 ], [ 115.213841, -8.596775 ], [ 115.213864, -8.596679 ], [ 115.213435, -8.596485 ], [ 115.212897, -8.596341 ], [ 115.212495, -8.596253 ], [ 115.212043, -8.596202 ], [ 115.211724, -8.596174 ], [ 115.21173, -8.596366 ], [ 115.211526, -8.596404 ], [ 115.211464, -8.596711 ], [ 115.211435, -8.596711 ], [ 115.211423, -8.596872 ], [ 115.211239, -8.59688 ], [ 115.211274, -8.597148 ], [ 115.211166, -8.597153 ], [ 115.211202, -8.59739 ], [ 115.21075, -8.597415 ], [ 115.210744, -8.597351 ], [ 115.210487, -8.597369 ], [ 115.210399, -8.597369 ], [ 115.210213, -8.597355 ], [ 115.210173, -8.597341 ], [ 115.210126, -8.597318 ], [ 115.210107, -8.597314 ], [ 115.209945, -8.597342 ], [ 115.210052, -8.597679 ], [ 115.210093, -8.597815 ], [ 115.209927, -8.597866 ], [ 115.21, -8.598107 ], [ 115.209922, -8.59814 ], [ 115.209933, -8.598204 ], [ 115.209618, -8.598311 ], [ 115.209614, -8.598431 ], [ 115.209594, -8.598525 ], [ 115.20957, -8.598633 ], [ 115.209453, -8.598872 ], [ 115.209362, -8.599061 ], [ 115.209313, -8.599172 ], [ 115.209301, -8.59924 ], [ 115.209311, -8.59933 ], [ 115.209307, -8.599386 ], [ 115.209286, -8.599525 ], [ 115.209262, -8.599656 ], [ 115.209251, -8.599732 ], [ 115.209249, -8.599909 ], [ 115.209248, -8.599954 ], [ 115.209179, -8.599982 ], [ 115.209116, -8.600008 ], [ 115.208946, -8.600046 ], [ 115.20886, -8.600061 ], [ 115.208809, -8.600064 ], [ 115.208622, -8.600094 ], [ 115.20845, -8.600114 ], [ 115.208356, -8.600148 ], [ 115.208195, -8.600232 ], [ 115.208272, -8.600528 ], [ 115.208322, -8.600654 ], [ 115.207818, -8.600825 ], [ 115.207795, -8.600842 ], [ 115.207843, -8.601351 ], [ 115.207873, -8.601675 ], [ 115.207884, -8.601757 ], [ 115.207404, -8.601735 ], [ 115.207308, -8.60173 ], [ 115.207186, -8.601592 ], [ 115.207115, -8.601485 ], [ 115.207021, -8.601527 ], [ 115.206966, -8.601549 ], [ 115.206905, -8.601554 ], [ 115.206848, -8.6015 ], [ 115.206817, -8.601469 ], [ 115.206556, -8.601573 ], [ 115.206276, -8.601615 ], [ 115.205853, -8.601655 ], [ 115.20553, -8.601673 ], [ 115.205565, -8.60186 ], [ 115.205373, -8.602057 ], [ 115.205057, -8.602302 ], [ 115.204912, -8.602393 ], [ 115.204836, -8.602436 ], [ 115.204793, -8.602481 ], [ 115.204756, -8.602548 ], [ 115.204717, -8.602598 ], [ 115.204662, -8.60265 ], [ 115.204408, -8.602726 ], [ 115.204054, -8.602749 ], [ 115.20373, -8.602768 ], [ 115.203496, -8.60275 ], [ 115.20352, -8.602698 ], [ 115.203546, -8.602629 ], [ 115.203555, -8.602585 ], [ 115.203554, -8.602514 ], [ 115.203548, -8.602444 ], [ 115.203384, -8.602404 ], [ 115.203407, -8.60223 ], [ 115.203426, -8.602048 ], [ 115.203426, -8.602004 ], [ 115.203418, -8.601927 ], [ 115.203386, -8.601783 ], [ 115.203209, -8.601805 ], [ 115.203129, -8.601815 ], [ 115.203131, -8.601954 ], [ 115.202908, -8.601964 ], [ 115.202797, -8.601955 ], [ 115.202633, -8.601918 ], [ 115.202688, -8.601656 ], [ 115.201979, -8.601456 ], [ 115.201856, -8.601813 ], [ 115.201583, -8.602458 ], [ 115.201568, -8.602494 ], [ 115.201481, -8.602493 ], [ 115.20133, -8.602477 ], [ 115.201275, -8.602472 ], [ 115.200899, -8.602382 ], [ 115.20083, -8.602366 ], [ 115.200588, -8.602912 ], [ 115.200653, -8.602941 ], [ 115.200682, -8.602954 ], [ 115.200548, -8.603254 ], [ 115.200423, -8.603213 ], [ 115.200419, -8.603212 ], [ 115.200406, -8.603234 ], [ 115.200361, -8.603309 ], [ 115.200328, -8.603326 ], [ 115.200327, -8.603326 ], [ 115.200283, -8.603325 ], [ 115.200234, -8.603309 ], [ 115.200086, -8.60324 ], [ 115.20001, -8.603356 ], [ 115.199935, -8.603442 ], [ 115.199851, -8.603529 ], [ 115.199719, -8.603636 ], [ 115.199676, -8.603687 ], [ 115.199644, -8.603743 ], [ 115.199596, -8.603846 ], [ 115.199551, -8.604054 ], [ 115.19945, -8.604365 ], [ 115.199413, -8.6045 ], [ 115.199399, -8.60456 ], [ 115.199314, -8.60492 ], [ 115.199299, -8.604979 ], [ 115.199282, -8.605011 ], [ 115.199257, -8.605025 ], [ 115.1992, -8.605025 ], [ 115.199058, -8.605021 ], [ 115.198757, -8.605014 ], [ 115.198748, -8.605014 ], [ 115.198713, -8.605014 ], [ 115.198712, -8.605028 ], [ 115.198706, -8.60515 ], [ 115.198277, -8.605132 ], [ 115.197922, -8.605128 ], [ 115.197763, -8.605108 ], [ 115.197593, -8.605085 ], [ 115.197562, -8.605082 ], [ 115.197428, -8.605068 ], [ 115.19737, -8.605066 ], [ 115.197208, -8.605059 ], [ 115.1972, -8.605059 ], [ 115.196754, -8.605021 ], [ 115.196733, -8.605164 ], [ 115.196694, -8.605386 ], [ 115.196682, -8.605598 ], [ 115.196693, -8.605751 ], [ 115.196697, -8.605802 ], [ 115.196692, -8.605914 ], [ 115.196682, -8.605998 ], [ 115.196654, -8.606148 ], [ 115.196628, -8.60622 ], [ 115.196578, -8.606322 ], [ 115.196519, -8.606418 ], [ 115.196519, -8.606419 ], [ 115.19649, -8.60648 ], [ 115.196478, -8.606515 ], [ 115.19646, -8.606573 ], [ 115.196453, -8.606679 ], [ 115.196457, -8.606716 ], [ 115.196483, -8.606768 ], [ 115.196532, -8.606831 ], [ 115.196537, -8.606837 ], [ 115.196557, -8.606876 ], [ 115.196575, -8.606931 ], [ 115.196604, -8.607064 ], [ 115.196612, -8.607175 ], [ 115.196614, -8.607201 ], [ 115.196616, -8.607252 ], [ 115.196623, -8.60733 ], [ 115.196633, -8.607372 ], [ 115.196646, -8.607399 ], [ 115.196673, -8.607426 ], [ 115.196709, -8.607444 ], [ 115.196744, -8.607448 ], [ 115.196801, -8.60744 ], [ 115.196833, -8.607433 ], [ 115.196866, -8.607426 ], [ 115.196905, -8.60743 ], [ 115.196941, -8.607448 ], [ 115.197009, -8.607489 ], [ 115.197056, -8.607506 ], [ 115.197109, -8.607526 ], [ 115.197141, -8.607549 ], [ 115.19716, -8.60759 ], [ 115.197237, -8.607791 ], [ 115.197358, -8.608103 ], [ 115.197413, -8.608259 ], [ 115.197466, -8.608402 ], [ 115.197473, -8.608465 ], [ 115.19747, -8.608541 ], [ 115.197448, -8.608618 ], [ 115.197415, -8.6087 ], [ 115.197396, -8.608732 ], [ 115.19738, -8.608762 ], [ 115.197367, -8.608793 ], [ 115.197363, -8.608833 ], [ 115.197375, -8.60889 ], [ 115.197418, -8.608957 ], [ 115.197494, -8.609114 ], [ 115.197571, -8.609339 ], [ 115.197594, -8.609499 ], [ 115.197592, -8.60955 ], [ 115.197586, -8.609689 ], [ 115.197597, -8.609887 ], [ 115.19764, -8.610128 ], [ 115.197658, -8.610223 ], [ 115.197658, -8.610304 ], [ 115.197641, -8.610367 ], [ 115.197608, -8.610469 ], [ 115.197544, -8.610593 ], [ 115.197507, -8.610681 ], [ 115.197488, -8.61076 ], [ 115.19749, -8.610867 ], [ 115.197488, -8.610959 ], [ 115.197481, -8.611013 ], [ 115.197454, -8.611065 ], [ 115.197415, -8.611098 ], [ 115.197282, -8.6112 ], [ 115.197284, -8.611266 ], [ 115.197299, -8.611367 ], [ 115.197331, -8.611575 ], [ 115.1974, -8.611897 ], [ 115.197174, -8.611917 ], [ 115.196931, -8.611967 ], [ 115.196549, -8.612055 ], [ 115.19647, -8.611955 ], [ 115.196389, -8.611892 ], [ 115.196196, -8.611808 ], [ 115.196003, -8.611749 ], [ 115.195788, -8.611708 ], [ 115.195705, -8.611692 ], [ 115.195477, -8.611591 ], [ 115.195226, -8.611504 ], [ 115.195056, -8.611464 ], [ 115.194982, -8.61146 ], [ 115.194946, -8.611459 ], [ 115.194783, -8.611502 ], [ 115.194741, -8.611514 ], [ 115.194335, -8.611634 ], [ 115.194355, -8.611997 ], [ 115.194372, -8.612288 ], [ 115.19347, -8.61234 ], [ 115.192938, -8.612421 ], [ 115.192902, -8.612279 ], [ 115.192894, -8.612251 ], [ 115.192706, -8.612339 ], [ 115.192417, -8.612475 ], [ 115.192523, -8.612732 ], [ 115.191876, -8.612917 ], [ 115.191833, -8.612872 ], [ 115.191499, -8.612897 ], [ 115.191467, -8.61291 ], [ 115.191462, -8.612933 ], [ 115.191552, -8.61356 ], [ 115.191563, -8.613747 ], [ 115.191439, -8.613732 ], [ 115.191264, -8.613714 ], [ 115.190498, -8.613615 ], [ 115.190478, -8.613608 ], [ 115.190442, -8.613514 ], [ 115.190439, -8.613497 ], [ 115.190371, -8.613469 ], [ 115.190331, -8.613406 ], [ 115.190316, -8.613325 ], [ 115.190313, -8.613226 ], [ 115.190309, -8.613171 ], [ 115.190251, -8.612988 ], [ 115.190216, -8.612869 ], [ 115.189348, -8.612929 ], [ 115.189317, -8.612931 ], [ 115.189354, -8.613195 ], [ 115.189415, -8.613426 ], [ 115.189446, -8.613565 ], [ 115.189464, -8.613702 ], [ 115.189464, -8.613961 ], [ 115.189445, -8.614217 ], [ 115.189445, -8.61422 ], [ 115.189334, -8.614838 ], [ 115.189327, -8.614838 ], [ 115.188741, -8.614838 ], [ 115.188685, -8.614838 ], [ 115.188589, -8.614824 ], [ 115.188269, -8.614776 ], [ 115.188147, -8.614978 ], [ 115.188034, -8.615117 ], [ 115.187992, -8.615161 ], [ 115.187972, -8.615182 ], [ 115.187927, -8.615202 ], [ 115.187876, -8.615203 ], [ 115.187866, -8.615196 ], [ 115.187836, -8.615177 ], [ 115.187807, -8.615127 ], [ 115.187775, -8.615064 ], [ 115.18773, -8.615039 ], [ 115.18767, -8.615022 ], [ 115.187834, -8.615205 ], [ 115.188276, -8.6157 ], [ 115.18873, -8.616344 ], [ 115.188809, -8.616726 ], [ 115.189244, -8.616878 ], [ 115.189682, -8.617047 ], [ 115.189795, -8.616991 ], [ 115.190582, -8.617261 ], [ 115.190503, -8.617463 ], [ 115.190289, -8.617924 ], [ 115.189997, -8.617935 ], [ 115.189919, -8.618328 ], [ 115.189885, -8.618992 ], [ 115.18948, -8.619149 ], [ 115.189357, -8.619464 ], [ 115.189334, -8.619857 ], [ 115.188952, -8.620026 ], [ 115.189053, -8.620363 ], [ 115.188502, -8.620453 ], [ 115.18866, -8.621026 ], [ 115.187907, -8.621217 ], [ 115.18812, -8.622026 ], [ 115.187434, -8.62215 ], [ 115.186877, -8.622094 ], [ 115.186825, -8.622116 ], [ 115.186652, -8.622142 ], [ 115.186279, -8.622192 ], [ 115.186134, -8.622244 ], [ 115.18608, -8.622361 ], [ 115.186092, -8.622495 ], [ 115.186498, -8.622765 ], [ 115.186638, -8.622869 ], [ 115.18673, -8.623047 ], [ 115.186961, -8.623437 ], [ 115.187109, -8.62368 ], [ 115.187168, -8.623805 ], [ 115.187359, -8.623933 ], [ 115.187519, -8.623965 ], [ 115.187622, -8.624069 ], [ 115.187466, -8.624499 ], [ 115.187429, -8.624606 ], [ 115.187664, -8.624741 ], [ 115.188039, -8.624826 ], [ 115.188253, -8.624878 ], [ 115.188337, -8.625 ], [ 115.188338, -8.625001 ], [ 115.188412, -8.625107 ], [ 115.188443, -8.62548 ], [ 115.188458, -8.625829 ], [ 115.188577, -8.62634 ], [ 115.188679, -8.626518 ], [ 115.189013, -8.626775 ], [ 115.189282, -8.626962 ], [ 115.189709, -8.627196 ], [ 115.189963, -8.627333 ], [ 115.190117, -8.627469 ], [ 115.190195, -8.627602 ], [ 115.190105, -8.628297 ], [ 115.189962, -8.628803 ], [ 115.189885, -8.629094 ], [ 115.189867, -8.629376 ], [ 115.189806, -8.62998 ], [ 115.189816, -8.630127 ], [ 115.189971, -8.630388 ], [ 115.190086, -8.630714 ], [ 115.190385, -8.631069 ], [ 115.190434, -8.631156 ], [ 115.190727, -8.631574 ], [ 115.190862, -8.632071 ], [ 115.191002, -8.632349 ], [ 115.191183, -8.63255 ], [ 115.191322, -8.632703 ], [ 115.191517, -8.632823 ], [ 115.191828, -8.632906 ], [ 115.192151, -8.632693 ], [ 115.192309, -8.632555 ], [ 115.192314, -8.632551 ], [ 115.192498, -8.632526 ], [ 115.192584, -8.632556 ], [ 115.192635, -8.632574 ], [ 115.192767, -8.632712 ], [ 115.192854, -8.632978 ], [ 115.192841, -8.633256 ], [ 115.192804, -8.633461 ], [ 115.192729, -8.633865 ], [ 115.192707, -8.63403 ], [ 115.192764, -8.634178 ], [ 115.192929, -8.634333 ], [ 115.193113, -8.634417 ], [ 115.193586, -8.634339 ], [ 115.193821, -8.63429 ], [ 115.194243, -8.634506 ], [ 115.19442, -8.634583 ], [ 115.194542, -8.634537 ], [ 115.194721, -8.634447 ], [ 115.194898, -8.634436 ], [ 115.194953, -8.634539 ], [ 115.195169, -8.634915 ], [ 115.195312, -8.635162 ], [ 115.195339, -8.635267 ], [ 115.195255, -8.635383 ], [ 115.194634, -8.635505 ], [ 115.194404, -8.635562 ], [ 115.194353, -8.635586 ], [ 115.194305, -8.635603 ], [ 115.193569, -8.635909 ], [ 115.193457, -8.636043 ], [ 115.193422, -8.636174 ], [ 115.193408, -8.636221 ], [ 115.193397, -8.636257 ], [ 115.193344, -8.636434 ], [ 115.193186, -8.636786 ], [ 115.193172, -8.636817 ], [ 115.193205, -8.636888 ], [ 115.193323, -8.636985 ], [ 115.193349, -8.637006 ], [ 115.193969, -8.637517 ], [ 115.194179, -8.637779 ], [ 115.194168, -8.637847 ], [ 115.194075, -8.637961 ], [ 115.193917, -8.63808 ], [ 115.19372, -8.638243 ], [ 115.193663, -8.638424 ], [ 115.193688, -8.63865 ], [ 115.193769, -8.638852 ], [ 115.193907, -8.639037 ], [ 115.194079, -8.639318 ], [ 115.194073, -8.639495 ], [ 115.193991, -8.639584 ], [ 115.193709, -8.639901 ], [ 115.193707, -8.640075 ], [ 115.193784, -8.640222 ], [ 115.193923, -8.640545 ], [ 115.193897, -8.640764 ], [ 115.193793, -8.640879 ], [ 115.193205, -8.641438 ], [ 115.193194, -8.641609 ], [ 115.19328, -8.642043 ], [ 115.193417, -8.642444 ], [ 115.193589, -8.642709 ], [ 115.1937, -8.642985 ], [ 115.193721, -8.643203 ], [ 115.193719, -8.643464 ], [ 115.193727, -8.643552 ], [ 115.1937, -8.643647 ], [ 115.193722, -8.643971 ], [ 115.193724, -8.644044 ], [ 115.193772, -8.644215 ], [ 115.193936, -8.644535 ], [ 115.193965, -8.644591 ], [ 115.194116, -8.644731 ], [ 115.194398, -8.644999 ], [ 115.194502, -8.645199 ], [ 115.194548, -8.645409 ], [ 115.19459, -8.645785 ], [ 115.194533, -8.64598 ], [ 115.194351, -8.646664 ], [ 115.194353, -8.647059 ], [ 115.194431, -8.647385 ], [ 115.194484, -8.647679 ], [ 115.194457, -8.648019 ], [ 115.194342, -8.648565 ], [ 115.194175, -8.649067 ], [ 115.193899, -8.64935 ], [ 115.193735, -8.649781 ], [ 115.19339, -8.650572 ], [ 115.193261, -8.650655 ], [ 115.193013, -8.65066 ], [ 115.192262, -8.650618 ], [ 115.192094, -8.650694 ], [ 115.192055, -8.650802 ], [ 115.192057, -8.651015 ], [ 115.192078, -8.65125 ], [ 115.192264, -8.651251 ], [ 115.192401, -8.651252 ], [ 115.192647, -8.651241 ], [ 115.192851, -8.651232 ], [ 115.193103, -8.651274 ], [ 115.193848, -8.651403 ], [ 115.194312, -8.651429 ], [ 115.194669, -8.651449 ], [ 115.194879, -8.65146 ], [ 115.195464, -8.651492 ], [ 115.195489, -8.651494 ], [ 115.196276, -8.651564 ], [ 115.19673, -8.651641 ], [ 115.197047, -8.651692 ], [ 115.197859, -8.651799 ], [ 115.19793, -8.651809 ], [ 115.198004, -8.651819 ], [ 115.198012, -8.65182 ], [ 115.198132, -8.651836 ], [ 115.198194, -8.651845 ], [ 115.198229, -8.651852 ], [ 115.198519, -8.651894 ], [ 115.198633, -8.651915 ], [ 115.199671, -8.652103 ], [ 115.200021, -8.652166 ], [ 115.200572, -8.652266 ], [ 115.200797, -8.652333 ], [ 115.202369, -8.652801 ], [ 115.202753, -8.652916 ], [ 115.203135, -8.653043 ], [ 115.203375, -8.653123 ], [ 115.203639, -8.653211 ], [ 115.203664, -8.653219 ], [ 115.204448, -8.653429 ], [ 115.204546, -8.653455 ], [ 115.205159, -8.653617 ], [ 115.205873, -8.653831 ], [ 115.206546, -8.654032 ], [ 115.2069, -8.654137 ], [ 115.207088, -8.654149 ], [ 115.207086, -8.654165 ], [ 115.207205, -8.654197 ], [ 115.207351, -8.654236 ], [ 115.207365, -8.654239 ], [ 115.207398, -8.654251 ], [ 115.207956, -8.654348 ], [ 115.208516, -8.654424 ], [ 115.208678, -8.654446 ], [ 115.2097, -8.654625 ], [ 115.210328, -8.654817 ], [ 115.210426, -8.654873 ], [ 115.210701, -8.65503 ], [ 115.211238, -8.655175 ], [ 115.211341, -8.655189 ], [ 115.211844, -8.655262 ], [ 115.212118, -8.655299 ], [ 115.212148, -8.655303 ], [ 115.212248, -8.655315 ], [ 115.212352, -8.655328 ], [ 115.212474, -8.655342 ], [ 115.212602, -8.655358 ], [ 115.212615, -8.65536 ], [ 115.212658, -8.655366 ], [ 115.213137, -8.655434 ], [ 115.213349, -8.655465 ], [ 115.213937, -8.655524 ], [ 115.214546, -8.655614 ], [ 115.214936, -8.655674 ], [ 115.215932, -8.655829 ], [ 115.216798, -8.655963 ], [ 115.216907, -8.65598 ], [ 115.217831, -8.65612 ], [ 115.218576, -8.656236 ], [ 115.218711, -8.655195 ], [ 115.218794, -8.654324 ], [ 115.218563, -8.654298 ], [ 115.218592, -8.65403 ], [ 115.218642, -8.653483 ], [ 115.21868, -8.652971 ], [ 115.218706, -8.652567 ], [ 115.218721, -8.652031 ], [ 115.218717, -8.651527 ], [ 115.21945, -8.651553 ], [ 115.219974, -8.651566 ], [ 115.22076, -8.651584 ], [ 115.221283, -8.651615 ], [ 115.22187, -8.651654 ], [ 115.222048, -8.651829 ], [ 115.221969, -8.651873 ], [ 115.221954, -8.652116 ], [ 115.221967, -8.652523 ], [ 115.221958, -8.653494 ], [ 115.221922, -8.654228 ], [ 115.221964, -8.654581 ], [ 115.221975, -8.655012 ], [ 115.221948, -8.655606 ], [ 115.222407, -8.655626 ], [ 115.2224, -8.655626 ], [ 115.222231, -8.656394 ], [ 115.222172, -8.656713 ], [ 115.223011, -8.656741 ], [ 115.223246, -8.656749 ], [ 115.223659, -8.656784 ], [ 115.223986, -8.655795 ], [ 115.22452, -8.655888 ], [ 115.224916, -8.655957 ], [ 115.225311, -8.655979 ], [ 115.225375, -8.655988 ], [ 115.226178, -8.65602 ], [ 115.226384, -8.656029 ], [ 115.226898, -8.656052 ], [ 115.227111, -8.656051 ], [ 115.22715, -8.656042 ], [ 115.227135, -8.655715 ], [ 115.227136, -8.655346 ], [ 115.22714, -8.654668 ], [ 115.227143, -8.654037 ], [ 115.227109, -8.653454 ], [ 115.2271, -8.652812 ], [ 115.227079, -8.652312 ], [ 115.227058, -8.651645 ], [ 115.227024, -8.651145 ], [ 115.227003, -8.650515 ], [ 115.226993, -8.650087 ], [ 115.226947, -8.649741 ], [ 115.226861, -8.649303 ], [ 115.226731, -8.64891 ], [ 115.226613, -8.6486 ], [ 115.226314, -8.648045 ], [ 115.226183, -8.647818 ], [ 115.226005, -8.647508 ], [ 115.225828, -8.64715 ], [ 115.225614, -8.646673 ], [ 115.225449, -8.646173 ], [ 115.225391, -8.645859 ], [ 115.225881, -8.645929 ], [ 115.226522, -8.646027 ], [ 115.226875, -8.64608 ], [ 115.226939, -8.646097 ], [ 115.227365, -8.646208 ], [ 115.22764, -8.646257 ], [ 115.227862, -8.646302 ], [ 115.227875, -8.646185 ], [ 115.22786, -8.645904 ], [ 115.227841, -8.645603 ], [ 115.228112, -8.645612 ], [ 115.228143, -8.645369 ], [ 115.228194, -8.644776 ], [ 115.228225, -8.644545 ], [ 115.228196, -8.644412 ], [ 115.228177, -8.644241 ], [ 115.22822, -8.643965 ], [ 115.22813, -8.643898 ], [ 115.22822, -8.643584 ], [ 115.228258, -8.643384 ], [ 115.228501, -8.643389 ], [ 115.228558, -8.643075 ], [ 115.228829, -8.643099 ], [ 115.228891, -8.642628 ], [ 115.229143, -8.642652 ], [ 115.229205, -8.64238 ], [ 115.229248, -8.642085 ], [ 115.229348, -8.6421 ], [ 115.229424, -8.641395 ], [ 115.22929, -8.64136 ], [ 115.229304, -8.640998 ], [ 115.229304, -8.640979 ], [ 115.229337, -8.64066 ], [ 115.229342, -8.640455 ], [ 115.229318, -8.640194 ], [ 115.229542, -8.640217 ], [ 115.229556, -8.640089 ], [ 115.229561, -8.639827 ], [ 115.229751, -8.639818 ], [ 115.229789, -8.639829 ], [ 115.229789, -8.639825 ], [ 115.230001, -8.639825 ], [ 115.230163, -8.63982 ], [ 115.23042, -8.639806 ], [ 115.230734, -8.639777 ], [ 115.23062, -8.639511 ], [ 115.230563, -8.639354 ], [ 115.230541, -8.639312 ], [ 115.230542, -8.639312 ], [ 115.230544, -8.63931 ], [ 115.230463, -8.639116 ], [ 115.230377, -8.638887 ], [ 115.230487, -8.638787 ], [ 115.230691, -8.638725 ], [ 115.230786, -8.63873 ], [ 115.230839, -8.638811 ], [ 115.230851, -8.638854 ], [ 115.231831, -8.639029 ], [ 115.231925, -8.638951 ], [ 115.231983, -8.638752 ], [ 115.23191, -8.638284 ], [ 115.231876, -8.638054 ], [ 115.231851, -8.637973 ], [ 115.231763, -8.637497 ], [ 115.231756, -8.637458 ], [ 115.231757, -8.636701 ], [ 115.231758, -8.636451 ], [ 115.231758, -8.636027 ], [ 115.23176, -8.635997 ], [ 115.231771, -8.635829 ], [ 115.231781, -8.635662 ], [ 115.232016, -8.635677 ], [ 115.23214, -8.635693 ], [ 115.232266, -8.635701 ], [ 115.232516, -8.635718 ], [ 115.232432, -8.635521 ], [ 115.232424, -8.635347 ], [ 115.232514, -8.635181 ], [ 115.232692, -8.634974 ], [ 115.232791, -8.634768 ], [ 115.232796, -8.634472 ], [ 115.232786, -8.634171 ], [ 115.232788, -8.634132 ], [ 115.23279, -8.634077 ], [ 115.232836, -8.633969 ], [ 115.233027, -8.633649 ], [ 115.233097, -8.63353 ], [ 115.233204, -8.633308 ], [ 115.233239, -8.633161 ], [ 115.233334, -8.632746 ], [ 115.233391, -8.632398 ], [ 115.233406, -8.632228 ], [ 115.232731, -8.631642 ], [ 115.232483, -8.631464 ], [ 115.232123, -8.631295 ], [ 115.231661, -8.631131 ], [ 115.231449, -8.630988 ], [ 115.231213, -8.630727 ], [ 115.231095, -8.630551 ], [ 115.230877, -8.63047 ], [ 115.230732, -8.630427 ], [ 115.230567, -8.630298 ], [ 115.230465, -8.630137 ], [ 115.230434, -8.629931 ], [ 115.230915, -8.629804 ], [ 115.23195, -8.62959 ], [ 115.232331, -8.629435 ], [ 115.232331, -8.629114 ], [ 115.232212, -8.628364 ], [ 115.232046, -8.627484 ], [ 115.231927, -8.626996 ], [ 115.23151, -8.626913 ], [ 115.231249, -8.626758 ], [ 115.231082, -8.626544 ], [ 115.230999, -8.626187 ], [ 115.230904, -8.626015 ], [ 115.231057, -8.625989 ], [ 115.231666, -8.626008 ], [ 115.232076, -8.626008 ], [ 115.232437, -8.626074 ], [ 115.232808, -8.626065 ], [ 115.233037, -8.626036 ], [ 115.233284, -8.626008 ], [ 115.233456, -8.626017 ], [ 115.233608, -8.626065 ], [ 115.233779, -8.626027 ], [ 115.233998, -8.625998 ], [ 115.234569, -8.625941 ], [ 115.234579, -8.625618 ], [ 115.234579, -8.624199 ], [ 115.234474, -8.623952 ], [ 115.234541, -8.623514 ], [ 115.234598, -8.62339 ], [ 115.234769, -8.623295 ], [ 115.234826, -8.6232 ], [ 115.234769, -8.62301 ], [ 115.234741, -8.622924 ], [ 115.234769, -8.622648 ], [ 115.234702, -8.622172 ], [ 115.234626, -8.621782 ], [ 115.234731, -8.621715 ], [ 115.235159, -8.621582 ], [ 115.235007, -8.620973 ], [ 115.234855, -8.620944 ], [ 115.23476, -8.62083 ], [ 115.234722, -8.620602 ], [ 115.234636, -8.62024 ], [ 115.234588, -8.619974 ], [ 115.234588, -8.619726 ], [ 115.234645, -8.619393 ], [ 115.234617, -8.619126 ], [ 115.234598, -8.618917 ], [ 115.234436, -8.618784 ], [ 115.234436, -8.618517 ], [ 115.234474, -8.618051 ], [ 115.23436, -8.617956 ], [ 115.234322, -8.617889 ], [ 115.234322, -8.617632 ], [ 115.234227, -8.61747 ], [ 115.234322, -8.617175 ], [ 115.234607, -8.616671 ], [ 115.234798, -8.616052 ], [ 115.234845, -8.6157 ], [ 115.234902, -8.614748 ], [ 115.23494, -8.614196 ], [ 115.234978, -8.613892 ], [ 115.234817, -8.613501 ], [ 115.234731, -8.613292 ], [ 115.23475, -8.61294 ], [ 115.234798, -8.612416 ], [ 115.23494, -8.612321 ], [ 115.235302, -8.612331 ], [ 115.23573, -8.612378 ], [ 115.236006, -8.612359 ], [ 115.236073, -8.61274 ], [ 115.236035, -8.613254 ], [ 115.236073, -8.613578 ], [ 115.23614, -8.613777 ], [ 115.236235, -8.613815 ], [ 115.236292, -8.613749 ], [ 115.236359, -8.613473 ], [ 115.236501, -8.612892 ], [ 115.236654, -8.612407 ], [ 115.236739, -8.612369 ], [ 115.236939, -8.612388 ], [ 115.237149, -8.612388 ], [ 115.237425, -8.612321 ], [ 115.237691, -8.612245 ], [ 115.237843, -8.612207 ], [ 115.238243, -8.612302 ], [ 115.238481, -8.61234 ], [ 115.238767, -8.612397 ], [ 115.238976, -8.612397 ], [ 115.239109, -8.612359 ], [ 115.239024, -8.61194 ], [ 115.238976, -8.611455 ], [ 115.23889, -8.610979 ], [ 115.238814, -8.610646 ], [ 115.238719, -8.610265 ], [ 115.238595, -8.609961 ], [ 115.23831, -8.609723 ], [ 115.237977, -8.609428 ], [ 115.237729, -8.609171 ], [ 115.237396, -8.608676 ], [ 115.23713, -8.608381 ], [ 115.23672, -8.60801 ], [ 115.236577, -8.607829 ], [ 115.236454, -8.607638 ], [ 115.23633, -8.607553 ], [ 115.235949, -8.6074 ], [ 115.23573, -8.607277 ], [ 115.235521, -8.607115 ], [ 115.23547, -8.607091 ], [ 115.235469, -8.607071 ], [ 115.235332, -8.606886 ], [ 115.235282, -8.606818 ], [ 115.234714, -8.606052 ], [ 115.234346, -8.605517 ], [ 115.233554, -8.603888 ], [ 115.233226, -8.603345 ], [ 115.232082, -8.601435 ], [ 115.231892, -8.601144 ], [ 115.231852, -8.601082 ], [ 115.231745, -8.600933 ], [ 115.231669, -8.600613 ], [ 115.231677, -8.599803 ], [ 115.231682, -8.599532 ], [ 115.231608, -8.599294 ], [ 115.231297, -8.599041 ], [ 115.231042, -8.598833 ], [ 115.23101, -8.598809 ], [ 115.230905, -8.598355 ], [ 115.230904, -8.598351 ], [ 115.23068, -8.597817 ], [ 115.230623, -8.597683 ], [ 115.230575, -8.59753 ], [ 115.23058, -8.597355 ], [ 115.230604, -8.597093 ], [ 115.23059, -8.596996 ], [ 115.230462, -8.596895 ], [ 115.23037, -8.596929 ], [ 115.230252, -8.596981 ], [ 115.230003, -8.597007 ], [ 115.229886, -8.596981 ], [ 115.229686, -8.596832 ], [ 115.229141, -8.596309 ], [ 115.22889, -8.595928 ], [ 115.228745, -8.595683 ], [ 115.228602, -8.59549 ], [ 115.228584, -8.595418 ], [ 115.228523, -8.595177 ], [ 115.22841, -8.59477 ], [ 115.228315, -8.594413 ], [ 115.228294, -8.593915 ], [ 115.228299, -8.593535 ], [ 115.228274, -8.593409 ], [ 115.228021, -8.592866 ], [ 115.227925, -8.592597 ], [ 115.227945, -8.592427 ], [ 115.227667, -8.592456 ], [ 115.227668, -8.592373 ] ] ] ] } },
{ "type": "Feature", "properties": { "id": 1, "fid": 1, "objectid": 4142, "namobj": "Tabanan", "fcode": "BA03070040", "wadmkc": "Tabanan", "wadmkk": "Tabanan", "wadmpr": "Bali", "jumlah_penduduk": 76235, "area_admini": 9891244.0151618775 }, "geometry": { "type": "MultiPolygon", "coordinates": [ [ [ [ 115.136128, -8.543625 ], [ 115.136211, -8.543392 ], [ 115.136337, -8.543246 ], [ 115.13654, -8.543134 ], [ 115.136731, -8.543057 ], [ 115.137327, -8.542026 ], [ 115.137509, -8.541729 ], [ 115.137882, -8.541455 ], [ 115.138233, -8.541197 ], [ 115.138428, -8.541027 ], [ 115.138699, -8.540613 ], [ 115.138905, -8.540176 ], [ 115.138966, -8.539971 ], [ 115.138957, -8.53974 ], [ 115.138849, -8.539451 ], [ 115.138516, -8.538991 ], [ 115.138252, -8.538642 ], [ 115.138138, -8.538405 ], [ 115.13811, -8.538168 ], [ 115.138151, -8.537987 ], [ 115.138192, -8.537809 ], [ 115.138497, -8.537245 ], [ 115.138612, -8.537038 ], [ 115.138639, -8.536653 ], [ 115.138528, -8.536073 ], [ 115.138277, -8.53543 ], [ 115.137926, -8.534659 ], [ 115.137664, -8.533932 ], [ 115.137521, -8.53288 ], [ 115.137422, -8.532243 ], [ 115.137366, -8.531891 ], [ 115.137418, -8.531434 ], [ 115.137762, -8.530821 ], [ 115.137987, -8.530398 ], [ 115.138079, -8.530117 ], [ 115.138108, -8.529856 ], [ 115.137838, -8.529022 ], [ 115.13781, -8.528862 ], [ 115.137878, -8.528705 ], [ 115.138051, -8.528535 ], [ 115.138205, -8.528401 ], [ 115.138227, -8.528355 ], [ 115.138304, -8.528194 ], [ 115.138282, -8.527586 ], [ 115.138274, -8.527235 ], [ 115.138336, -8.526973 ], [ 115.138471, -8.526729 ], [ 115.138883, -8.525892 ], [ 115.138997, -8.525694 ], [ 115.139489, -8.525411 ], [ 115.139493, -8.525409 ], [ 115.139686, -8.525265 ], [ 115.139809, -8.525071 ], [ 115.140409, -8.523063 ], [ 115.140633, -8.522587 ], [ 115.140905, -8.522009 ], [ 115.141163, -8.521444 ], [ 115.141593, -8.520423 ], [ 115.141995, -8.519719 ], [ 115.142729, -8.51846 ], [ 115.143137, -8.517814 ], [ 115.143592, -8.517069 ], [ 115.143824, -8.516608 ], [ 115.144101, -8.515739 ], [ 115.144394, -8.51506 ], [ 115.144534, -8.514813 ], [ 115.144767, -8.514401 ], [ 115.145504, -8.513102 ], [ 115.146008, -8.511946 ], [ 115.146188, -8.511442 ], [ 115.14662, -8.510126 ], [ 115.14692, -8.509318 ], [ 115.147092, -8.508881 ], [ 115.147299, -8.508586 ], [ 115.14739, -8.508482 ], [ 115.147641, -8.508198 ], [ 115.147824, -8.507924 ], [ 115.147944, -8.507588 ], [ 115.147901, -8.506335 ], [ 115.147971, -8.506004 ], [ 115.148179, -8.505574 ], [ 115.148441, -8.504722 ], [ 115.148674, -8.503976 ], [ 115.148857, -8.503607 ], [ 115.149114, -8.503272 ], [ 115.149307, -8.503021 ], [ 115.149502, -8.502753 ], [ 115.149508, -8.502726 ], [ 115.149902, -8.501501 ], [ 115.150168, -8.500877 ], [ 115.150324, -8.500503 ], [ 115.150604, -8.500093 ], [ 115.150667, -8.5 ], [ 115.150667, -8.5 ], [ 115.125, -8.5 ], [ 115.125, -8.5 ], [ 115.125, -8.554981 ], [ 115.125001, -8.55498 ], [ 115.125151, -8.554847 ], [ 115.125677, -8.554351 ], [ 115.125916, -8.554177 ], [ 115.126117, -8.554101 ], [ 115.126545, -8.554049 ], [ 115.126867, -8.554023 ], [ 115.127414, -8.553833 ], [ 115.127665, -8.553713 ], [ 115.127863, -8.553567 ], [ 115.127958, -8.553497 ], [ 115.128447, -8.553098 ], [ 115.128663, -8.552924 ], [ 115.128784, -8.552759 ], [ 115.128831, -8.55252 ], [ 115.128779, -8.552386 ], [ 115.128695, -8.552292 ], [ 115.128507, -8.552221 ], [ 115.128143, -8.552213 ], [ 115.127811, -8.552257 ], [ 115.127543, -8.552327 ], [ 115.12739, -8.552309 ], [ 115.127178, -8.552171 ], [ 115.127006, -8.552006 ], [ 115.126834, -8.551713 ], [ 115.126741, -8.551428 ], [ 115.126727, -8.550459 ], [ 115.126712, -8.550242 ], [ 115.126649, -8.550066 ], [ 115.1265, -8.549891 ], [ 115.126339, -8.549807 ], [ 115.126033, -8.549741 ], [ 115.125976, -8.549738 ], [ 115.125964, -8.549677 ], [ 115.125987, -8.549535 ], [ 115.126198, -8.5493 ], [ 115.126352, -8.549174 ], [ 115.126905, -8.549127 ], [ 115.127325, -8.549094 ], [ 115.127705, -8.549036 ], [ 115.12856, -8.549185 ], [ 115.128785, -8.549206 ], [ 115.129028, -8.549152 ], [ 115.129092, -8.549121 ], [ 115.129524, -8.548741 ], [ 115.129698, -8.548614 ], [ 115.130576, -8.548411 ], [ 115.130999, -8.548171 ], [ 115.131243, -8.548014 ], [ 115.131415, -8.547971 ], [ 115.131766, -8.548105 ], [ 115.132379, -8.548412 ], [ 115.132739, -8.548528 ], [ 115.133031, -8.548556 ], [ 115.133175, -8.548525 ], [ 115.133288, -8.548427 ], [ 115.133399, -8.548104 ], [ 115.133488, -8.547728 ], [ 115.133577, -8.547543 ], [ 115.133806, -8.547289 ], [ 115.134061, -8.547135 ], [ 115.134243, -8.547035 ], [ 115.134381, -8.546246 ], [ 115.134469, -8.545857 ], [ 115.134685, -8.545077 ], [ 115.134747, -8.544823 ], [ 115.134813, -8.544554 ], [ 115.134882, -8.544309 ], [ 115.135024, -8.544112 ], [ 115.135127, -8.544034 ], [ 115.135241, -8.544039 ], [ 115.135576, -8.544395 ], [ 115.135725, -8.544545 ], [ 115.135828, -8.544584 ], [ 115.13584, -8.544554 ], [ 115.135978, -8.544212 ], [ 115.136128, -8.543625 ] ] ] ] } },
{ "type": "Feature", "properties": { "id": 3, "fid": 3, "objectid": 4144, "namobj": "Marga", "fcode": "BA03070040", "wadmkc": "Marga", "wadmkk": "Tabanan", "wadmpr": "Bali", "jumlah_penduduk": 42898, "area_admini": 10211158.396355687 }, "geometry": { "type": "MultiPolygon", "coordinates": [ [ [ [ 115.163322, -8.538263 ], [ 115.16308, -8.537694 ], [ 115.163017, -8.53711 ], [ 115.163051, -8.536867 ], [ 115.163133, -8.536786 ], [ 115.163493, -8.536561 ], [ 115.163657, -8.536448 ], [ 115.163804, -8.536221 ], [ 115.163798, -8.535989 ], [ 115.16379, -8.535735 ], [ 115.163435, -8.534938 ], [ 115.163407, -8.534652 ], [ 115.163538, -8.534474 ], [ 115.163865, -8.534362 ], [ 115.164241, -8.53425 ], [ 115.16439, -8.534125 ], [ 115.164585, -8.53396 ], [ 115.16557, -8.532552 ], [ 115.165603, -8.532505 ], [ 115.165682, -8.532384 ], [ 115.166165, -8.531647 ], [ 115.166381, -8.531317 ], [ 115.166852, -8.530597 ], [ 115.167437, -8.53002 ], [ 115.168016, -8.529451 ], [ 115.16892, -8.528567 ], [ 115.169707, -8.527857 ], [ 115.16992, -8.527615 ], [ 115.170052, -8.527372 ], [ 115.170201, -8.526789 ], [ 115.170382, -8.526384 ], [ 115.17053, -8.526223 ], [ 115.170776, -8.525997 ], [ 115.171021, -8.52582 ], [ 115.171136, -8.52569 ], [ 115.171153, -8.525463 ], [ 115.171011, -8.524538 ], [ 115.171046, -8.523971 ], [ 115.171293, -8.523469 ], [ 115.171507, -8.523065 ], [ 115.171544, -8.522517 ], [ 115.171433, -8.521754 ], [ 115.171517, -8.5213 ], [ 115.171731, -8.52075 ], [ 115.171913, -8.520264 ], [ 115.171981, -8.519778 ], [ 115.171855, -8.518788 ], [ 115.172191, -8.518263 ], [ 115.17243, -8.517674 ], [ 115.172541, -8.517457 ], [ 115.172622, -8.517297 ], [ 115.173044, -8.516856 ], [ 115.173822, -8.516156 ], [ 115.174187, -8.515516 ], [ 115.174266, -8.515035 ], [ 115.174371, -8.514779 ], [ 115.17452, -8.514523 ], [ 115.175091, -8.513846 ], [ 115.175883, -8.512711 ], [ 115.176212, -8.51208 ], [ 115.176541, -8.511563 ], [ 115.177148, -8.510755 ], [ 115.177537, -8.51007 ], [ 115.177719, -8.509677 ], [ 115.17807, -8.508479 ], [ 115.178189, -8.507999 ], [ 115.178185, -8.507706 ], [ 115.178046, -8.507028 ], [ 115.177923, -8.505913 ], [ 115.177985, -8.505395 ], [ 115.178132, -8.504694 ], [ 115.178811, -8.503641 ], [ 115.179168, -8.503125 ], [ 115.179366, -8.50295 ], [ 115.179677, -8.502812 ], [ 115.179972, -8.502679 ], [ 115.180228, -8.5024 ], [ 115.180342, -8.502221 ], [ 115.180713, -8.501721 ], [ 115.181521, -8.50134 ], [ 115.181931, -8.501004 ], [ 115.182495, -8.500269 ], [ 115.182648, -8.5 ], [ 115.150667, -8.5 ], [ 115.150667, -8.5 ], [ 115.150604, -8.500093 ], [ 115.150324, -8.500503 ], [ 115.150168, -8.500877 ], [ 115.149902, -8.501501 ], [ 115.149508, -8.502726 ], [ 115.149502, -8.502753 ], [ 115.149307, -8.503021 ], [ 115.149114, -8.503272 ], [ 115.148857, -8.503607 ], [ 115.148674, -8.503976 ], [ 115.148441, -8.504722 ], [ 115.148179, -8.505574 ], [ 115.147971, -8.506004 ], [ 115.147901, -8.506335 ], [ 115.147944, -8.507588 ], [ 115.147824, -8.507924 ], [ 115.147641, -8.508198 ], [ 115.14739, -8.508482 ], [ 115.147299, -8.508586 ], [ 115.147092, -8.508881 ], [ 115.14692, -8.509318 ], [ 115.14662, -8.510126 ], [ 115.146188, -8.511442 ], [ 115.146008, -8.511946 ], [ 115.145504, -8.513102 ], [ 115.144767, -8.514401 ], [ 115.145208, -8.515004 ], [ 115.145689, -8.515367 ], [ 115.146762, -8.515746 ], [ 115.147541, -8.515937 ], [ 115.148131, -8.51606 ], [ 115.148721, -8.51629 ], [ 115.14915, -8.516573 ], [ 115.149564, -8.517109 ], [ 115.149709, -8.517537 ], [ 115.149652, -8.518259 ], [ 115.149188, -8.519713 ], [ 115.148928, -8.5207 ], [ 115.148972, -8.522718 ], [ 115.149211, -8.523321 ], [ 115.149685, -8.524176 ], [ 115.150508, -8.524609 ], [ 115.151017, -8.52508 ], [ 115.151363, -8.525736 ], [ 115.151933, -8.527315 ], [ 115.152517, -8.528881 ], [ 115.153154, -8.530448 ], [ 115.153754, -8.531372 ], [ 115.154769, -8.5327 ], [ 115.155665, -8.533519 ], [ 115.15642, -8.533773 ], [ 115.157433, -8.534623 ], [ 115.158023, -8.534773 ], [ 115.158681, -8.534843 ], [ 115.159191, -8.534966 ], [ 115.159714, -8.535289 ], [ 115.160272, -8.536467 ], [ 115.160952, -8.53758 ], [ 115.161474, -8.538077 ], [ 115.162318, -8.538602 ], [ 115.162747, -8.538751 ], [ 115.162957, -8.538751 ], [ 115.163361, -8.538751 ], [ 115.163322, -8.538263 ] ] ] ] } },
{ "type": "Feature", "properties": { "id": 2, "fid": 2, "objectid": 4143, "namobj": "Kediri", "fcode": "BA03070040", "wadmkc": "Kediri", "wadmkk": "Tabanan", "wadmpr": "Bali", "jumlah_penduduk": 90491, "area_admini": 28745527.394248608 }, "geometry": { "type": "MultiPolygon", "coordinates": [ [ [ [ 115.162425, -8.544327 ], [ 115.162419, -8.544251 ], [ 115.16264, -8.543611 ], [ 115.162709, -8.543045 ], [ 115.162666, -8.542223 ], [ 115.163033, -8.540716 ], [ 115.163264, -8.53969 ], [ 115.163418, -8.539204 ], [ 115.163368, -8.538831 ], [ 115.163361, -8.538751 ], [ 115.162957, -8.538751 ], [ 115.162747, -8.538751 ], [ 115.162318, -8.538602 ], [ 115.161474, -8.538077 ], [ 115.160952, -8.53758 ], [ 115.160272, -8.536467 ], [ 115.159714, -8.535289 ], [ 115.159191, -8.534966 ], [ 115.158681, -8.534843 ], [ 115.158023, -8.534773 ], [ 115.157433, -8.534623 ], [ 115.15642, -8.533773 ], [ 115.155665, -8.533519 ], [ 115.154769, -8.5327 ], [ 115.153754, -8.531372 ], [ 115.153154, -8.530448 ], [ 115.152517, -8.528881 ], [ 115.151933, -8.527315 ], [ 115.151363, -8.525736 ], [ 115.151017, -8.52508 ], [ 115.150508, -8.524609 ], [ 115.149685, -8.524176 ], [ 115.149211, -8.523321 ], [ 115.148972, -8.522718 ], [ 115.148928, -8.5207 ], [ 115.149188, -8.519713 ], [ 115.149652, -8.518259 ], [ 115.149709, -8.517537 ], [ 115.149564, -8.517109 ], [ 115.14915, -8.516573 ], [ 115.148721, -8.51629 ], [ 115.148131, -8.51606 ], [ 115.147541, -8.515937 ], [ 115.146762, -8.515746 ], [ 115.145689, -8.515367 ], [ 115.145208, -8.515004 ], [ 115.144767, -8.514401 ], [ 115.144534, -8.514813 ], [ 115.144394, -8.51506 ], [ 115.144101, -8.515739 ], [ 115.143824, -8.516608 ], [ 115.143592, -8.517069 ], [ 115.143137, -8.517814 ], [ 115.142729, -8.51846 ], [ 115.141995, -8.519719 ], [ 115.141593, -8.520423 ], [ 115.141163, -8.521444 ], [ 115.140905, -8.522009 ], [ 115.140633, -8.522587 ], [ 115.140409, -8.523063 ], [ 115.139809, -8.525071 ], [ 115.139686, -8.525265 ], [ 115.139493, -8.525409 ], [ 115.139489, -8.525411 ], [ 115.138997, -8.525694 ], [ 115.138883, -8.525892 ], [ 115.138471, -8.526729 ], [ 115.138336, -8.526973 ], [ 115.138274, -8.527235 ], [ 115.138282, -8.527586 ], [ 115.138304, -8.528194 ], [ 115.138227, -8.528355 ], [ 115.138205, -8.528401 ], [ 115.138051, -8.528535 ], [ 115.137878, -8.528705 ], [ 115.13781, -8.528862 ], [ 115.137838, -8.529022 ], [ 115.138108, -8.529856 ], [ 115.138079, -8.530117 ], [ 115.137987, -8.530398 ], [ 115.137762, -8.530821 ], [ 115.137418, -8.531434 ], [ 115.137366, -8.531891 ], [ 115.137422, -8.532243 ], [ 115.137521, -8.53288 ], [ 115.137664, -8.533932 ], [ 115.137926, -8.534659 ], [ 115.138277, -8.53543 ], [ 115.138528, -8.536073 ], [ 115.138639, -8.536653 ], [ 115.138612, -8.537038 ], [ 115.138497, -8.537245 ], [ 115.138192, -8.537809 ], [ 115.138151, -8.537987 ], [ 115.13811, -8.538168 ], [ 115.138138, -8.538405 ], [ 115.138252, -8.538642 ], [ 115.138516, -8.538991 ], [ 115.138849, -8.539451 ], [ 115.138957, -8.53974 ], [ 115.138966, -8.539971 ], [ 115.138905, -8.540176 ], [ 115.138699, -8.540613 ], [ 115.138428, -8.541027 ], [ 115.138233, -8.541197 ], [ 115.137882, -8.541455 ], [ 115.137509, -8.541729 ], [ 115.137327, -8.542026 ], [ 115.136731, -8.543057 ], [ 115.13654, -8.543134 ], [ 115.136337, -8.543246 ], [ 115.136211, -8.543392 ], [ 115.136128, -8.543625 ], [ 115.135978, -8.544212 ], [ 115.13584, -8.544554 ], [ 115.135828, -8.544584 ], [ 115.135725, -8.544545 ], [ 115.135576, -8.544395 ], [ 115.135241, -8.544039 ], [ 115.135127, -8.544034 ], [ 115.135024, -8.544112 ], [ 115.134882, -8.544309 ], [ 115.134813, -8.544554 ], [ 115.134747, -8.544823 ], [ 115.134685, -8.545077 ], [ 115.134469, -8.545857 ], [ 115.134381, -8.546246 ], [ 115.134243, -8.547035 ], [ 115.134061, -8.547135 ], [ 115.133806, -8.547289 ], [ 115.133577, -8.547543 ], [ 115.133488, -8.547728 ], [ 115.133399, -8.548104 ], [ 115.133288, -8.548427 ], [ 115.133175, -8.548525 ], [ 115.133031, -8.548556 ], [ 115.132739, -8.548528 ], [ 115.132379, -8.548412 ], [ 115.131766, -8.548105 ], [ 115.131415, -8.547971 ], [ 115.131243, -8.548014 ], [ 115.130999, -8.548171 ], [ 115.130576, -8.548411 ], [ 115.129698, -8.548614 ], [ 115.129524, -8.548741 ], [ 115.129092, -8.549121 ], [ 115.129028, -8.549152 ], [ 115.128785, -8.549206 ], [ 115.12856, -8.549185 ], [ 115.127705, -8.549036 ], [ 115.127325, -8.549094 ], [ 115.126905, -8.549127 ], [ 115.126352, -8.549174 ], [ 115.126198, -8.5493 ], [ 115.125987, -8.549535 ], [ 115.125964, -8.549677 ], [ 115.125976, -8.549738 ], [ 115.126033, -8.549741 ], [ 115.126339, -8.549807 ], [ 115.1265, -8.549891 ], [ 115.126649, -8.550066 ], [ 115.126712, -8.550242 ], [ 115.126727, -8.550459 ], [ 115.126741, -8.551428 ], [ 115.126834, -8.551713 ], [ 115.127006, -8.552006 ], [ 115.127178, -8.552171 ], [ 115.12739, -8.552309 ], [ 115.127543, -8.552327 ], [ 115.127811, -8.552257 ], [ 115.128143, -8.552213 ], [ 115.128507, -8.552221 ], [ 115.128695, -8.552292 ], [ 115.128779, -8.552386 ], [ 115.128831, -8.55252 ], [ 115.128784, -8.552759 ], [ 115.128663, -8.552924 ], [ 115.128447, -8.553098 ], [ 115.127958, -8.553497 ], [ 115.127863, -8.553567 ], [ 115.127665, -8.553713 ], [ 115.127414, -8.553833 ], [ 115.126867, -8.554023 ], [ 115.126545, -8.554049 ], [ 115.126117, -8.554101 ], [ 115.125916, -8.554177 ], [ 115.125677, -8.554351 ], [ 115.125151, -8.554847 ], [ 115.125001, -8.55498 ], [ 115.125, -8.554981 ], [ 115.125, -8.609241 ], [ 115.125102, -8.609254 ], [ 115.125509, -8.609266 ], [ 115.125699, -8.609289 ], [ 115.125892, -8.609314 ], [ 115.126217, -8.60931 ], [ 115.126476, -8.609307 ], [ 115.126851, -8.609217 ], [ 115.127064, -8.609131 ], [ 115.127426, -8.608857 ], [ 115.127464, -8.608829 ], [ 115.127831, -8.608578 ], [ 115.128083, -8.608405 ], [ 115.128867, -8.60805 ], [ 115.129178, -8.607997 ], [ 115.129543, -8.608018 ], [ 115.130181, -8.608098 ], [ 115.130583, -8.608247 ], [ 115.130842, -8.608373 ], [ 115.131402, -8.608475 ], [ 115.132445, -8.608377 ], [ 115.132764, -8.608342 ], [ 115.133002, -8.608331 ], [ 115.133259, -8.608426 ], [ 115.133451, -8.608603 ], [ 115.133803, -8.609112 ], [ 115.134083, -8.609342 ], [ 115.134246, -8.609394 ], [ 115.134586, -8.609344 ], [ 115.13475, -8.609264 ], [ 115.135042, -8.609036 ], [ 115.135284, -8.608833 ], [ 115.13544, -8.608745 ], [ 115.135721, -8.60873 ], [ 115.136009, -8.608726 ], [ 115.136469, -8.608728 ], [ 115.136941, -8.608796 ], [ 115.137208, -8.608835 ], [ 115.137408, -8.608808 ], [ 115.137421, -8.608859 ], [ 115.137456, -8.608987 ], [ 115.137463, -8.609012 ], [ 115.137567, -8.609393 ], [ 115.137599, -8.609511 ], [ 115.13739, -8.609609 ], [ 115.137039, -8.609717 ], [ 115.136628, -8.609804 ], [ 115.136266, -8.609896 ], [ 115.136119, -8.609903 ], [ 115.136049, -8.609906 ], [ 115.136531, -8.610703 ], [ 115.136839, -8.610585 ], [ 115.137161, -8.611024 ], [ 115.135641, -8.611756 ], [ 115.135013, -8.611365 ], [ 115.134517, -8.611224 ], [ 115.134148, -8.612581 ], [ 115.134127, -8.612739 ], [ 115.133683, -8.612833 ], [ 115.133518, -8.613325 ], [ 115.133477, -8.613445 ], [ 115.134621, -8.61388 ], [ 115.134864, -8.614236 ], [ 115.13541, -8.61439 ], [ 115.136027, -8.614721 ], [ 115.136286, -8.614909 ], [ 115.136656, -8.61498 ], [ 115.138345, -8.615681 ], [ 115.138197, -8.61833 ], [ 115.138194, -8.618379 ], [ 115.139488, -8.617342 ], [ 115.139979, -8.616884 ], [ 115.140085, -8.616689 ], [ 115.140093, -8.616442 ], [ 115.139938, -8.615913 ], [ 115.139762, -8.614519 ], [ 115.139843, -8.614069 ], [ 115.140015, -8.613653 ], [ 115.140661, -8.612932 ], [ 115.140879, -8.612621 ], [ 115.140783, -8.612473 ], [ 115.140875, -8.610959 ], [ 115.142006, -8.609179 ], [ 115.142197, -8.609008 ], [ 115.142954, -8.609324 ], [ 115.143725, -8.61093 ], [ 115.146916, -8.607328 ], [ 115.14868, -8.606 ], [ 115.149199, -8.606165 ], [ 115.150647, -8.606935 ], [ 115.150708, -8.606398 ], [ 115.15039, -8.605447 ], [ 115.149534, -8.604208 ], [ 115.149488, -8.603245 ], [ 115.149817, -8.602838 ], [ 115.15, -8.602535 ], [ 115.15, -8.601683 ], [ 115.150273, -8.601414 ], [ 115.150801, -8.601342 ], [ 115.151567, -8.601232 ], [ 115.152149, -8.601006 ], [ 115.153348, -8.601013 ], [ 115.154345, -8.601166 ], [ 115.154893, -8.60127 ], [ 115.15521, -8.601235 ], [ 115.155229, -8.60121 ], [ 115.155503, -8.600861 ], [ 115.155884, -8.600423 ], [ 115.155999, -8.599943 ], [ 115.156213, -8.599321 ], [ 115.156385, -8.598809 ], [ 115.156702, -8.598087 ], [ 115.156707, -8.598074 ], [ 115.156706, -8.598074 ], [ 115.155724, -8.597447 ], [ 115.155613, -8.597213 ], [ 115.155116, -8.596421 ], [ 115.155122, -8.595163 ], [ 115.155475, -8.594334 ], [ 115.155597, -8.594047 ], [ 115.155598, -8.592683 ], [ 115.155598, -8.592679 ], [ 115.153607, -8.592585 ], [ 115.152201, -8.592646 ], [ 115.151589, -8.592345 ], [ 115.151216, -8.592043 ], [ 115.151025, -8.591464 ], [ 115.150884, -8.591057 ], [ 115.150752, -8.590803 ], [ 115.15059, -8.59064 ], [ 115.150458, -8.590538 ], [ 115.150346, -8.590517 ], [ 115.150213, -8.590547 ], [ 115.150008, -8.590627 ], [ 115.149837, -8.590664 ], [ 115.149825, -8.590667 ], [ 115.149549, -8.590665 ], [ 115.149406, -8.590634 ], [ 115.149224, -8.590481 ], [ 115.149113, -8.590156 ], [ 115.149075, -8.589558 ], [ 115.149039, -8.588614 ], [ 115.149104, -8.58785 ], [ 115.1492, -8.586721 ], [ 115.149335, -8.586062 ], [ 115.149511, -8.585617 ], [ 115.149914, -8.584665 ], [ 115.150265, -8.583827 ], [ 115.150482, -8.58327 ], [ 115.150525, -8.582966 ], [ 115.150485, -8.582682 ], [ 115.150293, -8.582306 ], [ 115.150112, -8.581828 ], [ 115.150043, -8.581311 ], [ 115.150044, -8.580951 ], [ 115.150044, -8.580949 ], [ 115.150044, -8.580886 ], [ 115.150183, -8.580704 ], [ 115.150311, -8.580431 ], [ 115.150437, -8.579798 ], [ 115.150464, -8.579667 ], [ 115.150556, -8.579519 ], [ 115.151247, -8.579054 ], [ 115.151454, -8.579021 ], [ 115.151729, -8.579038 ], [ 115.152028, -8.579127 ], [ 115.152269, -8.579128 ], [ 115.152453, -8.578889 ], [ 115.152466, -8.578867 ], [ 115.152604, -8.578616 ], [ 115.152917, -8.578273 ], [ 115.153228, -8.577939 ], [ 115.153447, -8.577695 ], [ 115.153553, -8.57747 ], [ 115.15353, -8.577136 ], [ 115.153335, -8.576912 ], [ 115.153152, -8.576692 ], [ 115.152974, -8.576454 ], [ 115.152879, -8.576288 ], [ 115.152815, -8.575352 ], [ 115.152661, -8.574405 ], [ 115.152661, -8.574125 ], [ 115.152805, -8.573801 ], [ 115.152941, -8.573585 ], [ 115.153045, -8.573334 ], [ 115.153093, -8.572969 ], [ 115.153208, -8.572707 ], [ 115.153382, -8.572548 ], [ 115.15382, -8.572219 ], [ 115.154005, -8.57198 ], [ 115.154109, -8.571707 ], [ 115.154158, -8.571378 ], [ 115.154277, -8.57109 ], [ 115.1544, -8.570909 ], [ 115.154599, -8.570646 ], [ 115.154689, -8.570477 ], [ 115.154683, -8.569715 ], [ 115.154843, -8.569269 ], [ 115.155147, -8.568644 ], [ 115.155228, -8.568416 ], [ 115.155552, -8.568075 ], [ 115.155736, -8.567985 ], [ 115.155839, -8.567917 ], [ 115.155909, -8.567769 ], [ 115.155917, -8.567727 ], [ 115.155944, -8.567586 ], [ 115.155957, -8.567324 ], [ 115.15597, -8.567251 ], [ 115.155992, -8.56713 ], [ 115.156085, -8.566925 ], [ 115.156235, -8.56672 ], [ 115.156351, -8.566492 ], [ 115.156364, -8.566333 ], [ 115.156228, -8.565784 ], [ 115.15604, -8.565612 ], [ 115.15584, -8.565474 ], [ 115.155772, -8.565386 ], [ 115.155853, -8.565238 ], [ 115.156026, -8.565034 ], [ 115.156603, -8.5645 ], [ 115.156664, -8.564438 ], [ 115.156972, -8.564125 ], [ 115.157443, -8.563885 ], [ 115.15764, -8.563751 ], [ 115.15779, -8.563581 ], [ 115.157868, -8.562904 ], [ 115.157997, -8.56243 ], [ 115.158039, -8.562276 ], [ 115.158154, -8.561722 ], [ 115.15837, -8.561449 ], [ 115.158745, -8.560997 ], [ 115.158931, -8.560701 ], [ 115.159093, -8.560245 ], [ 115.159143, -8.559412 ], [ 115.159191, -8.559203 ], [ 115.159216, -8.559094 ], [ 115.159221, -8.559069 ], [ 115.159261, -8.558894 ], [ 115.159288, -8.558807 ], [ 115.159359, -8.558581 ], [ 115.159265, -8.558392 ], [ 115.159174, -8.558236 ], [ 115.159171, -8.558231 ], [ 115.159168, -8.558045 ], [ 115.159211, -8.557797 ], [ 115.15941, -8.557429 ], [ 115.159546, -8.557147 ], [ 115.159587, -8.556628 ], [ 115.159599, -8.555977 ], [ 115.159642, -8.555837 ], [ 115.159744, -8.555506 ], [ 115.159889, -8.554734 ], [ 115.160046, -8.554439 ], [ 115.160338, -8.554188 ], [ 115.160576, -8.553878 ], [ 115.160749, -8.553652 ], [ 115.160826, -8.553445 ], [ 115.160865, -8.553171 ], [ 115.161154, -8.552304 ], [ 115.161268, -8.55217 ], [ 115.161519, -8.551849 ], [ 115.161909, -8.551336 ], [ 115.161986, -8.551006 ], [ 115.16204, -8.550531 ], [ 115.16208, -8.550074 ], [ 115.162145, -8.549646 ], [ 115.162349, -8.548448 ], [ 115.162538, -8.547749 ], [ 115.16266, -8.547253 ], [ 115.162671, -8.54696 ], [ 115.162343, -8.5461 ], [ 115.162307, -8.545686 ], [ 115.162453, -8.545126 ], [ 115.162464, -8.544769 ], [ 115.162425, -8.544327 ] ] ] ] } },
{ "type": "Feature", "properties": { "id": 12, "fid": 12, "objectid": 4157, "namobj": "Tampaksiring", "fcode": "BA03070040", "wadmkc": "Tampaksiring", "wadmkk": "Gianyar", "wadmpr": "Bali", "jumlah_penduduk": 50864, "area_admini": 6365505.1376786986 }, "geometry": { "type": "MultiPolygon", "coordinates": [ [ [ [ 115.307104, -8.518223 ], [ 115.306976, -8.517916 ], [ 115.306853, -8.517764 ], [ 115.306596, -8.517621 ], [ 115.306184, -8.517552 ], [ 115.305976, -8.517513 ], [ 115.305816, -8.517437 ], [ 115.305654, -8.517217 ], [ 115.305486, -8.516692 ], [ 115.305372, -8.516152 ], [ 115.3053, -8.515711 ], [ 115.305212, -8.515495 ], [ 115.304935, -8.515187 ], [ 115.304908, -8.515156 ], [ 115.304028, -8.514642 ], [ 115.303721, -8.514474 ], [ 115.30357, -8.514333 ], [ 115.303488, -8.514164 ], [ 115.30346, -8.513961 ], [ 115.303741, -8.513345 ], [ 115.304018, -8.512913 ], [ 115.304132, -8.512704 ], [ 115.304184, -8.512435 ], [ 115.304182, -8.512179 ], [ 115.304134, -8.511988 ], [ 115.304032, -8.511827 ], [ 115.303679, -8.511606 ], [ 115.303459, -8.511457 ], [ 115.303352, -8.5113 ], [ 115.303305, -8.511063 ], [ 115.303326, -8.510854 ], [ 115.303332, -8.510798 ], [ 115.303429, -8.510396 ], [ 115.303439, -8.510181 ], [ 115.303134, -8.509598 ], [ 115.303101, -8.509537 ], [ 115.302987, -8.509322 ], [ 115.302938, -8.509021 ], [ 115.302975, -8.508693 ], [ 115.303136, -8.508285 ], [ 115.303141, -8.508278 ], [ 115.303351, -8.507972 ], [ 115.303538, -8.507698 ], [ 115.303728, -8.507395 ], [ 115.304094, -8.506468 ], [ 115.304134, -8.506374 ], [ 115.304346, -8.50611 ], [ 115.304699, -8.505591 ], [ 115.305445, -8.504589 ], [ 115.305989, -8.503849 ], [ 115.306993, -8.502592 ], [ 115.307305, -8.502196 ], [ 115.307486, -8.501853 ], [ 115.307604, -8.501456 ], [ 115.307627, -8.501209 ], [ 115.307366, -8.500219 ], [ 115.307224, -8.500001 ], [ 115.307223, -8.5 ], [ 115.281404, -8.5 ], [ 115.281185, -8.500258 ], [ 115.280862, -8.500686 ], [ 115.280686, -8.501011 ], [ 115.280356, -8.502272 ], [ 115.280219, -8.502732 ], [ 115.280038, -8.503207 ], [ 115.279961, -8.503605 ], [ 115.279893, -8.504592 ], [ 115.279898, -8.504959 ], [ 115.279976, -8.505389 ], [ 115.280241, -8.505908 ], [ 115.280357, -8.506141 ], [ 115.280372, -8.506334 ], [ 115.280262, -8.506608 ], [ 115.280103, -8.506894 ], [ 115.280031, -8.507266 ], [ 115.279995, -8.507507 ], [ 115.279908, -8.507621 ], [ 115.279686, -8.507916 ], [ 115.279596, -8.508032 ], [ 115.279528, -8.508386 ], [ 115.279439, -8.508622 ], [ 115.27943, -8.508638 ], [ 115.279121, -8.508992 ], [ 115.278952, -8.509207 ], [ 115.278869, -8.509516 ], [ 115.278812, -8.510049 ], [ 115.278769, -8.510429 ], [ 115.27885, -8.510932 ], [ 115.278906, -8.511387 ], [ 115.278971, -8.512054 ], [ 115.279012, -8.513695 ], [ 115.279178, -8.514852 ], [ 115.279238, -8.515379 ], [ 115.279104, -8.516034 ], [ 115.279055, -8.516292 ], [ 115.279081, -8.516463 ], [ 115.279344, -8.516745 ], [ 115.27962, -8.516928 ], [ 115.280317, -8.517414 ], [ 115.280882, -8.517701 ], [ 115.281156, -8.51784 ], [ 115.281422, -8.518109 ], [ 115.281728, -8.518828 ], [ 115.281743, -8.518908 ], [ 115.281828, -8.519163 ], [ 115.281961, -8.519355 ], [ 115.28209, -8.519427 ], [ 115.282183, -8.519439 ], [ 115.282352, -8.519491 ], [ 115.282508, -8.519617 ], [ 115.282618, -8.519834 ], [ 115.282621, -8.519859 ], [ 115.282677, -8.520412 ], [ 115.282668, -8.520704 ], [ 115.282627, -8.521128 ], [ 115.282631, -8.52139 ], [ 115.282704, -8.521559 ], [ 115.283094, -8.521797 ], [ 115.283671, -8.52198 ], [ 115.283874, -8.522046 ], [ 115.284278, -8.522177 ], [ 115.284817, -8.522388 ], [ 115.285099, -8.522505 ], [ 115.28544, -8.522584 ], [ 115.285587, -8.522576 ], [ 115.285855, -8.522184 ], [ 115.285995, -8.52198 ], [ 115.286189, -8.521667 ], [ 115.286303, -8.521404 ], [ 115.286333, -8.521206 ], [ 115.286121, -8.520724 ], [ 115.286046, -8.520533 ], [ 115.286056, -8.520409 ], [ 115.286392, -8.520132 ], [ 115.286551, -8.519994 ], [ 115.286585, -8.519925 ], [ 115.286627, -8.519888 ], [ 115.286676, -8.519892 ], [ 115.286711, -8.519876 ], [ 115.286779, -8.519821 ], [ 115.28689, -8.519623 ], [ 115.286917, -8.519613 ], [ 115.286959, -8.519583 ], [ 115.286985, -8.519564 ], [ 115.287104, -8.519449 ], [ 115.287203, -8.519318 ], [ 115.287279, -8.519171 ], [ 115.287313, -8.519127 ], [ 115.287344, -8.519108 ], [ 115.287447, -8.519024 ], [ 115.287592, -8.518892 ], [ 115.287668, -8.518864 ], [ 115.287722, -8.518837 ], [ 115.288293, -8.51884 ], [ 115.28874, -8.518811 ], [ 115.289043, -8.518736 ], [ 115.289429, -8.518746 ], [ 115.289431, -8.518513 ], [ 115.289631, -8.518499 ], [ 115.289926, -8.518527 ], [ 115.290159, -8.518675 ], [ 115.290745, -8.518694 ], [ 115.291016, -8.518713 ], [ 115.291331, -8.518753 ], [ 115.291653, -8.518795 ], [ 115.292164, -8.518908 ], [ 115.292682, -8.518991 ], [ 115.292985, -8.518819 ], [ 115.293401, -8.51892 ], [ 115.294106, -8.519183 ], [ 115.294646, -8.51925 ], [ 115.294674, -8.519241 ], [ 115.294731, -8.518631 ], [ 115.295181, -8.518688 ], [ 115.295609, -8.518716 ], [ 115.295923, -8.518745 ], [ 115.296295, -8.518824 ], [ 115.296794, -8.518888 ], [ 115.297408, -8.519002 ], [ 115.297879, -8.519166 ], [ 115.298301, -8.519223 ], [ 115.298615, -8.519238 ], [ 115.298822, -8.519316 ], [ 115.299121, -8.519502 ], [ 115.299593, -8.519987 ], [ 115.300497, -8.521014 ], [ 115.300472, -8.521219 ], [ 115.300538, -8.521997 ], [ 115.3006, -8.522239 ], [ 115.30084, -8.523183 ], [ 115.30102, -8.523327 ], [ 115.301188, -8.52336 ], [ 115.3017, -8.523454 ], [ 115.302023, -8.523475 ], [ 115.303307, -8.523366 ], [ 115.303817, -8.523362 ], [ 115.304396, -8.523356 ], [ 115.305112, -8.523348 ], [ 115.30521, -8.52331 ], [ 115.305478, -8.523262 ], [ 115.30597, -8.523273 ], [ 115.306124, -8.523284 ], [ 115.306575, -8.523317 ], [ 115.306623, -8.52332 ], [ 115.306818, -8.523391 ], [ 115.306933, -8.52295 ], [ 115.307027, -8.522609 ], [ 115.306992, -8.521748 ], [ 115.307007, -8.521616 ], [ 115.307272, -8.521359 ], [ 115.307538, -8.521184 ], [ 115.308047, -8.521122 ], [ 115.308179, -8.521096 ], [ 115.308281, -8.520968 ], [ 115.308315, -8.520777 ], [ 115.308214, -8.520295 ], [ 115.308118, -8.51997 ], [ 115.307971, -8.519696 ], [ 115.307794, -8.519431 ], [ 115.307778, -8.519405 ], [ 115.307407, -8.51881 ], [ 115.307317, -8.518687 ], [ 115.307255, -8.518553 ], [ 115.307253, -8.518548 ], [ 115.307104, -8.518223 ] ] ] ] } }
]
}
