{
"type": "FeatureCollection",
"name": "health_timezone",
"crs": { "type": "name", "properties": { "name": "urn:ogc:def:crs:OGC:1.3:CRS84" } },
"xy_coordinate_resolution": 1e-06,
"features": [
{ "type": "Feature", "properties": { "fid": 1, "CENTER_LON": "115.17819262690887", "CENTER_LAT": "-8.737364428182666", "AA_MINS": 15, "AA_MODE": "driving-car", "TOTAL_POP": "1588353", "layer": "Dissolved", "path": "MultiPolygon?crs=EPSG:32750&field=fid:long(0,0)&field=ID:string(0,0)&field=CENTER_LON:string(0,0)&field=CENTER_LAT:string(0,0)&field=AA_MINS:integer(0,0)&field=AA_MODE:string(0,0)&field=TOTAL_POP:string(0,0)&uid={168bcaee-d8fa-4710-afce-405c8c27ed45}" }, "geometry": { "type": "MultiPolygon", "coordinates": [ [ [ [ 115.22107, -8.752966 ], [ 115.22127, -8.753262 ], [ 115.221392, -8.753454 ], [ 115.222025, -8.754404 ], [ 115.222294, -8.75515 ], [ 115.222349, -8.755444 ], [ 115.222349, -8.755492 ], [ 115.222353, -8.75653 ], [ 115.222391, -8.757133 ], [ 115.222622, -8.758265 ], [ 115.222796, -8.758796 ], [ 115.222882, -8.759058 ], [ 115.223069, -8.759423 ], [ 115.223096, -8.759465 ], [ 115.222976, -8.760899 ], [ 115.22302, -8.761955 ], [ 115.223211, -8.763605 ], [ 115.223824, -8.764031 ], [ 115.223838, -8.764405 ], [ 115.223747, -8.764687 ], [ 115.223657, -8.764969 ], [ 115.2236, -8.765326 ], [ 115.22364, -8.765641 ], [ 115.223744, -8.766395 ], [ 115.223666, -8.766964 ], [ 115.223684, -8.767211 ], [ 115.223696, -8.767387 ], [ 115.223797, -8.768003 ], [ 115.223809, -8.76867 ], [ 115.223813, -8.768931 ], [ 115.223866, -8.769478 ], [ 115.223643, -8.772431 ], [ 115.223592, -8.766906 ], [ 115.223527, -8.766832 ], [ 115.222487, -8.765663 ], [ 115.222178, -8.765315 ], [ 115.222144, -8.765308 ], [ 115.221607, -8.765355 ], [ 115.221478, -8.765366 ], [ 115.22001, -8.766547 ], [ 115.219976, -8.766888 ], [ 115.219406, -8.769979 ], [ 115.219291, -8.771146 ], [ 115.219305, -8.771326 ], [ 115.21934, -8.771565 ], [ 115.219378, -8.771742 ], [ 115.219811, -8.773705 ], [ 115.219827, -8.774169 ], [ 115.219322, -8.776845 ], [ 115.219135, -8.777809 ], [ 115.219124, -8.777861 ], [ 115.21902, -8.778142 ], [ 115.218975, -8.77926 ], [ 115.219722, -8.780327 ], [ 115.219808, -8.783404 ], [ 115.215936, -8.781945 ], [ 115.215614, -8.780614 ], [ 115.215267, -8.779497 ], [ 115.215148, -8.779115 ], [ 115.215079, -8.778962 ], [ 115.21484, -8.778431 ], [ 115.214573, -8.77808 ], [ 115.214363, -8.777709 ], [ 115.214214, -8.777246 ], [ 115.214005, -8.77629 ], [ 115.213963, -8.775824 ], [ 115.213998, -8.775644 ], [ 115.218349, -8.77452 ], [ 115.218352, -8.773573 ], [ 115.217632, -8.771969 ], [ 115.217604, -8.771397 ], [ 115.217476, -8.770764 ], [ 115.217256, -8.770078 ], [ 115.216944, -8.769448 ], [ 115.216517, -8.768643 ], [ 115.216506, -8.768622 ], [ 115.216371, -8.768181 ], [ 115.216268, -8.767862 ], [ 115.21617, -8.767556 ], [ 115.215593, -8.765854 ], [ 115.215593, -8.765827 ], [ 115.215591, -8.765457 ], [ 115.215627, -8.764492 ], [ 115.215709, -8.763812 ], [ 115.215815, -8.763277 ], [ 115.215904, -8.762812 ], [ 115.215926, -8.762339 ], [ 115.215959, -8.760781 ], [ 115.216056, -8.760528 ], [ 115.216231, -8.760319 ], [ 115.216389, -8.760234 ], [ 115.216566, -8.76022 ], [ 115.216917, -8.76018 ], [ 115.217132, -8.760083 ], [ 115.217274, -8.759944 ], [ 115.21732, -8.759811 ], [ 115.21728, -8.759635 ], [ 115.217146, -8.759305 ], [ 115.217047, -8.759009 ], [ 115.217028, -8.758952 ], [ 115.216986, -8.758796 ], [ 115.216926, -8.758575 ], [ 115.216751, -8.757932 ], [ 115.216579, -8.757683 ], [ 115.216453, -8.757577 ], [ 115.216279, -8.757527 ], [ 115.216134, -8.75748 ], [ 115.215876, -8.756439 ], [ 115.216029, -8.756059 ], [ 115.216265, -8.755612 ], [ 115.216379, -8.755162 ], [ 115.216482, -8.754763 ], [ 115.216806, -8.753747 ], [ 115.216969, -8.753429 ], [ 115.217715, -8.75276 ], [ 115.218259, -8.752394 ], [ 115.21837, -8.752404 ], [ 115.218408, -8.75244 ], [ 115.218701, -8.752701 ], [ 115.219068, -8.752863 ], [ 115.219382, -8.752949 ], [ 115.219538, -8.752799 ], [ 115.219753, -8.752773 ], [ 115.219981, -8.752868 ], [ 115.220372, -8.752722 ], [ 115.220748, -8.752804 ], [ 115.22107, -8.752966 ] ] ], [ [ [ 115.226772, -8.784439 ], [ 115.226853, -8.784721 ], [ 115.226919, -8.784982 ], [ 115.226921, -8.78499 ], [ 115.227033, -8.785573 ], [ 115.227113, -8.785632 ], [ 115.226336, -8.785389 ], [ 115.225362, -8.78341 ], [ 115.224804, -8.782278 ], [ 115.22452, -8.778718 ], [ 115.226671, -8.78425 ], [ 115.226751, -8.784302 ], [ 115.226753, -8.784374 ], [ 115.226772, -8.784439 ] ] ], [ [ [ 115.227549, -8.785672 ], [ 115.227654, -8.785595 ], [ 115.227787, -8.785595 ], [ 115.227854, -8.785767 ], [ 115.227921, -8.786119 ], [ 115.228082, -8.786452 ], [ 115.228244, -8.786719 ], [ 115.228463, -8.787023 ], [ 115.228806, -8.787109 ], [ 115.229129, -8.787042 ], [ 115.229205, -8.78688 ], [ 115.229215, -8.786671 ], [ 115.229251, -8.786609 ], [ 115.230245, -8.789911 ], [ 115.230937, -8.790895 ], [ 115.23084, -8.790788 ], [ 115.230582, -8.790587 ], [ 115.230578, -8.790578 ], [ 115.230286, -8.790074 ], [ 115.229941, -8.789479 ], [ 115.227286, -8.785758 ], [ 115.227454, -8.785776 ], [ 115.227549, -8.785672 ] ] ], [ [ [ 115.224905, -8.818451 ], [ 115.225005, -8.818558 ], [ 115.225159, -8.818573 ], [ 115.225254, -8.819194 ], [ 115.225177, -8.819507 ], [ 115.22503, -8.819884 ], [ 115.22488, -8.820084 ], [ 115.224695, -8.820216 ], [ 115.223884, -8.820779 ], [ 115.22369, -8.821014 ], [ 115.223255, -8.821661 ], [ 115.222947, -8.822117 ], [ 115.222615, -8.822727 ], [ 115.222427, -8.823238 ], [ 115.222212, -8.823904 ], [ 115.221997, -8.824311 ], [ 115.221997, -8.824312 ], [ 115.221517, -8.825184 ], [ 115.22077, -8.826713 ], [ 115.220664, -8.827105 ], [ 115.220236, -8.828776 ], [ 115.220005, -8.82938 ], [ 115.217999, -8.832481 ], [ 115.214484, -8.834055 ], [ 115.212194, -8.834893 ], [ 115.211788, -8.835018 ], [ 115.209859, -8.835877 ], [ 115.208685, -8.836378 ], [ 115.208237, -8.836511 ], [ 115.20609, -8.837202 ], [ 115.204411, -8.837779 ], [ 115.203782, -8.838461 ], [ 115.202575, -8.839826 ], [ 115.200739, -8.840717 ], [ 115.19864, -8.841452 ], [ 115.193447, -8.842501 ], [ 115.190194, -8.843288 ], [ 115.188043, -8.845229 ], [ 115.185315, -8.845859 ], [ 115.179112, -8.847191 ], [ 115.179053, -8.847195 ], [ 115.178579, -8.847218 ], [ 115.178414, -8.847251 ], [ 115.178246, -8.847284 ], [ 115.17788, -8.847436 ], [ 115.177621, -8.84759 ], [ 115.17762, -8.84759 ], [ 115.17762, -8.847591 ], [ 115.177475, -8.847677 ], [ 115.177303, -8.847743 ], [ 115.177187, -8.847787 ], [ 115.17715, -8.84779 ], [ 115.176772, -8.847826 ], [ 115.17652, -8.847831 ], [ 115.1763, -8.847836 ], [ 115.17602, -8.847884 ], [ 115.175755, -8.847929 ], [ 115.175208, -8.848067 ], [ 115.175163, -8.848073 ], [ 115.174928, -8.848102 ], [ 115.174801, -8.848085 ], [ 115.17464, -8.848063 ], [ 115.174292, -8.847958 ], [ 115.174197, -8.847929 ], [ 115.174065, -8.847917 ], [ 115.173486, -8.847864 ], [ 115.17313, -8.84787 ], [ 115.173059, -8.847871 ], [ 115.172927, -8.847908 ], [ 115.172926, -8.847908 ], [ 115.172725, -8.847964 ], [ 115.172533, -8.848018 ], [ 115.171596, -8.848451 ], [ 115.171568, -8.848466 ], [ 115.17134, -8.848585 ], [ 115.168647, -8.848013 ], [ 115.165616, -8.849043 ], [ 115.164964, -8.848849 ], [ 115.164112, -8.848595 ], [ 115.163775, -8.848538 ], [ 115.162825, -8.848547 ], [ 115.162664, -8.848545 ], [ 115.162567, -8.848544 ], [ 115.162152, -8.848564 ], [ 115.161489, -8.848595 ], [ 115.160976, -8.848484 ], [ 115.160439, -8.848368 ], [ 115.159221, -8.848345 ], [ 115.158638, -8.848298 ], [ 115.158249, -8.84819 ], [ 115.158154, -8.848165 ], [ 115.158148, -8.848163 ], [ 115.157947, -8.848251 ], [ 115.15746, -8.848325 ], [ 115.157181, -8.84831 ], [ 115.157021, -8.848301 ], [ 115.156007, -8.848111 ], [ 115.155827, -8.848077 ], [ 115.155772, -8.848066 ], [ 115.15526, -8.847966 ], [ 115.154046, -8.847917 ], [ 115.154028, -8.847917 ], [ 115.151371, -8.847433 ], [ 115.148958, -8.847275 ], [ 115.147489, -8.847957 ], [ 115.14623, -8.84822 ], [ 115.141351, -8.847642 ], [ 115.137731, -8.84759 ], [ 115.133167, -8.847485 ], [ 115.129494, -8.847065 ], [ 115.127081, -8.84696 ], [ 115.125127, -8.847157 ], [ 115.125, -8.814573 ], [ 115.125074, -8.810184 ], [ 115.125, -8.808257 ], [ 115.125, -8.803883 ], [ 115.124812, -8.793776 ], [ 115.124786, -8.792255 ], [ 115.123658, -8.792032 ], [ 115.12434, -8.790878 ], [ 115.126124, -8.790563 ], [ 115.127645, -8.79051 ], [ 115.129376, -8.790458 ], [ 115.131108, -8.789776 ], [ 115.132262, -8.788674 ], [ 115.134328, -8.787041 ], [ 115.138302, -8.784418 ], [ 115.143364, -8.780221 ], [ 115.145292, -8.780195 ], [ 115.145738, -8.780077 ], [ 115.147273, -8.780116 ], [ 115.148073, -8.779723 ], [ 115.15006, -8.779806 ], [ 115.150239, -8.779769 ], [ 115.150665, -8.779888 ], [ 115.151314, -8.77986 ], [ 115.152311, -8.779901 ], [ 115.152332, -8.779882 ], [ 115.152338, -8.779884 ], [ 115.152421, -8.77999 ], [ 115.152256, -8.780063 ], [ 115.151735, -8.780409 ], [ 115.151363, -8.780939 ], [ 115.150429, -8.781988 ], [ 115.146998, -8.785839 ], [ 115.144146, -8.792937 ], [ 115.143967, -8.793132 ], [ 115.14396, -8.79335 ], [ 115.141728, -8.79754 ], [ 115.142243, -8.801103 ], [ 115.139358, -8.807134 ], [ 115.138194, -8.808977 ], [ 115.138169, -8.809054 ], [ 115.138514, -8.810103 ], [ 115.139193, -8.812166 ], [ 115.133527, -8.816861 ], [ 115.133369, -8.817705 ], [ 115.133334, -8.8182 ], [ 115.133454, -8.818963 ], [ 115.13375, -8.819662 ], [ 115.133961, -8.820003 ], [ 115.134591, -8.820614 ], [ 115.132376, -8.828992 ], [ 115.131054, -8.830562 ], [ 115.13104, -8.830705 ], [ 115.133041, -8.83253 ], [ 115.135774, -8.833243 ], [ 115.1358, -8.833242 ], [ 115.138757, -8.831197 ], [ 115.146215, -8.833027 ], [ 115.147107, -8.834902 ], [ 115.151281, -8.839487 ], [ 115.15145, -8.839701 ], [ 115.151495, -8.839747 ], [ 115.151669, -8.839746 ], [ 115.153386, -8.839519 ], [ 115.153972, -8.839442 ], [ 115.159733, -8.840429 ], [ 115.160958, -8.84551 ], [ 115.161477, -8.845732 ], [ 115.162356, -8.845971 ], [ 115.163213, -8.845984 ], [ 115.164297, -8.845651 ], [ 115.168567, -8.843467 ], [ 115.174764, -8.841017 ], [ 115.18338, -8.839921 ], [ 115.187275, -8.834512 ], [ 115.192682, -8.831419 ], [ 115.194252, -8.830102 ], [ 115.194272, -8.830043 ], [ 115.194412, -8.829209 ], [ 115.194393, -8.829138 ], [ 115.193199, -8.827856 ], [ 115.190373, -8.821741 ], [ 115.19047, -8.821248 ], [ 115.191208, -8.817486 ], [ 115.191535, -8.817185 ], [ 115.192519, -8.817311 ], [ 115.192994, -8.816701 ], [ 115.193721, -8.815731 ], [ 115.193751, -8.815692 ], [ 115.195075, -8.813925 ], [ 115.195349, -8.813673 ], [ 115.201789, -8.812345 ], [ 115.202279, -8.812256 ], [ 115.202288, -8.812255 ], [ 115.208537, -8.813404 ], [ 115.210259, -8.816536 ], [ 115.210559, -8.817302 ], [ 115.20981, -8.820613 ], [ 115.209777, -8.820803 ], [ 115.209551, -8.82215 ], [ 115.210957, -8.824328 ], [ 115.215159, -8.826942 ], [ 115.215566, -8.827217 ], [ 115.215669, -8.827286 ], [ 115.21687, -8.827329 ], [ 115.217185, -8.827201 ], [ 115.217477, -8.826751 ], [ 115.218954, -8.824412 ], [ 115.220618, -8.821437 ], [ 115.221901, -8.820152 ], [ 115.223543, -8.819041 ], [ 115.224749, -8.818225 ], [ 115.224763, -8.818258 ], [ 115.224905, -8.818451 ] ] ], [ [ [ 115.155606, -8.780228 ], [ 115.156053, -8.780462 ], [ 115.156265, -8.780601 ], [ 115.154569, -8.780283 ], [ 115.155353, -8.780214 ], [ 115.155606, -8.780228 ] ] ], [ [ [ 115.158102, -8.692386 ], [ 115.157485, -8.691624 ], [ 115.157125, -8.690705 ], [ 115.157729, -8.691479 ], [ 115.159099, -8.693907 ], [ 115.158937, -8.693708 ], [ 115.158102, -8.692386 ] ] ], [ [ [ 115.125, -8.584497 ], [ 115.127451, -8.585068 ], [ 115.132362, -8.591719 ], [ 115.132461, -8.592691 ], [ 115.134669, -8.598709 ], [ 115.137148, -8.601319 ], [ 115.134921, -8.608817 ], [ 115.134488, -8.609221 ], [ 115.131922, -8.611612 ], [ 115.131793, -8.611644 ], [ 115.130029, -8.612087 ], [ 115.129969, -8.612182 ], [ 115.12993, -8.612222 ], [ 115.125769, -8.616438 ], [ 115.125, -8.616554 ], [ 115.125, -8.609241 ], [ 115.125, -8.584497 ] ] ], [ [ [ 115.167305, -8.5 ], [ 115.164881, -8.504218 ], [ 115.159034, -8.506405 ], [ 115.156089, -8.507594 ], [ 115.15451, -8.508369 ], [ 115.154094, -8.508945 ], [ 115.147258, -8.504506 ], [ 115.148174, -8.501246 ], [ 115.149358, -8.5 ], [ 115.150667, -8.5 ], [ 115.167305, -8.5 ] ] ], [ [ [ 115.183151, -8.5 ], [ 115.18317, -8.5005 ], [ 115.183214, -8.501653 ], [ 115.179766, -8.504006 ], [ 115.178427, -8.505257 ], [ 115.178275, -8.505147 ], [ 115.178018, -8.504961 ], [ 115.177772, -8.504782 ], [ 115.177269, -8.504417 ], [ 115.176239, -8.50367 ], [ 115.171266, -8.500063 ], [ 115.171282, -8.5 ], [ 115.182648, -8.5 ], [ 115.183151, -8.5 ] ] ], [ [ [ 115.202126, -8.5 ], [ 115.201131, -8.500857 ], [ 115.199638, -8.500496 ], [ 115.199231, -8.500542 ], [ 115.19754, -8.501106 ], [ 115.197552, -8.501292 ], [ 115.196721, -8.506843 ], [ 115.196653, -8.507411 ], [ 115.196648, -8.507814 ], [ 115.190187, -8.512476 ], [ 115.190039, -8.512584 ], [ 115.189847, -8.511054 ], [ 115.189905, -8.50889 ], [ 115.189895, -8.508525 ], [ 115.189781, -8.507715 ], [ 115.19142, -8.502195 ], [ 115.191695, -8.501269 ], [ 115.192273, -8.5 ], [ 115.197311, -8.5 ], [ 115.202126, -8.5 ] ] ], [ [ [ 115.375, -8.5 ], [ 115.375, -8.523356 ], [ 115.372293, -8.523209 ], [ 115.371977, -8.519925 ], [ 115.372628, -8.518346 ], [ 115.372503, -8.5178 ], [ 115.371735, -8.516928 ], [ 115.371019, -8.51621 ], [ 115.367622, -8.50812 ], [ 115.368105, -8.506555 ], [ 115.36837, -8.505841 ], [ 115.365508, -8.503657 ], [ 115.362226, -8.502922 ], [ 115.358777, -8.502149 ], [ 115.356739, -8.501693 ], [ 115.356336, -8.50082 ], [ 115.35606, -8.5 ], [ 115.356596, -8.5 ], [ 115.375, -8.5 ] ] ], [ [ [ 115.374794, -8.574895 ], [ 115.374418, -8.574974 ], [ 115.374065, -8.574991 ], [ 115.373783, -8.574942 ], [ 115.373339, -8.574865 ], [ 115.374199, -8.574203 ], [ 115.374344, -8.574091 ], [ 115.375, -8.573587 ], [ 115.375, -8.574804 ], [ 115.374794, -8.574895 ] ] ], [ [ [ 115.272789, -8.652063 ], [ 115.271902, -8.652829 ], [ 115.271442, -8.653162 ], [ 115.271406, -8.653183 ], [ 115.272494, -8.651805 ], [ 115.273603, -8.651361 ], [ 115.273385, -8.651548 ], [ 115.272789, -8.652063 ] ] ], [ [ [ 115.26502, -8.702709 ], [ 115.265013, -8.702769 ], [ 115.264929, -8.703099 ], [ 115.264762, -8.703763 ], [ 115.264594, -8.704309 ], [ 115.264425, -8.704617 ], [ 115.264315, -8.704805 ], [ 115.264182, -8.705033 ], [ 115.26419, -8.705194 ], [ 115.264165, -8.705501 ], [ 115.264129, -8.70559 ], [ 115.264051, -8.705669 ], [ 115.263919, -8.705772 ], [ 115.263765, -8.705915 ], [ 115.263655, -8.706022 ], [ 115.263835, -8.704743 ], [ 115.264486, -8.703173 ], [ 115.264656, -8.700819 ], [ 115.265057, -8.69891 ], [ 115.265361, -8.701443 ], [ 115.265046, -8.702475 ], [ 115.26502, -8.702709 ] ] ], [ [ [ 115.263553, -8.706793 ], [ 115.263545, -8.706798 ], [ 115.26358, -8.706549 ], [ 115.263591, -8.706559 ], [ 115.263553, -8.706793 ] ] ], [ [ [ 115.211673, -8.736093 ], [ 115.211386, -8.736156 ], [ 115.211388, -8.73615 ], [ 115.211673, -8.736093 ] ] ], [ [ [ 115.213989, -8.735681 ], [ 115.212979, -8.735527 ], [ 115.213411, -8.735111 ], [ 115.213628, -8.734769 ], [ 115.213657, -8.734756 ], [ 115.213763, -8.734556 ], [ 115.21482, -8.734585 ], [ 115.214338, -8.735175 ], [ 115.213989, -8.735681 ] ] ], [ [ [ 115.244756, -8.727635 ], [ 115.24482, -8.72822 ], [ 115.244817, -8.728395 ], [ 115.244813, -8.728684 ], [ 115.244808, -8.729052 ], [ 115.244679, -8.729462 ], [ 115.244669, -8.729494 ], [ 115.244665, -8.729504 ], [ 115.244554, -8.729656 ], [ 115.244499, -8.729731 ], [ 115.244261, -8.72979 ], [ 115.243916, -8.729635 ], [ 115.243639, -8.729539 ], [ 115.243492, -8.729489 ], [ 115.243426, -8.729466 ], [ 115.243297, -8.729421 ], [ 115.242952, -8.729112 ], [ 115.242716, -8.729036 ], [ 115.242709, -8.729033 ], [ 115.242548, -8.728891 ], [ 115.242458, -8.728752 ], [ 115.242445, -8.728731 ], [ 115.242376, -8.728624 ], [ 115.242319, -8.728481 ], [ 115.242291, -8.728383 ], [ 115.242248, -8.728231 ], [ 115.244015, -8.727462 ], [ 115.244705, -8.727162 ], [ 115.244741, -8.727495 ], [ 115.244756, -8.727635 ] ] ], [ [ [ 115.240443, -8.729872 ], [ 115.240641, -8.729892 ], [ 115.240815, -8.729909 ], [ 115.24112, -8.729938 ], [ 115.241301, -8.730014 ], [ 115.241508, -8.730184 ], [ 115.241615, -8.730271 ], [ 115.241786, -8.730499 ], [ 115.241862, -8.730918 ], [ 115.241883, -8.731056 ], [ 115.2419, -8.731175 ], [ 115.241796, -8.731518 ], [ 115.241783, -8.731534 ], [ 115.241662, -8.731689 ], [ 115.241367, -8.731717 ], [ 115.241305, -8.731697 ], [ 115.241044, -8.731613 ], [ 115.240634, -8.731527 ], [ 115.24032, -8.731451 ], [ 115.240073, -8.731622 ], [ 115.239917, -8.731732 ], [ 115.239844, -8.731784 ], [ 115.239795, -8.731803 ], [ 115.239626, -8.73187 ], [ 115.239502, -8.732031 ], [ 115.239484, -8.732087 ], [ 115.239404, -8.732332 ], [ 115.239383, -8.732396 ], [ 115.239359, -8.732469 ], [ 115.239348, -8.732549 ], [ 115.239304, -8.73287 ], [ 115.239302, -8.732888 ], [ 115.239308, -8.732901 ], [ 115.239407, -8.733126 ], [ 115.23953, -8.733316 ], [ 115.239593, -8.733426 ], [ 115.239645, -8.733516 ], [ 115.239677, -8.733583 ], [ 115.239797, -8.73383 ], [ 115.239749, -8.734097 ], [ 115.239736, -8.734158 ], [ 115.239724, -8.734218 ], [ 115.239702, -8.734325 ], [ 115.239578, -8.734382 ], [ 115.239435, -8.734411 ], [ 115.23934, -8.734478 ], [ 115.239216, -8.734573 ], [ 115.239026, -8.734573 ], [ 115.238969, -8.734658 ], [ 115.238969, -8.734744 ], [ 115.238864, -8.734763 ], [ 115.238788, -8.73483 ], [ 115.238781, -8.734911 ], [ 115.238778, -8.734934 ], [ 115.23874, -8.735001 ], [ 115.23859, -8.735056 ], [ 115.238379, -8.735134 ], [ 115.238237, -8.735171 ], [ 115.238046, -8.73522 ], [ 115.237817, -8.735239 ], [ 115.237721, -8.735208 ], [ 115.237579, -8.735163 ], [ 115.237465, -8.735163 ], [ 115.237332, -8.735315 ], [ 115.237284, -8.735439 ], [ 115.23717, -8.735629 ], [ 115.237151, -8.73581 ], [ 115.237046, -8.735848 ], [ 115.236922, -8.735839 ], [ 115.236903, -8.735953 ], [ 115.236808, -8.736 ], [ 115.236694, -8.735953 ], [ 115.236589, -8.735953 ], [ 115.23656, -8.736017 ], [ 115.236532, -8.736077 ], [ 115.236466, -8.7362 ], [ 115.236323, -8.736276 ], [ 115.236256, -8.736343 ], [ 115.236237, -8.736476 ], [ 115.236249, -8.736621 ], [ 115.236299, -8.736836 ], [ 115.23642, -8.737 ], [ 115.236613, -8.7371 ], [ 115.236673, -8.737136 ], [ 115.236756, -8.737185 ], [ 115.236977, -8.737378 ], [ 115.237113, -8.737507 ], [ 115.237149, -8.737543 ], [ 115.237191, -8.737585 ], [ 115.237327, -8.737607 ], [ 115.237338, -8.737607 ], [ 115.237527, -8.737621 ], [ 115.23764, -8.737579 ], [ 115.23782, -8.737514 ], [ 115.237881, -8.737471 ], [ 115.238012, -8.737378 ], [ 115.238248, -8.737114 ], [ 115.238501, -8.736868 ], [ 115.238505, -8.736864 ], [ 115.238605, -8.736671 ], [ 115.238669, -8.736536 ], [ 115.23879, -8.736443 ], [ 115.238933, -8.736357 ], [ 115.239126, -8.7363 ], [ 115.239311, -8.736193 ], [ 115.23944, -8.736086 ], [ 115.239697, -8.735886 ], [ 115.239802, -8.735802 ], [ 115.240061, -8.735594 ], [ 115.240254, -8.735394 ], [ 115.240363, -8.735299 ], [ 115.240435, -8.735236 ], [ 115.240625, -8.735072 ], [ 115.240839, -8.734908 ], [ 115.240886, -8.734881 ], [ 115.240893, -8.734877 ], [ 115.240975, -8.73483 ], [ 115.241089, -8.73483 ], [ 115.241329, -8.734882 ], [ 115.241536, -8.734928 ], [ 115.242147, -8.738536 ], [ 115.242291, -8.739155 ], [ 115.242061, -8.739512 ], [ 115.241633, -8.74004 ], [ 115.240167, -8.741543 ], [ 115.234414, -8.742298 ], [ 115.234265, -8.742147 ], [ 115.234172, -8.741925 ], [ 115.234136, -8.741668 ], [ 115.234093, -8.741361 ], [ 115.234005, -8.741138 ], [ 115.234001, -8.741126 ], [ 115.233843, -8.740976 ], [ 115.233594, -8.740897 ], [ 115.233308, -8.740747 ], [ 115.233304, -8.740744 ], [ 115.233253, -8.7407 ], [ 115.233165, -8.740626 ], [ 115.233101, -8.740533 ], [ 115.233044, -8.740405 ], [ 115.232944, -8.740291 ], [ 115.23273, -8.740034 ], [ 115.232669, -8.739963 ], [ 115.232637, -8.739927 ], [ 115.232627, -8.739923 ], [ 115.232302, -8.739798 ], [ 115.23218, -8.739684 ], [ 115.232037, -8.739555 ], [ 115.231918, -8.739436 ], [ 115.231916, -8.739434 ], [ 115.23191, -8.739433 ], [ 115.231752, -8.739391 ], [ 115.231659, -8.739391 ], [ 115.231502, -8.73937 ], [ 115.231309, -8.739291 ], [ 115.231167, -8.73912 ], [ 115.230902, -8.73897 ], [ 115.230667, -8.738799 ], [ 115.230641, -8.738765 ], [ 115.23049, -8.738572 ], [ 115.230434, -8.738586 ], [ 115.230135, -8.738661 ], [ 115.229854, -8.738785 ], [ 115.229585, -8.738901 ], [ 115.229198, -8.739067 ], [ 115.228915, -8.73912 ], [ 115.228843, -8.739081 ], [ 115.228833, -8.739051 ], [ 115.228804, -8.738965 ], [ 115.228845, -8.73883 ], [ 115.228977, -8.738688 ], [ 115.229182, -8.738582 ], [ 115.229418, -8.738443 ], [ 115.229546, -8.738285 ], [ 115.229724, -8.737984 ], [ 115.229732, -8.73797 ], [ 115.229952, -8.737435 ], [ 115.229982, -8.73715 ], [ 115.229952, -8.736936 ], [ 115.229793, -8.736615 ], [ 115.229953, -8.73653 ], [ 115.230418, -8.73609 ], [ 115.233932, -8.733246 ], [ 115.238834, -8.732223 ], [ 115.240103, -8.729713 ], [ 115.240435, -8.729871 ], [ 115.240443, -8.729872 ] ] ], [ [ [ 115.140337, -8.667067 ], [ 115.140341, -8.667069 ], [ 115.140347, -8.667076 ], [ 115.140337, -8.667067 ] ] ], [ [ [ 115.14375, -8.671325 ], [ 115.143751, -8.671335 ], [ 115.140347, -8.667076 ], [ 115.14375, -8.671325 ] ] ], [ [ [ 115.234641, -8.800039 ], [ 115.231304, -8.792266 ], [ 115.2313, -8.792221 ], [ 115.234641, -8.800039 ] ] ], [ [ [ 115.362657, -8.576278 ], [ 115.362073, -8.576598 ], [ 115.361193, -8.577343 ], [ 115.360727, -8.577714 ], [ 115.362193, -8.576345 ], [ 115.362657, -8.576278 ] ] ] ] } },
{ "type": "Feature", "properties": { "fid": 2, "CENTER_LON": "115.21459492024108", "CENTER_LAT": "-8.67814839500705", "AA_MINS": 5, "AA_MODE": "driving-car", "TOTAL_POP": "273813", "layer": "Dissolved", "path": "MultiPolygon?crs=EPSG:32750&field=fid:long(0,0)&field=ID:string(0,0)&field=CENTER_LON:string(0,0)&field=CENTER_LAT:string(0,0)&field=AA_MINS:integer(0,0)&field=AA_MODE:string(0,0)&field=TOTAL_POP:string(0,0)&uid={c21afc17-7f31-4023-9d31-5e506d14ae0d}" }, "geometry": { "type": "MultiPolygon", "coordinates": [ [ [ [ 115.161017, -8.781748 ], [ 115.161458, -8.781766 ], [ 115.161709, -8.781676 ], [ 115.162186, -8.781377 ], [ 115.162668, -8.780967 ], [ 115.163384, -8.780228 ], [ 115.163958, -8.779573 ], [ 115.164337, -8.779051 ], [ 115.165152, -8.777716 ], [ 115.165158, -8.777706 ], [ 115.168909, -8.77255 ], [ 115.168869, -8.770896 ], [ 115.169139, -8.769873 ], [ 115.169309, -8.769237 ], [ 115.169694, -8.766518 ], [ 115.169738, -8.766254 ], [ 115.16982, -8.765834 ], [ 115.170008, -8.764627 ], [ 115.169153, -8.762904 ], [ 115.16915, -8.762156 ], [ 115.169133, -8.761683 ], [ 115.168945, -8.760756 ], [ 115.168769, -8.760085 ], [ 115.168563, -8.759387 ], [ 115.167949, -8.75797 ], [ 115.167757, -8.757568 ], [ 115.167478, -8.757165 ], [ 115.167265, -8.756836 ], [ 115.167228, -8.756782 ], [ 115.167225, -8.756778 ], [ 115.167025, -8.756559 ], [ 115.166566, -8.75612 ], [ 115.165926, -8.755571 ], [ 115.165686, -8.755373 ], [ 115.165774, -8.755057 ], [ 115.167575, -8.753658 ], [ 115.170205, -8.752162 ], [ 115.1704, -8.75178 ], [ 115.169081, -8.744492 ], [ 115.163405, -8.7457 ], [ 115.162689, -8.745507 ], [ 115.162635, -8.745478 ], [ 115.161569, -8.744355 ], [ 115.160482, -8.74047 ], [ 115.160789, -8.739561 ], [ 115.160789, -8.739349 ], [ 115.161156, -8.738805 ], [ 115.162852, -8.73597 ], [ 115.164134, -8.734439 ], [ 115.164821, -8.73343 ], [ 115.164423, -8.730973 ], [ 115.164455, -8.730862 ], [ 115.168287, -8.726836 ], [ 115.168169, -8.725926 ], [ 115.168477, -8.725524 ], [ 115.168896, -8.724842 ], [ 115.169079, -8.72448 ], [ 115.169218, -8.724093 ], [ 115.169328, -8.723453 ], [ 115.169347, -8.722907 ], [ 115.16926, -8.721989 ], [ 115.168776, -8.719802 ], [ 115.168297, -8.717676 ], [ 115.167871, -8.715765 ], [ 115.167827, -8.715519 ], [ 115.167574, -8.714818 ], [ 115.16719, -8.713613 ], [ 115.167095, -8.713259 ], [ 115.166729, -8.71188 ], [ 115.166632, -8.711517 ], [ 115.166182, -8.709289 ], [ 115.166042, -8.708619 ], [ 115.165812, -8.707731 ], [ 115.166038, -8.707474 ], [ 115.166479, -8.707336 ], [ 115.166141, -8.706779 ], [ 115.16609, -8.706625 ], [ 115.166522, -8.705637 ], [ 115.166397, -8.697189 ], [ 115.16536, -8.695136 ], [ 115.163001, -8.691662 ], [ 115.162973, -8.691393 ], [ 115.162744, -8.683951 ], [ 115.164278, -8.679652 ], [ 115.165723, -8.674498 ], [ 115.166098, -8.673151 ], [ 115.165362, -8.67224 ], [ 115.16536, -8.672215 ], [ 115.158416, -8.666753 ], [ 115.15645, -8.667481 ], [ 115.156357, -8.667525 ], [ 115.155942, -8.667687 ], [ 115.154584, -8.667944 ], [ 115.154535, -8.667851 ], [ 115.154239, -8.667134 ], [ 115.153656, -8.665558 ], [ 115.151106, -8.657941 ], [ 115.146498, -8.652433 ], [ 115.145825, -8.650321 ], [ 115.145636, -8.648467 ], [ 115.146003, -8.647943 ], [ 115.145473, -8.63911 ], [ 115.144895, -8.637495 ], [ 115.144825, -8.635031 ], [ 115.144848, -8.635004 ], [ 115.146845, -8.634469 ], [ 115.148713, -8.63411 ], [ 115.14872, -8.634114 ], [ 115.156924, -8.635783 ], [ 115.158758, -8.634052 ], [ 115.158995, -8.634056 ], [ 115.165592, -8.632534 ], [ 115.166726, -8.628935 ], [ 115.166921, -8.626688 ], [ 115.16723, -8.623728 ], [ 115.166577, -8.620171 ], [ 115.166423, -8.619228 ], [ 115.166433, -8.619135 ], [ 115.167064, -8.617971 ], [ 115.169761, -8.611133 ], [ 115.170114, -8.610112 ], [ 115.168022, -8.60837 ], [ 115.167987, -8.608299 ], [ 115.168488, -8.606079 ], [ 115.169237, -8.603775 ], [ 115.168961, -8.601075 ], [ 115.161827, -8.598046 ], [ 115.161728, -8.598014 ], [ 115.159832, -8.595941 ], [ 115.15939, -8.594223 ], [ 115.159412, -8.594042 ], [ 115.160565, -8.592639 ], [ 115.16291, -8.588821 ], [ 115.163454, -8.58652 ], [ 115.161534, -8.579261 ], [ 115.161316, -8.578028 ], [ 115.161324, -8.57798 ], [ 115.161648, -8.575662 ], [ 115.162663, -8.570903 ], [ 115.154576, -8.569495 ], [ 115.153825, -8.569261 ], [ 115.153194, -8.569032 ], [ 115.151395, -8.567809 ], [ 115.146906, -8.560523 ], [ 115.142399, -8.557392 ], [ 115.142102, -8.555685 ], [ 115.142257, -8.555338 ], [ 115.143812, -8.554081 ], [ 115.145907, -8.554311 ], [ 115.147255, -8.555275 ], [ 115.150008, -8.556192 ], [ 115.157394, -8.552488 ], [ 115.16435, -8.549082 ], [ 115.1643, -8.543883 ], [ 115.164275, -8.543477 ], [ 115.167412, -8.536969 ], [ 115.167468, -8.536802 ], [ 115.169394, -8.535744 ], [ 115.169608, -8.535804 ], [ 115.169639, -8.535853 ], [ 115.170884, -8.537936 ], [ 115.172164, -8.543954 ], [ 115.172163, -8.543982 ], [ 115.172634, -8.548174 ], [ 115.179636, -8.550777 ], [ 115.182312, -8.549974 ], [ 115.18238, -8.550019 ], [ 115.190895, -8.55139 ], [ 115.192561, -8.549851 ], [ 115.193011, -8.549195 ], [ 115.193162, -8.549024 ], [ 115.194778, -8.54912 ], [ 115.195116, -8.54936 ], [ 115.198505, -8.552657 ], [ 115.199315, -8.554124 ], [ 115.199126, -8.557116 ], [ 115.198847, -8.558981 ], [ 115.197807, -8.565055 ], [ 115.202432, -8.570666 ], [ 115.202721, -8.568527 ], [ 115.205072, -8.560885 ], [ 115.205221, -8.560456 ], [ 115.205453, -8.559952 ], [ 115.205709, -8.559447 ], [ 115.208286, -8.557842 ], [ 115.207037, -8.556398 ], [ 115.207231, -8.555248 ], [ 115.207234, -8.555234 ], [ 115.207597, -8.553699 ], [ 115.20762, -8.5536 ], [ 115.209179, -8.549987 ], [ 115.204839, -8.544434 ], [ 115.202774, -8.543822 ], [ 115.202716, -8.543793 ], [ 115.197721, -8.541256 ], [ 115.19697, -8.54037 ], [ 115.196767, -8.539615 ], [ 115.196799, -8.539391 ], [ 115.197316, -8.538436 ], [ 115.198313, -8.537705 ], [ 115.198884, -8.5378 ], [ 115.205286, -8.537806 ], [ 115.208944, -8.531728 ], [ 115.208948, -8.531656 ], [ 115.209768, -8.529657 ], [ 115.210425, -8.527266 ], [ 115.212124, -8.525661 ], [ 115.212303, -8.52567 ], [ 115.214008, -8.527612 ], [ 115.221535, -8.530338 ], [ 115.223196, -8.529512 ], [ 115.225941, -8.525678 ], [ 115.22761, -8.525157 ], [ 115.228006, -8.525189 ], [ 115.229419, -8.526611 ], [ 115.237347, -8.523594 ], [ 115.239264, -8.521968 ], [ 115.239291, -8.52197 ], [ 115.243184, -8.525646 ], [ 115.243924, -8.527345 ], [ 115.245382, -8.529186 ], [ 115.24622, -8.526055 ], [ 115.248701, -8.524243 ], [ 115.248837, -8.524162 ], [ 115.248866, -8.524166 ], [ 115.255264, -8.523187 ], [ 115.257604, -8.517946 ], [ 115.257725, -8.516865 ], [ 115.257962, -8.516493 ], [ 115.258056, -8.516334 ], [ 115.258911, -8.508207 ], [ 115.257173, -8.506783 ], [ 115.256155, -8.505739 ], [ 115.256129, -8.505671 ], [ 115.256185, -8.505297 ], [ 115.257964, -8.503271 ], [ 115.258228, -8.503331 ], [ 115.262855, -8.50345 ], [ 115.266103, -8.5 ], [ 115.276797, -8.5 ], [ 115.279688, -8.504912 ], [ 115.280396, -8.505099 ], [ 115.281853, -8.50604 ], [ 115.289234, -8.502554 ], [ 115.289317, -8.5 ], [ 115.296728, -8.5 ], [ 115.294716, -8.50433 ], [ 115.301746, -8.509919 ], [ 115.302075, -8.509934 ], [ 115.302468, -8.509992 ], [ 115.303239, -8.510361 ], [ 115.303952, -8.511733 ], [ 115.303912, -8.513358 ], [ 115.303912, -8.513363 ], [ 115.304128, -8.513005 ], [ 115.305704, -8.511699 ], [ 115.30588, -8.511609 ], [ 115.311285, -8.508113 ], [ 115.313057, -8.506873 ], [ 115.313177, -8.506874 ], [ 115.319536, -8.503167 ], [ 115.320277, -8.500489 ], [ 115.320738, -8.5 ], [ 115.323844, -8.5 ], [ 115.323847, -8.50002 ], [ 115.323837, -8.501738 ], [ 115.323775, -8.502274 ], [ 115.330113, -8.508377 ], [ 115.334436, -8.513151 ], [ 115.335944, -8.515252 ], [ 115.33995, -8.519319 ], [ 115.348077, -8.522493 ], [ 115.348299, -8.522708 ], [ 115.348665, -8.523202 ], [ 115.348913, -8.523941 ], [ 115.356127, -8.529137 ], [ 115.356477, -8.52914 ], [ 115.357819, -8.529743 ], [ 115.357866, -8.530261 ], [ 115.357914, -8.530742 ], [ 115.359176, -8.535092 ], [ 115.359237, -8.535834 ], [ 115.366901, -8.539747 ], [ 115.367007, -8.539737 ], [ 115.370827, -8.542314 ], [ 115.37213, -8.544089 ], [ 115.37284, -8.550245 ], [ 115.372839, -8.550253 ], [ 115.370825, -8.551813 ], [ 115.367139, -8.552817 ], [ 115.366952, -8.552811 ], [ 115.366817, -8.552802 ], [ 115.359828, -8.553255 ], [ 115.359712, -8.55326 ], [ 115.359612, -8.553262 ], [ 115.359496, -8.553262 ], [ 115.351646, -8.552196 ], [ 115.348157, -8.552807 ], [ 115.347922, -8.552848 ], [ 115.340197, -8.556852 ], [ 115.341653, -8.561651 ], [ 115.342572, -8.56288 ], [ 115.342253, -8.56536 ], [ 115.342113, -8.565479 ], [ 115.341508, -8.565613 ], [ 115.340261, -8.56564 ], [ 115.336407, -8.565793 ], [ 115.335503, -8.566563 ], [ 115.337131, -8.569476 ], [ 115.339511, -8.574132 ], [ 115.339691, -8.574522 ], [ 115.340654, -8.579017 ], [ 115.343746, -8.583176 ], [ 115.344234, -8.583598 ], [ 115.345859, -8.58481 ], [ 115.346074, -8.58522 ], [ 115.346112, -8.585297 ], [ 115.346309, -8.585743 ], [ 115.34636, -8.585891 ], [ 115.345968, -8.589629 ], [ 115.345227, -8.590306 ], [ 115.340904, -8.594236 ], [ 115.340548, -8.594528 ], [ 115.338295, -8.595859 ], [ 115.333522, -8.597653 ], [ 115.330452, -8.595687 ], [ 115.323872, -8.599536 ], [ 115.323354, -8.600236 ], [ 115.322542, -8.600656 ], [ 115.321984, -8.600652 ], [ 115.32187, -8.600621 ], [ 115.321461, -8.600406 ], [ 115.319814, -8.599348 ], [ 115.319885, -8.598838 ], [ 115.320007, -8.598392 ], [ 115.320287, -8.595155 ], [ 115.319809, -8.592916 ], [ 115.319552, -8.591737 ], [ 115.315477, -8.586267 ], [ 115.310667, -8.586868 ], [ 115.3103, -8.586922 ], [ 115.309433, -8.587019 ], [ 115.305933, -8.585824 ], [ 115.303954, -8.584879 ], [ 115.303903, -8.584756 ], [ 115.30276, -8.580981 ], [ 115.302745, -8.580714 ], [ 115.302968, -8.576081 ], [ 115.304489, -8.574434 ], [ 115.307079, -8.565933 ], [ 115.307048, -8.565622 ], [ 115.307206, -8.565124 ], [ 115.307828, -8.5644 ], [ 115.308168, -8.56424 ], [ 115.310275, -8.561397 ], [ 115.304995, -8.566505 ], [ 115.304061, -8.567979 ], [ 115.304047, -8.567981 ], [ 115.296879, -8.572557 ], [ 115.296774, -8.572551 ], [ 115.288686, -8.5763 ], [ 115.287155, -8.578523 ], [ 115.285036, -8.586828 ], [ 115.284416, -8.591726 ], [ 115.283028, -8.593047 ], [ 115.282657, -8.593124 ], [ 115.280826, -8.591996 ], [ 115.279668, -8.591026 ], [ 115.277925, -8.589448 ], [ 115.273089, -8.585894 ], [ 115.269744, -8.584963 ], [ 115.26928, -8.583295 ], [ 115.269173, -8.582871 ], [ 115.268396, -8.579135 ], [ 115.267819, -8.576106 ], [ 115.267727, -8.5755 ], [ 115.267715, -8.574192 ], [ 115.269193, -8.570464 ], [ 115.269215, -8.569748 ], [ 115.261329, -8.565712 ], [ 115.261188, -8.565693 ], [ 115.259891, -8.564767 ], [ 115.257786, -8.561293 ], [ 115.257034, -8.559646 ], [ 115.256347, -8.561065 ], [ 115.256858, -8.567176 ], [ 115.255873, -8.569461 ], [ 115.255848, -8.569472 ], [ 115.253575, -8.568651 ], [ 115.253526, -8.568543 ], [ 115.250554, -8.564784 ], [ 115.243575, -8.564839 ], [ 115.242871, -8.571009 ], [ 115.244758, -8.577728 ], [ 115.244629, -8.581325 ], [ 115.242835, -8.588655 ], [ 115.240999, -8.589884 ], [ 115.240891, -8.589876 ], [ 115.239236, -8.588731 ], [ 115.237941, -8.586048 ], [ 115.235457, -8.583815 ], [ 115.234865, -8.583742 ], [ 115.234219, -8.583726 ], [ 115.23266, -8.583315 ], [ 115.22907, -8.583046 ], [ 115.221509, -8.585228 ], [ 115.221647, -8.591854 ], [ 115.221716, -8.592176 ], [ 115.221834, -8.592623 ], [ 115.222053, -8.595199 ], [ 115.222024, -8.595619 ], [ 115.221665, -8.601449 ], [ 115.220507, -8.60318 ], [ 115.220432, -8.603209 ], [ 115.213763, -8.605045 ], [ 115.213713, -8.60504 ], [ 115.212139, -8.603115 ], [ 115.211484, -8.599199 ], [ 115.206962, -8.594269 ], [ 115.206402, -8.594414 ], [ 115.206137, -8.594386 ], [ 115.19955, -8.595943 ], [ 115.197444, -8.598072 ], [ 115.196605, -8.604699 ], [ 115.19655, -8.604898 ], [ 115.196433, -8.612983 ], [ 115.196799, -8.613357 ], [ 115.202306, -8.616136 ], [ 115.202559, -8.616164 ], [ 115.210946, -8.614538 ], [ 115.2113, -8.613298 ], [ 115.214762, -8.614284 ], [ 115.220722, -8.617093 ], [ 115.220724, -8.616216 ], [ 115.222269, -8.614309 ], [ 115.222551, -8.614265 ], [ 115.224221, -8.61536 ], [ 115.224294, -8.61566 ], [ 115.226044, -8.619919 ], [ 115.230464, -8.623141 ], [ 115.232069, -8.624542 ], [ 115.240924, -8.623497 ], [ 115.240982, -8.623497 ], [ 115.242809, -8.62516 ], [ 115.247578, -8.631831 ], [ 115.251274, -8.629669 ], [ 115.247707, -8.622808 ], [ 115.247581, -8.622749 ], [ 115.243791, -8.620199 ], [ 115.240443, -8.619336 ], [ 115.240373, -8.619318 ], [ 115.240217, -8.615929 ], [ 115.238903, -8.607846 ], [ 115.237453, -8.606053 ], [ 115.237454, -8.605998 ], [ 115.239043, -8.604387 ], [ 115.244825, -8.598161 ], [ 115.24591, -8.596394 ], [ 115.24754, -8.595177 ], [ 115.252877, -8.589039 ], [ 115.252939, -8.582609 ], [ 115.252976, -8.582345 ], [ 115.253171, -8.581006 ], [ 115.253231, -8.580554 ], [ 115.253845, -8.578355 ], [ 115.254488, -8.576719 ], [ 115.254575, -8.576505 ], [ 115.256094, -8.575596 ], [ 115.256159, -8.575597 ], [ 115.256713, -8.576328 ], [ 115.25791, -8.57786 ], [ 115.257823, -8.578074 ], [ 115.256799, -8.581027 ], [ 115.256739, -8.581478 ], [ 115.258015, -8.586388 ], [ 115.263588, -8.589512 ], [ 115.268609, -8.587792 ], [ 115.268631, -8.587791 ], [ 115.270107, -8.588571 ], [ 115.270155, -8.588636 ], [ 115.270459, -8.589477 ], [ 115.270459, -8.589578 ], [ 115.269935, -8.594442 ], [ 115.27489, -8.597983 ], [ 115.281022, -8.596453 ], [ 115.28216, -8.595802 ], [ 115.282756, -8.595766 ], [ 115.282772, -8.595765 ], [ 115.282892, -8.595757 ], [ 115.284621, -8.596384 ], [ 115.285587, -8.598811 ], [ 115.285592, -8.598932 ], [ 115.285134, -8.606506 ], [ 115.28248, -8.61474 ], [ 115.28169, -8.616509 ], [ 115.278076, -8.622198 ], [ 115.276144, -8.625611 ], [ 115.274025, -8.627042 ], [ 115.271452, -8.628519 ], [ 115.271404, -8.628546 ], [ 115.268208, -8.630942 ], [ 115.265078, -8.635914 ], [ 115.263656, -8.637728 ], [ 115.262779, -8.638366 ], [ 115.264514, -8.647096 ], [ 115.266285, -8.648494 ], [ 115.266288, -8.648506 ], [ 115.264981, -8.650666 ], [ 115.263146, -8.651063 ], [ 115.255921, -8.654669 ], [ 115.254113, -8.655333 ], [ 115.254018, -8.65532 ], [ 115.252355, -8.654177 ], [ 115.250018, -8.650468 ], [ 115.250086, -8.651237 ], [ 115.25007, -8.651253 ], [ 115.246907, -8.65389 ], [ 115.242886, -8.656504 ], [ 115.243055, -8.656713 ], [ 115.243104, -8.656788 ], [ 115.246644, -8.663074 ], [ 115.251465, -8.669745 ], [ 115.253119, -8.67094 ], [ 115.253367, -8.665886 ], [ 115.253268, -8.66547 ], [ 115.254755, -8.663698 ], [ 115.254858, -8.663688 ], [ 115.254896, -8.663691 ], [ 115.25677, -8.664638 ], [ 115.256869, -8.665053 ], [ 115.257169, -8.669414 ], [ 115.262195, -8.672925 ], [ 115.262419, -8.672963 ], [ 115.263158, -8.673072 ], [ 115.263405, -8.6736 ], [ 115.263635, -8.674125 ], [ 115.264119, -8.675277 ], [ 115.264229, -8.675699 ], [ 115.26456, -8.680079 ], [ 115.264497, -8.680347 ], [ 115.264337, -8.681173 ], [ 115.264288, -8.681617 ], [ 115.264386, -8.682514 ], [ 115.264387, -8.682521 ], [ 115.264502, -8.683569 ], [ 115.26468, -8.684616 ], [ 115.264896, -8.685476 ], [ 115.2652, -8.686622 ], [ 115.265424, -8.687652 ], [ 115.265482, -8.687892 ], [ 115.26557, -8.688052 ], [ 115.265722, -8.688145 ], [ 115.265901, -8.689109 ], [ 115.266088, -8.691898 ], [ 115.265775, -8.695484 ], [ 115.264034, -8.703788 ], [ 115.262022, -8.706547 ], [ 115.2605, -8.708902 ], [ 115.260492, -8.708902 ], [ 115.260357, -8.708934 ], [ 115.260185, -8.709038 ], [ 115.259985, -8.709195 ], [ 115.259728, -8.709431 ], [ 115.259553, -8.709577 ], [ 115.259247, -8.709755 ], [ 115.259114, -8.709841 ], [ 115.258923, -8.70994 ], [ 115.258768, -8.709934 ], [ 115.258471, -8.710112 ], [ 115.258162, -8.71038 ], [ 115.258142, -8.710395 ], [ 115.25814, -8.710397 ], [ 115.257799, -8.710666 ], [ 115.257477, -8.710856 ], [ 115.257162, -8.710987 ], [ 115.256621, -8.711201 ], [ 115.255966, -8.711617 ], [ 115.255663, -8.711772 ], [ 115.255651, -8.711927 ], [ 115.255586, -8.712046 ], [ 115.255241, -8.712081 ], [ 115.254569, -8.711962 ], [ 115.253849, -8.711831 ], [ 115.25371, -8.71184 ], [ 115.253563, -8.711849 ], [ 115.253485, -8.711871 ], [ 115.253284, -8.711927 ], [ 115.252909, -8.712075 ], [ 115.252874, -8.712139 ], [ 115.252873, -8.712141 ], [ 115.252879, -8.712349 ], [ 115.252873, -8.712575 ], [ 115.252921, -8.712646 ], [ 115.25301, -8.712652 ], [ 115.253087, -8.712658 ], [ 115.253141, -8.712712 ], [ 115.253123, -8.712801 ], [ 115.253004, -8.712795 ], [ 115.252915, -8.712753 ], [ 115.252796, -8.712581 ], [ 115.252594, -8.712533 ], [ 115.252124, -8.712557 ], [ 115.251701, -8.712629 ], [ 115.251225, -8.712777 ], [ 115.250922, -8.712867 ], [ 115.250857, -8.712956 ], [ 115.250863, -8.713396 ], [ 115.250845, -8.713527 ], [ 115.250755, -8.713485 ], [ 115.25072, -8.713354 ], [ 115.250202, -8.713384 ], [ 115.249601, -8.713384 ], [ 115.249518, -8.713387 ], [ 115.249215, -8.713175 ], [ 115.245378, -8.710815 ], [ 115.238667, -8.711371 ], [ 115.236776, -8.712064 ], [ 115.23268, -8.713248 ], [ 115.228618, -8.71548 ], [ 115.225746, -8.721385 ], [ 115.225301, -8.721736 ], [ 115.224417, -8.722201 ], [ 115.224253, -8.722334 ], [ 115.224258, -8.722748 ], [ 115.224331, -8.722833 ], [ 115.224526, -8.723095 ], [ 115.224437, -8.723237 ], [ 115.224336, -8.723473 ], [ 115.224352, -8.723611 ], [ 115.22443, -8.723698 ], [ 115.224541, -8.723731 ], [ 115.224828, -8.723832 ], [ 115.224849, -8.723928 ], [ 115.22486, -8.723981 ], [ 115.225266, -8.724336 ], [ 115.225778, -8.72461 ], [ 115.226099, -8.724812 ], [ 115.226468, -8.72499 ], [ 115.226718, -8.725228 ], [ 115.226873, -8.725419 ], [ 115.226992, -8.725668 ], [ 115.227218, -8.725871 ], [ 115.227277, -8.726013 ], [ 115.227182, -8.726216 ], [ 115.22667, -8.726739 ], [ 115.226385, -8.726811 ], [ 115.225945, -8.726799 ], [ 115.22529, -8.726489 ], [ 115.224576, -8.725823 ], [ 115.22424, -8.725427 ], [ 115.224072, -8.72523 ], [ 115.224072, -8.72523 ], [ 115.224071, -8.725231 ], [ 115.223843, -8.725353 ], [ 115.223589, -8.72541 ], [ 115.22326, -8.725451 ], [ 115.22313, -8.725322 ], [ 115.222533, -8.72557 ], [ 115.222439, -8.725587 ], [ 115.222239, -8.725692 ], [ 115.219456, -8.726846 ], [ 115.219193, -8.726825 ], [ 115.219059, -8.726689 ], [ 115.218807, -8.726427 ], [ 115.218681, -8.72642 ], [ 115.218487, -8.726464 ], [ 115.218274, -8.726558 ], [ 115.218074, -8.72661 ], [ 115.217853, -8.726582 ], [ 115.217677, -8.726458 ], [ 115.217442, -8.726335 ], [ 115.217239, -8.726298 ], [ 115.217101, -8.726341 ], [ 115.216877, -8.72649 ], [ 115.216638, -8.726731 ], [ 115.216638, -8.726731 ], [ 115.216476, -8.726867 ], [ 115.216476, -8.726867 ], [ 115.21627, -8.726945 ], [ 115.215483, -8.727064 ], [ 115.215384, -8.72703 ], [ 115.215289, -8.726906 ], [ 115.215273, -8.726794 ], [ 115.215208, -8.726697 ], [ 115.215083, -8.72666 ], [ 115.214809, -8.726633 ], [ 115.214161, -8.726561 ], [ 115.214085, -8.726468 ], [ 115.213875, -8.726231 ], [ 115.213875, -8.726231 ], [ 115.213684, -8.726203 ], [ 115.213336, -8.727566 ], [ 115.213254, -8.727887 ], [ 115.213014, -8.728826 ], [ 115.212447, -8.731651 ], [ 115.212438, -8.731719 ], [ 115.212421, -8.731856 ], [ 115.212299, -8.731853 ], [ 115.212131, -8.731849 ], [ 115.212074, -8.731839 ], [ 115.211856, -8.732239 ], [ 115.21177, -8.732543 ], [ 115.211741, -8.732686 ], [ 115.211699, -8.732772 ], [ 115.211575, -8.7328 ], [ 115.211386, -8.732717 ], [ 115.211383, -8.732451 ], [ 115.211396, -8.732293 ], [ 115.21145, -8.731633 ], [ 115.211458, -8.731435 ], [ 115.211372, -8.731264 ], [ 115.2112, -8.73106 ], [ 115.21093, -8.730787 ], [ 115.210834, -8.730669 ], [ 115.21143, -8.7279 ], [ 115.211206, -8.722771 ], [ 115.210368, -8.722485 ], [ 115.210263, -8.722553 ], [ 115.209785, -8.722286 ], [ 115.20463, -8.720527 ], [ 115.202636, -8.722466 ], [ 115.194959, -8.727099 ], [ 115.194286, -8.727706 ], [ 115.19368, -8.727918 ], [ 115.193428, -8.727939 ], [ 115.193421, -8.727951 ], [ 115.192732, -8.727995 ], [ 115.191776, -8.727872 ], [ 115.191275, -8.7277 ], [ 115.190394, -8.726816 ], [ 115.184044, -8.724657 ], [ 115.18299, -8.724872 ], [ 115.182383, -8.731644 ], [ 115.183022, -8.733185 ], [ 115.182633, -8.737056 ], [ 115.183359, -8.740461 ], [ 115.18629, -8.741405 ], [ 115.186265, -8.741448 ], [ 115.18611, -8.742032 ], [ 115.186096, -8.742231 ], [ 115.18608, -8.742465 ], [ 115.18608, -8.742991 ], [ 115.18605, -8.743206 ], [ 115.185992, -8.743356 ], [ 115.185983, -8.743378 ], [ 115.185864, -8.743492 ], [ 115.185744, -8.74343 ], [ 115.185517, -8.743151 ], [ 115.185487, -8.743104 ], [ 115.185485, -8.743101 ], [ 115.185485, -8.743101 ], [ 115.185162, -8.743194 ], [ 115.185154, -8.743196 ], [ 115.184847, -8.743285 ], [ 115.184847, -8.743285 ], [ 115.184674, -8.743404 ], [ 115.184213, -8.74398 ], [ 115.184057, -8.744263 ], [ 115.184006, -8.744458 ], [ 115.184037, -8.744633 ], [ 115.184094, -8.744714 ], [ 115.184339, -8.744922 ], [ 115.184421, -8.745063 ], [ 115.184462, -8.745341 ], [ 115.184491, -8.746147 ], [ 115.184592, -8.747338 ], [ 115.184616, -8.747529 ], [ 115.184741, -8.747899 ], [ 115.184752, -8.748046 ], [ 115.184641, -8.74835 ], [ 115.184302, -8.749103 ], [ 115.184282, -8.749161 ], [ 115.184131, -8.749608 ], [ 115.184082, -8.749773 ], [ 115.184015, -8.75 ], [ 115.184015, -8.750001 ], [ 115.183758, -8.75088 ], [ 115.183621, -8.751413 ], [ 115.183575, -8.75158 ], [ 115.183509, -8.751817 ], [ 115.183295, -8.752502 ], [ 115.183289, -8.752538 ], [ 115.18318, -8.753144 ], [ 115.183119, -8.753452 ], [ 115.183109, -8.753503 ], [ 115.183085, -8.753562 ], [ 115.182813, -8.75422 ], [ 115.182493, -8.754862 ], [ 115.182175, -8.755337 ], [ 115.182138, -8.755382 ], [ 115.182103, -8.755422 ], [ 115.18198, -8.755621 ], [ 115.181468, -8.756567 ], [ 115.181233, -8.757058 ], [ 115.181227, -8.757081 ], [ 115.181042, -8.75771 ], [ 115.180966, -8.758082 ], [ 115.180885, -8.758479 ], [ 115.180877, -8.75897 ], [ 115.180943, -8.759464 ], [ 115.181238, -8.761066 ], [ 115.18133, -8.761563 ], [ 115.181371, -8.761667 ], [ 115.181776, -8.762704 ], [ 115.18205, -8.763057 ], [ 115.182153, -8.763182 ], [ 115.18253, -8.765013 ], [ 115.182544, -8.765052 ], [ 115.182586, -8.765346 ], [ 115.182609, -8.765649 ], [ 115.182525, -8.766473 ], [ 115.182427, -8.766837 ], [ 115.182324, -8.7674 ], [ 115.182112, -8.768401 ], [ 115.182154, -8.768637 ], [ 115.18201, -8.768883 ], [ 115.181909, -8.76936 ], [ 115.181811, -8.769557 ], [ 115.183284, -8.775154 ], [ 115.186418, -8.777161 ], [ 115.18691, -8.777288 ], [ 115.193865, -8.780393 ], [ 115.197402, -8.780572 ], [ 115.197229, -8.780848 ], [ 115.196959, -8.781358 ], [ 115.197008, -8.781493 ], [ 115.197123, -8.781606 ], [ 115.197278, -8.781651 ], [ 115.197453, -8.781641 ], [ 115.197501, -8.781638 ], [ 115.197539, -8.781633 ], [ 115.19821, -8.781546 ], [ 115.198487, -8.78151 ], [ 115.198821, -8.781494 ], [ 115.19914, -8.781479 ], [ 115.199611, -8.781466 ], [ 115.199643, -8.781465 ], [ 115.199679, -8.781464 ], [ 115.199796, -8.78145 ], [ 115.199998, -8.781425 ], [ 115.200379, -8.781319 ], [ 115.200396, -8.781311 ], [ 115.20046, -8.781282 ], [ 115.200915, -8.78141 ], [ 115.201565, -8.781569 ], [ 115.202136, -8.781731 ], [ 115.202334, -8.781867 ], [ 115.202594, -8.781945 ], [ 115.202874, -8.781955 ], [ 115.202917, -8.781956 ], [ 115.20462, -8.782447 ], [ 115.206115, -8.783878 ], [ 115.206309, -8.784019 ], [ 115.207078, -8.78458 ], [ 115.207787, -8.785192 ], [ 115.207789, -8.785196 ], [ 115.207829, -8.785297 ], [ 115.207934, -8.785475 ], [ 115.208088, -8.785555 ], [ 115.208135, -8.785565 ], [ 115.208276, -8.78557 ], [ 115.208296, -8.785571 ], [ 115.208524, -8.785583 ], [ 115.208995, -8.785609 ], [ 115.20979, -8.785744 ], [ 115.210083, -8.785758 ], [ 115.21123, -8.786426 ], [ 115.21321, -8.786604 ], [ 115.213904, -8.786861 ], [ 115.214346, -8.787062 ], [ 115.21441, -8.787048 ], [ 115.214474, -8.78702 ], [ 115.214591, -8.786938 ], [ 115.214644, -8.786858 ], [ 115.21471, -8.786738 ], [ 115.214816, -8.786748 ], [ 115.215877, -8.791097 ], [ 115.215354, -8.792612 ], [ 115.215047, -8.793427 ], [ 115.214977, -8.793466 ], [ 115.213368, -8.793679 ], [ 115.213035, -8.793356 ], [ 115.209219, -8.79085 ], [ 115.204625, -8.788962 ], [ 115.197914, -8.791196 ], [ 115.196411, -8.792459 ], [ 115.196134, -8.792423 ], [ 115.19461, -8.79124 ], [ 115.186559, -8.790594 ], [ 115.180351, -8.79558 ], [ 115.180782, -8.800839 ], [ 115.18108, -8.801862 ], [ 115.181084, -8.802309 ], [ 115.181526, -8.805488 ], [ 115.181735, -8.806136 ], [ 115.181642, -8.806828 ], [ 115.181577, -8.807042 ], [ 115.180884, -8.808944 ], [ 115.179406, -8.810922 ], [ 115.176104, -8.813699 ], [ 115.174577, -8.813923 ], [ 115.174355, -8.81386 ], [ 115.172868, -8.812122 ], [ 115.167069, -8.806129 ], [ 115.160269, -8.807941 ], [ 115.157977, -8.808982 ], [ 115.157702, -8.808883 ], [ 115.155987, -8.8059 ], [ 115.154977, -8.804058 ], [ 115.154993, -8.803885 ], [ 115.157429, -8.798352 ], [ 115.158116, -8.796201 ], [ 115.159527, -8.793976 ], [ 115.159489, -8.786827 ], [ 115.159813, -8.786381 ], [ 115.160946, -8.781745 ], [ 115.161017, -8.781748 ] ] ], [ [ [ 115.125, -8.554981 ], [ 115.125, -8.554981 ], [ 115.125, -8.511282 ], [ 115.126494, -8.506933 ], [ 115.126478, -8.506226 ], [ 115.126551, -8.505866 ], [ 115.127264, -8.503393 ], [ 115.127365, -8.503047 ], [ 115.128766, -8.502328 ], [ 115.130232, -8.5 ], [ 115.142511, -8.5 ], [ 115.141016, -8.506523 ], [ 115.140861, -8.511383 ], [ 115.140845, -8.511522 ], [ 115.139717, -8.512582 ], [ 115.137271, -8.514084 ], [ 115.136516, -8.514397 ], [ 115.135683, -8.514383 ], [ 115.129619, -8.518516 ], [ 115.130395, -8.523545 ], [ 115.135938, -8.525255 ], [ 115.136048, -8.525298 ], [ 115.137229, -8.527135 ], [ 115.137114, -8.527507 ], [ 115.138643, -8.536041 ], [ 115.140262, -8.539644 ], [ 115.143599, -8.543627 ], [ 115.143106, -8.545822 ], [ 115.14305, -8.545929 ], [ 115.142237, -8.546955 ], [ 115.142225, -8.546955 ], [ 115.138643, -8.547028 ], [ 115.135874, -8.553372 ], [ 115.135849, -8.553436 ], [ 115.134158, -8.554621 ], [ 115.133775, -8.554534 ], [ 115.131545, -8.554269 ], [ 115.127209, -8.554471 ], [ 115.125, -8.55634 ], [ 115.125, -8.554981 ] ] ], [ [ [ 115.212301, -8.73329 ], [ 115.212605, -8.732967 ], [ 115.212701, -8.732643 ], [ 115.212777, -8.731958 ], [ 115.212834, -8.731615 ], [ 115.213024, -8.731139 ], [ 115.213386, -8.730111 ], [ 115.213443, -8.72914 ], [ 115.213709, -8.72855 ], [ 115.213862, -8.728322 ], [ 115.214452, -8.728398 ], [ 115.215276, -8.72858 ], [ 115.214936, -8.728721 ], [ 115.21423, -8.731996 ], [ 115.214149, -8.732348 ], [ 115.21396, -8.734007 ], [ 115.213763, -8.734556 ], [ 115.213657, -8.734756 ], [ 115.212086, -8.733924 ], [ 115.212301, -8.73329 ] ] ], [ [ [ 115.22697, -8.727925 ], [ 115.227107, -8.727821 ], [ 115.227203, -8.727652 ], [ 115.22733, -8.727427 ], [ 115.227392, -8.727316 ], [ 115.227519, -8.726984 ], [ 115.227573, -8.726841 ], [ 115.227697, -8.726622 ], [ 115.227802, -8.726536 ], [ 115.227944, -8.726546 ], [ 115.228097, -8.726637 ], [ 115.228373, -8.726802 ], [ 115.228373, -8.726802 ], [ 115.227269, -8.728499 ], [ 115.227036, -8.728347 ], [ 115.226703, -8.728129 ], [ 115.22697, -8.727925 ] ] ] ] } },
{ "type": "Feature", "properties": { "fid": 3, "CENTER_LON": "115.21459492024108", "CENTER_LAT": "-8.67814839500705", "AA_MINS": 10, "AA_MODE": "driving-car", "TOTAL_POP": "1151279", "layer": "Dissolved", "path": "MultiPolygon?crs=EPSG:32750&field=fid:long(0,0)&field=ID:string(0,0)&field=CENTER_LON:string(0,0)&field=CENTER_LAT:string(0,0)&field=AA_MINS:integer(0,0)&field=AA_MODE:string(0,0)&field=TOTAL_POP:string(0,0)&uid={9b3d9e48-367f-4f8e-b467-59935e3accd5}" }, "geometry": { "type": "MultiPolygon", "coordinates": [ [ [ [ 115.227286, -8.785758 ], [ 115.229941, -8.789479 ], [ 115.230578, -8.790578 ], [ 115.230582, -8.790587 ], [ 115.23084, -8.790788 ], [ 115.230937, -8.790895 ], [ 115.231006, -8.79098 ], [ 115.231035, -8.791055 ], [ 115.231293, -8.792145 ], [ 115.231304, -8.792266 ], [ 115.234641, -8.800039 ], [ 115.23749, -8.802319 ], [ 115.237523, -8.802354 ], [ 115.237524, -8.802378 ], [ 115.237498, -8.802417 ], [ 115.237106, -8.802718 ], [ 115.237017, -8.802697 ], [ 115.236854, -8.802752 ], [ 115.236603, -8.802951 ], [ 115.235735, -8.80377 ], [ 115.232007, -8.807666 ], [ 115.231325, -8.81202 ], [ 115.227692, -8.81517 ], [ 115.226528, -8.816069 ], [ 115.225585, -8.816959 ], [ 115.22532, -8.817234 ], [ 115.22507, -8.817387 ], [ 115.224841, -8.817587 ], [ 115.224679, -8.817762 ], [ 115.224656, -8.817865 ], [ 115.224691, -8.818087 ], [ 115.224749, -8.818225 ], [ 115.221901, -8.820152 ], [ 115.220618, -8.821437 ], [ 115.218954, -8.824412 ], [ 115.217477, -8.826751 ], [ 115.217185, -8.827201 ], [ 115.21687, -8.827329 ], [ 115.215669, -8.827286 ], [ 115.215566, -8.827217 ], [ 115.215159, -8.826942 ], [ 115.210957, -8.824328 ], [ 115.209551, -8.82215 ], [ 115.209777, -8.820803 ], [ 115.20981, -8.820613 ], [ 115.210559, -8.817302 ], [ 115.210259, -8.816536 ], [ 115.208537, -8.813404 ], [ 115.202288, -8.812255 ], [ 115.202279, -8.812256 ], [ 115.201789, -8.812345 ], [ 115.195349, -8.813673 ], [ 115.195075, -8.813925 ], [ 115.192994, -8.816701 ], [ 115.192519, -8.817311 ], [ 115.191535, -8.817185 ], [ 115.191208, -8.817486 ], [ 115.190373, -8.821741 ], [ 115.193199, -8.827856 ], [ 115.194393, -8.829138 ], [ 115.194412, -8.829209 ], [ 115.194272, -8.830043 ], [ 115.194252, -8.830102 ], [ 115.192682, -8.831419 ], [ 115.187275, -8.834512 ], [ 115.18338, -8.839921 ], [ 115.174764, -8.841017 ], [ 115.168567, -8.843467 ], [ 115.164297, -8.845651 ], [ 115.163213, -8.845984 ], [ 115.162356, -8.845971 ], [ 115.161477, -8.845732 ], [ 115.160958, -8.84551 ], [ 115.159733, -8.840429 ], [ 115.153972, -8.839442 ], [ 115.151669, -8.839746 ], [ 115.151495, -8.839747 ], [ 115.15145, -8.839701 ], [ 115.151281, -8.839487 ], [ 115.147107, -8.834902 ], [ 115.146215, -8.833027 ], [ 115.138757, -8.831197 ], [ 115.1358, -8.833242 ], [ 115.135774, -8.833243 ], [ 115.133041, -8.83253 ], [ 115.13104, -8.830705 ], [ 115.131054, -8.830562 ], [ 115.132376, -8.828992 ], [ 115.134591, -8.820614 ], [ 115.133961, -8.820003 ], [ 115.13375, -8.819662 ], [ 115.133454, -8.818963 ], [ 115.133334, -8.8182 ], [ 115.133369, -8.817705 ], [ 115.133527, -8.816861 ], [ 115.139193, -8.812166 ], [ 115.138169, -8.809054 ], [ 115.138194, -8.808977 ], [ 115.139358, -8.807134 ], [ 115.142243, -8.801103 ], [ 115.141728, -8.79754 ], [ 115.14396, -8.79335 ], [ 115.143967, -8.793132 ], [ 115.144146, -8.792937 ], [ 115.146998, -8.785839 ], [ 115.151363, -8.780939 ], [ 115.151735, -8.780409 ], [ 115.152256, -8.780063 ], [ 115.152421, -8.77999 ], [ 115.152607, -8.780225 ], [ 115.152724, -8.780371 ], [ 115.152745, -8.780388 ], [ 115.1529, -8.780474 ], [ 115.15315, -8.780541 ], [ 115.153327, -8.780553 ], [ 115.154126, -8.780322 ], [ 115.154569, -8.780283 ], [ 115.156265, -8.780601 ], [ 115.156714, -8.780895 ], [ 115.156978, -8.781067 ], [ 115.157498, -8.78118 ], [ 115.157763, -8.781231 ], [ 115.158609, -8.781713 ], [ 115.158888, -8.781846 ], [ 115.159173, -8.781916 ], [ 115.159938, -8.781785 ], [ 115.160415, -8.781727 ], [ 115.160416, -8.781727 ], [ 115.160946, -8.781745 ], [ 115.159813, -8.786381 ], [ 115.159489, -8.786827 ], [ 115.159527, -8.793976 ], [ 115.158116, -8.796201 ], [ 115.157429, -8.798352 ], [ 115.154993, -8.803885 ], [ 115.154977, -8.804058 ], [ 115.155987, -8.8059 ], [ 115.157702, -8.808883 ], [ 115.157977, -8.808982 ], [ 115.160269, -8.807941 ], [ 115.167069, -8.806129 ], [ 115.172868, -8.812122 ], [ 115.174355, -8.81386 ], [ 115.174577, -8.813923 ], [ 115.176104, -8.813699 ], [ 115.179406, -8.810922 ], [ 115.180884, -8.808944 ], [ 115.181577, -8.807042 ], [ 115.181642, -8.806828 ], [ 115.181735, -8.806136 ], [ 115.181526, -8.805488 ], [ 115.181084, -8.802309 ], [ 115.18108, -8.801862 ], [ 115.180782, -8.800839 ], [ 115.180351, -8.79558 ], [ 115.186559, -8.790594 ], [ 115.188407, -8.790742 ], [ 115.19461, -8.79124 ], [ 115.196134, -8.792423 ], [ 115.196411, -8.792459 ], [ 115.197914, -8.791196 ], [ 115.204625, -8.788962 ], [ 115.205318, -8.789247 ], [ 115.209219, -8.79085 ], [ 115.210319, -8.791572 ], [ 115.213035, -8.793356 ], [ 115.213368, -8.793679 ], [ 115.214977, -8.793466 ], [ 115.215047, -8.793427 ], [ 115.215354, -8.792612 ], [ 115.215877, -8.791097 ], [ 115.21518, -8.788241 ], [ 115.214816, -8.786748 ], [ 115.21471, -8.786738 ], [ 115.214798, -8.786577 ], [ 115.214995, -8.786445 ], [ 115.215268, -8.786347 ], [ 115.215457, -8.786342 ], [ 115.215626, -8.786396 ], [ 115.216904, -8.786976 ], [ 115.217358, -8.787184 ], [ 115.217548, -8.787157 ], [ 115.217887, -8.787092 ], [ 115.219486, -8.787114 ], [ 115.220034, -8.787149 ], [ 115.220226, -8.787132 ], [ 115.220223, -8.787082 ], [ 115.220111, -8.786951 ], [ 115.219901, -8.78679 ], [ 115.219567, -8.786639 ], [ 115.218659, -8.786248 ], [ 115.218121, -8.78587 ], [ 115.217562, -8.785436 ], [ 115.217262, -8.785144 ], [ 115.216955, -8.784744 ], [ 115.216935, -8.784718 ], [ 115.216706, -8.784295 ], [ 115.21631, -8.783376 ], [ 115.216231, -8.783102 ], [ 115.216144, -8.782802 ], [ 115.215936, -8.781945 ], [ 115.219808, -8.783404 ], [ 115.219722, -8.780327 ], [ 115.218975, -8.77926 ], [ 115.21902, -8.778142 ], [ 115.219124, -8.777861 ], [ 115.219135, -8.777809 ], [ 115.219322, -8.776845 ], [ 115.219827, -8.774169 ], [ 115.219811, -8.773705 ], [ 115.219378, -8.771742 ], [ 115.21934, -8.771565 ], [ 115.219305, -8.771326 ], [ 115.219291, -8.771146 ], [ 115.219406, -8.769979 ], [ 115.219976, -8.766888 ], [ 115.22001, -8.766547 ], [ 115.221478, -8.765366 ], [ 115.221607, -8.765355 ], [ 115.222144, -8.765308 ], [ 115.222178, -8.765315 ], [ 115.223592, -8.766906 ], [ 115.223643, -8.772431 ], [ 115.22452, -8.778718 ], [ 115.224804, -8.782278 ], [ 115.226336, -8.785389 ], [ 115.227113, -8.785632 ], [ 115.227283, -8.785757 ], [ 115.227286, -8.785758 ] ] ], [ [ [ 115.164021, -8.753967 ], [ 115.163552, -8.753487 ], [ 115.163098, -8.753003 ], [ 115.162488, -8.752445 ], [ 115.162285, -8.75232 ], [ 115.161032, -8.744981 ], [ 115.160666, -8.744018 ], [ 115.160651, -8.743831 ], [ 115.160451, -8.740561 ], [ 115.160482, -8.74047 ], [ 115.161569, -8.744355 ], [ 115.162635, -8.745478 ], [ 115.162689, -8.745507 ], [ 115.163405, -8.7457 ], [ 115.163489, -8.745682 ], [ 115.169081, -8.744492 ], [ 115.1704, -8.75178 ], [ 115.170205, -8.752162 ], [ 115.167575, -8.753658 ], [ 115.165774, -8.755057 ], [ 115.165686, -8.755373 ], [ 115.164573, -8.754454 ], [ 115.164021, -8.753967 ] ] ], [ [ [ 115.165541, -8.706924 ], [ 115.165175, -8.705865 ], [ 115.165006, -8.705353 ], [ 115.164964, -8.705249 ], [ 115.164844, -8.704853 ], [ 115.164622, -8.704182 ], [ 115.163703, -8.702253 ], [ 115.163235, -8.701259 ], [ 115.16303, -8.700753 ], [ 115.162073, -8.698756 ], [ 115.161585, -8.698009 ], [ 115.161423, -8.697755 ], [ 115.161337, -8.69762 ], [ 115.161023, -8.697127 ], [ 115.160378, -8.69578 ], [ 115.160114, -8.695237 ], [ 115.159787, -8.69475 ], [ 115.159099, -8.693907 ], [ 115.157729, -8.691479 ], [ 115.154793, -8.687721 ], [ 115.15444, -8.687757 ], [ 115.154338, -8.687582 ], [ 115.153839, -8.686895 ], [ 115.152684, -8.685042 ], [ 115.152165, -8.684224 ], [ 115.151324, -8.683232 ], [ 115.15112, -8.682972 ], [ 115.150908, -8.682625 ], [ 115.150726, -8.682185 ], [ 115.150726, -8.682184 ], [ 115.150589, -8.681459 ], [ 115.150545, -8.681212 ], [ 115.150492, -8.681127 ], [ 115.150274, -8.680983 ], [ 115.149944, -8.680445 ], [ 115.149657, -8.679927 ], [ 115.149079, -8.678904 ], [ 115.148549, -8.678238 ], [ 115.148093, -8.677794 ], [ 115.147877, -8.677635 ], [ 115.147547, -8.677293 ], [ 115.147292, -8.676938 ], [ 115.147113, -8.676579 ], [ 115.146933, -8.676062 ], [ 115.146307, -8.675102 ], [ 115.145945, -8.674654 ], [ 115.145438, -8.674195 ], [ 115.144738, -8.673465 ], [ 115.144534, -8.673207 ], [ 115.144489, -8.67315 ], [ 115.144302, -8.672869 ], [ 115.144144, -8.672651 ], [ 115.144122, -8.672624 ], [ 115.144086, -8.672519 ], [ 115.143812, -8.671908 ], [ 115.14375, -8.671325 ], [ 115.140341, -8.667069 ], [ 115.139568, -8.666738 ], [ 115.139533, -8.666722 ], [ 115.138503, -8.666295 ], [ 115.138241, -8.665883 ], [ 115.137934, -8.665496 ], [ 115.137661, -8.665296 ], [ 115.137031, -8.664912 ], [ 115.136329, -8.664441 ], [ 115.1356, -8.663823 ], [ 115.135308, -8.663601 ], [ 115.135259, -8.663549 ], [ 115.135201, -8.663487 ], [ 115.13489, -8.663237 ], [ 115.13468, -8.663106 ], [ 115.13453, -8.663047 ], [ 115.134316, -8.66291 ], [ 115.133879, -8.662534 ], [ 115.133597, -8.662224 ], [ 115.133308, -8.662019 ], [ 115.132995, -8.661861 ], [ 115.132759, -8.661742 ], [ 115.132632, -8.661672 ], [ 115.131976, -8.661313 ], [ 115.131596, -8.661058 ], [ 115.131321, -8.660819 ], [ 115.130439, -8.660049 ], [ 115.129637, -8.659349 ], [ 115.129337, -8.658988 ], [ 115.128841, -8.658369 ], [ 115.127706, -8.657365 ], [ 115.127162, -8.656941 ], [ 115.126262, -8.656206 ], [ 115.125894, -8.655936 ], [ 115.125178, -8.654931 ], [ 115.125, -8.654783 ], [ 115.125, -8.653709 ], [ 115.125, -8.625 ], [ 115.125, -8.616554 ], [ 115.125769, -8.616438 ], [ 115.129969, -8.612182 ], [ 115.130029, -8.612087 ], [ 115.131922, -8.611612 ], [ 115.134921, -8.608817 ], [ 115.137148, -8.601319 ], [ 115.134669, -8.598709 ], [ 115.132461, -8.592691 ], [ 115.132362, -8.591719 ], [ 115.127451, -8.585068 ], [ 115.125, -8.584497 ], [ 115.125, -8.55634 ], [ 115.127209, -8.554471 ], [ 115.131545, -8.554269 ], [ 115.133775, -8.554534 ], [ 115.134158, -8.554621 ], [ 115.135849, -8.553436 ], [ 115.135874, -8.553372 ], [ 115.138643, -8.547028 ], [ 115.142225, -8.546955 ], [ 115.142237, -8.546955 ], [ 115.14305, -8.545929 ], [ 115.143106, -8.545822 ], [ 115.143599, -8.543627 ], [ 115.140262, -8.539644 ], [ 115.138643, -8.536041 ], [ 115.137114, -8.527507 ], [ 115.137229, -8.527135 ], [ 115.136048, -8.525298 ], [ 115.135938, -8.525255 ], [ 115.130395, -8.523545 ], [ 115.129619, -8.518516 ], [ 115.135683, -8.514383 ], [ 115.136516, -8.514397 ], [ 115.137271, -8.514084 ], [ 115.139717, -8.512582 ], [ 115.140845, -8.511522 ], [ 115.140861, -8.511383 ], [ 115.141016, -8.506523 ], [ 115.142511, -8.5 ], [ 115.149358, -8.5 ], [ 115.148174, -8.501246 ], [ 115.147258, -8.504506 ], [ 115.154094, -8.508945 ], [ 115.15451, -8.508369 ], [ 115.156089, -8.507594 ], [ 115.159034, -8.506405 ], [ 115.164881, -8.504218 ], [ 115.167305, -8.5 ], [ 115.171282, -8.5 ], [ 115.171266, -8.500063 ], [ 115.178427, -8.505257 ], [ 115.179766, -8.504006 ], [ 115.183214, -8.501653 ], [ 115.183151, -8.5 ], [ 115.192273, -8.5 ], [ 115.191695, -8.501269 ], [ 115.189781, -8.507715 ], [ 115.189895, -8.508525 ], [ 115.189905, -8.50889 ], [ 115.189847, -8.511054 ], [ 115.190039, -8.512584 ], [ 115.196648, -8.507814 ], [ 115.196653, -8.507411 ], [ 115.196721, -8.506843 ], [ 115.197552, -8.501292 ], [ 115.19754, -8.501106 ], [ 115.199231, -8.500542 ], [ 115.199638, -8.500496 ], [ 115.201131, -8.500857 ], [ 115.202126, -8.5 ], [ 115.240578, -8.5 ], [ 115.25, -8.5 ], [ 115.254136, -8.5 ], [ 115.255673, -8.5 ], [ 115.266103, -8.5 ], [ 115.262855, -8.50345 ], [ 115.258228, -8.503331 ], [ 115.257964, -8.503271 ], [ 115.256185, -8.505297 ], [ 115.256129, -8.505671 ], [ 115.256155, -8.505739 ], [ 115.256919, -8.506522 ], [ 115.257173, -8.506783 ], [ 115.258911, -8.508207 ], [ 115.258056, -8.516334 ], [ 115.257962, -8.516493 ], [ 115.257725, -8.516865 ], [ 115.257604, -8.517946 ], [ 115.255264, -8.523187 ], [ 115.250478, -8.523919 ], [ 115.248866, -8.524166 ], [ 115.248837, -8.524162 ], [ 115.248701, -8.524243 ], [ 115.24622, -8.526055 ], [ 115.245382, -8.529186 ], [ 115.243924, -8.527345 ], [ 115.243184, -8.525646 ], [ 115.239291, -8.52197 ], [ 115.239264, -8.521968 ], [ 115.237347, -8.523594 ], [ 115.229419, -8.526611 ], [ 115.228006, -8.525189 ], [ 115.22761, -8.525157 ], [ 115.225941, -8.525678 ], [ 115.223196, -8.529512 ], [ 115.221535, -8.530338 ], [ 115.221004, -8.530146 ], [ 115.214008, -8.527612 ], [ 115.212303, -8.52567 ], [ 115.212124, -8.525661 ], [ 115.210425, -8.527266 ], [ 115.209768, -8.529657 ], [ 115.208948, -8.531656 ], [ 115.208944, -8.531728 ], [ 115.205286, -8.537806 ], [ 115.198884, -8.5378 ], [ 115.198313, -8.537705 ], [ 115.197316, -8.538436 ], [ 115.196799, -8.539391 ], [ 115.196767, -8.539615 ], [ 115.19697, -8.54037 ], [ 115.197721, -8.541256 ], [ 115.202716, -8.543793 ], [ 115.202774, -8.543822 ], [ 115.204839, -8.544434 ], [ 115.209179, -8.549987 ], [ 115.20762, -8.5536 ], [ 115.207597, -8.553699 ], [ 115.207234, -8.555234 ], [ 115.207231, -8.555248 ], [ 115.207037, -8.556398 ], [ 115.208286, -8.557842 ], [ 115.205709, -8.559447 ], [ 115.205453, -8.559952 ], [ 115.205221, -8.560456 ], [ 115.205072, -8.560885 ], [ 115.202721, -8.568527 ], [ 115.202432, -8.570666 ], [ 115.197807, -8.565055 ], [ 115.197947, -8.564238 ], [ 115.198847, -8.558981 ], [ 115.199126, -8.557116 ], [ 115.199315, -8.554124 ], [ 115.198505, -8.552657 ], [ 115.195116, -8.54936 ], [ 115.194778, -8.54912 ], [ 115.193162, -8.549024 ], [ 115.193011, -8.549195 ], [ 115.192561, -8.549851 ], [ 115.190895, -8.55139 ], [ 115.18238, -8.550019 ], [ 115.182312, -8.549974 ], [ 115.179636, -8.550777 ], [ 115.179459, -8.550711 ], [ 115.172634, -8.548174 ], [ 115.172163, -8.543982 ], [ 115.172164, -8.543954 ], [ 115.171641, -8.541497 ], [ 115.170884, -8.537936 ], [ 115.169639, -8.535853 ], [ 115.169608, -8.535804 ], [ 115.169394, -8.535744 ], [ 115.167468, -8.536802 ], [ 115.167412, -8.536969 ], [ 115.166489, -8.538884 ], [ 115.164275, -8.543477 ], [ 115.1643, -8.543883 ], [ 115.16435, -8.549082 ], [ 115.157394, -8.552488 ], [ 115.150008, -8.556192 ], [ 115.147255, -8.555275 ], [ 115.145907, -8.554311 ], [ 115.143812, -8.554081 ], [ 115.142257, -8.555338 ], [ 115.142102, -8.555685 ], [ 115.142399, -8.557392 ], [ 115.146906, -8.560523 ], [ 115.151395, -8.567809 ], [ 115.153194, -8.569032 ], [ 115.153825, -8.569261 ], [ 115.154576, -8.569495 ], [ 115.162663, -8.570903 ], [ 115.161648, -8.575662 ], [ 115.161324, -8.57798 ], [ 115.161316, -8.578028 ], [ 115.161534, -8.579261 ], [ 115.163394, -8.586295 ], [ 115.163454, -8.58652 ], [ 115.16291, -8.588821 ], [ 115.160565, -8.592639 ], [ 115.159412, -8.594042 ], [ 115.15939, -8.594223 ], [ 115.159832, -8.595941 ], [ 115.161728, -8.598014 ], [ 115.161827, -8.598046 ], [ 115.167529, -8.600467 ], [ 115.168961, -8.601075 ], [ 115.169237, -8.603775 ], [ 115.168488, -8.606079 ], [ 115.167987, -8.608299 ], [ 115.168022, -8.60837 ], [ 115.170114, -8.610112 ], [ 115.169761, -8.611133 ], [ 115.167064, -8.617971 ], [ 115.166433, -8.619135 ], [ 115.166423, -8.619228 ], [ 115.166577, -8.620171 ], [ 115.16723, -8.623728 ], [ 115.166921, -8.626688 ], [ 115.166726, -8.628935 ], [ 115.165592, -8.632534 ], [ 115.165294, -8.632603 ], [ 115.158995, -8.634056 ], [ 115.158758, -8.634052 ], [ 115.156924, -8.635783 ], [ 115.14872, -8.634114 ], [ 115.148713, -8.63411 ], [ 115.146845, -8.634469 ], [ 115.144848, -8.635004 ], [ 115.144825, -8.635031 ], [ 115.144895, -8.637495 ], [ 115.145473, -8.63911 ], [ 115.146003, -8.647943 ], [ 115.145636, -8.648467 ], [ 115.145825, -8.650321 ], [ 115.146498, -8.652433 ], [ 115.151106, -8.657941 ], [ 115.153656, -8.665558 ], [ 115.154239, -8.667134 ], [ 115.154535, -8.667851 ], [ 115.154584, -8.667944 ], [ 115.155942, -8.667687 ], [ 115.156357, -8.667525 ], [ 115.15645, -8.667481 ], [ 115.158416, -8.666753 ], [ 115.15857, -8.666874 ], [ 115.16536, -8.672215 ], [ 115.165362, -8.67224 ], [ 115.166098, -8.673151 ], [ 115.165723, -8.674498 ], [ 115.165594, -8.674959 ], [ 115.164278, -8.679652 ], [ 115.162744, -8.683951 ], [ 115.162811, -8.686116 ], [ 115.162973, -8.691393 ], [ 115.163001, -8.691662 ], [ 115.16536, -8.695136 ], [ 115.166397, -8.697189 ], [ 115.166398, -8.697262 ], [ 115.166469, -8.702049 ], [ 115.166522, -8.705637 ], [ 115.16609, -8.706625 ], [ 115.166141, -8.706779 ], [ 115.166479, -8.707336 ], [ 115.166038, -8.707474 ], [ 115.165812, -8.707731 ], [ 115.165799, -8.707679 ], [ 115.165541, -8.706924 ] ] ], [ [ [ 115.130232, -8.5 ], [ 115.128766, -8.502328 ], [ 115.127365, -8.503047 ], [ 115.127264, -8.503393 ], [ 115.126551, -8.505866 ], [ 115.126478, -8.506226 ], [ 115.126494, -8.506933 ], [ 115.125, -8.511282 ], [ 115.125, -8.5 ], [ 115.130232, -8.5 ] ] ], [ [ [ 115.289317, -8.5 ], [ 115.289234, -8.502554 ], [ 115.281853, -8.50604 ], [ 115.280396, -8.505099 ], [ 115.279688, -8.504912 ], [ 115.276797, -8.5 ], [ 115.281404, -8.5 ], [ 115.289317, -8.5 ] ] ], [ [ [ 115.320738, -8.5 ], [ 115.320277, -8.500489 ], [ 115.320018, -8.501427 ], [ 115.319536, -8.503167 ], [ 115.313177, -8.506874 ], [ 115.313163, -8.506874 ], [ 115.313057, -8.506873 ], [ 115.311285, -8.508113 ], [ 115.30588, -8.511609 ], [ 115.305704, -8.511699 ], [ 115.304128, -8.513005 ], [ 115.303912, -8.513363 ], [ 115.303912, -8.513358 ], [ 115.303952, -8.511733 ], [ 115.303239, -8.510361 ], [ 115.302468, -8.509992 ], [ 115.302075, -8.509934 ], [ 115.301746, -8.509919 ], [ 115.294716, -8.50433 ], [ 115.296728, -8.5 ], [ 115.307223, -8.5 ], [ 115.320738, -8.5 ] ] ], [ [ [ 115.342552, -8.5 ], [ 115.35606, -8.5 ], [ 115.356336, -8.50082 ], [ 115.356739, -8.501693 ], [ 115.365508, -8.503657 ], [ 115.36837, -8.505841 ], [ 115.368105, -8.506555 ], [ 115.367622, -8.50812 ], [ 115.371019, -8.51621 ], [ 115.371735, -8.516928 ], [ 115.372503, -8.5178 ], [ 115.372628, -8.518346 ], [ 115.371977, -8.519925 ], [ 115.372293, -8.523209 ], [ 115.375, -8.523356 ], [ 115.375, -8.573587 ], [ 115.373339, -8.574865 ], [ 115.372968, -8.574801 ], [ 115.372967, -8.574801 ], [ 115.372324, -8.574854 ], [ 115.371845, -8.574856 ], [ 115.371055, -8.574877 ], [ 115.370732, -8.574885 ], [ 115.370526, -8.57489 ], [ 115.370259, -8.574869 ], [ 115.369924, -8.574906 ], [ 115.369535, -8.575002 ], [ 115.369504, -8.575124 ], [ 115.369315, -8.57523 ], [ 115.368784, -8.575386 ], [ 115.362193, -8.576345 ], [ 115.360424, -8.577996 ], [ 115.360109, -8.57826 ], [ 115.360008, -8.578303 ], [ 115.359737, -8.578439 ], [ 115.359615, -8.578417 ], [ 115.35953, -8.578417 ], [ 115.35928, -8.578503 ], [ 115.358751, -8.578781 ], [ 115.358366, -8.578938 ], [ 115.358123, -8.579138 ], [ 115.357816, -8.579381 ], [ 115.357538, -8.579624 ], [ 115.357202, -8.579916 ], [ 115.356917, -8.580052 ], [ 115.356646, -8.580245 ], [ 115.356567, -8.580288 ], [ 115.356367, -8.580395 ], [ 115.356153, -8.58053 ], [ 115.356053, -8.580609 ], [ 115.35576, -8.580844 ], [ 115.355532, -8.581009 ], [ 115.355204, -8.581273 ], [ 115.355011, -8.581465 ], [ 115.354782, -8.58163 ], [ 115.354468, -8.581887 ], [ 115.354354, -8.581994 ], [ 115.354183, -8.582158 ], [ 115.354104, -8.582351 ], [ 115.35391, -8.582561 ], [ 115.353847, -8.582629 ], [ 115.353669, -8.5829 ], [ 115.353455, -8.583179 ], [ 115.353283, -8.583364 ], [ 115.353241, -8.583521 ], [ 115.353169, -8.583586 ], [ 115.352934, -8.583728 ], [ 115.352627, -8.584049 ], [ 115.352241, -8.584464 ], [ 115.351941, -8.584799 ], [ 115.351856, -8.584913 ], [ 115.351565, -8.585357 ], [ 115.351523, -8.585422 ], [ 115.351455, -8.585533 ], [ 115.351376, -8.585662 ], [ 115.351399, -8.585766 ], [ 115.35131, -8.585927 ], [ 115.351144, -8.586208 ], [ 115.351036, -8.586391 ], [ 115.350546, -8.587119 ], [ 115.350365, -8.587567 ], [ 115.350256, -8.587838 ], [ 115.350113, -8.588175 ], [ 115.350089, -8.588361 ], [ 115.35006, -8.588713 ], [ 115.3501, -8.588902 ], [ 115.350199, -8.589005 ], [ 115.350072, -8.589198 ], [ 115.34581, -8.594411 ], [ 115.339257, -8.597371 ], [ 115.3375, -8.598944 ], [ 115.335421, -8.599734 ], [ 115.333348, -8.60059 ], [ 115.329078, -8.601464 ], [ 115.323919, -8.60696 ], [ 115.323736, -8.60882 ], [ 115.323027, -8.610178 ], [ 115.322916, -8.610322 ], [ 115.322817, -8.610581 ], [ 115.322766, -8.610678 ], [ 115.321197, -8.611733 ], [ 115.315683, -8.616557 ], [ 115.315514, -8.616688 ], [ 115.315059, -8.616866 ], [ 115.314717, -8.616932 ], [ 115.314136, -8.617123 ], [ 115.313441, -8.617342 ], [ 115.313175, -8.617456 ], [ 115.312537, -8.617837 ], [ 115.311957, -8.618122 ], [ 115.311262, -8.618455 ], [ 115.311214, -8.618481 ], [ 115.310657, -8.618777 ], [ 115.309979, -8.619126 ], [ 115.309565, -8.619398 ], [ 115.309037, -8.619633 ], [ 115.308516, -8.619983 ], [ 115.308223, -8.620183 ], [ 115.308088, -8.620304 ], [ 115.307992, -8.620401 ], [ 115.307982, -8.620407 ], [ 115.307563, -8.620633 ], [ 115.307167, -8.620942 ], [ 115.306731, -8.62133 ], [ 115.305021, -8.622754 ], [ 115.304831, -8.622901 ], [ 115.304464, -8.623183 ], [ 115.303891, -8.62355 ], [ 115.303451, -8.623833 ], [ 115.302801, -8.624457 ], [ 115.302472, -8.62486 ], [ 115.302389, -8.625 ], [ 115.302293, -8.625162 ], [ 115.302159, -8.625655 ], [ 115.29995, -8.627334 ], [ 115.297757, -8.62997 ], [ 115.29745, -8.630289 ], [ 115.29633, -8.63254 ], [ 115.296148, -8.632624 ], [ 115.29603, -8.632687 ], [ 115.29583, -8.632837 ], [ 115.295552, -8.633158 ], [ 115.295416, -8.633351 ], [ 115.295352, -8.633515 ], [ 115.295316, -8.633687 ], [ 115.295209, -8.633722 ], [ 115.295074, -8.633708 ], [ 115.294945, -8.633737 ], [ 115.294851, -8.633856 ], [ 115.29485, -8.633856 ], [ 115.294752, -8.633979 ], [ 115.294745, -8.634151 ], [ 115.294759, -8.634336 ], [ 115.294702, -8.634451 ], [ 115.294617, -8.6345 ], [ 115.294314, -8.634704 ], [ 115.294309, -8.634707 ], [ 115.294276, -8.634729 ], [ 115.294206, -8.63474 ], [ 115.294105, -8.634805 ], [ 115.293889, -8.634879 ], [ 115.293717, -8.634886 ], [ 115.293546, -8.6349 ], [ 115.29331, -8.635014 ], [ 115.293046, -8.635157 ], [ 115.292939, -8.635378 ], [ 115.292746, -8.635507 ], [ 115.292668, -8.635624 ], [ 115.292532, -8.635828 ], [ 115.292432, -8.635964 ], [ 115.292318, -8.635978 ], [ 115.292197, -8.636035 ], [ 115.292104, -8.636128 ], [ 115.291997, -8.636264 ], [ 115.29184, -8.636414 ], [ 115.291726, -8.636563 ], [ 115.291683, -8.636635 ], [ 115.291661, -8.636728 ], [ 115.291554, -8.636835 ], [ 115.291462, -8.636856 ], [ 115.29129, -8.637013 ], [ 115.291233, -8.637149 ], [ 115.291226, -8.63727 ], [ 115.291212, -8.63742 ], [ 115.291147, -8.637591 ], [ 115.291076, -8.637784 ], [ 115.290911, -8.638121 ], [ 115.29069, -8.638392 ], [ 115.29044, -8.638621 ], [ 115.290198, -8.638785 ], [ 115.289826, -8.638992 ], [ 115.289348, -8.639206 ], [ 115.289134, -8.639299 ], [ 115.288877, -8.639406 ], [ 115.288541, -8.639606 ], [ 115.288092, -8.639913 ], [ 115.287849, -8.640091 ], [ 115.287692, -8.64027 ], [ 115.287478, -8.640377 ], [ 115.287399, -8.640534 ], [ 115.287264, -8.640755 ], [ 115.287225, -8.640821 ], [ 115.287142, -8.640962 ], [ 115.287049, -8.641126 ], [ 115.286892, -8.641198 ], [ 115.286728, -8.641305 ], [ 115.286493, -8.64149 ], [ 115.286387, -8.641636 ], [ 115.286307, -8.641747 ], [ 115.286229, -8.642004 ], [ 115.286114, -8.64224 ], [ 115.286017, -8.642516 ], [ 115.286017, -8.642517 ], [ 115.285777, -8.642737 ], [ 115.285137, -8.643094 ], [ 115.284852, -8.643159 ], [ 115.28479, -8.643257 ], [ 115.284726, -8.643323 ], [ 115.284637, -8.643373 ], [ 115.283803, -8.643838 ], [ 115.283114, -8.644323 ], [ 115.282555, -8.644694 ], [ 115.282204, -8.644916 ], [ 115.281183, -8.645658 ], [ 115.280378, -8.646244 ], [ 115.280333, -8.646272 ], [ 115.279786, -8.646618 ], [ 115.279284, -8.646951 ], [ 115.277556, -8.648367 ], [ 115.27716, -8.64866 ], [ 115.276427, -8.649179 ], [ 115.275684, -8.649786 ], [ 115.274881, -8.650443 ], [ 115.274705, -8.650588 ], [ 115.2741, -8.651019 ], [ 115.273635, -8.651333 ], [ 115.273603, -8.651361 ], [ 115.272494, -8.651805 ], [ 115.271406, -8.653183 ], [ 115.271056, -8.653384 ], [ 115.270846, -8.653505 ], [ 115.270264, -8.653847 ], [ 115.269916, -8.654113 ], [ 115.268938, -8.655156 ], [ 115.267975, -8.656088 ], [ 115.266423, -8.657694 ], [ 115.26587, -8.658338 ], [ 115.265091, -8.659257 ], [ 115.264418, -8.660108 ], [ 115.263434, -8.661737 ], [ 115.262996, -8.662576 ], [ 115.26232, -8.663612 ], [ 115.261968, -8.664119 ], [ 115.261918, -8.664222 ], [ 115.261761, -8.664545 ], [ 115.261746, -8.664597 ], [ 115.261455, -8.665629 ], [ 115.261276, -8.6666 ], [ 115.261089, -8.668364 ], [ 115.261087, -8.668756 ], [ 115.261171, -8.669188 ], [ 115.26127, -8.669459 ], [ 115.261398, -8.669806 ], [ 115.261666, -8.67033 ], [ 115.26198, -8.670876 ], [ 115.26253, -8.671832 ], [ 115.262799, -8.672344 ], [ 115.263106, -8.67296 ], [ 115.263158, -8.673072 ], [ 115.262419, -8.672963 ], [ 115.262195, -8.672925 ], [ 115.262084, -8.672848 ], [ 115.261445, -8.672401 ], [ 115.261296, -8.672297 ], [ 115.261237, -8.672256 ], [ 115.260938, -8.672047 ], [ 115.257169, -8.669414 ], [ 115.257074, -8.668026 ], [ 115.256869, -8.665053 ], [ 115.25677, -8.664638 ], [ 115.255663, -8.664079 ], [ 115.254896, -8.663691 ], [ 115.254858, -8.663688 ], [ 115.254755, -8.663698 ], [ 115.254285, -8.664258 ], [ 115.253268, -8.66547 ], [ 115.253367, -8.665886 ], [ 115.253119, -8.67094 ], [ 115.251465, -8.669745 ], [ 115.246644, -8.663074 ], [ 115.243104, -8.656788 ], [ 115.243055, -8.656713 ], [ 115.242886, -8.656504 ], [ 115.246907, -8.65389 ], [ 115.25007, -8.651253 ], [ 115.250086, -8.651237 ], [ 115.250018, -8.650468 ], [ 115.251335, -8.652558 ], [ 115.252355, -8.654177 ], [ 115.254018, -8.65532 ], [ 115.254113, -8.655333 ], [ 115.255921, -8.654669 ], [ 115.259501, -8.652882 ], [ 115.260942, -8.652163 ], [ 115.263146, -8.651063 ], [ 115.264981, -8.650666 ], [ 115.266288, -8.648506 ], [ 115.266285, -8.648494 ], [ 115.264514, -8.647096 ], [ 115.264307, -8.646056 ], [ 115.262779, -8.638366 ], [ 115.263656, -8.637728 ], [ 115.265078, -8.635914 ], [ 115.268208, -8.630942 ], [ 115.271404, -8.628546 ], [ 115.271452, -8.628519 ], [ 115.274025, -8.627042 ], [ 115.276144, -8.625611 ], [ 115.278076, -8.622198 ], [ 115.278241, -8.621939 ], [ 115.279087, -8.620607 ], [ 115.28169, -8.616509 ], [ 115.28248, -8.61474 ], [ 115.285134, -8.606506 ], [ 115.285505, -8.600365 ], [ 115.285592, -8.598932 ], [ 115.285587, -8.598811 ], [ 115.284621, -8.596384 ], [ 115.282892, -8.595757 ], [ 115.282772, -8.595765 ], [ 115.282756, -8.595766 ], [ 115.28216, -8.595802 ], [ 115.281022, -8.596453 ], [ 115.278625, -8.597051 ], [ 115.27489, -8.597983 ], [ 115.269935, -8.594442 ], [ 115.269967, -8.594144 ], [ 115.270459, -8.589578 ], [ 115.270459, -8.589477 ], [ 115.27037, -8.58923 ], [ 115.270155, -8.588636 ], [ 115.270107, -8.588571 ], [ 115.268631, -8.587791 ], [ 115.268609, -8.587792 ], [ 115.267184, -8.58828 ], [ 115.267123, -8.588301 ], [ 115.265738, -8.588775 ], [ 115.263588, -8.589512 ], [ 115.258015, -8.586388 ], [ 115.256739, -8.581478 ], [ 115.256799, -8.581027 ], [ 115.257823, -8.578074 ], [ 115.25791, -8.57786 ], [ 115.256713, -8.576328 ], [ 115.256159, -8.575597 ], [ 115.256094, -8.575596 ], [ 115.254575, -8.576505 ], [ 115.254488, -8.576719 ], [ 115.253845, -8.578355 ], [ 115.253231, -8.580554 ], [ 115.253171, -8.581006 ], [ 115.252976, -8.582345 ], [ 115.252939, -8.582609 ], [ 115.252877, -8.589039 ], [ 115.25151, -8.590611 ], [ 115.24754, -8.595177 ], [ 115.24591, -8.596394 ], [ 115.244825, -8.598161 ], [ 115.239043, -8.604387 ], [ 115.237454, -8.605998 ], [ 115.237453, -8.606053 ], [ 115.238903, -8.607846 ], [ 115.239066, -8.608849 ], [ 115.240084, -8.615112 ], [ 115.240217, -8.615929 ], [ 115.240373, -8.619318 ], [ 115.240443, -8.619336 ], [ 115.242059, -8.619752 ], [ 115.243791, -8.620199 ], [ 115.244783, -8.620866 ], [ 115.247581, -8.622749 ], [ 115.247707, -8.622808 ], [ 115.248339, -8.624023 ], [ 115.24841, -8.62416 ], [ 115.250164, -8.627534 ], [ 115.250647, -8.628463 ], [ 115.250863, -8.628878 ], [ 115.251142, -8.629415 ], [ 115.251274, -8.629669 ], [ 115.25095, -8.629859 ], [ 115.247915, -8.631634 ], [ 115.247578, -8.631831 ], [ 115.242809, -8.62516 ], [ 115.242207, -8.624612 ], [ 115.240982, -8.623497 ], [ 115.240924, -8.623497 ], [ 115.239118, -8.62371 ], [ 115.23691, -8.623971 ], [ 115.232069, -8.624542 ], [ 115.230464, -8.623141 ], [ 115.22652, -8.620266 ], [ 115.226044, -8.619919 ], [ 115.224294, -8.61566 ], [ 115.224221, -8.61536 ], [ 115.223304, -8.614759 ], [ 115.222551, -8.614265 ], [ 115.222269, -8.614309 ], [ 115.221175, -8.615659 ], [ 115.220724, -8.616216 ], [ 115.220722, -8.617093 ], [ 115.2199, -8.616705 ], [ 115.21868, -8.61613 ], [ 115.217929, -8.615776 ], [ 115.214762, -8.614284 ], [ 115.211437, -8.613337 ], [ 115.2113, -8.613298 ], [ 115.210946, -8.614538 ], [ 115.210574, -8.61461 ], [ 115.202559, -8.616164 ], [ 115.202306, -8.616136 ], [ 115.196799, -8.613357 ], [ 115.196433, -8.612983 ], [ 115.19655, -8.604898 ], [ 115.196605, -8.604699 ], [ 115.197444, -8.598072 ], [ 115.198192, -8.597316 ], [ 115.19955, -8.595943 ], [ 115.206137, -8.594386 ], [ 115.206402, -8.594414 ], [ 115.206962, -8.594269 ], [ 115.208266, -8.595691 ], [ 115.211484, -8.599199 ], [ 115.212139, -8.603115 ], [ 115.213713, -8.60504 ], [ 115.213763, -8.605045 ], [ 115.219047, -8.60359 ], [ 115.220432, -8.603209 ], [ 115.220507, -8.60318 ], [ 115.221665, -8.601449 ], [ 115.221723, -8.600508 ], [ 115.222024, -8.595619 ], [ 115.222053, -8.595199 ], [ 115.221982, -8.594362 ], [ 115.221895, -8.593337 ], [ 115.221834, -8.592623 ], [ 115.221716, -8.592176 ], [ 115.221647, -8.591854 ], [ 115.221553, -8.587345 ], [ 115.221509, -8.585228 ], [ 115.226975, -8.583651 ], [ 115.22907, -8.583046 ], [ 115.23266, -8.583315 ], [ 115.234219, -8.583726 ], [ 115.234865, -8.583742 ], [ 115.235457, -8.583815 ], [ 115.236555, -8.584802 ], [ 115.237941, -8.586048 ], [ 115.239236, -8.588731 ], [ 115.240891, -8.589876 ], [ 115.240999, -8.589884 ], [ 115.242835, -8.588655 ], [ 115.244629, -8.581325 ], [ 115.244758, -8.577728 ], [ 115.242871, -8.571009 ], [ 115.243575, -8.564839 ], [ 115.250554, -8.564784 ], [ 115.253526, -8.568543 ], [ 115.253575, -8.568651 ], [ 115.255848, -8.569472 ], [ 115.255873, -8.569461 ], [ 115.256858, -8.567176 ], [ 115.256347, -8.561065 ], [ 115.256465, -8.560821 ], [ 115.257034, -8.559646 ], [ 115.257786, -8.561293 ], [ 115.25885, -8.563049 ], [ 115.259185, -8.563602 ], [ 115.259242, -8.563696 ], [ 115.259891, -8.564767 ], [ 115.261188, -8.565693 ], [ 115.261329, -8.565712 ], [ 115.265295, -8.567742 ], [ 115.269215, -8.569748 ], [ 115.269203, -8.570129 ], [ 115.269193, -8.570464 ], [ 115.267715, -8.574192 ], [ 115.267727, -8.5755 ], [ 115.267819, -8.576106 ], [ 115.268396, -8.579135 ], [ 115.269173, -8.582871 ], [ 115.26928, -8.583295 ], [ 115.269744, -8.584963 ], [ 115.273089, -8.585894 ], [ 115.275844, -8.587918 ], [ 115.277925, -8.589448 ], [ 115.279668, -8.591026 ], [ 115.280826, -8.591996 ], [ 115.282657, -8.593124 ], [ 115.283028, -8.593047 ], [ 115.284416, -8.591726 ], [ 115.285036, -8.586828 ], [ 115.287155, -8.578523 ], [ 115.288686, -8.5763 ], [ 115.296774, -8.572551 ], [ 115.296879, -8.572557 ], [ 115.304047, -8.567981 ], [ 115.304061, -8.567979 ], [ 115.304995, -8.566505 ], [ 115.310275, -8.561397 ], [ 115.308168, -8.56424 ], [ 115.307828, -8.5644 ], [ 115.307206, -8.565124 ], [ 115.307048, -8.565622 ], [ 115.307079, -8.565933 ], [ 115.304489, -8.574434 ], [ 115.302968, -8.576081 ], [ 115.302745, -8.580714 ], [ 115.30276, -8.580981 ], [ 115.303903, -8.584756 ], [ 115.303954, -8.584879 ], [ 115.305933, -8.585824 ], [ 115.309433, -8.587019 ], [ 115.3103, -8.586922 ], [ 115.310667, -8.586868 ], [ 115.315477, -8.586267 ], [ 115.317372, -8.58881 ], [ 115.319552, -8.591737 ], [ 115.319809, -8.592916 ], [ 115.320287, -8.595155 ], [ 115.320007, -8.598392 ], [ 115.319885, -8.598838 ], [ 115.319814, -8.599348 ], [ 115.321461, -8.600406 ], [ 115.32187, -8.600621 ], [ 115.321984, -8.600652 ], [ 115.322542, -8.600656 ], [ 115.323354, -8.600236 ], [ 115.323872, -8.599536 ], [ 115.330452, -8.595687 ], [ 115.333522, -8.597653 ], [ 115.338295, -8.595859 ], [ 115.340548, -8.594528 ], [ 115.340904, -8.594236 ], [ 115.345227, -8.590306 ], [ 115.345968, -8.589629 ], [ 115.34636, -8.585891 ], [ 115.346309, -8.585743 ], [ 115.346112, -8.585297 ], [ 115.346074, -8.58522 ], [ 115.345859, -8.58481 ], [ 115.344234, -8.583598 ], [ 115.343746, -8.583176 ], [ 115.340654, -8.579017 ], [ 115.339691, -8.574522 ], [ 115.339511, -8.574132 ], [ 115.337131, -8.569476 ], [ 115.335503, -8.566563 ], [ 115.336407, -8.565793 ], [ 115.340261, -8.56564 ], [ 115.341508, -8.565613 ], [ 115.342113, -8.565479 ], [ 115.342253, -8.56536 ], [ 115.342572, -8.56288 ], [ 115.341653, -8.561651 ], [ 115.340197, -8.556852 ], [ 115.347922, -8.552848 ], [ 115.348157, -8.552807 ], [ 115.351646, -8.552196 ], [ 115.359496, -8.553262 ], [ 115.359612, -8.553262 ], [ 115.359712, -8.55326 ], [ 115.359828, -8.553255 ], [ 115.366817, -8.552802 ], [ 115.366952, -8.552811 ], [ 115.367139, -8.552817 ], [ 115.370825, -8.551813 ], [ 115.372839, -8.550253 ], [ 115.37284, -8.550245 ], [ 115.37213, -8.544089 ], [ 115.370827, -8.542314 ], [ 115.367007, -8.539737 ], [ 115.366901, -8.539747 ], [ 115.359237, -8.535834 ], [ 115.359176, -8.535092 ], [ 115.357914, -8.530742 ], [ 115.357866, -8.530261 ], [ 115.357819, -8.529743 ], [ 115.356477, -8.52914 ], [ 115.356127, -8.529137 ], [ 115.348913, -8.523941 ], [ 115.348665, -8.523202 ], [ 115.348299, -8.522708 ], [ 115.348077, -8.522493 ], [ 115.33995, -8.519319 ], [ 115.335944, -8.515252 ], [ 115.334436, -8.513151 ], [ 115.330113, -8.508377 ], [ 115.323775, -8.502274 ], [ 115.323837, -8.501738 ], [ 115.323847, -8.50002 ], [ 115.323844, -8.5 ], [ 115.328713, -8.5 ], [ 115.342552, -8.5 ] ] ], [ [ [ 115.248905, -8.713432 ], [ 115.248763, -8.713521 ], [ 115.248596, -8.71364 ], [ 115.248382, -8.713729 ], [ 115.248221, -8.713723 ], [ 115.24815, -8.713658 ], [ 115.248126, -8.713449 ], [ 115.248108, -8.713093 ], [ 115.247924, -8.712908 ], [ 115.247824, -8.712717 ], [ 115.247453, -8.712555 ], [ 115.246606, -8.712536 ], [ 115.246016, -8.712545 ], [ 115.245749, -8.712593 ], [ 115.245302, -8.712717 ], [ 115.244826, -8.712888 ], [ 115.244474, -8.713012 ], [ 115.243924, -8.713164 ], [ 115.243531, -8.713307 ], [ 115.243008, -8.713576 ], [ 115.242937, -8.713662 ], [ 115.242609, -8.714055 ], [ 115.242494, -8.714142 ], [ 115.242234, -8.714338 ], [ 115.242013, -8.714453 ], [ 115.241493, -8.714724 ], [ 115.241154, -8.714871 ], [ 115.241025, -8.714927 ], [ 115.240671, -8.71513 ], [ 115.240594, -8.715278 ], [ 115.240474, -8.715545 ], [ 115.240469, -8.715555 ], [ 115.240416, -8.715599 ], [ 115.240415, -8.7156 ], [ 115.240346, -8.715657 ], [ 115.24034, -8.715658 ], [ 115.240225, -8.71567 ], [ 115.239835, -8.716166 ], [ 115.239535, -8.716523 ], [ 115.239375, -8.716799 ], [ 115.239362, -8.716838 ], [ 115.239338, -8.71691 ], [ 115.239269, -8.716974 ], [ 115.239233, -8.717008 ], [ 115.239169, -8.717037 ], [ 115.239034, -8.717097 ], [ 115.238691, -8.717179 ], [ 115.238522, -8.717136 ], [ 115.238382, -8.717134 ], [ 115.238241, -8.717139 ], [ 115.238078, -8.717141 ], [ 115.23798, -8.717252 ], [ 115.237902, -8.717301 ], [ 115.237789, -8.717281 ], [ 115.237629, -8.717202 ], [ 115.237571, -8.717203 ], [ 115.237283, -8.717253 ], [ 115.23702, -8.717275 ], [ 115.236973, -8.71738 ], [ 115.236879, -8.717451 ], [ 115.236616, -8.717538 ], [ 115.236124, -8.717635 ], [ 115.235701, -8.717639 ], [ 115.235521, -8.71765 ], [ 115.23531, -8.717685 ], [ 115.235157, -8.717766 ], [ 115.235022, -8.717862 ], [ 115.234803, -8.71791 ], [ 115.23422, -8.718041 ], [ 115.234033, -8.718221 ], [ 115.233961, -8.718278 ], [ 115.233669, -8.718478 ], [ 115.233473, -8.718619 ], [ 115.23275, -8.719128 ], [ 115.232094, -8.719374 ], [ 115.231725, -8.719388 ], [ 115.231682, -8.719385 ], [ 115.231495, -8.719414 ], [ 115.231173, -8.719469 ], [ 115.230382, -8.719556 ], [ 115.230153, -8.719519 ], [ 115.229975, -8.719523 ], [ 115.229698, -8.719502 ], [ 115.229438, -8.719492 ], [ 115.227914, -8.719694 ], [ 115.227808, -8.719755 ], [ 115.227675, -8.719899 ], [ 115.227529, -8.720144 ], [ 115.227429, -8.720258 ], [ 115.227241, -8.720369 ], [ 115.226889, -8.720573 ], [ 115.226339, -8.720966 ], [ 115.226163, -8.721028 ], [ 115.22599, -8.721193 ], [ 115.225746, -8.721385 ], [ 115.228618, -8.71548 ], [ 115.23268, -8.713248 ], [ 115.236776, -8.712064 ], [ 115.238667, -8.711371 ], [ 115.245378, -8.710815 ], [ 115.249215, -8.713175 ], [ 115.249518, -8.713387 ], [ 115.248995, -8.713408 ], [ 115.248905, -8.713432 ] ] ], [ [ [ 115.222533, -8.72557 ], [ 115.22313, -8.725322 ], [ 115.22326, -8.725451 ], [ 115.222999, -8.725483 ], [ 115.222533, -8.72557 ] ] ], [ [ [ 115.222035, -8.725879 ], [ 115.221695, -8.726203 ], [ 115.221321, -8.726473 ], [ 115.221013, -8.726661 ], [ 115.220456, -8.726889 ], [ 115.220035, -8.726892 ], [ 115.21984, -8.726876 ], [ 115.219456, -8.726846 ], [ 115.222239, -8.725692 ], [ 115.222223, -8.7257 ], [ 115.222035, -8.725879 ] ] ], [ [ [ 115.210488, -8.730327 ], [ 115.21043, -8.730304 ], [ 115.210277, -8.730322 ], [ 115.210166, -8.730391 ], [ 115.210092, -8.730437 ], [ 115.209937, -8.730505 ], [ 115.209892, -8.730525 ], [ 115.209887, -8.730527 ], [ 115.209718, -8.730545 ], [ 115.209597, -8.730485 ], [ 115.209491, -8.730371 ], [ 115.20925, -8.730124 ], [ 115.209085, -8.730102 ], [ 115.208345, -8.730024 ], [ 115.208173, -8.729893 ], [ 115.207994, -8.729777 ], [ 115.207494, -8.729681 ], [ 115.207357, -8.729556 ], [ 115.207155, -8.729401 ], [ 115.20688, -8.729278 ], [ 115.206441, -8.729134 ], [ 115.206378, -8.729126 ], [ 115.20623, -8.729107 ], [ 115.205805, -8.729114 ], [ 115.205797, -8.729111 ], [ 115.205755, -8.729135 ], [ 115.205707, -8.729153 ], [ 115.205516, -8.729226 ], [ 115.205296, -8.729237 ], [ 115.20519, -8.729187 ], [ 115.205144, -8.729165 ], [ 115.205078, -8.729086 ], [ 115.204977, -8.728965 ], [ 115.204839, -8.728852 ], [ 115.204782, -8.728832 ], [ 115.204678, -8.728797 ], [ 115.204575, -8.728819 ], [ 115.204529, -8.728929 ], [ 115.204519, -8.729154 ], [ 115.204517, -8.729211 ], [ 115.204507, -8.729435 ], [ 115.204442, -8.729561 ], [ 115.204329, -8.729648 ], [ 115.204282, -8.729677 ], [ 115.204085, -8.729799 ], [ 115.204032, -8.729993 ], [ 115.204073, -8.730129 ], [ 115.204174, -8.730202 ], [ 115.204391, -8.730386 ], [ 115.204307, -8.730684 ], [ 115.204285, -8.730766 ], [ 115.204272, -8.730811 ], [ 115.204285, -8.73084 ], [ 115.204351, -8.73099 ], [ 115.204626, -8.731409 ], [ 115.204674, -8.731481 ], [ 115.204699, -8.731491 ], [ 115.204734, -8.731506 ], [ 115.204812, -8.731539 ], [ 115.204989, -8.731525 ], [ 115.20544, -8.731475 ], [ 115.205505, -8.731591 ], [ 115.205513, -8.731604 ], [ 115.205505, -8.731654 ], [ 115.205498, -8.731701 ], [ 115.205493, -8.731736 ], [ 115.205431, -8.731813 ], [ 115.205408, -8.731842 ], [ 115.205236, -8.731973 ], [ 115.204926, -8.73223 ], [ 115.204788, -8.732477 ], [ 115.204583, -8.732791 ], [ 115.204434, -8.73291 ], [ 115.204401, -8.732937 ], [ 115.204205, -8.73299 ], [ 115.203881, -8.732983 ], [ 115.203337, -8.732972 ], [ 115.202954, -8.732941 ], [ 115.202607, -8.73283 ], [ 115.202486, -8.732725 ], [ 115.202283, -8.732462 ], [ 115.202242, -8.732364 ], [ 115.201964, -8.73199 ], [ 115.20169, -8.731766 ], [ 115.201487, -8.731689 ], [ 115.201427, -8.731667 ], [ 115.201152, -8.73167 ], [ 115.200637, -8.731952 ], [ 115.200518, -8.732017 ], [ 115.20044, -8.732055 ], [ 115.20017, -8.732187 ], [ 115.199444, -8.732905 ], [ 115.199349, -8.733041 ], [ 115.199325, -8.733076 ], [ 115.199289, -8.73324 ], [ 115.199308, -8.73347 ], [ 115.199284, -8.733601 ], [ 115.199202, -8.733729 ], [ 115.199183, -8.733744 ], [ 115.19895, -8.733919 ], [ 115.198805, -8.733984 ], [ 115.198662, -8.734048 ], [ 115.19849, -8.734082 ], [ 115.198187, -8.733878 ], [ 115.197909, -8.73367 ], [ 115.197509, -8.733453 ], [ 115.197307, -8.733366 ], [ 115.197137, -8.733405 ], [ 115.197018, -8.733505 ], [ 115.19695, -8.733563 ], [ 115.196698, -8.733992 ], [ 115.196656, -8.7341 ], [ 115.196514, -8.73446 ], [ 115.196308, -8.735741 ], [ 115.196287, -8.735873 ], [ 115.196211, -8.736222 ], [ 115.19618, -8.736316 ], [ 115.196146, -8.736416 ], [ 115.196133, -8.736454 ], [ 115.196201, -8.736647 ], [ 115.196289, -8.736785 ], [ 115.196313, -8.736822 ], [ 115.196289, -8.737062 ], [ 115.196284, -8.737113 ], [ 115.196159, -8.737511 ], [ 115.196109, -8.737608 ], [ 115.196049, -8.737724 ], [ 115.195841, -8.737951 ], [ 115.195798, -8.737976 ], [ 115.195686, -8.738041 ], [ 115.19547, -8.738001 ], [ 115.195334, -8.737916 ], [ 115.195164, -8.737696 ], [ 115.1951, -8.737454 ], [ 115.194833, -8.737128 ], [ 115.194681, -8.736943 ], [ 115.19457, -8.736877 ], [ 115.194472, -8.736819 ], [ 115.194467, -8.736816 ], [ 115.194167, -8.736854 ], [ 115.194041, -8.736877 ], [ 115.193931, -8.736898 ], [ 115.193817, -8.736871 ], [ 115.193715, -8.73673 ], [ 115.193707, -8.736595 ], [ 115.193737, -8.736535 ], [ 115.193761, -8.736488 ], [ 115.193775, -8.736459 ], [ 115.19376, -8.736312 ], [ 115.193681, -8.736295 ], [ 115.193528, -8.736329 ], [ 115.193496, -8.736321 ], [ 115.193471, -8.736315 ], [ 115.193422, -8.736302 ], [ 115.19324, -8.736089 ], [ 115.19307, -8.735885 ], [ 115.193031, -8.735859 ], [ 115.192929, -8.73579 ], [ 115.192906, -8.735796 ], [ 115.192846, -8.735812 ], [ 115.19283, -8.735816 ], [ 115.192719, -8.73595 ], [ 115.192714, -8.735988 ], [ 115.192701, -8.736085 ], [ 115.192716, -8.736242 ], [ 115.192306, -8.736634 ], [ 115.192235, -8.73669 ], [ 115.192108, -8.736779 ], [ 115.192083, -8.736796 ], [ 115.191594, -8.737149 ], [ 115.191235, -8.737329 ], [ 115.191222, -8.737336 ], [ 115.190653, -8.737631 ], [ 115.190624, -8.737651 ], [ 115.190596, -8.737671 ], [ 115.190271, -8.737897 ], [ 115.19005, -8.73813 ], [ 115.19002, -8.738177 ], [ 115.189907, -8.73835 ], [ 115.18988, -8.738408 ], [ 115.189757, -8.738678 ], [ 115.189738, -8.738708 ], [ 115.18969, -8.738783 ], [ 115.189418, -8.738796 ], [ 115.189417, -8.738796 ], [ 115.189056, -8.738759 ], [ 115.188985, -8.738752 ], [ 115.188963, -8.738755 ], [ 115.188921, -8.73876 ], [ 115.188848, -8.739014 ], [ 115.188844, -8.739029 ], [ 115.188839, -8.739045 ], [ 115.188755, -8.739338 ], [ 115.188892, -8.739356 ], [ 115.188983, -8.739404 ], [ 115.189256, -8.739467 ], [ 115.189349, -8.739515 ], [ 115.189385, -8.739599 ], [ 115.189368, -8.739661 ], [ 115.189345, -8.739741 ], [ 115.189134, -8.739912 ], [ 115.188945, -8.740065 ], [ 115.188873, -8.740349 ], [ 115.188821, -8.740586 ], [ 115.188745, -8.740706 ], [ 115.188724, -8.74074 ], [ 115.188601, -8.740812 ], [ 115.188476, -8.740886 ], [ 115.188372, -8.740906 ], [ 115.188203, -8.740938 ], [ 115.187938, -8.740917 ], [ 115.187656, -8.740854 ], [ 115.187461, -8.740784 ], [ 115.187368, -8.74075 ], [ 115.1872, -8.740724 ], [ 115.187029, -8.740779 ], [ 115.186657, -8.741019 ], [ 115.186621, -8.741042 ], [ 115.186438, -8.741153 ], [ 115.186314, -8.741364 ], [ 115.18629, -8.741405 ], [ 115.183359, -8.740461 ], [ 115.182633, -8.737056 ], [ 115.183022, -8.733185 ], [ 115.182383, -8.731644 ], [ 115.18278, -8.727214 ], [ 115.18299, -8.724872 ], [ 115.184044, -8.724657 ], [ 115.185879, -8.725281 ], [ 115.190394, -8.726816 ], [ 115.191275, -8.7277 ], [ 115.191357, -8.727728 ], [ 115.191776, -8.727872 ], [ 115.192732, -8.727995 ], [ 115.193421, -8.727951 ], [ 115.193428, -8.727939 ], [ 115.19368, -8.727918 ], [ 115.194286, -8.727706 ], [ 115.194959, -8.727099 ], [ 115.202636, -8.722466 ], [ 115.203398, -8.721725 ], [ 115.20463, -8.720527 ], [ 115.211206, -8.722771 ], [ 115.21143, -8.7279 ], [ 115.210834, -8.730669 ], [ 115.210585, -8.730364 ], [ 115.210488, -8.730327 ] ] ], [ [ [ 115.182678, -8.763925 ], [ 115.182729, -8.764039 ], [ 115.182729, -8.764041 ], [ 115.182782, -8.764327 ], [ 115.182762, -8.764442 ], [ 115.182761, -8.764449 ], [ 115.182761, -8.764588 ], [ 115.182761, -8.764645 ], [ 115.182835, -8.764701 ], [ 115.183041, -8.764764 ], [ 115.183288, -8.76477 ], [ 115.184082, -8.764765 ], [ 115.184139, -8.764765 ], [ 115.184137, -8.764842 ], [ 115.18407, -8.765131 ], [ 115.18398, -8.76524 ], [ 115.18387, -8.765281 ], [ 115.183806, -8.765306 ], [ 115.183653, -8.765365 ], [ 115.183619, -8.765456 ], [ 115.18365, -8.765613 ], [ 115.183692, -8.765612 ], [ 115.183716, -8.765612 ], [ 115.184327, -8.765605 ], [ 115.184411, -8.765535 ], [ 115.184633, -8.765308 ], [ 115.185009, -8.765069 ], [ 115.1853, -8.764865 ], [ 115.185339, -8.764838 ], [ 115.185431, -8.764712 ], [ 115.185465, -8.764666 ], [ 115.185486, -8.764589 ], [ 115.185511, -8.764496 ], [ 115.185502, -8.764222 ], [ 115.185486, -8.763703 ], [ 115.185484, -8.763644 ], [ 115.185486, -8.763626 ], [ 115.185532, -8.763168 ], [ 115.185549, -8.763136 ], [ 115.185632, -8.762979 ], [ 115.185779, -8.762858 ], [ 115.185988, -8.76278 ], [ 115.186011, -8.762781 ], [ 115.186176, -8.762788 ], [ 115.186463, -8.762877 ], [ 115.186745, -8.763043 ], [ 115.187106, -8.763236 ], [ 115.187129, -8.763254 ], [ 115.187168, -8.763318 ], [ 115.187185, -8.763444 ], [ 115.187173, -8.763485 ], [ 115.18713, -8.763637 ], [ 115.186906, -8.764066 ], [ 115.186711, -8.764408 ], [ 115.186708, -8.764413 ], [ 115.186708, -8.764414 ], [ 115.186711, -8.764453 ], [ 115.186761, -8.764576 ], [ 115.186807, -8.764743 ], [ 115.186877, -8.765313 ], [ 115.187005, -8.765431 ], [ 115.187247, -8.765563 ], [ 115.18788, -8.765872 ], [ 115.18867, -8.766254 ], [ 115.188846, -8.766239 ], [ 115.189023, -8.76615 ], [ 115.189061, -8.766113 ], [ 115.189216, -8.765962 ], [ 115.189645, -8.76555 ], [ 115.189782, -8.765544 ], [ 115.189814, -8.765556 ], [ 115.189922, -8.765596 ], [ 115.190035, -8.765724 ], [ 115.190146, -8.765953 ], [ 115.190166, -8.76614 ], [ 115.190161, -8.766605 ], [ 115.190189, -8.766646 ], [ 115.19024, -8.766721 ], [ 115.190319, -8.766797 ], [ 115.190322, -8.7668 ], [ 115.190328, -8.766803 ], [ 115.190343, -8.766809 ], [ 115.190369, -8.76682 ], [ 115.190433, -8.766829 ], [ 115.190502, -8.766818 ], [ 115.190526, -8.766815 ], [ 115.190838, -8.766781 ], [ 115.191026, -8.766853 ], [ 115.191215, -8.766997 ], [ 115.191443, -8.767276 ], [ 115.191589, -8.767578 ], [ 115.191689, -8.767929 ], [ 115.191825, -8.768528 ], [ 115.191918, -8.768936 ], [ 115.191987, -8.769106 ], [ 115.192097, -8.769376 ], [ 115.192196, -8.769673 ], [ 115.192218, -8.769968 ], [ 115.192294, -8.770505 ], [ 115.192527, -8.770948 ], [ 115.192673, -8.771058 ], [ 115.193057, -8.771247 ], [ 115.193384, -8.771456 ], [ 115.193666, -8.771739 ], [ 115.193838, -8.772 ], [ 115.194028, -8.772438 ], [ 115.194078, -8.772745 ], [ 115.194038, -8.77307 ], [ 115.193989, -8.773284 ], [ 115.193926, -8.773561 ], [ 115.193802, -8.774069 ], [ 115.193708, -8.774452 ], [ 115.193704, -8.775117 ], [ 115.193695, -8.775875 ], [ 115.193775, -8.776169 ], [ 115.193893, -8.776373 ], [ 115.194212, -8.776791 ], [ 115.194303, -8.77691 ], [ 115.194479, -8.777121 ], [ 115.194792, -8.777495 ], [ 115.194857, -8.777559 ], [ 115.195479, -8.778101 ], [ 115.196819, -8.779134 ], [ 115.197177, -8.779432 ], [ 115.197475, -8.7798 ], [ 115.197593, -8.780053 ], [ 115.197595, -8.780201 ], [ 115.197527, -8.780367 ], [ 115.197522, -8.780379 ], [ 115.197506, -8.780405 ], [ 115.197402, -8.780572 ], [ 115.193865, -8.780393 ], [ 115.18691, -8.777288 ], [ 115.186418, -8.777161 ], [ 115.183284, -8.775154 ], [ 115.181811, -8.769557 ], [ 115.181909, -8.76936 ], [ 115.18201, -8.768883 ], [ 115.182154, -8.768637 ], [ 115.182112, -8.768401 ], [ 115.182324, -8.7674 ], [ 115.182427, -8.766837 ], [ 115.182525, -8.766473 ], [ 115.182609, -8.765649 ], [ 115.182586, -8.765346 ], [ 115.182544, -8.765052 ], [ 115.18253, -8.765013 ], [ 115.182153, -8.763182 ], [ 115.182577, -8.763699 ], [ 115.182678, -8.763925 ] ] ], [ [ [ 115.201035, -8.781063 ], [ 115.201105, -8.781069 ], [ 115.201295, -8.781085 ], [ 115.201425, -8.781137 ], [ 115.201518, -8.781174 ], [ 115.201574, -8.781217 ], [ 115.201766, -8.781364 ], [ 115.202119, -8.78172 ], [ 115.202136, -8.781731 ], [ 115.201565, -8.781569 ], [ 115.200915, -8.78141 ], [ 115.20046, -8.781282 ], [ 115.200797, -8.781127 ], [ 115.201035, -8.781063 ] ] ], [ [ [ 115.203669, -8.781968 ], [ 115.203739, -8.781982 ], [ 115.204085, -8.782054 ], [ 115.204294, -8.782157 ], [ 115.204502, -8.782334 ], [ 115.20462, -8.782447 ], [ 115.202917, -8.781956 ], [ 115.203438, -8.781964 ], [ 115.203669, -8.781968 ] ] ], [ [ [ 115.212233, -8.78614 ], [ 115.212674, -8.786348 ], [ 115.212898, -8.786454 ], [ 115.21292, -8.786464 ], [ 115.213201, -8.7866 ], [ 115.21321, -8.786604 ], [ 115.21123, -8.786426 ], [ 115.210083, -8.785758 ], [ 115.210526, -8.785779 ], [ 115.212233, -8.78614 ] ] ], [ [ [ 115.187796, -8.764686 ], [ 115.187837, -8.76466 ], [ 115.187881, -8.764558 ], [ 115.188044, -8.764123 ], [ 115.188171, -8.763993 ], [ 115.188296, -8.763958 ], [ 115.188504, -8.763972 ], [ 115.188622, -8.764036 ], [ 115.188757, -8.764199 ], [ 115.18886, -8.764444 ], [ 115.188966, -8.764968 ], [ 115.188973, -8.765235 ], [ 115.188916, -8.765444 ], [ 115.188821, -8.765565 ], [ 115.188699, -8.765627 ], [ 115.188502, -8.765646 ], [ 115.188163, -8.76559 ], [ 115.187961, -8.76548 ], [ 115.187764, -8.765275 ], [ 115.18771, -8.76513 ], [ 115.18772, -8.764961 ], [ 115.187796, -8.764686 ] ] ], [ [ [ 115.2115, -8.735746 ], [ 115.211591, -8.735418 ], [ 115.211645, -8.735221 ], [ 115.211814, -8.734724 ], [ 115.212086, -8.733924 ], [ 115.213371, -8.734604 ], [ 115.213506, -8.734676 ], [ 115.213657, -8.734756 ], [ 115.213628, -8.734769 ], [ 115.213411, -8.735111 ], [ 115.212979, -8.735527 ], [ 115.212608, -8.735763 ], [ 115.212148, -8.735961 ], [ 115.211673, -8.736093 ], [ 115.211388, -8.73615 ], [ 115.21145, -8.735927 ], [ 115.2115, -8.735746 ] ] ], [ [ [ 115.217231, -8.729026 ], [ 115.218164, -8.729578 ], [ 115.218602, -8.730263 ], [ 115.218982, -8.730739 ], [ 115.21902, -8.73112 ], [ 115.218164, -8.731882 ], [ 115.217364, -8.732795 ], [ 115.216812, -8.733252 ], [ 115.216355, -8.733309 ], [ 115.215689, -8.733671 ], [ 115.215023, -8.734337 ], [ 115.21482, -8.734585 ], [ 115.213763, -8.734556 ], [ 115.21396, -8.734007 ], [ 115.214149, -8.732348 ], [ 115.21423, -8.731996 ], [ 115.214936, -8.728721 ], [ 115.215276, -8.72858 ], [ 115.216089, -8.72876 ], [ 115.217231, -8.729026 ] ] ], [ [ [ 115.240965, -8.722473 ], [ 115.241275, -8.722675 ], [ 115.241584, -8.722783 ], [ 115.241641, -8.722802 ], [ 115.241834, -8.722866 ], [ 115.242012, -8.72302 ], [ 115.242084, -8.723187 ], [ 115.24219, -8.723613 ], [ 115.24225, -8.723853 ], [ 115.242417, -8.724305 ], [ 115.242636, -8.724608 ], [ 115.242667, -8.72465 ], [ 115.242719, -8.72468 ], [ 115.242964, -8.724817 ], [ 115.243009, -8.724817 ], [ 115.243066, -8.724817 ], [ 115.243166, -8.724817 ], [ 115.243239, -8.72478 ], [ 115.243333, -8.724734 ], [ 115.243499, -8.724734 ], [ 115.24359, -8.724776 ], [ 115.244088, -8.725009 ], [ 115.244415, -8.725162 ], [ 115.244511, -8.725376 ], [ 115.244653, -8.726685 ], [ 115.244705, -8.727162 ], [ 115.242248, -8.728231 ], [ 115.242243, -8.728215 ], [ 115.2421, -8.727865 ], [ 115.242053, -8.727748 ], [ 115.241957, -8.727549 ], [ 115.241786, -8.727225 ], [ 115.241672, -8.727111 ], [ 115.241482, -8.726949 ], [ 115.241101, -8.726844 ], [ 115.240768, -8.726825 ], [ 115.240577, -8.726863 ], [ 115.240405, -8.726912 ], [ 115.240116, -8.726993 ], [ 115.239968, -8.727035 ], [ 115.239597, -8.727196 ], [ 115.23934, -8.727434 ], [ 115.239188, -8.72772 ], [ 115.239026, -8.72811 ], [ 115.239026, -8.728358 ], [ 115.239064, -8.728662 ], [ 115.239283, -8.729005 ], [ 115.239664, -8.729328 ], [ 115.239945, -8.72959 ], [ 115.240054, -8.72969 ], [ 115.240103, -8.729713 ], [ 115.238834, -8.732223 ], [ 115.233932, -8.733246 ], [ 115.230418, -8.73609 ], [ 115.229953, -8.73653 ], [ 115.229793, -8.736615 ], [ 115.229703, -8.736433 ], [ 115.229523, -8.73611 ], [ 115.229396, -8.735802 ], [ 115.229395, -8.735641 ], [ 115.229395, -8.735624 ], [ 115.229463, -8.735356 ], [ 115.229483, -8.735279 ], [ 115.22961, -8.735141 ], [ 115.22973, -8.734963 ], [ 115.229743, -8.734943 ], [ 115.229728, -8.734862 ], [ 115.229649, -8.734814 ], [ 115.22952, -8.734844 ], [ 115.229404, -8.73493 ], [ 115.229402, -8.734934 ], [ 115.229327, -8.735099 ], [ 115.229155, -8.735527 ], [ 115.229132, -8.735799 ], [ 115.229198, -8.736041 ], [ 115.229213, -8.736088 ], [ 115.229354, -8.736528 ], [ 115.229385, -8.736834 ], [ 115.229127, -8.736972 ], [ 115.228677, -8.737077 ], [ 115.228106, -8.737107 ], [ 115.227646, -8.737063 ], [ 115.227019, -8.73697 ], [ 115.220508, -8.7367 ], [ 115.22077, -8.735297 ], [ 115.221347, -8.734969 ], [ 115.222091, -8.734785 ], [ 115.222096, -8.734781 ], [ 115.222097, -8.734779 ], [ 115.222205, -8.734635 ], [ 115.222246, -8.734581 ], [ 115.222353, -8.734395 ], [ 115.222388, -8.734131 ], [ 115.222375, -8.734021 ], [ 115.22236, -8.733903 ], [ 115.222288, -8.733617 ], [ 115.222218, -8.733317 ], [ 115.222196, -8.733225 ], [ 115.22206, -8.732946 ], [ 115.221993, -8.732842 ], [ 115.221917, -8.732725 ], [ 115.221803, -8.732504 ], [ 115.221801, -8.732498 ], [ 115.221785, -8.732462 ], [ 115.221725, -8.732325 ], [ 115.221767, -8.731968 ], [ 115.221801, -8.731904 ], [ 115.22186, -8.731787 ], [ 115.22191, -8.73169 ], [ 115.222079, -8.731484 ], [ 115.222104, -8.731454 ], [ 115.222139, -8.731412 ], [ 115.222166, -8.731398 ], [ 115.222317, -8.731326 ], [ 115.222581, -8.731276 ], [ 115.222722, -8.731271 ], [ 115.222774, -8.731269 ], [ 115.222938, -8.731319 ], [ 115.22296, -8.73133 ], [ 115.223102, -8.731404 ], [ 115.223288, -8.731426 ], [ 115.223552, -8.731369 ], [ 115.223723, -8.731297 ], [ 115.223734, -8.731287 ], [ 115.223895, -8.731126 ], [ 115.224014, -8.730929 ], [ 115.224016, -8.730926 ], [ 115.22402, -8.730897 ], [ 115.224037, -8.730755 ], [ 115.224049, -8.730477 ], [ 115.224052, -8.730426 ], [ 115.224059, -8.730162 ], [ 115.224123, -8.730034 ], [ 115.224237, -8.729805 ], [ 115.224259, -8.729782 ], [ 115.224316, -8.729718 ], [ 115.224437, -8.729584 ], [ 115.224651, -8.729356 ], [ 115.225008, -8.729097 ], [ 115.225065, -8.729056 ], [ 115.225131, -8.729024 ], [ 115.225451, -8.72887 ], [ 115.225803, -8.728682 ], [ 115.226288, -8.728423 ], [ 115.226386, -8.728371 ], [ 115.226703, -8.728129 ], [ 115.227036, -8.728347 ], [ 115.227269, -8.728499 ], [ 115.228373, -8.726802 ], [ 115.228516, -8.726793 ], [ 115.228574, -8.726657 ], [ 115.228601, -8.726593 ], [ 115.228849, -8.726641 ], [ 115.228991, -8.726736 ], [ 115.229334, -8.727002 ], [ 115.229412, -8.727092 ], [ 115.229515, -8.727212 ], [ 115.229696, -8.727412 ], [ 115.229834, -8.727441 ], [ 115.229897, -8.72724 ], [ 115.229855, -8.727105 ], [ 115.229852, -8.727091 ], [ 115.229806, -8.726863 ], [ 115.229815, -8.72664 ], [ 115.229818, -8.726576 ], [ 115.229885, -8.726419 ], [ 115.229958, -8.726222 ], [ 115.229968, -8.725988 ], [ 115.229883, -8.725828 ], [ 115.229737, -8.7257 ], [ 115.2297, -8.725673 ], [ 115.22934, -8.725411 ], [ 115.229265, -8.725212 ], [ 115.229286, -8.72502 ], [ 115.229431, -8.72474 ], [ 115.229477, -8.724688 ], [ 115.229622, -8.724526 ], [ 115.230142, -8.724089 ], [ 115.230475, -8.723896 ], [ 115.230633, -8.723871 ], [ 115.230649, -8.723868 ], [ 115.23065, -8.723868 ], [ 115.230666, -8.723764 ], [ 115.230675, -8.723711 ], [ 115.230761, -8.723559 ], [ 115.230856, -8.723473 ], [ 115.231056, -8.723569 ], [ 115.231254, -8.723767 ], [ 115.231322, -8.723835 ], [ 115.231617, -8.724149 ], [ 115.231836, -8.724473 ], [ 115.232065, -8.724825 ], [ 115.23217, -8.72497 ], [ 115.232207, -8.725021 ], [ 115.232293, -8.725139 ], [ 115.232445, -8.725253 ], [ 115.232636, -8.72531 ], [ 115.232893, -8.725282 ], [ 115.233102, -8.725206 ], [ 115.233144, -8.725172 ], [ 115.233387, -8.724977 ], [ 115.233492, -8.724739 ], [ 115.233528, -8.724456 ], [ 115.23354, -8.724359 ], [ 115.233593, -8.724236 ], [ 115.233651, -8.724101 ], [ 115.233664, -8.724073 ], [ 115.233666, -8.724068 ], [ 115.23374, -8.723954 ], [ 115.233827, -8.723816 ], [ 115.233866, -8.723755 ], [ 115.234082, -8.723416 ], [ 115.234088, -8.723409 ], [ 115.234463, -8.72295 ], [ 115.234465, -8.722948 ], [ 115.234618, -8.722805 ], [ 115.234787, -8.722647 ], [ 115.234927, -8.722515 ], [ 115.235063, -8.722388 ], [ 115.235301, -8.722266 ], [ 115.235415, -8.722208 ], [ 115.235605, -8.722131 ], [ 115.235767, -8.721941 ], [ 115.235812, -8.7219 ], [ 115.235967, -8.72176 ], [ 115.236195, -8.721522 ], [ 115.236319, -8.721416 ], [ 115.236328, -8.721408 ], [ 115.236528, -8.721351 ], [ 115.236723, -8.7214 ], [ 115.236927, -8.721451 ], [ 115.236931, -8.721452 ], [ 115.237622, -8.721582 ], [ 115.237623, -8.721581 ], [ 115.237858, -8.721474 ], [ 115.237899, -8.721456 ], [ 115.238, -8.72141 ], [ 115.238385, -8.72128 ], [ 115.238514, -8.721236 ], [ 115.238847, -8.721176 ], [ 115.239157, -8.7212 ], [ 115.239514, -8.721402 ], [ 115.239799, -8.721676 ], [ 115.240073, -8.721855 ], [ 115.240347, -8.721902 ], [ 115.240573, -8.721997 ], [ 115.240716, -8.722194 ], [ 115.240763, -8.722259 ], [ 115.240965, -8.722473 ] ] ], [ [ [ 115.232091, -8.724278 ], [ 115.231904, -8.72415 ], [ 115.231665, -8.72392 ], [ 115.231597, -8.723761 ], [ 115.231615, -8.72367 ], [ 115.231838, -8.723499 ], [ 115.231841, -8.723495 ], [ 115.231957, -8.723504 ], [ 115.232322, -8.72349 ], [ 115.232569, -8.723423 ], [ 115.233714, -8.723128 ], [ 115.233844, -8.723168 ], [ 115.233905, -8.723233 ], [ 115.233896, -8.723374 ], [ 115.233801, -8.723537 ], [ 115.23359, -8.723732 ], [ 115.233224, -8.723996 ], [ 115.232861, -8.724198 ], [ 115.232593, -8.724296 ], [ 115.232353, -8.724333 ], [ 115.232091, -8.724278 ] ] ] ] } }
]
}
