{
"type": "FeatureCollection",
"name": "voronoi_health",
"xy_coordinate_resolution": 1e-06,
"features": [
{ "type": "Feature", "properties": { "id": 2, "fid": 1282, "full_id": "n2491810790", "osm_id": "2491810790", "osm_type": "node", "name": "puskesmas Sibang kaja", "class": "hospital", "population_covered": 65294, "covered_area": "23.95 km²" }, "geometry": { "type": "Polygon", "coordinates": [ [ [ 115.194737, -8.542979 ], [ 115.209765, -8.608483 ], [ 115.219764, -8.608069 ], [ 115.258132, -8.577125 ], [ 115.194737, -8.542979 ] ] ] } },
{ "type": "Feature", "properties": { "id": 3, "fid": 1286, "full_id": "n4419873830", "osm_id": "4419873830", "osm_type": "node", "name": "Rumah Sakit Universitas Udayana", "class": "hospital", "population_covered": 114246, "covered_area": "80.36 km²" }, "geometry": { "type": "Polygon", "coordinates": [ [ [ 115.125001, -8.847352 ], [ 115.125, -8.847353 ], [ 115.125, -8.847742 ], [ 115.125, -8.847742 ], [ 115.125001, -8.847742 ], [ 115.125108, -8.847755 ], [ 115.125203, -8.847677 ], [ 115.12526, -8.847421 ], [ 115.125262, -8.847385 ], [ 115.125032, -8.847343 ], [ 115.125019, -8.847343 ], [ 115.125001, -8.847352 ] ] ] } },
{ "type": "Feature", "properties": { "id": 3, "fid": 1286, "full_id": "n4419873830", "osm_id": "4419873830", "osm_type": "node", "name": "Rumah Sakit Universitas Udayana", "class": "hospital", "population_covered": 114246, "covered_area": "80.36 km²" }, "geometry": { "type": "Polygon", "coordinates": [ [ [ 115.225171, -8.776485 ], [ 115.225067, -8.776076 ], [ 115.225043, -8.775817 ], [ 115.214016, -8.775567 ], [ 115.214012, -8.775575 ], [ 115.213963, -8.775824 ], [ 115.214005, -8.77629 ], [ 115.214214, -8.777246 ], [ 115.214363, -8.777709 ], [ 115.214573, -8.77808 ], [ 115.21484, -8.778431 ], [ 115.215079, -8.778962 ], [ 115.215148, -8.779115 ], [ 115.215267, -8.779497 ], [ 115.215614, -8.780614 ], [ 115.216144, -8.782802 ], [ 115.216231, -8.783102 ], [ 115.21631, -8.783376 ], [ 115.216706, -8.784295 ], [ 115.216935, -8.784718 ], [ 115.216955, -8.784744 ], [ 115.217262, -8.785144 ], [ 115.217562, -8.785436 ], [ 115.218121, -8.78587 ], [ 115.218659, -8.786248 ], [ 115.219567, -8.786639 ], [ 115.219901, -8.78679 ], [ 115.220111, -8.786951 ], [ 115.220223, -8.787082 ], [ 115.220226, -8.787132 ], [ 115.220034, -8.787149 ], [ 115.219486, -8.787114 ], [ 115.217887, -8.787092 ], [ 115.217548, -8.787157 ], [ 115.217358, -8.787184 ], [ 115.216904, -8.786976 ], [ 115.215626, -8.786396 ], [ 115.215457, -8.786342 ], [ 115.215268, -8.786347 ], [ 115.214995, -8.786445 ], [ 115.214798, -8.786577 ], [ 115.214644, -8.786858 ], [ 115.214591, -8.786938 ], [ 115.214474, -8.78702 ], [ 115.21441, -8.787048 ], [ 115.214346, -8.787062 ], [ 115.213904, -8.786861 ], [ 115.213201, -8.7866 ], [ 115.21292, -8.786464 ], [ 115.212898, -8.786454 ], [ 115.212674, -8.786348 ], [ 115.212233, -8.78614 ], [ 115.210526, -8.785779 ], [ 115.20979, -8.785744 ], [ 115.208995, -8.785609 ], [ 115.208524, -8.785583 ], [ 115.208296, -8.785571 ], [ 115.208276, -8.78557 ], [ 115.208135, -8.785565 ], [ 115.208088, -8.785555 ], [ 115.207934, -8.785475 ], [ 115.207829, -8.785297 ], [ 115.207789, -8.785196 ], [ 115.207787, -8.785192 ], [ 115.207078, -8.78458 ], [ 115.206309, -8.784019 ], [ 115.206115, -8.783878 ], [ 115.204502, -8.782334 ], [ 115.204294, -8.782157 ], [ 115.204085, -8.782054 ], [ 115.203739, -8.781982 ], [ 115.203669, -8.781968 ], [ 115.203438, -8.781964 ], [ 115.202874, -8.781955 ], [ 115.202594, -8.781945 ], [ 115.202334, -8.781867 ], [ 115.202119, -8.78172 ], [ 115.201766, -8.781364 ], [ 115.201574, -8.781217 ], [ 115.201518, -8.781174 ], [ 115.201425, -8.781137 ], [ 115.201295, -8.781085 ], [ 115.201105, -8.781069 ], [ 115.201035, -8.781063 ], [ 115.200797, -8.781127 ], [ 115.200396, -8.781311 ], [ 115.200379, -8.781319 ], [ 115.199998, -8.781425 ], [ 115.199796, -8.78145 ], [ 115.199679, -8.781464 ], [ 115.199643, -8.781465 ], [ 115.199611, -8.781466 ], [ 115.19914, -8.781479 ], [ 115.198821, -8.781494 ], [ 115.198487, -8.78151 ], [ 115.19821, -8.781546 ], [ 115.197539, -8.781633 ], [ 115.197501, -8.781638 ], [ 115.197453, -8.781641 ], [ 115.197278, -8.781651 ], [ 115.197123, -8.781606 ], [ 115.197008, -8.781493 ], [ 115.196959, -8.781358 ], [ 115.197229, -8.780848 ], [ 115.197506, -8.780405 ], [ 115.197522, -8.780379 ], [ 115.197527, -8.780367 ], [ 115.197595, -8.780201 ], [ 115.197593, -8.780053 ], [ 115.197475, -8.7798 ], [ 115.197177, -8.779432 ], [ 115.196819, -8.779134 ], [ 115.195479, -8.778101 ], [ 115.194857, -8.777559 ], [ 115.194792, -8.777495 ], [ 115.194479, -8.777121 ], [ 115.194303, -8.77691 ], [ 115.194212, -8.776791 ], [ 115.193893, -8.776373 ], [ 115.193775, -8.776169 ], [ 115.193695, -8.775875 ], [ 115.193704, -8.775117 ], [ 115.193704, -8.775107 ], [ 115.166834, -8.774496 ], [ 115.166607, -8.775017 ], [ 115.165674, -8.776827 ], [ 115.165152, -8.777716 ], [ 115.164337, -8.779051 ], [ 115.163958, -8.779573 ], [ 115.163384, -8.780228 ], [ 115.162668, -8.780967 ], [ 115.162186, -8.781377 ], [ 115.161709, -8.781676 ], [ 115.161458, -8.781766 ], [ 115.161017, -8.781748 ], [ 115.160416, -8.781727 ], [ 115.160415, -8.781727 ], [ 115.159938, -8.781785 ], [ 115.159173, -8.781916 ], [ 115.158888, -8.781846 ], [ 115.158609, -8.781713 ], [ 115.157763, -8.781231 ], [ 115.157498, -8.78118 ], [ 115.156978, -8.781067 ], [ 115.156714, -8.780895 ], [ 115.156053, -8.780462 ], [ 115.155606, -8.780228 ], [ 115.155353, -8.780214 ], [ 115.154126, -8.780322 ], [ 115.153327, -8.780553 ], [ 115.15315, -8.780541 ], [ 115.1529, -8.780474 ], [ 115.1529, -8.780474 ], [ 115.152745, -8.780388 ], [ 115.152724, -8.780371 ], [ 115.152607, -8.780225 ], [ 115.152338, -8.779884 ], [ 115.15213, -8.779831 ], [ 115.151852, -8.779837 ], [ 115.150665, -8.779888 ], [ 115.150129, -8.779738 ], [ 115.149255, -8.779485 ], [ 115.148925, -8.779458 ], [ 115.148546, -8.779502 ], [ 115.14809, -8.779621 ], [ 115.147451, -8.779846 ], [ 115.146868, -8.780034 ], [ 115.146538, -8.780037 ], [ 115.146102, -8.779973 ], [ 115.145691, -8.779929 ], [ 115.14508, -8.779938 ], [ 115.145079, -8.779938 ], [ 115.144975, -8.779812 ], [ 115.144655, -8.779361 ], [ 115.144655, -8.779361 ], [ 115.144488, -8.779383 ], [ 115.144318, -8.779476 ], [ 115.144121, -8.779607 ], [ 115.144121, -8.779607 ], [ 115.144037, -8.779663 ], [ 115.143876, -8.779705 ], [ 115.143835, -8.779742 ], [ 115.143758, -8.779811 ], [ 115.143392, -8.780156 ], [ 115.143334, -8.780142 ], [ 115.143243, -8.780119 ], [ 115.143031, -8.780018 ], [ 115.142878, -8.779964 ], [ 115.142788, -8.780003 ], [ 115.142759, -8.780016 ], [ 115.142688, -8.780092 ], [ 115.142688, -8.780092 ], [ 115.142651, -8.780131 ], [ 115.142465, -8.78038 ], [ 115.142106, -8.780111 ], [ 115.141888, -8.78016 ], [ 115.141741, -8.780193 ], [ 115.141603, -8.780293 ], [ 115.14148, -8.780477 ], [ 115.141469, -8.780563 ], [ 115.14146, -8.780628 ], [ 115.141415, -8.78079 ], [ 115.140847, -8.782024 ], [ 115.140847, -8.782024 ], [ 115.140847, -8.782024 ], [ 115.140721, -8.782298 ], [ 115.140721, -8.782298 ], [ 115.14068, -8.782335 ], [ 115.140415, -8.782577 ], [ 115.139854, -8.782982 ], [ 115.139252, -8.783374 ], [ 115.138749, -8.783825 ], [ 115.138405, -8.784173 ], [ 115.138225, -8.784356 ], [ 115.137994, -8.784557 ], [ 115.137487, -8.784996 ], [ 115.137081, -8.785322 ], [ 115.136894, -8.785471 ], [ 115.136091, -8.785887 ], [ 115.135503, -8.786191 ], [ 115.135171, -8.786284 ], [ 115.135085, -8.786308 ], [ 115.133558, -8.786671 ], [ 115.133427, -8.786737 ], [ 115.133427, -8.786737 ], [ 115.133427, -8.786738 ], [ 115.133244, -8.78683 ], [ 115.133105, -8.786938 ], [ 115.133009, -8.787012 ], [ 115.132822, -8.787232 ], [ 115.132548, -8.787706 ], [ 115.132504, -8.787782 ], [ 115.132504, -8.787782 ], [ 115.132504, -8.787782 ], [ 115.13195, -8.788742 ], [ 115.131925, -8.788812 ], [ 115.131893, -8.788842 ], [ 115.131856, -8.788876 ], [ 115.131856, -8.788876 ], [ 115.131777, -8.788932 ], [ 115.13149, -8.789134 ], [ 115.131453, -8.789155 ], [ 115.131453, -8.789155 ], [ 115.131453, -8.789155 ], [ 115.131273, -8.789258 ], [ 115.131118, -8.789387 ], [ 115.131053, -8.789441 ], [ 115.130615, -8.789807 ], [ 115.130615, -8.789807 ], [ 115.130388, -8.789836 ], [ 115.130324, -8.789844 ], [ 115.130126, -8.789848 ], [ 115.130088, -8.789848 ], [ 115.129882, -8.789894 ], [ 115.128579, -8.790316 ], [ 115.128284, -8.790419 ], [ 115.128172, -8.790458 ], [ 115.128061, -8.790453 ], [ 115.127999, -8.79045 ], [ 115.127765, -8.790427 ], [ 115.127548, -8.790406 ], [ 115.127173, -8.790439 ], [ 115.126947, -8.790448 ], [ 115.126846, -8.790452 ], [ 115.126719, -8.790508 ], [ 115.126542, -8.790645 ], [ 115.126465, -8.790626 ], [ 115.126465, -8.790626 ], [ 115.126465, -8.790626 ], [ 115.126407, -8.790612 ], [ 115.126407, -8.790612 ], [ 115.126393, -8.790596 ], [ 115.126337, -8.79053 ], [ 115.12619, -8.790296 ], [ 115.126169, -8.790263 ], [ 115.125899, -8.790084 ], [ 115.1257, -8.790039 ], [ 115.125569, -8.790003 ], [ 115.125492, -8.789929 ], [ 115.125429, -8.789869 ], [ 115.125393, -8.789797 ], [ 115.125359, -8.789728 ], [ 115.12527, -8.789594 ], [ 115.125169, -8.789562 ], [ 115.125134, -8.789574 ], [ 115.125042, -8.789606 ], [ 115.125001, -8.789646 ], [ 115.125, -8.789647 ], [ 115.125, -8.847269 ], [ 115.125001, -8.847268 ], [ 115.12507, -8.847241 ], [ 115.12507, -8.847241 ], [ 115.125182, -8.847197 ], [ 115.125382, -8.847235 ], [ 115.125454, -8.847249 ], [ 115.12565, -8.847297 ], [ 115.125851, -8.847241 ], [ 115.125851, -8.847241 ], [ 115.125902, -8.847227 ], [ 115.126293, -8.847133 ], [ 115.126728, -8.847006 ], [ 115.126911, -8.846917 ], [ 115.127109, -8.846821 ], [ 115.127375, -8.846847 ], [ 115.127376, -8.846847 ], [ 115.127579, -8.846941 ], [ 115.12759, -8.846946 ], [ 115.12759, -8.846946 ], [ 115.12759, -8.846946 ], [ 115.12759, -8.846946 ], [ 115.127859, -8.847073 ], [ 115.127976, -8.847089 ], [ 115.12814, -8.847112 ], [ 115.128269, -8.84715 ], [ 115.128443, -8.847201 ], [ 115.128646, -8.847272 ], [ 115.128646, -8.847272 ], [ 115.128834, -8.847337 ], [ 115.129335, -8.847436 ], [ 115.129749, -8.847452 ], [ 115.129749, -8.847452 ], [ 115.129862, -8.847457 ], [ 115.130435, -8.84748 ], [ 115.130473, -8.847481 ], [ 115.130663, -8.847496 ], [ 115.131058, -8.847527 ], [ 115.131174, -8.847563 ], [ 115.131202, -8.847572 ], [ 115.131242, -8.847571 ], [ 115.133128, -8.847598 ], [ 115.133359, -8.847601 ], [ 115.133544, -8.847604 ], [ 115.133544, -8.847604 ], [ 115.133552, -8.847605 ], [ 115.134337, -8.847669 ], [ 115.135181, -8.847782 ], [ 115.135181, -8.847782 ], [ 115.135938, -8.847883 ], [ 115.136383, -8.847918 ], [ 115.136525, -8.847929 ], [ 115.136746, -8.847947 ], [ 115.137445, -8.84798 ], [ 115.137622, -8.847961 ], [ 115.137933, -8.847927 ], [ 115.137987, -8.847921 ], [ 115.139232, -8.847767 ], [ 115.139499, -8.847764 ], [ 115.139499, -8.847764 ], [ 115.139499, -8.847764 ], [ 115.139626, -8.847762 ], [ 115.139788, -8.84776 ], [ 115.139893, -8.847752 ], [ 115.140253, -8.847728 ], [ 115.140666, -8.847724 ], [ 115.141581, -8.847715 ], [ 115.142134, -8.84782 ], [ 115.142134, -8.84782 ], [ 115.142785, -8.848008 ], [ 115.143467, -8.848203 ], [ 115.143757, -8.848243 ], [ 115.143757, -8.848243 ], [ 115.143757, -8.848243 ], [ 115.143757, -8.848243 ], [ 115.144023, -8.84828 ], [ 115.144534, -8.848336 ], [ 115.145525, -8.848443 ], [ 115.145959, -8.848484 ], [ 115.146515, -8.848437 ], [ 115.146802, -8.848347 ], [ 115.146898, -8.848317 ], [ 115.147046, -8.84822 ], [ 115.147046, -8.84822 ], [ 115.147095, -8.848188 ], [ 115.147173, -8.848152 ], [ 115.147174, -8.848152 ], [ 115.147285, -8.848101 ], [ 115.147357, -8.8481 ], [ 115.147446, -8.848099 ], [ 115.147974, -8.848129 ], [ 115.148462, -8.848084 ], [ 115.148548, -8.848049 ], [ 115.148641, -8.848011 ], [ 115.149264, -8.847662 ], [ 115.14945, -8.847587 ], [ 115.14945, -8.847587 ], [ 115.149996, -8.847366 ], [ 115.150217, -8.847381 ], [ 115.150457, -8.847452 ], [ 115.150596, -8.847493 ], [ 115.151672, -8.847798 ], [ 115.151727, -8.847814 ], [ 115.151992, -8.847832 ], [ 115.152435, -8.847862 ], [ 115.152435, -8.847862 ], [ 115.152847, -8.847876 ], [ 115.152867, -8.847877 ], [ 115.153985, -8.847915 ], [ 115.154046, -8.847917 ], [ 115.154046, -8.847917 ], [ 115.15526, -8.847966 ], [ 115.155772, -8.848066 ], [ 115.155827, -8.848077 ], [ 115.156007, -8.848111 ], [ 115.157021, -8.848301 ], [ 115.157181, -8.84831 ], [ 115.157181, -8.84831 ], [ 115.15746, -8.848325 ], [ 115.157947, -8.848251 ], [ 115.158148, -8.848163 ], [ 115.158154, -8.848165 ], [ 115.158154, -8.848165 ], [ 115.158154, -8.848165 ], [ 115.158154, -8.848165 ], [ 115.158249, -8.84819 ], [ 115.158638, -8.848298 ], [ 115.159221, -8.848345 ], [ 115.160439, -8.848368 ], [ 115.160976, -8.848484 ], [ 115.161489, -8.848595 ], [ 115.162152, -8.848564 ], [ 115.162567, -8.848544 ], [ 115.162664, -8.848545 ], [ 115.162664, -8.848545 ], [ 115.162825, -8.848547 ], [ 115.163775, -8.848538 ], [ 115.164112, -8.848595 ], [ 115.164964, -8.848849 ], [ 115.165738, -8.849079 ], [ 115.166526, -8.849209 ], [ 115.16683, -8.849259 ], [ 115.167252, -8.849258 ], [ 115.167556, -8.849216 ], [ 115.167742, -8.84919 ], [ 115.167956, -8.849142 ], [ 115.168376, -8.849047 ], [ 115.168753, -8.848995 ], [ 115.169433, -8.848974 ], [ 115.169774, -8.849034 ], [ 115.169774, -8.849034 ], [ 115.169774, -8.849034 ], [ 115.17005, -8.849082 ], [ 115.170282, -8.849056 ], [ 115.170282, -8.849056 ], [ 115.170282, -8.849056 ], [ 115.170282, -8.849056 ], [ 115.170378, -8.849045 ], [ 115.170509, -8.848997 ], [ 115.170697, -8.848929 ], [ 115.171079, -8.848724 ], [ 115.171112, -8.848704 ], [ 115.171568, -8.848466 ], [ 115.171596, -8.848451 ], [ 115.172533, -8.848018 ], [ 115.172725, -8.847964 ], [ 115.172926, -8.847908 ], [ 115.172927, -8.847908 ], [ 115.173059, -8.847871 ], [ 115.17313, -8.84787 ], [ 115.173486, -8.847864 ], [ 115.174065, -8.847917 ], [ 115.174197, -8.847929 ], [ 115.174292, -8.847958 ], [ 115.17464, -8.848063 ], [ 115.174801, -8.848085 ], [ 115.174801, -8.848085 ], [ 115.174928, -8.848102 ], [ 115.175163, -8.848073 ], [ 115.175208, -8.848067 ], [ 115.175755, -8.847929 ], [ 115.17602, -8.847884 ], [ 115.1763, -8.847836 ], [ 115.17652, -8.847831 ], [ 115.176772, -8.847826 ], [ 115.17715, -8.84779 ], [ 115.177187, -8.847787 ], [ 115.177303, -8.847743 ], [ 115.177475, -8.847677 ], [ 115.17762, -8.847591 ], [ 115.17762, -8.84759 ], [ 115.177621, -8.84759 ], [ 115.17788, -8.847436 ], [ 115.178246, -8.847284 ], [ 115.178414, -8.847251 ], [ 115.178414, -8.847251 ], [ 115.178579, -8.847218 ], [ 115.179053, -8.847195 ], [ 115.179811, -8.847145 ], [ 115.179885, -8.847125 ], [ 115.180271, -8.847019 ], [ 115.181491, -8.846661 ], [ 115.181492, -8.846661 ], [ 115.182007, -8.846677 ], [ 115.182524, -8.846694 ], [ 115.182798, -8.846653 ], [ 115.183155, -8.846564 ], [ 115.183571, -8.846409 ], [ 115.184012, -8.846314 ], [ 115.184345, -8.846183 ], [ 115.184713, -8.846058 ], [ 115.184999, -8.846004 ], [ 115.185338, -8.845921 ], [ 115.185957, -8.845796 ], [ 115.186383, -8.845707 ], [ 115.186528, -8.845677 ], [ 115.186873, -8.845618 ], [ 115.187164, -8.845612 ], [ 115.187509, -8.84557 ], [ 115.187694, -8.845511 ], [ 115.187914, -8.84541 ], [ 115.188051, -8.845225 ], [ 115.188187, -8.844975 ], [ 115.188227, -8.84484 ], [ 115.188386, -8.844761 ], [ 115.189182, -8.844315 ], [ 115.189884, -8.843783 ], [ 115.190371, -8.843465 ], [ 115.190854, -8.843231 ], [ 115.191237, -8.843097 ], [ 115.191349, -8.843068 ], [ 115.192806, -8.842724 ], [ 115.194053, -8.842329 ], [ 115.195595, -8.841961 ], [ 115.196572, -8.841792 ], [ 115.197138, -8.841752 ], [ 115.197237, -8.841753 ], [ 115.197623, -8.841756 ], [ 115.197838, -8.841767 ], [ 115.198286, -8.841739 ], [ 115.198523, -8.841688 ], [ 115.198901, -8.84149 ], [ 115.199295, -8.841265 ], [ 115.199929, -8.841016 ], [ 115.200253, -8.840914 ], [ 115.200668, -8.84079 ], [ 115.201079, -8.840629 ], [ 115.201826, -8.840364 ], [ 115.20221, -8.840206 ], [ 115.202516, -8.840034 ], [ 115.202717, -8.839851 ], [ 115.202895, -8.839614 ], [ 115.20314, -8.839149 ], [ 115.203477, -8.838711 ], [ 115.203805, -8.838348 ], [ 115.204102, -8.838121 ], [ 115.204149, -8.838086 ], [ 115.204448, -8.837927 ], [ 115.205185, -8.837679 ], [ 115.206056, -8.837375 ], [ 115.207317, -8.836894 ], [ 115.207864, -8.836664 ], [ 115.207968, -8.836619 ], [ 115.208192, -8.836524 ], [ 115.208685, -8.836378 ], [ 115.209859, -8.835877 ], [ 115.211788, -8.835018 ], [ 115.212399, -8.83483 ], [ 115.213067, -8.834666 ], [ 115.213748, -8.834495 ], [ 115.213748, -8.834495 ], [ 115.214631, -8.834247 ], [ 115.21614, -8.833806 ], [ 115.216949, -8.833524 ], [ 115.217182, -8.833408 ], [ 115.217559, -8.833119 ], [ 115.217897, -8.832791 ], [ 115.218427, -8.832127 ], [ 115.218712, -8.83168 ], [ 115.219017, -8.831167 ], [ 115.219385, -8.830616 ], [ 115.220005, -8.82938 ], [ 115.220005, -8.82938 ], [ 115.220005, -8.82938 ], [ 115.220236, -8.828776 ], [ 115.220664, -8.827105 ], [ 115.22077, -8.826713 ], [ 115.221517, -8.825184 ], [ 115.221997, -8.824312 ], [ 115.221997, -8.824311 ], [ 115.222212, -8.823904 ], [ 115.222427, -8.823238 ], [ 115.222615, -8.822727 ], [ 115.222947, -8.822117 ], [ 115.223255, -8.821661 ], [ 115.22369, -8.821014 ], [ 115.223884, -8.820779 ], [ 115.224695, -8.820216 ], [ 115.22488, -8.820084 ], [ 115.22503, -8.819884 ], [ 115.225177, -8.819507 ], [ 115.225254, -8.819194 ], [ 115.225159, -8.818573 ], [ 115.225005, -8.818558 ], [ 115.224905, -8.818451 ], [ 115.224763, -8.818258 ], [ 115.224691, -8.818087 ], [ 115.224656, -8.817865 ], [ 115.224679, -8.817762 ], [ 115.224841, -8.817587 ], [ 115.22507, -8.817387 ], [ 115.22532, -8.817234 ], [ 115.22532, -8.817234 ], [ 115.22532, -8.817234 ], [ 115.225585, -8.816959 ], [ 115.226528, -8.816069 ], [ 115.227748, -8.815127 ], [ 115.228257, -8.814715 ], [ 115.228899, -8.814173 ], [ 115.229534, -8.81365 ], [ 115.230118, -8.812945 ], [ 115.230461, -8.812531 ], [ 115.231074, -8.811919 ], [ 115.231423, -8.81148 ], [ 115.23173, -8.810983 ], [ 115.231803, -8.810617 ], [ 115.2319, -8.809424 ], [ 115.231974, -8.808959 ], [ 115.232252, -8.808226 ], [ 115.23262, -8.807466 ], [ 115.232901, -8.807012 ], [ 115.23356, -8.806252 ], [ 115.235051, -8.804639 ], [ 115.235399, -8.804221 ], [ 115.235685, -8.803817 ], [ 115.236603, -8.802951 ], [ 115.236854, -8.802752 ], [ 115.237017, -8.802697 ], [ 115.237498, -8.802809 ], [ 115.237537, -8.802823 ], [ 115.237511, -8.803307 ], [ 115.23757, -8.803692 ], [ 115.237614, -8.803813 ], [ 115.237615, -8.803815 ], [ 115.237692, -8.803882 ], [ 115.237911, -8.803914 ], [ 115.23833, -8.803803 ], [ 115.238612, -8.803752 ], [ 115.238747, -8.803774 ], [ 115.238781, -8.803816 ], [ 115.238402, -8.804118 ], [ 115.238271, -8.804227 ], [ 115.23822, -8.804322 ], [ 115.238241, -8.804421 ], [ 115.238418, -8.804523 ], [ 115.238794, -8.804576 ], [ 115.239051, -8.804558 ], [ 115.239296, -8.80447 ], [ 115.239583, -8.804295 ], [ 115.239866, -8.804093 ], [ 115.239996, -8.804004 ], [ 115.240129, -8.803792 ], [ 115.240169, -8.803381 ], [ 115.240223, -8.803156 ], [ 115.240267, -8.802968 ], [ 115.240058, -8.802347 ], [ 115.239934, -8.802023 ], [ 115.239927, -8.801847 ], [ 115.239947, -8.801676 ], [ 115.239907, -8.801562 ], [ 115.239579, -8.801213 ], [ 115.239447, -8.801133 ], [ 115.239287, -8.801104 ], [ 115.239092, -8.801169 ], [ 115.238914, -8.801271 ], [ 115.238666, -8.80117 ], [ 115.238543, -8.801117 ], [ 115.238459, -8.801143 ], [ 115.238228, -8.801466 ], [ 115.238227, -8.801467 ], [ 115.237921, -8.801844 ], [ 115.237752, -8.801989 ], [ 115.237578, -8.802057 ], [ 115.237428, -8.802056 ], [ 115.237181, -8.801919 ], [ 115.236938, -8.801691 ], [ 115.236934, -8.801687 ], [ 115.236595, -8.801192 ], [ 115.236093, -8.800019 ], [ 115.236022, -8.79974 ], [ 115.236008, -8.799464 ], [ 115.236067, -8.799068 ], [ 115.236068, -8.799067 ], [ 115.236117, -8.798962 ], [ 115.236339, -8.798926 ], [ 115.236535, -8.798922 ], [ 115.236677, -8.798873 ], [ 115.236859, -8.798593 ], [ 115.237192, -8.798441 ], [ 115.23728, -8.79838 ], [ 115.237559, -8.797934 ], [ 115.237603, -8.797815 ], [ 115.23753, -8.79764 ], [ 115.237474, -8.797387 ], [ 115.237434, -8.797287 ], [ 115.237296, -8.797209 ], [ 115.236788, -8.797193 ], [ 115.2364, -8.797116 ], [ 115.236212, -8.797086 ], [ 115.236109, -8.797112 ], [ 115.235987, -8.797231 ], [ 115.235987, -8.797855 ], [ 115.235987, -8.797857 ], [ 115.2359, -8.798226 ], [ 115.235778, -8.798446 ], [ 115.235651, -8.798576 ], [ 115.235642, -8.798577 ], [ 115.23517, -8.798619 ], [ 115.234856, -8.798582 ], [ 115.234611, -8.798497 ], [ 115.234264, -8.798258 ], [ 115.233779, -8.797628 ], [ 115.233387, -8.796959 ], [ 115.23322, -8.796603 ], [ 115.23304, -8.795936 ], [ 115.232639, -8.794467 ], [ 115.232545, -8.794066 ], [ 115.232468, -8.793473 ], [ 115.23243, -8.793182 ], [ 115.232321, -8.792939 ], [ 115.232333, -8.792861 ], [ 115.232488, -8.792611 ], [ 115.232631, -8.792492 ], [ 115.232631, -8.792397 ], [ 115.232571, -8.79232 ], [ 115.232452, -8.792355 ], [ 115.232363, -8.792409 ], [ 115.232298, -8.792415 ], [ 115.232232, -8.792367 ], [ 115.232143, -8.792219 ], [ 115.232072, -8.791963 ], [ 115.23203, -8.791808 ], [ 115.232, -8.791624 ], [ 115.231976, -8.79138 ], [ 115.231964, -8.791207 ], [ 115.231929, -8.791017 ], [ 115.231863, -8.790868 ], [ 115.231744, -8.790737 ], [ 115.231608, -8.790666 ], [ 115.231477, -8.790613 ], [ 115.231399, -8.79054 ], [ 115.231358, -8.790373 ], [ 115.231393, -8.790302 ], [ 115.231459, -8.790171 ], [ 115.231459, -8.790022 ], [ 115.231447, -8.789892 ], [ 115.231376, -8.78979 ], [ 115.231322, -8.789761 ], [ 115.231252, -8.789783 ], [ 115.231166, -8.789859 ], [ 115.2311, -8.789917 ], [ 115.231033, -8.789926 ], [ 115.230947, -8.789897 ], [ 115.230843, -8.78984 ], [ 115.230728, -8.789736 ], [ 115.230578, -8.789391 ], [ 115.230539, -8.789184 ], [ 115.230515, -8.789007 ], [ 115.230483, -8.788783 ], [ 115.230412, -8.788539 ], [ 115.230346, -8.788309 ], [ 115.230276, -8.788178 ], [ 115.230077, -8.788067 ], [ 115.229927, -8.788 ], [ 115.229771, -8.787847 ], [ 115.229657, -8.787618 ], [ 115.229579, -8.787389 ], [ 115.22947, -8.787245 ], [ 115.22947, -8.787245 ], [ 115.22947, -8.787245 ], [ 115.22952, -8.786976 ], [ 115.229529, -8.786728 ], [ 115.229424, -8.786585 ], [ 115.229282, -8.786557 ], [ 115.229215, -8.786671 ], [ 115.229205, -8.78688 ], [ 115.229129, -8.787042 ], [ 115.228806, -8.787109 ], [ 115.228463, -8.787023 ], [ 115.228244, -8.786719 ], [ 115.228082, -8.786452 ], [ 115.227921, -8.786119 ], [ 115.227854, -8.785767 ], [ 115.227787, -8.785595 ], [ 115.227654, -8.785595 ], [ 115.227549, -8.785672 ], [ 115.227454, -8.785776 ], [ 115.227283, -8.785757 ], [ 115.227033, -8.785573 ], [ 115.227033, -8.785573 ], [ 115.226921, -8.78499 ], [ 115.226919, -8.784982 ], [ 115.226853, -8.784721 ], [ 115.226772, -8.784439 ], [ 115.226753, -8.784374 ], [ 115.226713, -8.783015 ], [ 115.226763, -8.782305 ], [ 115.226782, -8.781815 ], [ 115.226708, -8.781519 ], [ 115.22662, -8.781291 ], [ 115.226668, -8.780593 ], [ 115.226696, -8.780207 ], [ 115.226504, -8.779449 ], [ 115.226423, -8.779065 ], [ 115.226244, -8.778386 ], [ 115.225997, -8.77745 ], [ 115.225933, -8.777119 ], [ 115.225859, -8.776742 ], [ 115.225485, -8.77679 ], [ 115.225276, -8.776685 ], [ 115.225171, -8.776485 ] ] ] } },
{ "type": "Feature", "properties": { "id": 20, "fid": 1312, "full_id": null, "osm_id": null, "osm_type": null, "name": "Prof dr IGNG Ngoerah Hospital", "class": "hospital", "population_covered": 69400, "covered_area": "6.77 km²" }, "geometry": { "type": "Polygon", "coordinates": [ [ [ 115.183601, -8.685522 ], [ 115.197125, -8.694552 ], [ 115.21902, -8.670374 ], [ 115.215443, -8.662343 ], [ 115.205528, -8.661732 ], [ 115.183601, -8.685522 ] ] ] } },
{ "type": "Feature", "properties": { "id": 21, "fid": 1313, "full_id": null, "osm_id": null, "osm_type": null, "name": "RR. Prima Medika", "class": "hospital", "population_covered": 32511, "covered_area": "7.86 km²" }, "geometry": { "type": "Polygon", "coordinates": [ [ [ 115.197125, -8.694552 ], [ 115.216553, -8.709991 ], [ 115.228335, -8.69456 ], [ 115.223704, -8.676646 ], [ 115.21902, -8.670374 ], [ 115.197125, -8.694552 ] ] ] } },
{ "type": "Feature", "properties": { "id": 5, "fid": 1295, "full_id": "n9209862504", "osm_id": "9209862504", "osm_type": "node", "name": "Bali Mandala Regional General Hospital", "class": "hospital", "population_covered": 77388, "covered_area": "20.80 km²" }, "geometry": { "type": "Polygon", "coordinates": [ [ [ 115.240965, -8.722473 ], [ 115.240763, -8.722259 ], [ 115.240716, -8.722194 ], [ 115.240573, -8.721997 ], [ 115.240347, -8.721902 ], [ 115.240073, -8.721855 ], [ 115.239799, -8.721676 ], [ 115.239514, -8.721402 ], [ 115.239157, -8.7212 ], [ 115.238847, -8.721176 ], [ 115.238514, -8.721236 ], [ 115.238385, -8.72128 ], [ 115.238, -8.72141 ], [ 115.237899, -8.721456 ], [ 115.237858, -8.721474 ], [ 115.237623, -8.721581 ], [ 115.237622, -8.721582 ], [ 115.236931, -8.721452 ], [ 115.236927, -8.721451 ], [ 115.236723, -8.7214 ], [ 115.236528, -8.721351 ], [ 115.236328, -8.721408 ], [ 115.236319, -8.721416 ], [ 115.236195, -8.721522 ], [ 115.235967, -8.72176 ], [ 115.235812, -8.7219 ], [ 115.235767, -8.721941 ], [ 115.235605, -8.722131 ], [ 115.235415, -8.722208 ], [ 115.235301, -8.722266 ], [ 115.235063, -8.722388 ], [ 115.234927, -8.722515 ], [ 115.234787, -8.722647 ], [ 115.234618, -8.722805 ], [ 115.234465, -8.722948 ], [ 115.234463, -8.72295 ], [ 115.234088, -8.723409 ], [ 115.234082, -8.723416 ], [ 115.233866, -8.723755 ], [ 115.233827, -8.723816 ], [ 115.23374, -8.723954 ], [ 115.233666, -8.724068 ], [ 115.233664, -8.724073 ], [ 115.233651, -8.724101 ], [ 115.233593, -8.724236 ], [ 115.23354, -8.724359 ], [ 115.233528, -8.724456 ], [ 115.233492, -8.724739 ], [ 115.233387, -8.724977 ], [ 115.233144, -8.725172 ], [ 115.233102, -8.725206 ], [ 115.232893, -8.725282 ], [ 115.232636, -8.72531 ], [ 115.232445, -8.725253 ], [ 115.232293, -8.725139 ], [ 115.232207, -8.725021 ], [ 115.23217, -8.72497 ], [ 115.232065, -8.724825 ], [ 115.231836, -8.724473 ], [ 115.231617, -8.724149 ], [ 115.231322, -8.723835 ], [ 115.231254, -8.723767 ], [ 115.231056, -8.723569 ], [ 115.230856, -8.723473 ], [ 115.230761, -8.723559 ], [ 115.230675, -8.723711 ], [ 115.230666, -8.723764 ], [ 115.23065, -8.723868 ], [ 115.230649, -8.723868 ], [ 115.230649, -8.723868 ], [ 115.230633, -8.723871 ], [ 115.230475, -8.723896 ], [ 115.230142, -8.724089 ], [ 115.229622, -8.724526 ], [ 115.229477, -8.724688 ], [ 115.229431, -8.72474 ], [ 115.229286, -8.72502 ], [ 115.229265, -8.725212 ], [ 115.22934, -8.725411 ], [ 115.2297, -8.725673 ], [ 115.229737, -8.7257 ], [ 115.229883, -8.725828 ], [ 115.229968, -8.725988 ], [ 115.229958, -8.726222 ], [ 115.229885, -8.726419 ], [ 115.229818, -8.726576 ], [ 115.229815, -8.72664 ], [ 115.229806, -8.726863 ], [ 115.229852, -8.727091 ], [ 115.229855, -8.727105 ], [ 115.229897, -8.72724 ], [ 115.229834, -8.727441 ], [ 115.229696, -8.727412 ], [ 115.229515, -8.727212 ], [ 115.229412, -8.727092 ], [ 115.229334, -8.727002 ], [ 115.228991, -8.726736 ], [ 115.228849, -8.726641 ], [ 115.228601, -8.726593 ], [ 115.228574, -8.726657 ], [ 115.228516, -8.726793 ], [ 115.228373, -8.726802 ], [ 115.228097, -8.726637 ], [ 115.227944, -8.726546 ], [ 115.227802, -8.726536 ], [ 115.227697, -8.726622 ], [ 115.227573, -8.726841 ], [ 115.227519, -8.726984 ], [ 115.227392, -8.727316 ], [ 115.22733, -8.727427 ], [ 115.227203, -8.727652 ], [ 115.227107, -8.727821 ], [ 115.22697, -8.727925 ], [ 115.226386, -8.728371 ], [ 115.226288, -8.728423 ], [ 115.225803, -8.728682 ], [ 115.225451, -8.72887 ], [ 115.225131, -8.729024 ], [ 115.225065, -8.729056 ], [ 115.225008, -8.729097 ], [ 115.224651, -8.729356 ], [ 115.224437, -8.729584 ], [ 115.224316, -8.729718 ], [ 115.224259, -8.729782 ], [ 115.224237, -8.729805 ], [ 115.224123, -8.730034 ], [ 115.224059, -8.730162 ], [ 115.224052, -8.730426 ], [ 115.224049, -8.730477 ], [ 115.224037, -8.730755 ], [ 115.22402, -8.730897 ], [ 115.224016, -8.730926 ], [ 115.224014, -8.730929 ], [ 115.223895, -8.731126 ], [ 115.223734, -8.731287 ], [ 115.223723, -8.731297 ], [ 115.223552, -8.731369 ], [ 115.223288, -8.731426 ], [ 115.223102, -8.731404 ], [ 115.22296, -8.73133 ], [ 115.222938, -8.731319 ], [ 115.222774, -8.731269 ], [ 115.222722, -8.731271 ], [ 115.222581, -8.731276 ], [ 115.222317, -8.731326 ], [ 115.222166, -8.731398 ], [ 115.222139, -8.731412 ], [ 115.222104, -8.731454 ], [ 115.222079, -8.731484 ], [ 115.22191, -8.73169 ], [ 115.22186, -8.731787 ], [ 115.221801, -8.731904 ], [ 115.221767, -8.731968 ], [ 115.221725, -8.732325 ], [ 115.221785, -8.732462 ], [ 115.221801, -8.732498 ], [ 115.221803, -8.732504 ], [ 115.221917, -8.732725 ], [ 115.221993, -8.732842 ], [ 115.221993, -8.732842 ], [ 115.22206, -8.732946 ], [ 115.222196, -8.733225 ], [ 115.222218, -8.733317 ], [ 115.222288, -8.733617 ], [ 115.22236, -8.733903 ], [ 115.222375, -8.734021 ], [ 115.222388, -8.734131 ], [ 115.222353, -8.734395 ], [ 115.222246, -8.734581 ], [ 115.222205, -8.734635 ], [ 115.222097, -8.734779 ], [ 115.222096, -8.734781 ], [ 115.222061, -8.734809 ], [ 115.221946, -8.734902 ], [ 115.221801, -8.734927 ], [ 115.221489, -8.734981 ], [ 115.221284, -8.735001 ], [ 115.221873, -8.738114 ], [ 115.228905, -8.752342 ], [ 115.229115, -8.752372 ], [ 115.229448, -8.752276 ], [ 115.229852, -8.752062 ], [ 115.229888, -8.752013 ], [ 115.230043, -8.751801 ], [ 115.230185, -8.751158 ], [ 115.23009, -8.750706 ], [ 115.229947, -8.75023 ], [ 115.230138, -8.749897 ], [ 115.230852, -8.749421 ], [ 115.231121, -8.749247 ], [ 115.23202, -8.748665 ], [ 115.232065, -8.748636 ], [ 115.232435, -8.748384 ], [ 115.23266, -8.748231 ], [ 115.232712, -8.748277 ], [ 115.232787, -8.748344 ], [ 115.232874, -8.748422 ], [ 115.233068, -8.74844 ], [ 115.233374, -8.748469 ], [ 115.233897, -8.748327 ], [ 115.233973, -8.748246 ], [ 115.234302, -8.747898 ], [ 115.234332, -8.747834 ], [ 115.234587, -8.74728 ], [ 115.23473, -8.74678 ], [ 115.234635, -8.746042 ], [ 115.234445, -8.745519 ], [ 115.234183, -8.74509 ], [ 115.233812, -8.744736 ], [ 115.233636, -8.744567 ], [ 115.233088, -8.744186 ], [ 115.232549, -8.744007 ], [ 115.232517, -8.743996 ], [ 115.232473, -8.743994 ], [ 115.231851, -8.743972 ], [ 115.231399, -8.744162 ], [ 115.230947, -8.744329 ], [ 115.230019, -8.743972 ], [ 115.229555, -8.743729 ], [ 115.228972, -8.743425 ], [ 115.228234, -8.742854 ], [ 115.226993, -8.741755 ], [ 115.227212, -8.741589 ], [ 115.227252, -8.741576 ], [ 115.227529, -8.741484 ], [ 115.227994, -8.74133 ], [ 115.22817, -8.741215 ], [ 115.228356, -8.741094 ], [ 115.228409, -8.741034 ], [ 115.228424, -8.741018 ], [ 115.228467, -8.740969 ], [ 115.228522, -8.740824 ], [ 115.228449, -8.740781 ], [ 115.228363, -8.740729 ], [ 115.228318, -8.740702 ], [ 115.228229, -8.740649 ], [ 115.228172, -8.740495 ], [ 115.228152, -8.740442 ], [ 115.228076, -8.739833 ], [ 115.228043, -8.739565 ], [ 115.228043, -8.739536 ], [ 115.228043, -8.739313 ], [ 115.228139, -8.738958 ], [ 115.228316, -8.738564 ], [ 115.228445, -8.738424 ], [ 115.228674, -8.738173 ], [ 115.228975, -8.737863 ], [ 115.229023, -8.737792 ], [ 115.229285, -8.73741 ], [ 115.229332, -8.737299 ], [ 115.22936, -8.737233 ], [ 115.229392, -8.736889 ], [ 115.229388, -8.73686 ], [ 115.229354, -8.736528 ], [ 115.229213, -8.736088 ], [ 115.229198, -8.736041 ], [ 115.229132, -8.735799 ], [ 115.229155, -8.735527 ], [ 115.229327, -8.735099 ], [ 115.229402, -8.734934 ], [ 115.229404, -8.73493 ], [ 115.22952, -8.734844 ], [ 115.229649, -8.734814 ], [ 115.229728, -8.734862 ], [ 115.229728, -8.734862 ], [ 115.229743, -8.734943 ], [ 115.22973, -8.734963 ], [ 115.22961, -8.735141 ], [ 115.229483, -8.735279 ], [ 115.229463, -8.735356 ], [ 115.229395, -8.735624 ], [ 115.229395, -8.735641 ], [ 115.229396, -8.735802 ], [ 115.229523, -8.73611 ], [ 115.229703, -8.736433 ], [ 115.229952, -8.736936 ], [ 115.229982, -8.73715 ], [ 115.229952, -8.737435 ], [ 115.229732, -8.73797 ], [ 115.229724, -8.737984 ], [ 115.229546, -8.738285 ], [ 115.229418, -8.738443 ], [ 115.229182, -8.738582 ], [ 115.228977, -8.738688 ], [ 115.228845, -8.73883 ], [ 115.228804, -8.738965 ], [ 115.228833, -8.739051 ], [ 115.228843, -8.739081 ], [ 115.228915, -8.73912 ], [ 115.229198, -8.739067 ], [ 115.229585, -8.738901 ], [ 115.229854, -8.738785 ], [ 115.230135, -8.738661 ], [ 115.230434, -8.738586 ], [ 115.23049, -8.738572 ], [ 115.230641, -8.738765 ], [ 115.230667, -8.738799 ], [ 115.230902, -8.73897 ], [ 115.231167, -8.73912 ], [ 115.231309, -8.739291 ], [ 115.231502, -8.73937 ], [ 115.231659, -8.739391 ], [ 115.231752, -8.739391 ], [ 115.23191, -8.739433 ], [ 115.231916, -8.739434 ], [ 115.231918, -8.739436 ], [ 115.232037, -8.739555 ], [ 115.23218, -8.739684 ], [ 115.232302, -8.739798 ], [ 115.232627, -8.739923 ], [ 115.232637, -8.739927 ], [ 115.232669, -8.739963 ], [ 115.23273, -8.740034 ], [ 115.232944, -8.740291 ], [ 115.233044, -8.740405 ], [ 115.233101, -8.740533 ], [ 115.233165, -8.740626 ], [ 115.233253, -8.7407 ], [ 115.233304, -8.740744 ], [ 115.233308, -8.740747 ], [ 115.233594, -8.740897 ], [ 115.233843, -8.740976 ], [ 115.234001, -8.741126 ], [ 115.234005, -8.741138 ], [ 115.234093, -8.741361 ], [ 115.234136, -8.741668 ], [ 115.234172, -8.741925 ], [ 115.234265, -8.742147 ], [ 115.234583, -8.742468 ], [ 115.235057, -8.742946 ], [ 115.23545, -8.743296 ], [ 115.236392, -8.743817 ], [ 115.236713, -8.743903 ], [ 115.236999, -8.743867 ], [ 115.237377, -8.743696 ], [ 115.237392, -8.74369 ], [ 115.237627, -8.743596 ], [ 115.237894, -8.743459 ], [ 115.237905, -8.743453 ], [ 115.238169, -8.74341 ], [ 115.238555, -8.743389 ], [ 115.238783, -8.743431 ], [ 115.239183, -8.743424 ], [ 115.239354, -8.743396 ], [ 115.239438, -8.743376 ], [ 115.239504, -8.74336 ], [ 115.239676, -8.743224 ], [ 115.239754, -8.743025 ], [ 115.239797, -8.74281 ], [ 115.239797, -8.742705 ], [ 115.239797, -8.742546 ], [ 115.239894, -8.742512 ], [ 115.239897, -8.742511 ], [ 115.240054, -8.742446 ], [ 115.240268, -8.742361 ], [ 115.240475, -8.742247 ], [ 115.240675, -8.742039 ], [ 115.240803, -8.741832 ], [ 115.241025, -8.741511 ], [ 115.241091, -8.741436 ], [ 115.241396, -8.74109 ], [ 115.241443, -8.741008 ], [ 115.241532, -8.740855 ], [ 115.241739, -8.740626 ], [ 115.242017, -8.740326 ], [ 115.242077, -8.740259 ], [ 115.242345, -8.739955 ], [ 115.242402, -8.739869 ], [ 115.242588, -8.739591 ], [ 115.242788, -8.739769 ], [ 115.242922, -8.739885 ], [ 115.242938, -8.739898 ], [ 115.243145, -8.739919 ], [ 115.243273, -8.739884 ], [ 115.24338, -8.739841 ], [ 115.243447, -8.739814 ], [ 115.243487, -8.739798 ], [ 115.243622, -8.739611 ], [ 115.243652, -8.73957 ], [ 115.243773, -8.739391 ], [ 115.243816, -8.739278 ], [ 115.243817, -8.739275 ], [ 115.24383, -8.739241 ], [ 115.24388, -8.739077 ], [ 115.243886, -8.739049 ], [ 115.24393, -8.73882 ], [ 115.243965, -8.738541 ], [ 115.243973, -8.738477 ], [ 115.243973, -8.738185 ], [ 115.24398, -8.737928 ], [ 115.243944, -8.737564 ], [ 115.243923, -8.737414 ], [ 115.24388, -8.737157 ], [ 115.243802, -8.736936 ], [ 115.24388, -8.736857 ], [ 115.24403, -8.736757 ], [ 115.244084, -8.736723 ], [ 115.244187, -8.736657 ], [ 115.244458, -8.736422 ], [ 115.244751, -8.736129 ], [ 115.245044, -8.7359 ], [ 115.245162, -8.735853 ], [ 115.245222, -8.735829 ], [ 115.245372, -8.735851 ], [ 115.245539, -8.73601 ], [ 115.245543, -8.736015 ], [ 115.245865, -8.736222 ], [ 115.245986, -8.736279 ], [ 115.246214, -8.736322 ], [ 115.246314, -8.7363 ], [ 115.246436, -8.736229 ], [ 115.246509, -8.736107 ], [ 115.246521, -8.736086 ], [ 115.246628, -8.735929 ], [ 115.246668, -8.735866 ], [ 115.246678, -8.735851 ], [ 115.246743, -8.735686 ], [ 115.246788, -8.735591 ], [ 115.246871, -8.735415 ], [ 115.246942, -8.735222 ], [ 115.247114, -8.734851 ], [ 115.247192, -8.734694 ], [ 115.247235, -8.734509 ], [ 115.247299, -8.734052 ], [ 115.247321, -8.733616 ], [ 115.247292, -8.733245 ], [ 115.247221, -8.732938 ], [ 115.247241, -8.732821 ], [ 115.247256, -8.732731 ], [ 115.247314, -8.732702 ], [ 115.247414, -8.732653 ], [ 115.247606, -8.732481 ], [ 115.247785, -8.73231 ], [ 115.248027, -8.732031 ], [ 115.248313, -8.731703 ], [ 115.248627, -8.731261 ], [ 115.248755, -8.731205 ], [ 115.248905, -8.731139 ], [ 115.248955, -8.731146 ], [ 115.249074, -8.731241 ], [ 115.249175, -8.731321 ], [ 115.249234, -8.731368 ], [ 115.24949, -8.731412 ], [ 115.249562, -8.731425 ], [ 115.249855, -8.731432 ], [ 115.249918, -8.73141 ], [ 115.250061, -8.73136 ], [ 115.250183, -8.731318 ], [ 115.250442, -8.731213 ], [ 115.250519, -8.731182 ], [ 115.250654, -8.731082 ], [ 115.250797, -8.730875 ], [ 115.250854, -8.730639 ], [ 115.250826, -8.730354 ], [ 115.250847, -8.730061 ], [ 115.250776, -8.729811 ], [ 115.250683, -8.72964 ], [ 115.250519, -8.729497 ], [ 115.249926, -8.729069 ], [ 115.249427, -8.728748 ], [ 115.249013, -8.728491 ], [ 115.248591, -8.728305 ], [ 115.24832, -8.728248 ], [ 115.248042, -8.728198 ], [ 115.247785, -8.72822 ], [ 115.247556, -8.728305 ], [ 115.247278, -8.728448 ], [ 115.24695, -8.728805 ], [ 115.246521, -8.729283 ], [ 115.246236, -8.729597 ], [ 115.245465, -8.730404 ], [ 115.244851, -8.730946 ], [ 115.244701, -8.731103 ], [ 115.244615, -8.731296 ], [ 115.244587, -8.73136 ], [ 115.244594, -8.731518 ], [ 115.244708, -8.731653 ], [ 115.244851, -8.731796 ], [ 115.24494, -8.731968 ], [ 115.244944, -8.731974 ], [ 115.244945, -8.731979 ], [ 115.245022, -8.732331 ], [ 115.245065, -8.732531 ], [ 115.245054, -8.732692 ], [ 115.245051, -8.732745 ], [ 115.244965, -8.733074 ], [ 115.244744, -8.733581 ], [ 115.24468, -8.733752 ], [ 115.244651, -8.733902 ], [ 115.244537, -8.734087 ], [ 115.24443, -8.734144 ], [ 115.244094, -8.734309 ], [ 115.243915, -8.734437 ], [ 115.243766, -8.734544 ], [ 115.243573, -8.734737 ], [ 115.24343, -8.734808 ], [ 115.243266, -8.734844 ], [ 115.243131, -8.734901 ], [ 115.243129, -8.734902 ], [ 115.243059, -8.734937 ], [ 115.242824, -8.734951 ], [ 115.242811, -8.734952 ], [ 115.242588, -8.734972 ], [ 115.242568, -8.73499 ], [ 115.242517, -8.735037 ], [ 115.242352, -8.735072 ], [ 115.242055, -8.735025 ], [ 115.241855, -8.734993 ], [ 115.241774, -8.73498 ], [ 115.241329, -8.734882 ], [ 115.241089, -8.73483 ], [ 115.240975, -8.73483 ], [ 115.240893, -8.734877 ], [ 115.240886, -8.734881 ], [ 115.240839, -8.734908 ], [ 115.240625, -8.735072 ], [ 115.240435, -8.735236 ], [ 115.240363, -8.735299 ], [ 115.240254, -8.735394 ], [ 115.240061, -8.735594 ], [ 115.239802, -8.735802 ], [ 115.239697, -8.735886 ], [ 115.23944, -8.736086 ], [ 115.239311, -8.736193 ], [ 115.239126, -8.7363 ], [ 115.238933, -8.736357 ], [ 115.23879, -8.736443 ], [ 115.238669, -8.736536 ], [ 115.238605, -8.736671 ], [ 115.238505, -8.736864 ], [ 115.238501, -8.736868 ], [ 115.238248, -8.737114 ], [ 115.238012, -8.737378 ], [ 115.237881, -8.737471 ], [ 115.23782, -8.737514 ], [ 115.23764, -8.737579 ], [ 115.237527, -8.737621 ], [ 115.237338, -8.737607 ], [ 115.237327, -8.737607 ], [ 115.237191, -8.737585 ], [ 115.237149, -8.737543 ], [ 115.237113, -8.737507 ], [ 115.236977, -8.737378 ], [ 115.236756, -8.737185 ], [ 115.236673, -8.737136 ], [ 115.236613, -8.7371 ], [ 115.23642, -8.737 ], [ 115.236299, -8.736836 ], [ 115.236249, -8.736621 ], [ 115.236237, -8.736476 ], [ 115.236256, -8.736343 ], [ 115.236323, -8.736276 ], [ 115.236466, -8.7362 ], [ 115.236532, -8.736077 ], [ 115.23656, -8.736017 ], [ 115.236589, -8.735953 ], [ 115.236694, -8.735953 ], [ 115.236808, -8.736 ], [ 115.236903, -8.735953 ], [ 115.236922, -8.735839 ], [ 115.237046, -8.735848 ], [ 115.237151, -8.73581 ], [ 115.23717, -8.735629 ], [ 115.237284, -8.735439 ], [ 115.237332, -8.735315 ], [ 115.237465, -8.735163 ], [ 115.237579, -8.735163 ], [ 115.237721, -8.735208 ], [ 115.237817, -8.735239 ], [ 115.238046, -8.73522 ], [ 115.238237, -8.735171 ], [ 115.238379, -8.735134 ], [ 115.23859, -8.735056 ], [ 115.23874, -8.735001 ], [ 115.238778, -8.734934 ], [ 115.238781, -8.734911 ], [ 115.238788, -8.73483 ], [ 115.238864, -8.734763 ], [ 115.238969, -8.734744 ], [ 115.238969, -8.734658 ], [ 115.239026, -8.734573 ], [ 115.239026, -8.734573 ], [ 115.239216, -8.734573 ], [ 115.23934, -8.734478 ], [ 115.239435, -8.734411 ], [ 115.239578, -8.734382 ], [ 115.239702, -8.734325 ], [ 115.239724, -8.734218 ], [ 115.239736, -8.734158 ], [ 115.239749, -8.734097 ], [ 115.239797, -8.73383 ], [ 115.239677, -8.733583 ], [ 115.239645, -8.733516 ], [ 115.239593, -8.733426 ], [ 115.23953, -8.733316 ], [ 115.239407, -8.733126 ], [ 115.239308, -8.732901 ], [ 115.239302, -8.732888 ], [ 115.239304, -8.73287 ], [ 115.239348, -8.732549 ], [ 115.239359, -8.732469 ], [ 115.239383, -8.732396 ], [ 115.239404, -8.732332 ], [ 115.239484, -8.732087 ], [ 115.239502, -8.732031 ], [ 115.239626, -8.73187 ], [ 115.239795, -8.731803 ], [ 115.239844, -8.731784 ], [ 115.239917, -8.731732 ], [ 115.240073, -8.731622 ], [ 115.24032, -8.731451 ], [ 115.240634, -8.731527 ], [ 115.241044, -8.731613 ], [ 115.241305, -8.731697 ], [ 115.241367, -8.731717 ], [ 115.241662, -8.731689 ], [ 115.241783, -8.731534 ], [ 115.241796, -8.731518 ], [ 115.2419, -8.731175 ], [ 115.241883, -8.731056 ], [ 115.241862, -8.730918 ], [ 115.241786, -8.730499 ], [ 115.241615, -8.730271 ], [ 115.241508, -8.730184 ], [ 115.241301, -8.730014 ], [ 115.24112, -8.729938 ], [ 115.240815, -8.729909 ], [ 115.240641, -8.729892 ], [ 115.240443, -8.729872 ], [ 115.240435, -8.729871 ], [ 115.240054, -8.72969 ], [ 115.239945, -8.72959 ], [ 115.239664, -8.729328 ], [ 115.239283, -8.729005 ], [ 115.239064, -8.728662 ], [ 115.239026, -8.728358 ], [ 115.239026, -8.72811 ], [ 115.239188, -8.72772 ], [ 115.23934, -8.727434 ], [ 115.239597, -8.727196 ], [ 115.239968, -8.727035 ], [ 115.240116, -8.726993 ], [ 115.240405, -8.726912 ], [ 115.240577, -8.726863 ], [ 115.240768, -8.726825 ], [ 115.241101, -8.726844 ], [ 115.241482, -8.726949 ], [ 115.241672, -8.727111 ], [ 115.241786, -8.727225 ], [ 115.241957, -8.727549 ], [ 115.242053, -8.727748 ], [ 115.2421, -8.727865 ], [ 115.242243, -8.728215 ], [ 115.242291, -8.728383 ], [ 115.242319, -8.728481 ], [ 115.242376, -8.728624 ], [ 115.242445, -8.728731 ], [ 115.242458, -8.728752 ], [ 115.242548, -8.728891 ], [ 115.242709, -8.729033 ], [ 115.242716, -8.729036 ], [ 115.242952, -8.729112 ], [ 115.243297, -8.729421 ], [ 115.243426, -8.729466 ], [ 115.243492, -8.729489 ], [ 115.243639, -8.729539 ], [ 115.243916, -8.729635 ], [ 115.244261, -8.72979 ], [ 115.244499, -8.729731 ], [ 115.244554, -8.729656 ], [ 115.244665, -8.729504 ], [ 115.244669, -8.729494 ], [ 115.244679, -8.729462 ], [ 115.244808, -8.729052 ], [ 115.244813, -8.728684 ], [ 115.244817, -8.728395 ], [ 115.24482, -8.72822 ], [ 115.244756, -8.727635 ], [ 115.244741, -8.727495 ], [ 115.244653, -8.726685 ], [ 115.244511, -8.725376 ], [ 115.244415, -8.725162 ], [ 115.244088, -8.725009 ], [ 115.24359, -8.724776 ], [ 115.243499, -8.724734 ], [ 115.243333, -8.724734 ], [ 115.243239, -8.72478 ], [ 115.243166, -8.724817 ], [ 115.243066, -8.724817 ], [ 115.243009, -8.724817 ], [ 115.242964, -8.724817 ], [ 115.242719, -8.72468 ], [ 115.242667, -8.72465 ], [ 115.242636, -8.724608 ], [ 115.242417, -8.724305 ], [ 115.24225, -8.723853 ], [ 115.24219, -8.723613 ], [ 115.242084, -8.723187 ], [ 115.242012, -8.72302 ], [ 115.241834, -8.722866 ], [ 115.241641, -8.722802 ], [ 115.241584, -8.722783 ], [ 115.241275, -8.722675 ], [ 115.240965, -8.722473 ] ] ] } },
{ "type": "Feature", "properties": { "id": 5, "fid": 1295, "full_id": "n9209862504", "osm_id": "9209862504", "osm_type": "node", "name": "Bali Mandala Regional General Hospital", "class": "hospital", "population_covered": 77388, "covered_area": "20.80 km²" }, "geometry": { "type": "Polygon", "coordinates": [ [ [ 115.231904, -8.72415 ], [ 115.232091, -8.724278 ], [ 115.232353, -8.724333 ], [ 115.232593, -8.724296 ], [ 115.232861, -8.724198 ], [ 115.233224, -8.723996 ], [ 115.23359, -8.723732 ], [ 115.233801, -8.723537 ], [ 115.233896, -8.723374 ], [ 115.233905, -8.723233 ], [ 115.233844, -8.723168 ], [ 115.233714, -8.723128 ], [ 115.232569, -8.723423 ], [ 115.232322, -8.72349 ], [ 115.231957, -8.723504 ], [ 115.231841, -8.723495 ], [ 115.231838, -8.723499 ], [ 115.231615, -8.72367 ], [ 115.231597, -8.723761 ], [ 115.231665, -8.72392 ], [ 115.231904, -8.72415 ] ] ] } },
{ "type": "Feature", "properties": { "id": 5, "fid": 1295, "full_id": "n9209862504", "osm_id": "9209862504", "osm_type": "node", "name": "Bali Mandala Regional General Hospital", "class": "hospital", "population_covered": 77388, "covered_area": "20.80 km²" }, "geometry": { "type": "Polygon", "coordinates": [ [ [ 115.264652, -8.676762 ], [ 115.264473, -8.6766 ], [ 115.264404, -8.676447 ], [ 115.264319, -8.676079 ], [ 115.228335, -8.69456 ], [ 115.216553, -8.709991 ], [ 115.219746, -8.726869 ], [ 115.21984, -8.726876 ], [ 115.220035, -8.726892 ], [ 115.220456, -8.726889 ], [ 115.221013, -8.726661 ], [ 115.221321, -8.726473 ], [ 115.221695, -8.726203 ], [ 115.222035, -8.725879 ], [ 115.222223, -8.7257 ], [ 115.222439, -8.725587 ], [ 115.222999, -8.725483 ], [ 115.223589, -8.72541 ], [ 115.223843, -8.725353 ], [ 115.224071, -8.725231 ], [ 115.224072, -8.72523 ], [ 115.224072, -8.72523 ], [ 115.22424, -8.725427 ], [ 115.224576, -8.725823 ], [ 115.22529, -8.726489 ], [ 115.225945, -8.726799 ], [ 115.226385, -8.726811 ], [ 115.22667, -8.726739 ], [ 115.227182, -8.726216 ], [ 115.227277, -8.726013 ], [ 115.227218, -8.725871 ], [ 115.226992, -8.725668 ], [ 115.226873, -8.725419 ], [ 115.226718, -8.725228 ], [ 115.226468, -8.72499 ], [ 115.226099, -8.724812 ], [ 115.225778, -8.72461 ], [ 115.225266, -8.724336 ], [ 115.22486, -8.723981 ], [ 115.224849, -8.723928 ], [ 115.224828, -8.723832 ], [ 115.224541, -8.723731 ], [ 115.22443, -8.723698 ], [ 115.224352, -8.723611 ], [ 115.224336, -8.723473 ], [ 115.224437, -8.723237 ], [ 115.224526, -8.723095 ], [ 115.224331, -8.722833 ], [ 115.224258, -8.722748 ], [ 115.224253, -8.722334 ], [ 115.224417, -8.722201 ], [ 115.225301, -8.721736 ], [ 115.22599, -8.721193 ], [ 115.226163, -8.721028 ], [ 115.226339, -8.720966 ], [ 115.226889, -8.720573 ], [ 115.227241, -8.720369 ], [ 115.227429, -8.720258 ], [ 115.227529, -8.720144 ], [ 115.227675, -8.719899 ], [ 115.227808, -8.719755 ], [ 115.227914, -8.719694 ], [ 115.227914, -8.719694 ], [ 115.229438, -8.719492 ], [ 115.229698, -8.719502 ], [ 115.229975, -8.719523 ], [ 115.230153, -8.719519 ], [ 115.230382, -8.719556 ], [ 115.231173, -8.719469 ], [ 115.231495, -8.719414 ], [ 115.231495, -8.719414 ], [ 115.231682, -8.719385 ], [ 115.231682, -8.719385 ], [ 115.231725, -8.719388 ], [ 115.232094, -8.719374 ], [ 115.23275, -8.719128 ], [ 115.233473, -8.718619 ], [ 115.233669, -8.718478 ], [ 115.233961, -8.718278 ], [ 115.234033, -8.718221 ], [ 115.23422, -8.718041 ], [ 115.234803, -8.71791 ], [ 115.235022, -8.717862 ], [ 115.235157, -8.717766 ], [ 115.23531, -8.717685 ], [ 115.235521, -8.71765 ], [ 115.235701, -8.717639 ], [ 115.236124, -8.717635 ], [ 115.236616, -8.717538 ], [ 115.236879, -8.717451 ], [ 115.236973, -8.71738 ], [ 115.23702, -8.717275 ], [ 115.237283, -8.717253 ], [ 115.237571, -8.717203 ], [ 115.237629, -8.717202 ], [ 115.237789, -8.717281 ], [ 115.237902, -8.717301 ], [ 115.23798, -8.717252 ], [ 115.238078, -8.717141 ], [ 115.238241, -8.717139 ], [ 115.238382, -8.717134 ], [ 115.238382, -8.717134 ], [ 115.238522, -8.717136 ], [ 115.238691, -8.717179 ], [ 115.239034, -8.717097 ], [ 115.239169, -8.717037 ], [ 115.239233, -8.717008 ], [ 115.239269, -8.716974 ], [ 115.239338, -8.71691 ], [ 115.239362, -8.716838 ], [ 115.239362, -8.716838 ], [ 115.239375, -8.716799 ], [ 115.239535, -8.716523 ], [ 115.239835, -8.716166 ], [ 115.240225, -8.71567 ], [ 115.240225, -8.71567 ], [ 115.24034, -8.715658 ], [ 115.240346, -8.715657 ], [ 115.240346, -8.715657 ], [ 115.240415, -8.7156 ], [ 115.240416, -8.715599 ], [ 115.240469, -8.715555 ], [ 115.240474, -8.715545 ], [ 115.240474, -8.715545 ], [ 115.240594, -8.715278 ], [ 115.240671, -8.71513 ], [ 115.240671, -8.71513 ], [ 115.241025, -8.714927 ], [ 115.241154, -8.714871 ], [ 115.241493, -8.714724 ], [ 115.242013, -8.714453 ], [ 115.242234, -8.714338 ], [ 115.242494, -8.714142 ], [ 115.242609, -8.714055 ], [ 115.242937, -8.713662 ], [ 115.243008, -8.713576 ], [ 115.243531, -8.713307 ], [ 115.243924, -8.713164 ], [ 115.244474, -8.713012 ], [ 115.244826, -8.712888 ], [ 115.245302, -8.712717 ], [ 115.245749, -8.712593 ], [ 115.246016, -8.712545 ], [ 115.246606, -8.712536 ], [ 115.247453, -8.712555 ], [ 115.247824, -8.712717 ], [ 115.247924, -8.712908 ], [ 115.248108, -8.713093 ], [ 115.248126, -8.713449 ], [ 115.24815, -8.713658 ], [ 115.248221, -8.713723 ], [ 115.248382, -8.713729 ], [ 115.248596, -8.71364 ], [ 115.248763, -8.713521 ], [ 115.248905, -8.713432 ], [ 115.248995, -8.713408 ], [ 115.249601, -8.713384 ], [ 115.250202, -8.713384 ], [ 115.25072, -8.713354 ], [ 115.250755, -8.713485 ], [ 115.250845, -8.713527 ], [ 115.250863, -8.713396 ], [ 115.250857, -8.712956 ], [ 115.250922, -8.712867 ], [ 115.251225, -8.712777 ], [ 115.251701, -8.712629 ], [ 115.252124, -8.712557 ], [ 115.252594, -8.712533 ], [ 115.252796, -8.712581 ], [ 115.252915, -8.712753 ], [ 115.253004, -8.712795 ], [ 115.253123, -8.712801 ], [ 115.253141, -8.712712 ], [ 115.253087, -8.712658 ], [ 115.25301, -8.712652 ], [ 115.252921, -8.712646 ], [ 115.252873, -8.712575 ], [ 115.252879, -8.712349 ], [ 115.252873, -8.712141 ], [ 115.252874, -8.712139 ], [ 115.252909, -8.712075 ], [ 115.253284, -8.711927 ], [ 115.253485, -8.711871 ], [ 115.253563, -8.711849 ], [ 115.25371, -8.71184 ], [ 115.253849, -8.711831 ], [ 115.254569, -8.711962 ], [ 115.255241, -8.712081 ], [ 115.255586, -8.712046 ], [ 115.255651, -8.711927 ], [ 115.255663, -8.711772 ], [ 115.255966, -8.711617 ], [ 115.256621, -8.711201 ], [ 115.257162, -8.710987 ], [ 115.257477, -8.710856 ], [ 115.257799, -8.710666 ], [ 115.25814, -8.710397 ], [ 115.258142, -8.710395 ], [ 115.258162, -8.71038 ], [ 115.258471, -8.710112 ], [ 115.258768, -8.709934 ], [ 115.258923, -8.70994 ], [ 115.259114, -8.709841 ], [ 115.259247, -8.709755 ], [ 115.259553, -8.709577 ], [ 115.259728, -8.709431 ], [ 115.259985, -8.709195 ], [ 115.260185, -8.709038 ], [ 115.260357, -8.708934 ], [ 115.260492, -8.708902 ], [ 115.260699, -8.708899 ], [ 115.260763, -8.708906 ], [ 115.260813, -8.708913 ], [ 115.260874, -8.708899 ], [ 115.260917, -8.708852 ], [ 115.260956, -8.708788 ], [ 115.261017, -8.708681 ], [ 115.261135, -8.708574 ], [ 115.261349, -8.70841 ], [ 115.261606, -8.708274 ], [ 115.261688, -8.708164 ], [ 115.261788, -8.708039 ], [ 115.26197, -8.707799 ], [ 115.262102, -8.707635 ], [ 115.262202, -8.707517 ], [ 115.262219, -8.707501 ], [ 115.26227, -8.707453 ], [ 115.2623, -8.707434 ], [ 115.2623, -8.707434 ], [ 115.262337, -8.70741 ], [ 115.262445, -8.707407 ], [ 115.262548, -8.707418 ], [ 115.262637, -8.707425 ], [ 115.262741, -8.707425 ], [ 115.262805, -8.707375 ], [ 115.262884, -8.707282 ], [ 115.262941, -8.707196 ], [ 115.263066, -8.707093 ], [ 115.263298, -8.706921 ], [ 115.263483, -8.706832 ], [ 115.263612, -8.706761 ], [ 115.263687, -8.706697 ], [ 115.26369, -8.706625 ], [ 115.263615, -8.706582 ], [ 115.263533, -8.706504 ], [ 115.263505, -8.706432 ], [ 115.263487, -8.706304 ], [ 115.263501, -8.70625 ], [ 115.263562, -8.70614 ], [ 115.263647, -8.706029 ], [ 115.263765, -8.705915 ], [ 115.263919, -8.705772 ], [ 115.264051, -8.705669 ], [ 115.264129, -8.70559 ], [ 115.264165, -8.705501 ], [ 115.26419, -8.705194 ], [ 115.264182, -8.705033 ], [ 115.264315, -8.704805 ], [ 115.264425, -8.704617 ], [ 115.264594, -8.704309 ], [ 115.264762, -8.703763 ], [ 115.264929, -8.703099 ], [ 115.265013, -8.702769 ], [ 115.26502, -8.702709 ], [ 115.265046, -8.702475 ], [ 115.265692, -8.700355 ], [ 115.265988, -8.698763 ], [ 115.266076, -8.698291 ], [ 115.266196, -8.697822 ], [ 115.266414, -8.69697 ], [ 115.266505, -8.6963 ], [ 115.266646, -8.695148 ], [ 115.26678, -8.694268 ], [ 115.266896, -8.693025 ], [ 115.266902, -8.692149 ], [ 115.266793, -8.691216 ], [ 115.266616, -8.690546 ], [ 115.266316, -8.689516 ], [ 115.265946, -8.688267 ], [ 115.265814, -8.688201 ], [ 115.26557, -8.688052 ], [ 115.265482, -8.687892 ], [ 115.265424, -8.687652 ], [ 115.2652, -8.686622 ], [ 115.264896, -8.685476 ], [ 115.26468, -8.684616 ], [ 115.264502, -8.683569 ], [ 115.264387, -8.682521 ], [ 115.264386, -8.682514 ], [ 115.264288, -8.681617 ], [ 115.264337, -8.681173 ], [ 115.264497, -8.680347 ], [ 115.264945, -8.678437 ], [ 115.264999, -8.677677 ], [ 115.265036, -8.677205 ], [ 115.265115, -8.677127 ], [ 115.265211, -8.676977 ], [ 115.265198, -8.676845 ], [ 115.265134, -8.676807 ], [ 115.264841, -8.6768 ], [ 115.264652, -8.676762 ] ] ] } },
{ "type": "Feature", "properties": { "id": 6, "fid": 1297, "full_id": "n9810776091", "osm_id": "9810776091", "osm_type": "node", "name": "Bali Royal Hospital", "class": "hospital", "population_covered": 20950, "covered_area": "4.22 km²" }, "geometry": { "type": "Polygon", "coordinates": [ [ [ 115.221422, -8.65797 ], [ 115.215443, -8.662343 ], [ 115.21902, -8.670374 ], [ 115.223704, -8.676646 ], [ 115.25065, -8.653148 ], [ 115.221422, -8.65797 ] ] ] } },
{ "type": "Feature", "properties": { "id": 7, "fid": 1298, "full_id": "n9810808425", "osm_id": "9810808425", "osm_type": "node", "name": "Rumah Sakit Ibu Dan Anak Harapan Bunda", "class": "hospital", "population_covered": 48477, "covered_area": "12.19 km²" }, "geometry": { "type": "Polygon", "coordinates": [ [ [ 115.268938, -8.655156 ], [ 115.269463, -8.654596 ], [ 115.259664, -8.650455 ], [ 115.25065, -8.653148 ], [ 115.223704, -8.676646 ], [ 115.228335, -8.69456 ], [ 115.264319, -8.676079 ], [ 115.264248, -8.675771 ], [ 115.264119, -8.675277 ], [ 115.263635, -8.674125 ], [ 115.263405, -8.6736 ], [ 115.263106, -8.67296 ], [ 115.262799, -8.672344 ], [ 115.26253, -8.671832 ], [ 115.26198, -8.670876 ], [ 115.261666, -8.67033 ], [ 115.261398, -8.669806 ], [ 115.26127, -8.669459 ], [ 115.26127, -8.669459 ], [ 115.261171, -8.669188 ], [ 115.261087, -8.668756 ], [ 115.261089, -8.668364 ], [ 115.261276, -8.6666 ], [ 115.261455, -8.665629 ], [ 115.261746, -8.664597 ], [ 115.261761, -8.664545 ], [ 115.261918, -8.664222 ], [ 115.261968, -8.664119 ], [ 115.26232, -8.663612 ], [ 115.262996, -8.662576 ], [ 115.263434, -8.661737 ], [ 115.264418, -8.660108 ], [ 115.265091, -8.659257 ], [ 115.26587, -8.658338 ], [ 115.266423, -8.657694 ], [ 115.267975, -8.656088 ], [ 115.268938, -8.655156 ] ] ] } },
{ "type": "Feature", "properties": { "id": 1, "fid": 1278, "full_id": "n600488283", "osm_id": "600488283", "osm_type": "node", "name": "Kasih Ibu General Hospital (Uluwatu)", "class": "hospital", "population_covered": 18260, "covered_area": "8.67 km²" }, "geometry": { "type": "Polygon", "coordinates": [ [ [ 115.187837, -8.76466 ], [ 115.187796, -8.764686 ], [ 115.18772, -8.764961 ], [ 115.18771, -8.76513 ], [ 115.187764, -8.765275 ], [ 115.187961, -8.76548 ], [ 115.188163, -8.76559 ], [ 115.188502, -8.765646 ], [ 115.188699, -8.765627 ], [ 115.188821, -8.765565 ], [ 115.188916, -8.765444 ], [ 115.188973, -8.765235 ], [ 115.188966, -8.764968 ], [ 115.18886, -8.764444 ], [ 115.188757, -8.764199 ], [ 115.188622, -8.764036 ], [ 115.188504, -8.763972 ], [ 115.188296, -8.763958 ], [ 115.188171, -8.763993 ], [ 115.188044, -8.764123 ], [ 115.187881, -8.764558 ], [ 115.187837, -8.76466 ] ] ] } },
{ "type": "Feature", "properties": { "id": 1, "fid": 1278, "full_id": "n600488283", "osm_id": "600488283", "osm_type": "node", "name": "Kasih Ibu General Hospital (Uluwatu)", "class": "hospital", "population_covered": 18260, "covered_area": "8.67 km²" }, "geometry": { "type": "Polygon", "coordinates": [ [ [ 115.222349, -8.755444 ], [ 115.222294, -8.75515 ], [ 115.222025, -8.754404 ], [ 115.22148, -8.753586 ], [ 115.217183, -8.753122 ], [ 115.216989, -8.753389 ], [ 115.216806, -8.753747 ], [ 115.216482, -8.754763 ], [ 115.216379, -8.755162 ], [ 115.216265, -8.755612 ], [ 115.216029, -8.756059 ], [ 115.215819, -8.756581 ], [ 115.215818, -8.756582 ], [ 115.215722, -8.756895 ], [ 115.215683, -8.757154 ], [ 115.215669, -8.757247 ], [ 115.215686, -8.757333 ], [ 115.216279, -8.757527 ], [ 115.216453, -8.757577 ], [ 115.216579, -8.757683 ], [ 115.216751, -8.757932 ], [ 115.216926, -8.758575 ], [ 115.216986, -8.758796 ], [ 115.217028, -8.758952 ], [ 115.217047, -8.759009 ], [ 115.217146, -8.759305 ], [ 115.21728, -8.759635 ], [ 115.21732, -8.759811 ], [ 115.217274, -8.759944 ], [ 115.217132, -8.760083 ], [ 115.216917, -8.76018 ], [ 115.216566, -8.76022 ], [ 115.216389, -8.760234 ], [ 115.216231, -8.760319 ], [ 115.216056, -8.760528 ], [ 115.215959, -8.760781 ], [ 115.215926, -8.762339 ], [ 115.215904, -8.762812 ], [ 115.215815, -8.763277 ], [ 115.215709, -8.763812 ], [ 115.215627, -8.764492 ], [ 115.215591, -8.765457 ], [ 115.215593, -8.765827 ], [ 115.215593, -8.765854 ], [ 115.21617, -8.767556 ], [ 115.216268, -8.767862 ], [ 115.216371, -8.768181 ], [ 115.216506, -8.768622 ], [ 115.216517, -8.768643 ], [ 115.216944, -8.769448 ], [ 115.217256, -8.770078 ], [ 115.217476, -8.770764 ], [ 115.217604, -8.771397 ], [ 115.217646, -8.772249 ], [ 115.217613, -8.772596 ], [ 115.217493, -8.773 ], [ 115.217472, -8.773037 ], [ 115.217364, -8.77323 ], [ 115.217257, -8.773287 ], [ 115.21591, -8.774 ], [ 115.215769, -8.774075 ], [ 115.215213, -8.774305 ], [ 115.214943, -8.774408 ], [ 115.214723, -8.774566 ], [ 115.214424, -8.774912 ], [ 115.214134, -8.775331 ], [ 115.214016, -8.775567 ], [ 115.225043, -8.775817 ], [ 115.225019, -8.775562 ], [ 115.225007, -8.77486 ], [ 115.224915, -8.77472 ], [ 115.224679, -8.774221 ], [ 115.224631, -8.774055 ], [ 115.224533, -8.773712 ], [ 115.224405, -8.773184 ], [ 115.224338, -8.77229 ], [ 115.224299, -8.771263 ], [ 115.224191, -8.770756 ], [ 115.223918, -8.770019 ], [ 115.223813, -8.768931 ], [ 115.223809, -8.76867 ], [ 115.223797, -8.768003 ], [ 115.223696, -8.767387 ], [ 115.223684, -8.767211 ], [ 115.223666, -8.766964 ], [ 115.223744, -8.766395 ], [ 115.22364, -8.765641 ], [ 115.2236, -8.765326 ], [ 115.223657, -8.764969 ], [ 115.223747, -8.764687 ], [ 115.224077, -8.763662 ], [ 115.224219, -8.763115 ], [ 115.224263, -8.762602 ], [ 115.224246, -8.762105 ], [ 115.224191, -8.761755 ], [ 115.22387, -8.760828 ], [ 115.223618, -8.760277 ], [ 115.223069, -8.759423 ], [ 115.222882, -8.759058 ], [ 115.222796, -8.758796 ], [ 115.222622, -8.758265 ], [ 115.222391, -8.757133 ], [ 115.222353, -8.75653 ], [ 115.222349, -8.755492 ], [ 115.222349, -8.755444 ] ] ] } },
{ "type": "Feature", "properties": { "id": 1, "fid": 1278, "full_id": "n600488283", "osm_id": "600488283", "osm_type": "node", "name": "Kasih Ibu General Hospital (Uluwatu)", "class": "hospital", "population_covered": 18260, "covered_area": "8.67 km²" }, "geometry": { "type": "Polygon", "coordinates": [ [ [ 115.167639, -8.772238 ], [ 115.167144, -8.773698 ], [ 115.166886, -8.774377 ], [ 115.166834, -8.774496 ], [ 115.193704, -8.775107 ], [ 115.193708, -8.774452 ], [ 115.193802, -8.774069 ], [ 115.193926, -8.773561 ], [ 115.193989, -8.773284 ], [ 115.194038, -8.77307 ], [ 115.194078, -8.772745 ], [ 115.194028, -8.772438 ], [ 115.193838, -8.772 ], [ 115.193666, -8.771739 ], [ 115.193384, -8.771456 ], [ 115.193057, -8.771247 ], [ 115.192673, -8.771058 ], [ 115.192527, -8.770948 ], [ 115.192294, -8.770505 ], [ 115.192218, -8.769968 ], [ 115.192196, -8.769673 ], [ 115.192097, -8.769376 ], [ 115.191987, -8.769106 ], [ 115.191918, -8.768936 ], [ 115.191825, -8.768528 ], [ 115.191689, -8.767929 ], [ 115.191589, -8.767578 ], [ 115.191443, -8.767276 ], [ 115.191215, -8.766997 ], [ 115.191026, -8.766853 ], [ 115.190838, -8.766781 ], [ 115.190526, -8.766815 ], [ 115.190502, -8.766818 ], [ 115.190433, -8.766829 ], [ 115.190433, -8.766829 ], [ 115.190369, -8.76682 ], [ 115.190343, -8.766809 ], [ 115.190328, -8.766803 ], [ 115.190322, -8.7668 ], [ 115.190319, -8.766797 ], [ 115.19024, -8.766721 ], [ 115.190189, -8.766646 ], [ 115.190161, -8.766605 ], [ 115.190166, -8.76614 ], [ 115.190146, -8.765953 ], [ 115.190035, -8.765724 ], [ 115.189922, -8.765596 ], [ 115.189814, -8.765556 ], [ 115.189782, -8.765544 ], [ 115.189645, -8.76555 ], [ 115.189216, -8.765962 ], [ 115.189061, -8.766113 ], [ 115.189023, -8.76615 ], [ 115.188846, -8.766239 ], [ 115.18867, -8.766254 ], [ 115.18788, -8.765872 ], [ 115.187247, -8.765563 ], [ 115.187005, -8.765431 ], [ 115.186877, -8.765313 ], [ 115.186807, -8.764743 ], [ 115.186761, -8.764576 ], [ 115.186711, -8.764453 ], [ 115.186708, -8.764414 ], [ 115.186708, -8.764413 ], [ 115.186711, -8.764408 ], [ 115.186906, -8.764066 ], [ 115.18713, -8.763637 ], [ 115.187173, -8.763485 ], [ 115.187185, -8.763444 ], [ 115.187168, -8.763318 ], [ 115.187129, -8.763254 ], [ 115.187106, -8.763236 ], [ 115.186745, -8.763043 ], [ 115.186463, -8.762877 ], [ 115.186176, -8.762788 ], [ 115.186011, -8.762781 ], [ 115.185988, -8.76278 ], [ 115.185779, -8.762858 ], [ 115.185632, -8.762979 ], [ 115.185549, -8.763136 ], [ 115.185532, -8.763168 ], [ 115.185486, -8.763626 ], [ 115.185484, -8.763644 ], [ 115.185486, -8.763703 ], [ 115.185502, -8.764222 ], [ 115.185511, -8.764496 ], [ 115.185486, -8.764589 ], [ 115.185465, -8.764666 ], [ 115.185431, -8.764712 ], [ 115.185339, -8.764838 ], [ 115.1853, -8.764865 ], [ 115.185009, -8.765069 ], [ 115.184633, -8.765308 ], [ 115.184411, -8.765535 ], [ 115.184327, -8.765605 ], [ 115.183716, -8.765612 ], [ 115.183692, -8.765612 ], [ 115.18365, -8.765613 ], [ 115.183619, -8.765456 ], [ 115.183653, -8.765365 ], [ 115.183806, -8.765306 ], [ 115.18387, -8.765281 ], [ 115.18398, -8.76524 ], [ 115.18407, -8.765131 ], [ 115.184137, -8.764842 ], [ 115.184139, -8.764765 ], [ 115.184082, -8.764765 ], [ 115.183288, -8.76477 ], [ 115.183041, -8.764764 ], [ 115.182835, -8.764701 ], [ 115.182761, -8.764645 ], [ 115.182761, -8.764588 ], [ 115.182761, -8.764449 ], [ 115.182762, -8.764442 ], [ 115.182782, -8.764327 ], [ 115.182729, -8.764041 ], [ 115.182729, -8.764039 ], [ 115.182678, -8.763925 ], [ 115.182577, -8.763699 ], [ 115.18205, -8.763057 ], [ 115.181776, -8.762704 ], [ 115.181371, -8.761667 ], [ 115.18133, -8.761563 ], [ 115.181238, -8.761066 ], [ 115.180943, -8.759464 ], [ 115.180877, -8.75897 ], [ 115.180885, -8.758479 ], [ 115.180966, -8.758082 ], [ 115.181042, -8.75771 ], [ 115.181227, -8.757081 ], [ 115.181233, -8.757058 ], [ 115.181468, -8.756567 ], [ 115.18198, -8.755621 ], [ 115.182103, -8.755422 ], [ 115.182138, -8.755382 ], [ 115.182175, -8.755337 ], [ 115.182493, -8.754862 ], [ 115.182813, -8.75422 ], [ 115.183085, -8.753562 ], [ 115.183109, -8.753503 ], [ 115.183119, -8.753452 ], [ 115.18318, -8.753144 ], [ 115.183289, -8.752538 ], [ 115.183295, -8.752502 ], [ 115.183509, -8.751817 ], [ 115.183575, -8.75158 ], [ 115.183621, -8.751413 ], [ 115.183758, -8.75088 ], [ 115.184015, -8.750001 ], [ 115.184015, -8.75 ], [ 115.184082, -8.749773 ], [ 115.184131, -8.749608 ], [ 115.184151, -8.749549 ], [ 115.152142, -8.746083 ], [ 115.152252, -8.74726 ], [ 115.152159, -8.747523 ], [ 115.152197, -8.748775 ], [ 115.152215, -8.749551 ], [ 115.152215, -8.749552 ], [ 115.152217, -8.75 ], [ 115.152217, -8.750001 ], [ 115.152217, -8.750123 ], [ 115.152278, -8.750348 ], [ 115.152411, -8.750486 ], [ 115.152524, -8.75052 ], [ 115.152756, -8.750499 ], [ 115.153021, -8.750497 ], [ 115.153724, -8.750493 ], [ 115.155281, -8.750415 ], [ 115.157552, -8.750321 ], [ 115.158432, -8.75024 ], [ 115.158957, -8.750227 ], [ 115.159594, -8.750291 ], [ 115.159769, -8.750383 ], [ 115.160152, -8.750695 ], [ 115.160932, -8.751599 ], [ 115.161228, -8.751828 ], [ 115.161538, -8.751958 ], [ 115.162009, -8.752151 ], [ 115.162488, -8.752445 ], [ 115.163098, -8.753003 ], [ 115.163552, -8.753487 ], [ 115.164021, -8.753967 ], [ 115.164573, -8.754454 ], [ 115.165926, -8.755571 ], [ 115.166566, -8.75612 ], [ 115.167025, -8.756559 ], [ 115.167225, -8.756778 ], [ 115.167228, -8.756782 ], [ 115.167265, -8.756836 ], [ 115.167478, -8.757165 ], [ 115.167757, -8.757568 ], [ 115.167949, -8.75797 ], [ 115.168563, -8.759387 ], [ 115.168769, -8.760085 ], [ 115.168945, -8.760756 ], [ 115.169133, -8.761683 ], [ 115.16915, -8.762156 ], [ 115.169158, -8.764346 ], [ 115.169072, -8.765924 ], [ 115.168826, -8.767349 ], [ 115.168819, -8.767388 ], [ 115.168645, -8.768343 ], [ 115.168337, -8.769873 ], [ 115.168086, -8.7708 ], [ 115.167639, -8.772238 ] ] ] } },
{ "type": "Feature", "properties": { "id": 1, "fid": 1278, "full_id": "n600488283", "osm_id": "600488283", "osm_type": "node", "name": "Kasih Ibu General Hospital (Uluwatu)", "class": "hospital", "population_covered": 18260, "covered_area": "8.67 km²" }, "geometry": { "type": "Polygon", "coordinates": [ [ [ 115.213954, -8.757749 ], [ 115.214011, -8.758069 ], [ 115.214073, -8.758541 ], [ 115.214073, -8.758544 ], [ 115.214113, -8.758786 ], [ 115.214203, -8.758907 ], [ 115.214339, -8.758976 ], [ 115.214385, -8.758974 ], [ 115.214414, -8.758823 ], [ 115.214376, -8.758584 ], [ 115.214358, -8.758195 ], [ 115.214319, -8.757316 ], [ 115.214249, -8.757213 ], [ 115.214141, -8.757159 ], [ 115.214138, -8.757159 ], [ 115.214044, -8.757174 ], [ 115.213968, -8.757243 ], [ 115.213943, -8.757378 ], [ 115.213954, -8.757749 ] ] ] } },
{ "type": "Feature", "properties": { "id": 4, "fid": 1288, "full_id": "n4569917867", "osm_id": "4569917867", "osm_type": "node", "name": "RSU Premagana", "class": "hospital", "population_covered": 142865, "covered_area": "49.84 km²" }, "geometry": { "type": "Polygon", "coordinates": [ [ [ 115.308516, -8.619983 ], [ 115.308761, -8.619819 ], [ 115.281738, -8.576989 ], [ 115.265697, -8.574135 ], [ 115.258132, -8.577125 ], [ 115.219764, -8.608069 ], [ 115.259664, -8.650455 ], [ 115.269463, -8.654596 ], [ 115.269916, -8.654113 ], [ 115.270264, -8.653847 ], [ 115.270846, -8.653505 ], [ 115.271056, -8.653384 ], [ 115.271442, -8.653162 ], [ 115.271902, -8.652829 ], [ 115.272789, -8.652063 ], [ 115.273385, -8.651548 ], [ 115.273385, -8.651548 ], [ 115.273635, -8.651333 ], [ 115.2741, -8.651019 ], [ 115.274705, -8.650588 ], [ 115.274881, -8.650443 ], [ 115.275684, -8.649786 ], [ 115.276427, -8.649179 ], [ 115.27716, -8.64866 ], [ 115.277556, -8.648367 ], [ 115.279284, -8.646951 ], [ 115.279786, -8.646618 ], [ 115.280333, -8.646272 ], [ 115.280378, -8.646244 ], [ 115.281183, -8.645658 ], [ 115.281183, -8.645658 ], [ 115.282204, -8.644916 ], [ 115.282555, -8.644694 ], [ 115.283114, -8.644323 ], [ 115.283803, -8.643838 ], [ 115.284637, -8.643373 ], [ 115.285082, -8.643125 ], [ 115.285082, -8.643125 ], [ 115.285082, -8.643125 ], [ 115.285777, -8.642737 ], [ 115.286017, -8.642517 ], [ 115.286017, -8.642516 ], [ 115.286114, -8.64224 ], [ 115.286229, -8.642004 ], [ 115.286307, -8.641747 ], [ 115.286387, -8.641636 ], [ 115.286493, -8.64149 ], [ 115.286728, -8.641305 ], [ 115.286892, -8.641198 ], [ 115.287049, -8.641126 ], [ 115.287142, -8.640962 ], [ 115.287225, -8.640821 ], [ 115.287264, -8.640755 ], [ 115.287399, -8.640534 ], [ 115.287478, -8.640377 ], [ 115.287692, -8.64027 ], [ 115.287849, -8.640091 ], [ 115.288092, -8.639913 ], [ 115.288541, -8.639606 ], [ 115.288877, -8.639406 ], [ 115.289134, -8.639299 ], [ 115.289348, -8.639206 ], [ 115.289826, -8.638992 ], [ 115.290198, -8.638785 ], [ 115.29044, -8.638621 ], [ 115.29069, -8.638392 ], [ 115.290911, -8.638121 ], [ 115.291076, -8.637784 ], [ 115.291147, -8.637591 ], [ 115.291212, -8.63742 ], [ 115.291226, -8.63727 ], [ 115.291233, -8.637149 ], [ 115.29129, -8.637013 ], [ 115.291462, -8.636856 ], [ 115.291554, -8.636835 ], [ 115.291661, -8.636728 ], [ 115.291683, -8.636635 ], [ 115.291726, -8.636563 ], [ 115.29184, -8.636414 ], [ 115.291997, -8.636264 ], [ 115.292104, -8.636128 ], [ 115.292197, -8.636035 ], [ 115.292318, -8.635978 ], [ 115.292432, -8.635964 ], [ 115.292532, -8.635828 ], [ 115.292668, -8.635624 ], [ 115.292746, -8.635507 ], [ 115.292939, -8.635378 ], [ 115.293046, -8.635157 ], [ 115.29331, -8.635014 ], [ 115.293546, -8.6349 ], [ 115.293717, -8.634886 ], [ 115.293889, -8.634879 ], [ 115.294105, -8.634805 ], [ 115.294206, -8.63474 ], [ 115.294276, -8.634729 ], [ 115.294309, -8.634707 ], [ 115.294314, -8.634704 ], [ 115.294617, -8.6345 ], [ 115.294702, -8.634451 ], [ 115.294759, -8.634336 ], [ 115.294745, -8.634151 ], [ 115.294752, -8.633979 ], [ 115.29485, -8.633856 ], [ 115.294851, -8.633856 ], [ 115.294945, -8.633737 ], [ 115.295074, -8.633708 ], [ 115.295209, -8.633722 ], [ 115.295316, -8.633687 ], [ 115.295352, -8.633515 ], [ 115.295416, -8.633351 ], [ 115.295552, -8.633158 ], [ 115.29583, -8.632837 ], [ 115.29603, -8.632687 ], [ 115.296148, -8.632624 ], [ 115.296333, -8.632538 ], [ 115.296576, -8.632449 ], [ 115.296772, -8.632322 ], [ 115.297055, -8.632183 ], [ 115.297207, -8.632109 ], [ 115.297276, -8.631992 ], [ 115.297411, -8.631953 ], [ 115.297537, -8.631947 ], [ 115.297708, -8.631953 ], [ 115.297993, -8.631917 ], [ 115.298082, -8.631874 ], [ 115.298129, -8.631814 ], [ 115.298186, -8.631757 ], [ 115.298244, -8.631591 ], [ 115.298244, -8.631591 ], [ 115.298402, -8.631136 ], [ 115.298573, -8.630741 ], [ 115.298797, -8.630533 ], [ 115.299294, -8.630233 ], [ 115.299371, -8.630195 ], [ 115.299371, -8.630195 ], [ 115.299519, -8.630122 ], [ 115.299556, -8.630114 ], [ 115.299596, -8.630071 ], [ 115.299851, -8.629728 ], [ 115.30018, -8.629064 ], [ 115.300321, -8.62878 ], [ 115.300534, -8.628569 ], [ 115.300831, -8.628363 ], [ 115.30126, -8.628091 ], [ 115.301564, -8.62782 ], [ 115.301663, -8.627653 ], [ 115.301694, -8.6276 ], [ 115.301766, -8.627354 ], [ 115.301854, -8.626848 ], [ 115.301854, -8.626848 ], [ 115.302106, -8.625852 ], [ 115.302293, -8.625162 ], [ 115.302389, -8.625 ], [ 115.302472, -8.62486 ], [ 115.302801, -8.624457 ], [ 115.303451, -8.623833 ], [ 115.303891, -8.62355 ], [ 115.304464, -8.623183 ], [ 115.304831, -8.622901 ], [ 115.305021, -8.622754 ], [ 115.306731, -8.62133 ], [ 115.307167, -8.620942 ], [ 115.307563, -8.620633 ], [ 115.307982, -8.620407 ], [ 115.307992, -8.620401 ], [ 115.307992, -8.620401 ], [ 115.308088, -8.620304 ], [ 115.308223, -8.620183 ], [ 115.308516, -8.619983 ] ] ] } },
{ "type": "Feature", "properties": { "id": 8, "fid": 1299, "full_id": "n10168238983", "osm_id": "10168238983", "osm_type": "node", "name": "Puskesmas Blahbatuh II", "class": "hospital", "population_covered": 104387, "covered_area": "46.46 km²" }, "geometry": { "type": "Polygon", "coordinates": [ [ [ 115.375, -8.574804 ], [ 115.375, -8.548718 ], [ 115.295495, -8.557822 ], [ 115.281738, -8.576989 ], [ 115.308761, -8.619819 ], [ 115.309037, -8.619633 ], [ 115.309565, -8.619398 ], [ 115.309979, -8.619126 ], [ 115.310657, -8.618777 ], [ 115.311214, -8.618481 ], [ 115.311262, -8.618455 ], [ 115.311957, -8.618122 ], [ 115.312537, -8.617837 ], [ 115.313175, -8.617456 ], [ 115.313441, -8.617342 ], [ 115.314136, -8.617123 ], [ 115.314717, -8.616932 ], [ 115.315059, -8.616866 ], [ 115.315668, -8.616628 ], [ 115.316054, -8.616502 ], [ 115.316487, -8.616361 ], [ 115.316528, -8.616349 ], [ 115.31653, -8.616348 ], [ 115.317248, -8.616123 ], [ 115.31801, -8.615771 ], [ 115.319225, -8.615384 ], [ 115.319331, -8.615308 ], [ 115.319423, -8.615243 ], [ 115.319537, -8.615162 ], [ 115.319767, -8.614998 ], [ 115.320979, -8.614115 ], [ 115.321741, -8.61362 ], [ 115.322141, -8.613354 ], [ 115.322459, -8.612749 ], [ 115.32245, -8.612416 ], [ 115.322447, -8.612028 ], [ 115.322445, -8.611807 ], [ 115.322464, -8.611497 ], [ 115.322664, -8.610903 ], [ 115.322797, -8.610631 ], [ 115.322916, -8.610322 ], [ 115.323107, -8.610075 ], [ 115.323109, -8.610072 ], [ 115.323254, -8.609922 ], [ 115.323464, -8.609737 ], [ 115.323816, -8.609503 ], [ 115.324097, -8.609346 ], [ 115.324239, -8.609299 ], [ 115.324363, -8.609246 ], [ 115.324582, -8.609185 ], [ 115.324663, -8.609151 ], [ 115.324729, -8.608998 ], [ 115.324887, -8.608487 ], [ 115.324978, -8.608193 ], [ 115.325036, -8.608076 ], [ 115.325204, -8.607742 ], [ 115.325582, -8.607171 ], [ 115.325922, -8.606782 ], [ 115.326523, -8.606182 ], [ 115.327292, -8.605568 ], [ 115.32818, -8.604868 ], [ 115.328871, -8.60432 ], [ 115.329434, -8.603959 ], [ 115.329434, -8.603959 ], [ 115.329519, -8.603913 ], [ 115.330829, -8.603136 ], [ 115.331678, -8.602618 ], [ 115.332093, -8.602364 ], [ 115.332093, -8.602364 ], [ 115.332744, -8.601948 ], [ 115.334076, -8.601184 ], [ 115.335371, -8.600594 ], [ 115.33651, -8.600158 ], [ 115.337833, -8.599405 ], [ 115.3383, -8.599032 ], [ 115.339131, -8.598301 ], [ 115.339451, -8.597909 ], [ 115.33967, -8.597717 ], [ 115.3403, -8.59721 ], [ 115.340716, -8.59694 ], [ 115.341311, -8.596708 ], [ 115.341688, -8.596523 ], [ 115.342041, -8.596301 ], [ 115.342819, -8.59595 ], [ 115.343946, -8.595485 ], [ 115.344501, -8.595375 ], [ 115.34495, -8.595226 ], [ 115.345378, -8.595012 ], [ 115.346161, -8.594578 ], [ 115.346735, -8.594194 ], [ 115.346947, -8.593971 ], [ 115.347072, -8.593766 ], [ 115.347155, -8.593629 ], [ 115.347274, -8.593418 ], [ 115.34731, -8.593392 ], [ 115.347538, -8.593226 ], [ 115.347731, -8.593069 ], [ 115.347802, -8.592905 ], [ 115.347763, -8.592667 ], [ 115.347763, -8.592666 ], [ 115.347763, -8.592666 ], [ 115.347766, -8.592477 ], [ 115.347824, -8.592413 ], [ 115.348023, -8.592249 ], [ 115.348138, -8.592134 ], [ 115.348367, -8.591963 ], [ 115.348571, -8.591856 ], [ 115.34888, -8.591727 ], [ 115.349047, -8.591656 ], [ 115.349291, -8.591448 ], [ 115.349416, -8.591317 ], [ 115.349776, -8.590877 ], [ 115.349777, -8.590877 ], [ 115.349864, -8.59065 ], [ 115.349865, -8.590649 ], [ 115.350106, -8.590419 ], [ 115.350266, -8.590288 ], [ 115.350409, -8.590228 ], [ 115.350593, -8.590151 ], [ 115.350677, -8.590032 ], [ 115.350671, -8.589925 ], [ 115.350623, -8.58986 ], [ 115.350665, -8.589633 ], [ 115.350671, -8.589461 ], [ 115.350635, -8.589342 ], [ 115.350486, -8.589271 ], [ 115.350389, -8.589187 ], [ 115.350293, -8.589104 ], [ 115.350293, -8.589104 ], [ 115.3501, -8.588902 ], [ 115.35006, -8.588713 ], [ 115.350089, -8.588361 ], [ 115.350113, -8.588175 ], [ 115.350256, -8.587838 ], [ 115.350365, -8.587567 ], [ 115.350546, -8.587119 ], [ 115.351036, -8.586391 ], [ 115.351144, -8.586208 ], [ 115.35131, -8.585927 ], [ 115.351399, -8.585766 ], [ 115.351376, -8.585662 ], [ 115.351455, -8.585533 ], [ 115.351523, -8.585422 ], [ 115.351565, -8.585357 ], [ 115.351856, -8.584913 ], [ 115.351941, -8.584799 ], [ 115.352241, -8.584464 ], [ 115.352627, -8.584049 ], [ 115.352934, -8.583728 ], [ 115.353169, -8.583586 ], [ 115.353241, -8.583521 ], [ 115.353283, -8.583364 ], [ 115.353455, -8.583179 ], [ 115.353669, -8.5829 ], [ 115.353847, -8.582629 ], [ 115.35391, -8.582561 ], [ 115.35391, -8.582561 ], [ 115.354104, -8.582351 ], [ 115.354183, -8.582158 ], [ 115.354354, -8.581994 ], [ 115.354468, -8.581887 ], [ 115.354782, -8.58163 ], [ 115.355011, -8.581465 ], [ 115.355204, -8.581273 ], [ 115.355532, -8.581009 ], [ 115.35576, -8.580844 ], [ 115.356053, -8.580609 ], [ 115.356153, -8.58053 ], [ 115.356367, -8.580395 ], [ 115.356567, -8.580288 ], [ 115.356646, -8.580245 ], [ 115.356917, -8.580052 ], [ 115.357202, -8.579916 ], [ 115.357538, -8.579624 ], [ 115.357816, -8.579381 ], [ 115.358123, -8.579138 ], [ 115.358366, -8.578938 ], [ 115.358751, -8.578781 ], [ 115.35928, -8.578503 ], [ 115.35953, -8.578417 ], [ 115.359615, -8.578417 ], [ 115.359737, -8.578439 ], [ 115.360008, -8.578303 ], [ 115.360408, -8.578132 ], [ 115.36105, -8.577825 ], [ 115.361457, -8.577646 ], [ 115.361653, -8.577636 ], [ 115.361728, -8.577632 ], [ 115.361942, -8.577618 ], [ 115.362228, -8.577575 ], [ 115.36272, -8.577404 ], [ 115.36388, -8.576938 ], [ 115.364138, -8.576838 ], [ 115.364255, -8.576793 ], [ 115.364642, -8.576712 ], [ 115.364957, -8.5767 ], [ 115.365331, -8.576508 ], [ 115.365967, -8.576181 ], [ 115.366312, -8.576121 ], [ 115.366444, -8.576085 ], [ 115.367155, -8.575863 ], [ 115.369315, -8.57523 ], [ 115.369504, -8.575124 ], [ 115.369535, -8.575002 ], [ 115.369924, -8.574906 ], [ 115.370259, -8.574869 ], [ 115.370526, -8.57489 ], [ 115.370732, -8.574885 ], [ 115.371055, -8.574877 ], [ 115.371845, -8.574856 ], [ 115.372324, -8.574854 ], [ 115.372967, -8.574801 ], [ 115.372968, -8.574801 ], [ 115.373783, -8.574942 ], [ 115.374065, -8.574991 ], [ 115.374418, -8.574974 ], [ 115.374794, -8.574895 ], [ 115.375, -8.574804 ] ] ] } },
{ "type": "Feature", "properties": { "id": 9, "fid": 1300, "full_id": "n10997213225", "osm_id": "10997213225", "osm_type": "node", "name": "Murni Teguh Hospitals", "class": "hospital", "population_covered": 28985, "covered_area": "9.87 km²" }, "geometry": { "type": "Polygon", "coordinates": [ [ [ 115.22127, -8.753262 ], [ 115.22107, -8.752966 ], [ 115.220748, -8.752804 ], [ 115.220372, -8.752722 ], [ 115.219981, -8.752868 ], [ 115.219753, -8.752773 ], [ 115.219538, -8.752799 ], [ 115.219382, -8.752949 ], [ 115.219068, -8.752863 ], [ 115.218701, -8.752701 ], [ 115.218408, -8.75244 ], [ 115.21837, -8.752404 ], [ 115.218167, -8.752385 ], [ 115.217899, -8.752442 ], [ 115.217681, -8.752559 ], [ 115.217389, -8.752838 ], [ 115.217261, -8.753014 ], [ 115.217183, -8.753122 ], [ 115.22148, -8.753586 ], [ 115.221392, -8.753454 ], [ 115.22127, -8.753262 ] ] ] } },
{ "type": "Feature", "properties": { "id": 9, "fid": 1300, "full_id": "n10997213225", "osm_id": "10997213225", "osm_type": "node", "name": "Murni Teguh Hospitals", "class": "hospital", "population_covered": 28985, "covered_area": "9.87 km²" }, "geometry": { "type": "Polygon", "coordinates": [ [ [ 115.228023, -8.751969 ], [ 115.228072, -8.752004 ], [ 115.228448, -8.752276 ], [ 115.228905, -8.752342 ], [ 115.221873, -8.738114 ], [ 115.220664, -8.737757 ], [ 115.220681, -8.737885 ], [ 115.220682, -8.737893 ], [ 115.220685, -8.737908 ], [ 115.220739, -8.738172 ], [ 115.220834, -8.738583 ], [ 115.220822, -8.738725 ], [ 115.220817, -8.738731 ], [ 115.220739, -8.738821 ], [ 115.220683, -8.738853 ], [ 115.220596, -8.738904 ], [ 115.220519, -8.738933 ], [ 115.220215, -8.739047 ], [ 115.220205, -8.739052 ], [ 115.220001, -8.739154 ], [ 115.219932, -8.739265 ], [ 115.219787, -8.739499 ], [ 115.219735, -8.739692 ], [ 115.219704, -8.739808 ], [ 115.219691, -8.739881 ], [ 115.219683, -8.739931 ], [ 115.21966, -8.740065 ], [ 115.219585, -8.74051 ], [ 115.219529, -8.740913 ], [ 115.219478, -8.741283 ], [ 115.219436, -8.741471 ], [ 115.219354, -8.74184 ], [ 115.219335, -8.741926 ], [ 115.219199, -8.742281 ], [ 115.219061, -8.74264 ], [ 115.218907, -8.743008 ], [ 115.218674, -8.74373 ], [ 115.218645, -8.743821 ], [ 115.218133, -8.745412 ], [ 115.218095, -8.745549 ], [ 115.217824, -8.746506 ], [ 115.2178, -8.746911 ], [ 115.217895, -8.747315 ], [ 115.218074, -8.747744 ], [ 115.218371, -8.748184 ], [ 115.218728, -8.748457 ], [ 115.219014, -8.748587 ], [ 115.220192, -8.749124 ], [ 115.221143, -8.749421 ], [ 115.222595, -8.74973 ], [ 115.224023, -8.75004 ], [ 115.225902, -8.750539 ], [ 115.226545, -8.750849 ], [ 115.22733, -8.751467 ], [ 115.228023, -8.751969 ] ] ] } },
{ "type": "Feature", "properties": { "id": 9, "fid": 1300, "full_id": "n10997213225", "osm_id": "10997213225", "osm_type": "node", "name": "Murni Teguh Hospitals", "class": "hospital", "population_covered": 28985, "covered_area": "9.87 km²" }, "geometry": { "type": "Polygon", "coordinates": [ [ [ 115.213665, -8.737517 ], [ 115.213558, -8.737499 ], [ 115.213272, -8.737478 ], [ 115.212872, -8.737307 ], [ 115.212659, -8.736982 ], [ 115.212852, -8.736174 ], [ 115.213119, -8.73626 ], [ 115.213728, -8.736317 ], [ 115.21394, -8.735771 ], [ 115.211685, -8.735105 ], [ 115.211645, -8.735221 ], [ 115.211591, -8.735418 ], [ 115.2115, -8.735746 ], [ 115.21145, -8.735927 ], [ 115.2113, -8.736468 ], [ 115.211235, -8.7367 ], [ 115.211114, -8.737142 ], [ 115.210992, -8.737678 ], [ 115.210981, -8.737749 ], [ 115.210872, -8.73842 ], [ 115.210807, -8.738447 ], [ 115.210633, -8.738522 ], [ 115.210633, -8.738522 ], [ 115.210605, -8.738534 ], [ 115.210578, -8.738546 ], [ 115.210499, -8.73858 ], [ 115.210421, -8.738613 ], [ 115.210418, -8.738614 ], [ 115.210382, -8.738621 ], [ 115.210125, -8.738677 ], [ 115.209687, -8.738523 ], [ 115.208283, -8.737995 ], [ 115.208282, -8.737994 ], [ 115.208102, -8.73775 ], [ 115.208156, -8.737471 ], [ 115.208244, -8.737015 ], [ 115.208218, -8.736912 ], [ 115.20714, -8.736659 ], [ 115.206519, -8.736513 ], [ 115.206518, -8.736512 ], [ 115.206271, -8.736454 ], [ 115.206227, -8.736444 ], [ 115.205589, -8.736294 ], [ 115.20555, -8.736441 ], [ 115.205344, -8.737208 ], [ 115.204747, -8.737102 ], [ 115.203985, -8.737159 ], [ 115.202843, -8.737425 ], [ 115.202025, -8.737654 ], [ 115.201587, -8.737806 ], [ 115.20132, -8.738149 ], [ 115.20113, -8.738815 ], [ 115.200959, -8.739367 ], [ 115.200806, -8.7399 ], [ 115.200864, -8.740509 ], [ 115.200616, -8.741023 ], [ 115.20054, -8.741423 ], [ 115.201111, -8.742108 ], [ 115.201834, -8.742432 ], [ 115.202691, -8.74287 ], [ 115.202843, -8.743212 ], [ 115.203186, -8.74325 ], [ 115.20351, -8.742794 ], [ 115.203376, -8.741918 ], [ 115.203395, -8.740909 ], [ 115.203643, -8.739729 ], [ 115.204195, -8.738111 ], [ 115.20429, -8.737502 ], [ 115.204423, -8.737292 ], [ 115.204785, -8.737292 ], [ 115.205228, -8.737466 ], [ 115.205628, -8.737554 ], [ 115.206242, -8.737689 ], [ 115.20787, -8.738046 ], [ 115.207853, -8.738164 ], [ 115.20781, -8.738456 ], [ 115.207702, -8.73919 ], [ 115.207728, -8.739372 ], [ 115.207526, -8.740408 ], [ 115.207388, -8.741118 ], [ 115.207321, -8.74146 ], [ 115.206869, -8.743292 ], [ 115.206372, -8.745489 ], [ 115.206232, -8.74605 ], [ 115.206323, -8.746097 ], [ 115.206935, -8.746163 ], [ 115.207534, -8.746219 ], [ 115.208382, -8.746268 ], [ 115.208896, -8.746265 ], [ 115.209007, -8.746304 ], [ 115.209903, -8.74643 ], [ 115.20993, -8.746557 ], [ 115.211767, -8.746707 ], [ 115.211807, -8.746524 ], [ 115.211731, -8.746464 ], [ 115.211415, -8.746466 ], [ 115.211413, -8.746466 ], [ 115.211363, -8.746459 ], [ 115.211363, -8.746459 ], [ 115.211372, -8.746018 ], [ 115.211389, -8.745733 ], [ 115.211414, -8.745612 ], [ 115.211397, -8.745609 ], [ 115.211401, -8.745534 ], [ 115.211185, -8.745492 ], [ 115.210879, -8.745461 ], [ 115.21068, -8.745406 ], [ 115.21066, -8.745312 ], [ 115.210656, -8.745159 ], [ 115.210573, -8.74502 ], [ 115.210584, -8.744561 ], [ 115.210762, -8.744569 ], [ 115.211306, -8.7447 ], [ 115.211871, -8.744807 ], [ 115.212015, -8.744835 ], [ 115.212506, -8.742704 ], [ 115.2126, -8.742261 ], [ 115.212551, -8.742216 ], [ 115.212751, -8.741143 ], [ 115.212804, -8.740856 ], [ 115.21272, -8.740801 ], [ 115.212719, -8.740801 ], [ 115.212719, -8.740801 ], [ 115.21274, -8.740622 ], [ 115.21276, -8.740444 ], [ 115.212886, -8.740104 ], [ 115.213011, -8.739764 ], [ 115.213218, -8.739248 ], [ 115.213397, -8.738588 ], [ 115.213518, -8.738172 ], [ 115.213688, -8.737589 ], [ 115.213665, -8.737517 ] ] ] } },
{ "type": "Feature", "properties": { "id": 9, "fid": 1300, "full_id": "n10997213225", "osm_id": "10997213225", "osm_type": "node", "name": "Murni Teguh Hospitals", "class": "hospital", "population_covered": 28985, "covered_area": "9.87 km²" }, "geometry": { "type": "Polygon", "coordinates": [ [ [ 115.159529, -8.74207 ], [ 115.156822, -8.742159 ], [ 115.156941, -8.744033 ], [ 115.151974, -8.744301 ], [ 115.152142, -8.746083 ], [ 115.184151, -8.749549 ], [ 115.184282, -8.749161 ], [ 115.184302, -8.749103 ], [ 115.184641, -8.74835 ], [ 115.184752, -8.748046 ], [ 115.184741, -8.747899 ], [ 115.184616, -8.747529 ], [ 115.184592, -8.747338 ], [ 115.184491, -8.746147 ], [ 115.184462, -8.745341 ], [ 115.184421, -8.745063 ], [ 115.184339, -8.744922 ], [ 115.184094, -8.744714 ], [ 115.184037, -8.744633 ], [ 115.184006, -8.744458 ], [ 115.184057, -8.744263 ], [ 115.184213, -8.74398 ], [ 115.184674, -8.743404 ], [ 115.184847, -8.743285 ], [ 115.184847, -8.743285 ], [ 115.185154, -8.743196 ], [ 115.185162, -8.743194 ], [ 115.185485, -8.743101 ], [ 115.185485, -8.743101 ], [ 115.185487, -8.743104 ], [ 115.185517, -8.743151 ], [ 115.185744, -8.74343 ], [ 115.185864, -8.743492 ], [ 115.185983, -8.743378 ], [ 115.185992, -8.743356 ], [ 115.18605, -8.743206 ], [ 115.18608, -8.742991 ], [ 115.18608, -8.742465 ], [ 115.186096, -8.742231 ], [ 115.18611, -8.742032 ], [ 115.186265, -8.741448 ], [ 115.186314, -8.741364 ], [ 115.186438, -8.741153 ], [ 115.186621, -8.741042 ], [ 115.186657, -8.741019 ], [ 115.187029, -8.740779 ], [ 115.1872, -8.740724 ], [ 115.187368, -8.74075 ], [ 115.187461, -8.740784 ], [ 115.187656, -8.740854 ], [ 115.187938, -8.740917 ], [ 115.188203, -8.740938 ], [ 115.188372, -8.740906 ], [ 115.188476, -8.740886 ], [ 115.188601, -8.740812 ], [ 115.188724, -8.74074 ], [ 115.188745, -8.740706 ], [ 115.188821, -8.740586 ], [ 115.188873, -8.740349 ], [ 115.188945, -8.740065 ], [ 115.189134, -8.739912 ], [ 115.189345, -8.739741 ], [ 115.189368, -8.739661 ], [ 115.189385, -8.739599 ], [ 115.189349, -8.739515 ], [ 115.189256, -8.739467 ], [ 115.188983, -8.739404 ], [ 115.188892, -8.739356 ], [ 115.188755, -8.739338 ], [ 115.188754, -8.739338 ], [ 115.188839, -8.739045 ], [ 115.188844, -8.739029 ], [ 115.188848, -8.739014 ], [ 115.188921, -8.73876 ], [ 115.188963, -8.738755 ], [ 115.188963, -8.738755 ], [ 115.188963, -8.738755 ], [ 115.188985, -8.738752 ], [ 115.189056, -8.738759 ], [ 115.189417, -8.738796 ], [ 115.189418, -8.738796 ], [ 115.18969, -8.738783 ], [ 115.189738, -8.738708 ], [ 115.189757, -8.738678 ], [ 115.18988, -8.738408 ], [ 115.189907, -8.73835 ], [ 115.19002, -8.738177 ], [ 115.19005, -8.73813 ], [ 115.190271, -8.737897 ], [ 115.190596, -8.737671 ], [ 115.190624, -8.737651 ], [ 115.190653, -8.737631 ], [ 115.191222, -8.737336 ], [ 115.191235, -8.737329 ], [ 115.191594, -8.737149 ], [ 115.192083, -8.736796 ], [ 115.192108, -8.736779 ], [ 115.192235, -8.73669 ], [ 115.192306, -8.736634 ], [ 115.192716, -8.736242 ], [ 115.192701, -8.736085 ], [ 115.192714, -8.735988 ], [ 115.192719, -8.73595 ], [ 115.19283, -8.735816 ], [ 115.192846, -8.735812 ], [ 115.192906, -8.735796 ], [ 115.192929, -8.73579 ], [ 115.193031, -8.735859 ], [ 115.19307, -8.735885 ], [ 115.19324, -8.736089 ], [ 115.193422, -8.736302 ], [ 115.193471, -8.736315 ], [ 115.193496, -8.736321 ], [ 115.193528, -8.736329 ], [ 115.193681, -8.736295 ], [ 115.19376, -8.736312 ], [ 115.193775, -8.736459 ], [ 115.193761, -8.736488 ], [ 115.193737, -8.736535 ], [ 115.193707, -8.736595 ], [ 115.193715, -8.73673 ], [ 115.193817, -8.736871 ], [ 115.193931, -8.736898 ], [ 115.194041, -8.736877 ], [ 115.194167, -8.736854 ], [ 115.194467, -8.736816 ], [ 115.194472, -8.736819 ], [ 115.19457, -8.736877 ], [ 115.194681, -8.736943 ], [ 115.194833, -8.737128 ], [ 115.1951, -8.737454 ], [ 115.195164, -8.737696 ], [ 115.195334, -8.737916 ], [ 115.19547, -8.738001 ], [ 115.195686, -8.738041 ], [ 115.195798, -8.737976 ], [ 115.195841, -8.737951 ], [ 115.196049, -8.737724 ], [ 115.196049, -8.737724 ], [ 115.196109, -8.737608 ], [ 115.196159, -8.737511 ], [ 115.196284, -8.737113 ], [ 115.196289, -8.737062 ], [ 115.196313, -8.736822 ], [ 115.196289, -8.736785 ], [ 115.196201, -8.736647 ], [ 115.196133, -8.736454 ], [ 115.196146, -8.736416 ], [ 115.19618, -8.736316 ], [ 115.196211, -8.736222 ], [ 115.196287, -8.735873 ], [ 115.196308, -8.735741 ], [ 115.196514, -8.73446 ], [ 115.196656, -8.7341 ], [ 115.196698, -8.733992 ], [ 115.19695, -8.733563 ], [ 115.197018, -8.733505 ], [ 115.197137, -8.733405 ], [ 115.197307, -8.733366 ], [ 115.197509, -8.733453 ], [ 115.197909, -8.73367 ], [ 115.198187, -8.733878 ], [ 115.19849, -8.734082 ], [ 115.198662, -8.734048 ], [ 115.198805, -8.733984 ], [ 115.19895, -8.733919 ], [ 115.199183, -8.733744 ], [ 115.199202, -8.733729 ], [ 115.199284, -8.733601 ], [ 115.199308, -8.73347 ], [ 115.199289, -8.73324 ], [ 115.199325, -8.733076 ], [ 115.199349, -8.733041 ], [ 115.199444, -8.732905 ], [ 115.20017, -8.732187 ], [ 115.20044, -8.732055 ], [ 115.200518, -8.732017 ], [ 115.200637, -8.731952 ], [ 115.200768, -8.73188 ], [ 115.169317, -8.722587 ], [ 115.169347, -8.722907 ], [ 115.169328, -8.723453 ], [ 115.169218, -8.724093 ], [ 115.169079, -8.72448 ], [ 115.168896, -8.724842 ], [ 115.168477, -8.725524 ], [ 115.167968, -8.726189 ], [ 115.167487, -8.726676 ], [ 115.166806, -8.72717 ], [ 115.165371, -8.728127 ], [ 115.165002, -8.728471 ], [ 115.164445, -8.729084 ], [ 115.164042, -8.729755 ], [ 115.163837, -8.730249 ], [ 115.163719, -8.730651 ], [ 115.163623, -8.731642 ], [ 115.163354, -8.733175 ], [ 115.162943, -8.734784 ], [ 115.162541, -8.735597 ], [ 115.162082, -8.736425 ], [ 115.161762, -8.736705 ], [ 115.161436, -8.736991 ], [ 115.160998, -8.737124 ], [ 115.160656, -8.737105 ], [ 115.160199, -8.737238 ], [ 115.160199, -8.737619 ], [ 115.160484, -8.737771 ], [ 115.160789, -8.7384 ], [ 115.160789, -8.739046 ], [ 115.160789, -8.739561 ], [ 115.160339, -8.740892 ], [ 115.160325, -8.741044 ], [ 115.160216, -8.741858 ], [ 115.160165, -8.742147 ], [ 115.159529, -8.74207 ] ] ] } },
{ "type": "Feature", "properties": { "id": 9, "fid": 1300, "full_id": "n10997213225", "osm_id": "10997213225", "osm_type": "node", "name": "Murni Teguh Hospitals", "class": "hospital", "population_covered": 28985, "covered_area": "9.87 km²" }, "geometry": { "type": "Polygon", "coordinates": [ [ [ 115.202954, -8.732941 ], [ 115.203337, -8.732972 ], [ 115.203881, -8.732983 ], [ 115.204205, -8.73299 ], [ 115.204373, -8.732945 ], [ 115.202196, -8.732302 ], [ 115.202242, -8.732364 ], [ 115.202283, -8.732462 ], [ 115.202486, -8.732725 ], [ 115.202607, -8.73283 ], [ 115.202954, -8.732941 ] ] ] } },
{ "type": "Feature", "properties": { "id": 10, "fid": 1302, "full_id": null, "osm_id": null, "osm_type": null, "name": "Siloam Hospital Denpasar", "class": "hospital", "population_covered": 95514, "covered_area": "23.88 km²" }, "geometry": { "type": "Polygon", "coordinates": [ [ [ 115.22063, -8.737512 ], [ 115.220639, -8.737572 ], [ 115.220664, -8.737757 ], [ 115.221873, -8.738114 ], [ 115.221284, -8.735001 ], [ 115.221196, -8.735009 ], [ 115.221128, -8.735042 ], [ 115.220989, -8.735109 ], [ 115.220911, -8.735223 ], [ 115.220886, -8.735304 ], [ 115.220775, -8.735659 ], [ 115.22076, -8.735726 ], [ 115.220654, -8.736201 ], [ 115.220602, -8.736507 ], [ 115.220575, -8.736666 ], [ 115.220568, -8.736708 ], [ 115.220575, -8.737075 ], [ 115.220575, -8.737108 ], [ 115.22063, -8.737512 ] ] ] } },
{ "type": "Feature", "properties": { "id": 10, "fid": 1302, "full_id": null, "osm_id": null, "osm_type": null, "name": "Siloam Hospital Denpasar", "class": "hospital", "population_covered": 95514, "covered_area": "23.88 km²" }, "geometry": { "type": "Polygon", "coordinates": [ [ [ 115.212605, -8.732967 ], [ 115.212301, -8.73329 ], [ 115.211814, -8.734724 ], [ 115.211685, -8.735105 ], [ 115.21394, -8.735771 ], [ 115.213957, -8.735727 ], [ 115.214338, -8.735175 ], [ 115.215023, -8.734337 ], [ 115.215689, -8.733671 ], [ 115.216355, -8.733309 ], [ 115.216812, -8.733252 ], [ 115.217364, -8.732795 ], [ 115.218164, -8.731882 ], [ 115.21902, -8.73112 ], [ 115.218982, -8.730739 ], [ 115.218602, -8.730263 ], [ 115.218164, -8.729578 ], [ 115.217231, -8.729026 ], [ 115.216089, -8.72876 ], [ 115.214452, -8.728398 ], [ 115.213862, -8.728322 ], [ 115.213709, -8.72855 ], [ 115.213443, -8.72914 ], [ 115.213386, -8.730111 ], [ 115.213024, -8.731139 ], [ 115.212834, -8.731615 ], [ 115.212777, -8.731958 ], [ 115.212701, -8.732643 ], [ 115.212605, -8.732967 ] ] ] } },
{ "type": "Feature", "properties": { "id": 10, "fid": 1302, "full_id": null, "osm_id": null, "osm_type": null, "name": "Siloam Hospital Denpasar", "class": "hospital", "population_covered": 95514, "covered_area": "23.88 km²" }, "geometry": { "type": "Polygon", "coordinates": [ [ [ 115.168297, -8.717676 ], [ 115.168776, -8.719802 ], [ 115.16926, -8.721989 ], [ 115.169317, -8.722587 ], [ 115.200768, -8.73188 ], [ 115.201152, -8.73167 ], [ 115.201427, -8.731667 ], [ 115.201487, -8.731689 ], [ 115.20169, -8.731766 ], [ 115.201964, -8.73199 ], [ 115.202196, -8.732302 ], [ 115.204373, -8.732945 ], [ 115.204401, -8.732937 ], [ 115.204434, -8.73291 ], [ 115.204583, -8.732791 ], [ 115.204788, -8.732477 ], [ 115.204926, -8.73223 ], [ 115.205236, -8.731973 ], [ 115.205408, -8.731842 ], [ 115.205431, -8.731813 ], [ 115.205493, -8.731736 ], [ 115.205498, -8.731701 ], [ 115.205505, -8.731654 ], [ 115.205513, -8.731604 ], [ 115.205505, -8.731591 ], [ 115.20544, -8.731475 ], [ 115.204989, -8.731525 ], [ 115.204812, -8.731539 ], [ 115.204734, -8.731506 ], [ 115.204699, -8.731491 ], [ 115.204674, -8.731481 ], [ 115.204626, -8.731409 ], [ 115.204351, -8.73099 ], [ 115.204285, -8.73084 ], [ 115.204272, -8.730811 ], [ 115.204285, -8.730766 ], [ 115.204307, -8.730684 ], [ 115.204391, -8.730386 ], [ 115.204174, -8.730202 ], [ 115.204073, -8.730129 ], [ 115.204032, -8.729993 ], [ 115.204085, -8.729799 ], [ 115.204282, -8.729677 ], [ 115.204329, -8.729648 ], [ 115.204442, -8.729561 ], [ 115.204507, -8.729435 ], [ 115.204517, -8.729211 ], [ 115.204519, -8.729154 ], [ 115.204529, -8.728929 ], [ 115.204575, -8.728819 ], [ 115.204678, -8.728797 ], [ 115.204782, -8.728832 ], [ 115.204839, -8.728852 ], [ 115.204977, -8.728965 ], [ 115.205078, -8.729086 ], [ 115.205144, -8.729165 ], [ 115.20519, -8.729187 ], [ 115.205296, -8.729237 ], [ 115.205516, -8.729226 ], [ 115.205707, -8.729153 ], [ 115.205755, -8.729135 ], [ 115.205797, -8.729111 ], [ 115.205797, -8.729111 ], [ 115.205805, -8.729114 ], [ 115.20623, -8.729107 ], [ 115.206378, -8.729126 ], [ 115.206441, -8.729134 ], [ 115.20688, -8.729278 ], [ 115.207155, -8.729401 ], [ 115.207357, -8.729556 ], [ 115.207494, -8.729681 ], [ 115.207994, -8.729777 ], [ 115.208173, -8.729893 ], [ 115.208345, -8.730024 ], [ 115.209085, -8.730102 ], [ 115.20925, -8.730124 ], [ 115.209491, -8.730371 ], [ 115.209597, -8.730485 ], [ 115.209718, -8.730545 ], [ 115.209887, -8.730527 ], [ 115.209892, -8.730525 ], [ 115.209937, -8.730505 ], [ 115.210092, -8.730437 ], [ 115.210166, -8.730391 ], [ 115.210277, -8.730322 ], [ 115.21043, -8.730304 ], [ 115.21043, -8.730304 ], [ 115.210488, -8.730327 ], [ 115.210585, -8.730364 ], [ 115.21093, -8.730787 ], [ 115.2112, -8.73106 ], [ 115.211372, -8.731264 ], [ 115.211458, -8.731435 ], [ 115.21145, -8.731633 ], [ 115.211396, -8.732293 ], [ 115.211383, -8.732451 ], [ 115.211386, -8.732717 ], [ 115.211575, -8.7328 ], [ 115.211699, -8.732772 ], [ 115.211741, -8.732686 ], [ 115.21177, -8.732543 ], [ 115.211856, -8.732239 ], [ 115.212074, -8.731839 ], [ 115.212131, -8.731849 ], [ 115.212299, -8.731853 ], [ 115.212421, -8.731856 ], [ 115.212438, -8.731719 ], [ 115.212447, -8.731651 ], [ 115.213014, -8.728826 ], [ 115.213254, -8.727887 ], [ 115.213336, -8.727566 ], [ 115.213684, -8.726203 ], [ 115.213875, -8.726231 ], [ 115.213875, -8.726231 ], [ 115.214085, -8.726468 ], [ 115.214161, -8.726561 ], [ 115.214809, -8.726633 ], [ 115.215083, -8.72666 ], [ 115.215208, -8.726697 ], [ 115.215273, -8.726794 ], [ 115.215289, -8.726906 ], [ 115.215384, -8.72703 ], [ 115.215483, -8.727064 ], [ 115.21627, -8.726945 ], [ 115.216476, -8.726867 ], [ 115.216476, -8.726867 ], [ 115.216638, -8.726731 ], [ 115.216638, -8.726731 ], [ 115.216877, -8.72649 ], [ 115.217101, -8.726341 ], [ 115.217239, -8.726298 ], [ 115.217442, -8.726335 ], [ 115.217677, -8.726458 ], [ 115.217853, -8.726582 ], [ 115.218074, -8.72661 ], [ 115.218274, -8.726558 ], [ 115.218487, -8.726464 ], [ 115.218681, -8.72642 ], [ 115.218807, -8.726427 ], [ 115.219059, -8.726689 ], [ 115.219193, -8.726825 ], [ 115.219746, -8.726869 ], [ 115.216553, -8.709991 ], [ 115.197125, -8.694552 ], [ 115.183601, -8.685522 ], [ 115.155063, -8.682525 ], [ 115.15127, -8.683164 ], [ 115.151324, -8.683232 ], [ 115.152165, -8.684224 ], [ 115.152684, -8.685042 ], [ 115.153839, -8.686895 ], [ 115.154338, -8.687582 ], [ 115.154805, -8.688386 ], [ 115.155002, -8.688654 ], [ 115.155464, -8.689097 ], [ 115.156112, -8.68956 ], [ 115.15629, -8.68974 ], [ 115.156334, -8.689795 ], [ 115.156666, -8.690264 ], [ 115.156884, -8.690658 ], [ 115.157066, -8.691018 ], [ 115.157418, -8.691542 ], [ 115.158102, -8.692386 ], [ 115.158937, -8.693708 ], [ 115.159787, -8.69475 ], [ 115.160114, -8.695237 ], [ 115.160378, -8.69578 ], [ 115.161023, -8.697127 ], [ 115.161337, -8.69762 ], [ 115.161423, -8.697755 ], [ 115.161585, -8.698009 ], [ 115.162073, -8.698756 ], [ 115.16303, -8.700753 ], [ 115.163235, -8.701259 ], [ 115.163703, -8.702253 ], [ 115.164622, -8.704182 ], [ 115.164844, -8.704853 ], [ 115.164964, -8.705249 ], [ 115.165006, -8.705353 ], [ 115.165175, -8.705865 ], [ 115.165541, -8.706924 ], [ 115.165799, -8.707679 ], [ 115.166042, -8.708619 ], [ 115.166182, -8.709289 ], [ 115.166632, -8.711517 ], [ 115.166729, -8.71188 ], [ 115.167095, -8.713259 ], [ 115.16719, -8.713613 ], [ 115.167574, -8.714818 ], [ 115.167827, -8.715519 ], [ 115.167871, -8.715765 ], [ 115.168297, -8.717676 ] ] ] } },
{ "type": "Feature", "properties": { "id": 11, "fid": 1303, "full_id": null, "osm_id": null, "osm_type": null, "name": "RSU Garbamed Kerobokan", "class": "hospital", "population_covered": 152898, "covered_area": "47.54 km²" }, "geometry": { "type": "Polygon", "coordinates": [ [ [ 115.15112, -8.682972 ], [ 115.15127, -8.683164 ], [ 115.155063, -8.682525 ], [ 115.194971, -8.63315 ], [ 115.198269, -8.613573 ], [ 115.125, -8.601706 ], [ 115.125, -8.609241 ], [ 115.125, -8.625 ], [ 115.125, -8.653709 ], [ 115.125, -8.655089 ], [ 115.125, -8.655089 ], [ 115.125001, -8.65509 ], [ 115.125124, -8.655241 ], [ 115.125291, -8.655494 ], [ 115.126262, -8.656206 ], [ 115.127162, -8.656941 ], [ 115.127706, -8.657365 ], [ 115.128841, -8.658369 ], [ 115.129337, -8.658988 ], [ 115.129637, -8.659349 ], [ 115.130439, -8.660049 ], [ 115.131321, -8.660819 ], [ 115.131596, -8.661058 ], [ 115.131976, -8.661313 ], [ 115.132632, -8.661672 ], [ 115.132632, -8.661672 ], [ 115.132759, -8.661742 ], [ 115.132995, -8.661861 ], [ 115.133308, -8.662019 ], [ 115.133597, -8.662224 ], [ 115.133879, -8.662534 ], [ 115.134316, -8.66291 ], [ 115.13453, -8.663047 ], [ 115.13468, -8.663106 ], [ 115.13489, -8.663237 ], [ 115.135201, -8.663487 ], [ 115.135201, -8.663487 ], [ 115.135259, -8.663549 ], [ 115.135308, -8.663601 ], [ 115.135308, -8.663601 ], [ 115.1356, -8.663823 ], [ 115.136329, -8.664441 ], [ 115.137031, -8.664912 ], [ 115.137661, -8.665296 ], [ 115.137934, -8.665496 ], [ 115.138241, -8.665883 ], [ 115.138522, -8.666325 ], [ 115.138987, -8.667049 ], [ 115.139337, -8.667504 ], [ 115.139638, -8.667823 ], [ 115.13969, -8.667865 ], [ 115.140157, -8.668434 ], [ 115.140432, -8.668803 ], [ 115.141128, -8.669675 ], [ 115.141764, -8.670261 ], [ 115.142228, -8.67062 ], [ 115.142937, -8.671015 ], [ 115.14326, -8.671225 ], [ 115.143561, -8.671577 ], [ 115.143658, -8.67169 ], [ 115.14381, -8.671903 ], [ 115.144086, -8.672519 ], [ 115.144122, -8.672624 ], [ 115.144144, -8.672651 ], [ 115.144302, -8.672869 ], [ 115.144489, -8.67315 ], [ 115.144534, -8.673207 ], [ 115.144738, -8.673465 ], [ 115.145438, -8.674195 ], [ 115.145945, -8.674654 ], [ 115.146307, -8.675102 ], [ 115.146933, -8.676062 ], [ 115.147113, -8.676579 ], [ 115.147292, -8.676938 ], [ 115.147547, -8.677293 ], [ 115.147877, -8.677635 ], [ 115.148093, -8.677794 ], [ 115.148549, -8.678238 ], [ 115.149079, -8.678904 ], [ 115.149657, -8.679927 ], [ 115.149944, -8.680445 ], [ 115.150274, -8.680983 ], [ 115.150492, -8.681127 ], [ 115.150545, -8.681212 ], [ 115.150589, -8.681459 ], [ 115.150726, -8.682184 ], [ 115.150726, -8.682184 ], [ 115.150726, -8.682184 ], [ 115.150726, -8.682185 ], [ 115.150908, -8.682625 ], [ 115.15112, -8.682972 ] ] ] } },
{ "type": "Feature", "properties": { "id": 12, "fid": 1304, "full_id": null, "osm_id": null, "osm_type": null, "name": "Balimed Hospital", "class": "hospital", "population_covered": 125419, "covered_area": "14.65 km²" }, "geometry": { "type": "Polygon", "coordinates": [ [ [ 115.194971, -8.63315 ], [ 115.155063, -8.682525 ], [ 115.183601, -8.685522 ], [ 115.205528, -8.661732 ], [ 115.194971, -8.63315 ] ] ] } },
{ "type": "Feature", "properties": { "id": 13, "fid": 1305, "full_id": null, "osm_id": null, "osm_type": null, "name": "RSU Bhakti Rahayu", "class": "hospital", "population_covered": 172342, "covered_area": "38.55 km²" }, "geometry": { "type": "Polygon", "coordinates": [ [ [ 115.125, -8.554981 ], [ 115.125, -8.581859 ], [ 115.183503, -8.523888 ], [ 115.189539, -8.5 ], [ 115.182648, -8.5 ], [ 115.150667, -8.5 ], [ 115.125, -8.5 ], [ 115.125, -8.5 ], [ 115.125, -8.554981 ], [ 115.125, -8.554981 ] ] ] } },
{ "type": "Feature", "properties": { "id": 14, "fid": 1306, "full_id": null, "osm_id": null, "osm_type": null, "name": "Kenak Medika Hospital Ubud", "class": "hospital", "population_covered": 172950, "covered_area": "41.88 km²" }, "geometry": { "type": "GeometryCollection", "geometries": [ { "type": "Polygon", "coordinates": [ [ [ 115.25, -8.5 ], [ 115.240578, -8.5 ], [ 115.23438, -8.5 ], [ 115.265697, -8.574135 ], [ 115.281738, -8.576989 ], [ 115.295495, -8.557822 ], [ 115.300296, -8.5 ], [ 115.281404, -8.5 ], [ 115.255673, -8.5 ], [ 115.254136, -8.5 ], [ 115.25, -8.5 ] ] ] }, { "type": "LineString", "coordinates": [ [ 115.281404, -8.5 ], [ 115.281185, -8.500258 ] ] } ] } },
{ "type": "Feature", "properties": { "id": 15, "fid": 1307, "full_id": null, "osm_id": null, "osm_type": null, "name": "RSU Gianyar", "class": "hospital", "population_covered": 232402, "covered_area": "49.88 km²" }, "geometry": { "type": "Polygon", "coordinates": [ [ [ 115.307223, -8.5 ], [ 115.300296, -8.5 ], [ 115.295495, -8.557822 ], [ 115.375, -8.548718 ], [ 115.375, -8.5 ], [ 115.356596, -8.5 ], [ 115.342552, -8.5 ], [ 115.328713, -8.5 ], [ 115.307223, -8.5 ] ] ] } },
{ "type": "Feature", "properties": { "id": 16, "fid": 1308, "full_id": null, "osm_id": null, "osm_type": null, "name": "Rumah Sakit Windu Husada", "class": "hospital", "population_covered": 92555, "covered_area": "42.89 km²" }, "geometry": { "type": "Polygon", "coordinates": [ [ [ 115.197311, -8.5 ], [ 115.189539, -8.5 ], [ 115.183503, -8.523888 ], [ 115.194737, -8.542979 ], [ 115.258132, -8.577125 ], [ 115.265697, -8.574135 ], [ 115.23438, -8.5 ], [ 115.197311, -8.5 ] ] ] } },
{ "type": "Feature", "properties": { "id": 17, "fid": 1309, "full_id": null, "osm_id": null, "osm_type": null, "name": "Mangusada Hospital", "class": "hospital", "population_covered": 140255, "covered_area": "55.49 km²" }, "geometry": { "type": "Polygon", "coordinates": [ [ [ 115.125, -8.581859 ], [ 115.125, -8.601706 ], [ 115.198269, -8.613573 ], [ 115.208883, -8.609017 ], [ 115.209765, -8.608483 ], [ 115.194737, -8.542979 ], [ 115.183503, -8.523888 ], [ 115.125, -8.581859 ] ] ] } },
{ "type": "Feature", "properties": { "id": 18, "fid": 1310, "full_id": null, "osm_id": null, "osm_type": null, "name": "Wangaya Regional General Hospital", "class": "hospital", "population_covered": 80362, "covered_area": "10.45 km²" }, "geometry": { "type": "Polygon", "coordinates": [ [ [ 115.198269, -8.613573 ], [ 115.194971, -8.63315 ], [ 115.205528, -8.661732 ], [ 115.215443, -8.662343 ], [ 115.221422, -8.65797 ], [ 115.208883, -8.609017 ], [ 115.198269, -8.613573 ] ] ] } },
{ "type": "Feature", "properties": { "id": 19, "fid": 1311, "full_id": null, "osm_id": null, "osm_type": null, "name": "Rumah Sakit Bhayangkara Hospital", "class": "hospital", "population_covered": 90097, "covered_area": "15.25 km²" }, "geometry": { "type": "Polygon", "coordinates": [ [ [ 115.208883, -8.609017 ], [ 115.221422, -8.65797 ], [ 115.25065, -8.653148 ], [ 115.259664, -8.650455 ], [ 115.219764, -8.608069 ], [ 115.209765, -8.608483 ], [ 115.208883, -8.609017 ] ] ] } }
]
}
