{
"type": "FeatureCollection",
"name": "hexagon_education",
"xy_coordinate_resolution": 1e-06,
"features": [
{ "type": "Feature", "properties": { "id": 824, "fid": 536, "left": 311787.15247947321, "top": 9055550.6931999996, "right": 312941.85301785241, "bottom": 9054550.6931999996, "schools": 0, "distance_to_school": 980.75, "population": 1691.0, "school_per_1000": 0.0, "access_index": 0.46, "access_status": "Very Low Access", "interpretation": "Area lacks adequate access to educational facilities", "norm_school": 0.0, "norm_dist": 0.65909018986082812, "norm_pop": 0.0312976538944022 }, "geometry": { "type": "MultiPolygon", "coordinates": [ [ [ [ 115.289964, -8.544843 ], [ 115.292566, -8.549375 ], [ 115.29781, -8.549398 ], [ 115.300452, -8.544889 ], [ 115.29785, -8.540357 ], [ 115.292606, -8.540334 ], [ 115.289964, -8.544843 ] ] ] ] } },
{ "type": "Feature", "properties": { "id": 825, "fid": 537, "left": 311787.15247947321, "top": 9054550.6931999996, "right": 312941.85301785241, "bottom": 9053550.6931999996, "schools": 0, "distance_to_school": 491.57, "population": 1707.0, "school_per_1000": 0.0, "access_index": 0.53, "access_status": "Low Access", "interpretation": "Access is limited due to fewer schools or distance", "norm_school": 0.0, "norm_dist": 0.82913080045220233, "norm_pop": 0.031595573751465426 }, "geometry": { "type": "MultiPolygon", "coordinates": [ [ [ [ 115.289923, -8.553884 ], [ 115.292525, -8.558416 ], [ 115.297769, -8.55844 ], [ 115.300412, -8.55393 ], [ 115.29781, -8.549398 ], [ 115.292566, -8.549375 ], [ 115.289923, -8.553884 ] ] ] ] } },
{ "type": "Feature", "properties": { "id": 40, "fid": 72, "left": 294466.64440378442, "top": 9059550.6931999996, "right": 295621.34494216362, "bottom": 9058550.6931999996, "schools": 0, "distance_to_school": 615.31, "population": 6675.0, "school_per_1000": 0.0, "access_index": 0.49, "access_status": "Very Low Access", "interpretation": "Area lacks adequate access to educational facilities", "norm_school": 0.0, "norm_dist": 0.78611904302378877, "norm_pop": 0.12371927111812937 }, "geometry": { "type": "MultiPolygon", "coordinates": [ [ [ [ 115.132826, -8.507954 ], [ 115.135426, -8.512487 ], [ 115.140669, -8.512512 ], [ 115.143312, -8.508005 ], [ 115.140712, -8.503472 ], [ 115.135469, -8.503447 ], [ 115.132826, -8.507954 ] ] ] ] } },
{ "type": "Feature", "properties": { "id": 291, "fid": 435, "left": 299662.79682649107, "top": 9042550.6931999996, "right": 300817.49736487027, "bottom": 9041550.6931999996, "schools": 1, "distance_to_school": 0.0, "population": 9536.0, "school_per_1000": 0.1, "access_index": 0.57, "access_status": "Moderate Access", "interpretation": "Area has moderate access with reasonable proximity", "norm_school": 0.024814188077156456, "norm_dist": 1.0, "norm_pop": 0.17677349689525657 }, "geometry": { "type": "MultiPolygon", "coordinates": [ [ [ [ 115.179282, -8.66187 ], [ 115.181882, -8.666403 ], [ 115.187128, -8.666428 ], [ 115.189772, -8.66192 ], [ 115.187171, -8.657387 ], [ 115.181926, -8.657362 ], [ 115.179282, -8.66187 ] ] ] ] } },
{ "type": "Feature", "properties": { "id": 313, "fid": 194, "left": 300528.82223027549, "top": 9060050.6931999996, "right": 301683.52276865469, "bottom": 9059050.6931999996, "schools": 0, "distance_to_school": 1896.9, "population": 1753.0, "school_per_1000": 0.0, "access_index": 0.33, "access_status": "Very Low Access", "interpretation": "Area lacks adequate access to educational facilities", "norm_school": 0.0, "norm_dist": 0.34063789099888014, "norm_pop": 0.032444394388657441 }, "geometry": { "type": "MultiPolygon", "coordinates": [ [ [ [ 115.196239, -8.5 ], [ 115.190066, -8.5 ], [ 115.1879, -8.503694 ], [ 115.190501, -8.508227 ], [ 115.195744, -8.508251 ], [ 115.198387, -8.503743 ], [ 115.196239, -8.5 ] ] ] ] } },
{ "type": "Feature", "properties": { "id": 1, "fid": 54, "left": 293600.619, "top": 9060050.6931999996, "right": 294755.3195383792, "bottom": 9059050.6931999996, "schools": 1, "distance_to_school": 0.0, "population": 6068.0, "school_per_1000": 0.16, "access_index": 0.59, "access_status": "Moderate Access", "interpretation": "Area has moderate access with reasonable proximity", "norm_school": 0.038994122749543544, "norm_dist": 1.0, "norm_pop": 0.11246996457745446 }, "geometry": { "type": "MultiPolygon", "coordinates": [ [ [ [ 115.125, -8.503368 ], [ 115.125, -8.503425 ], [ 115.127583, -8.507929 ], [ 115.132826, -8.507954 ], [ 115.135469, -8.503447 ], [ 115.133493, -8.5 ], [ 115.126975, -8.5 ], [ 115.125, -8.503368 ] ] ] ] } },
{ "type": "Feature", "properties": { "id": 433, "fid": 250, "left": 303126.89844162884, "top": 9056550.6931999996, "right": 304281.59898000804, "bottom": 9055550.6931999996, "schools": 0, "distance_to_school": 563.11, "population": 1826.0, "school_per_1000": 0.0, "access_index": 0.51, "access_status": "Low Access", "interpretation": "Access is limited due to fewer schools or distance", "norm_school": 0.0, "norm_dist": 0.8042625367994316, "norm_pop": 0.033797907503180569 }, "geometry": { "type": "MultiPolygon", "coordinates": [ [ [ [ 115.211347, -8.535447 ], [ 115.213948, -8.539979 ], [ 115.219192, -8.540003 ], [ 115.221835, -8.535495 ], [ 115.219234, -8.530963 ], [ 115.21399, -8.530938 ], [ 115.211347, -8.535447 ] ] ] ] } },
{ "type": "Feature", "properties": { "id": 476, "fid": 265, "left": 303992.92384541326, "top": 9053050.6931999996, "right": 305147.62438379246, "bottom": 9052050.6931999996, "schools": 0, "distance_to_school": 89.95, "population": 1826.0, "school_per_1000": 0.0, "access_index": 0.58, "access_status": "Moderate Access", "interpretation": "Area has moderate access with reasonable proximity", "norm_school": 0.0, "norm_dist": 0.96873506632827056, "norm_pop": 0.033797907503180569 }, "geometry": { "type": "MultiPolygon", "coordinates": [ [ [ [ 115.219066, -8.567126 ], [ 115.221667, -8.571659 ], [ 115.226911, -8.571683 ], [ 115.229554, -8.567174 ], [ 115.226953, -8.562642 ], [ 115.221709, -8.562618 ], [ 115.219066, -8.567126 ] ] ] ] } },
{ "type": "Feature", "properties": { "id": 352, "fid": 212, "left": 301394.84763405996, "top": 9059550.6931999996, "right": 302549.54817243916, "bottom": 9058550.6931999996, "schools": 0, "distance_to_school": 917.44, "population": 1831.0, "school_per_1000": 0.0, "access_index": 0.47, "access_status": "Very Low Access", "interpretation": "Area lacks adequate access to educational facilities", "norm_school": 0.0, "norm_dist": 0.68109920914772104, "norm_pop": 0.033887850688210104 }, "geometry": { "type": "MultiPolygon", "coordinates": [ [ [ [ 115.195744, -8.508251 ], [ 115.198344, -8.512784 ], [ 115.203588, -8.512808 ], [ 115.20623, -8.5083 ], [ 115.20363, -8.503767 ], [ 115.198387, -8.503743 ], [ 115.195744, -8.508251 ] ] ] ] } },
{ "type": "Feature", "properties": { "id": 353, "fid": 213, "left": 301394.84763405996, "top": 9058550.6931999996, "right": 302549.54817243916, "bottom": 9057550.6931999996, "schools": 0, "distance_to_school": 472.9, "population": 1826.0, "school_per_1000": 0.0, "access_index": 0.53, "access_status": "Low Access", "interpretation": "Access is limited due to fewer schools or distance", "norm_school": 0.0, "norm_dist": 0.83562101507349662, "norm_pop": 0.033797907503180569 }, "geometry": { "type": "MultiPolygon", "coordinates": [ [ [ [ 115.195701, -8.517292 ], [ 115.198302, -8.521825 ], [ 115.203545, -8.521849 ], [ 115.206188, -8.517341 ], [ 115.203588, -8.512808 ], [ 115.198344, -8.512784 ], [ 115.195701, -8.517292 ] ] ] ] } },
{ "type": "Feature", "properties": { "id": 2, "fid": 55, "left": 293600.619, "top": 9059050.6931999996, "right": 294755.3195383792, "bottom": 9058050.6931999996, "schools": 2, "distance_to_school": 0.0, "population": 6674.0, "school_per_1000": 0.3, "access_index": 0.6, "access_status": "Moderate Access", "interpretation": "Area has moderate access with reasonable proximity", "norm_school": 0.070906732103158829, "norm_dist": 1.0, "norm_pop": 0.12370822988317348 }, "geometry": { "type": "MultiPolygon", "coordinates": [ [ [ [ 115.125, -8.512333 ], [ 115.125, -8.512543 ], [ 115.127539, -8.51697 ], [ 115.132782, -8.516995 ], [ 115.135426, -8.512487 ], [ 115.132826, -8.507954 ], [ 115.127583, -8.507929 ], [ 115.125, -8.512333 ] ] ] ] } },
{ "type": "Feature", "properties": { "id": 558, "fid": 292, "left": 305724.97465298214, "top": 9049050.6931999996, "right": 306879.67519136134, "bottom": 9048050.6931999996, "schools": 0, "distance_to_school": 820.16, "population": 3147.0, "school_per_1000": 0.0, "access_index": 0.47, "access_status": "Very Low Access", "interpretation": "Area lacks adequate access to educational facilities", "norm_school": 0.0, "norm_dist": 0.7149118463858033, "norm_pop": 0.058294684927968125 }, "geometry": { "type": "MultiPolygon", "coordinates": [ [ [ [ 115.234631, -8.603362 ], [ 115.237233, -8.607895 ], [ 115.242477, -8.607919 ], [ 115.245121, -8.60341 ], [ 115.242519, -8.598878 ], [ 115.237274, -8.598854 ], [ 115.234631, -8.603362 ] ] ] ] } },
{ "type": "Feature", "properties": { "id": 559, "fid": 443, "left": 305724.97465298214, "top": 9048050.6931999996, "right": 306879.67519136134, "bottom": 9047050.6931999996, "schools": 0, "distance_to_school": 223.98, "population": 4096.0, "school_per_1000": 0.0, "access_index": 0.55, "access_status": "Moderate Access", "interpretation": "Area has moderate access with reasonable proximity", "norm_school": 0.0, "norm_dist": 0.92214613545869617, "norm_pop": 0.075905574095166267 }, "geometry": { "type": "MultiPolygon", "coordinates": [ [ [ [ 115.234589, -8.612403 ], [ 115.237191, -8.616936 ], [ 115.242436, -8.61696 ], [ 115.245079, -8.612451 ], [ 115.242477, -8.607919 ], [ 115.237233, -8.607895 ], [ 115.234589, -8.612403 ] ] ] ] } },
{ "type": "Feature", "properties": { "id": 3, "fid": 56, "left": 293600.619, "top": 9058050.6931999996, "right": 294755.3195383792, "bottom": 9057050.6931999996, "schools": 0, "distance_to_school": 16.4, "population": 6673.0, "school_per_1000": 0.0, "access_index": 0.57, "access_status": "Moderate Access", "interpretation": "Area has moderate access with reasonable proximity", "norm_school": 0.0, "norm_dist": 0.99429974142441835, "norm_pop": 0.12368634393438994 }, "geometry": { "type": "MultiPolygon", "coordinates": [ [ [ [ 115.125, -8.521299 ], [ 115.125, -8.52166 ], [ 115.127495, -8.52601 ], [ 115.132738, -8.526035 ], [ 115.135382, -8.521528 ], [ 115.132782, -8.516995 ], [ 115.127539, -8.51697 ], [ 115.125, -8.521299 ] ] ] ] } },
{ "type": "Feature", "properties": { "id": 4, "fid": 57, "left": 293600.619, "top": 9057050.6931999996, "right": 294755.3195383792, "bottom": 9056050.6931999996, "schools": 2, "distance_to_school": 0.0, "population": 6671.0, "school_per_1000": 0.3, "access_index": 0.6, "access_status": "Moderate Access", "interpretation": "Area has moderate access with reasonable proximity", "norm_school": 0.070938508417233717, "norm_dist": 1.0, "norm_pop": 0.12365278980725443 }, "geometry": { "type": "MultiPolygon", "coordinates": [ [ [ [ 115.125, -8.530264 ], [ 115.125, -8.530777 ], [ 115.127451, -8.535051 ], [ 115.132694, -8.535076 ], [ 115.135338, -8.530568 ], [ 115.132738, -8.526035 ], [ 115.127495, -8.52601 ], [ 115.125, -8.530264 ] ] ] ] } },
{ "type": "Feature", "properties": { "id": 5, "fid": 58, "left": 293600.619, "top": 9056050.6931999996, "right": 294755.3195383792, "bottom": 9055050.6931999996, "schools": 4, "distance_to_school": 0.0, "population": 6669.0, "school_per_1000": 0.6, "access_index": 0.63, "access_status": "High Access", "interpretation": "Area has strong access to educational facilities", "norm_school": 0.14192889872164619, "norm_dist": 1.0, "norm_pop": 0.12360756750177357 }, "geometry": { "type": "MultiPolygon", "coordinates": [ [ [ [ 115.125, -8.539229 ], [ 115.125, -8.539895 ], [ 115.127407, -8.544091 ], [ 115.13265, -8.544116 ], [ 115.135294, -8.539609 ], [ 115.132694, -8.535076 ], [ 115.127451, -8.535051 ], [ 115.125, -8.539229 ] ] ] ] } },
{ "type": "Feature", "properties": { "id": 668, "fid": 473, "left": 308323.05086433544, "top": 9055550.6931999996, "right": 309477.75140271464, "bottom": 9054550.6931999996, "schools": 0, "distance_to_school": 374.47, "population": 1980.0, "school_per_1000": 0.0, "access_index": 0.54, "access_status": "Low Access", "interpretation": "Access is limited due to fewer schools or distance", "norm_school": 0.0, "norm_dist": 0.86983423346502653, "norm_pop": 0.036666769425698666 }, "geometry": { "type": "MultiPolygon", "coordinates": [ [ [ [ 115.2585, -8.544703 ], [ 115.261101, -8.549235 ], [ 115.266345, -8.549259 ], [ 115.268988, -8.54475 ], [ 115.266386, -8.540217 ], [ 115.261142, -8.540194 ], [ 115.2585, -8.544703 ] ] ] ] } },
{ "type": "Feature", "properties": { "id": 182, "fid": 8, "left": 297064.72061513778, "top": 9035050.6931999996, "right": 298219.42115351697, "bottom": 9034050.6931999996, "schools": 0, "distance_to_school": 1272.95, "population": 175.0, "school_per_1000": 0.0, "access_index": 0.42, "access_status": "Very Low Access", "interpretation": "Area lacks adequate access to educational facilities", "norm_school": 0.0, "norm_dist": 0.55752360012692082, "norm_pop": 0.0031935056216390143 }, "geometry": { "type": "MultiPolygon", "coordinates": [ [ [ [ 115.163354, -8.733175 ], [ 115.163113, -8.734119 ], [ 115.163193, -8.734119 ], [ 115.165838, -8.729612 ], [ 115.165121, -8.72836 ], [ 115.165002, -8.728471 ], [ 115.164445, -8.729084 ], [ 115.164042, -8.729755 ], [ 115.163837, -8.730249 ], [ 115.163719, -8.730651 ], [ 115.163623, -8.731642 ], [ 115.163354, -8.733175 ] ] ] ] } },
{ "type": "Feature", "properties": { "id": 6, "fid": 59, "left": 293600.619, "top": 9055050.6931999996, "right": 294755.3195383792, "bottom": 9054050.6931999996, "schools": 0, "distance_to_school": 696.16, "population": 4845.0, "school_per_1000": 0.0, "access_index": 0.49, "access_status": "Very Low Access", "interpretation": "Area lacks adequate access to educational facilities", "norm_school": 0.0, "norm_dist": 0.75801553855655746, "norm_pop": 0.089781623892265211 }, "geometry": { "type": "MultiPolygon", "coordinates": [ [ [ [ 115.125, -8.548194 ], [ 115.125, -8.549012 ], [ 115.127363, -8.553131 ], [ 115.132606, -8.553157 ], [ 115.13525, -8.548649 ], [ 115.13265, -8.544116 ], [ 115.127407, -8.544091 ], [ 115.125, -8.548194 ] ] ] ] } },
{ "type": "Feature", "properties": { "id": 7, "fid": 60, "left": 293600.619, "top": 9054050.6931999996, "right": 294755.3195383792, "bottom": 9053050.6931999996, "schools": 0, "distance_to_school": 405.33, "population": 2755.0, "school_per_1000": 0.0, "access_index": 0.53, "access_status": "Low Access", "interpretation": "Access is limited due to fewer schools or distance", "norm_school": 0.0, "norm_dist": 0.85910693249378656, "norm_pop": 0.051024864830579768 }, "geometry": { "type": "MultiPolygon", "coordinates": [ [ [ [ 115.125, -8.55716 ], [ 115.125, -8.558129 ], [ 115.127319, -8.562172 ], [ 115.132562, -8.562197 ], [ 115.135206, -8.55769 ], [ 115.132606, -8.553157 ], [ 115.127363, -8.553131 ], [ 115.125, -8.55716 ] ] ] ] } },
{ "type": "Feature", "properties": { "id": 8, "fid": 61, "left": 293600.619, "top": 9053050.6931999996, "right": 294755.3195383792, "bottom": 9052050.6931999996, "schools": 1, "distance_to_school": 0.0, "population": 2719.0, "school_per_1000": 0.37, "access_index": 0.62, "access_status": "High Access", "interpretation": "Area has strong access to educational facilities", "norm_school": 0.087017100119964677, "norm_dist": 1.0, "norm_pop": 0.05036802762975693 }, "geometry": { "type": "MultiPolygon", "coordinates": [ [ [ [ 115.125, -8.566124 ], [ 115.125, -8.567247 ], [ 115.127274, -8.571212 ], [ 115.132518, -8.571238 ], [ 115.135162, -8.56673 ], [ 115.132562, -8.562197 ], [ 115.127319, -8.562172 ], [ 115.125, -8.566124 ] ] ] ] } },
{ "type": "Feature", "properties": { "id": 674, "fid": 479, "left": 308323.05086433544, "top": 9049550.6931999996, "right": 309477.75140271464, "bottom": 9048550.6931999996, "schools": 1, "distance_to_school": 0.0, "population": 1942.0, "school_per_1000": 0.52, "access_index": 0.64, "access_status": "High Access", "interpretation": "Area has strong access to educational facilities", "norm_school": 0.12187020780330336, "norm_dist": 1.0, "norm_pop": 0.03594690152460793 }, "geometry": { "type": "MultiPolygon", "coordinates": [ [ [ [ 115.258253, -8.598949 ], [ 115.260855, -8.603482 ], [ 115.266099, -8.603505 ], [ 115.268742, -8.598997 ], [ 115.26614, -8.594464 ], [ 115.260896, -8.594441 ], [ 115.258253, -8.598949 ] ] ] ] } },
{ "type": "Feature", "properties": { "id": 566, "fid": 716, "left": 305724.97465298214, "top": 9041050.6931999996, "right": 306879.67519136134, "bottom": 9040050.6931999996, "schools": 5, "distance_to_school": 0.0, "population": 3358.0, "school_per_1000": 1.49, "access_index": 0.73, "access_status": "High Access", "interpretation": "Area has strong access to educational facilities", "norm_school": 0.35233589938685644, "norm_dist": 1.0, "norm_pop": 0.062211095879006799 }, "geometry": { "type": "MultiPolygon", "coordinates": [ [ [ [ 115.234295, -8.67569 ], [ 115.236896, -8.680222 ], [ 115.242142, -8.680247 ], [ 115.244786, -8.675738 ], [ 115.242184, -8.671206 ], [ 115.236939, -8.671181 ], [ 115.234295, -8.67569 ] ] ] ] } },
{ "type": "Feature", "properties": { "id": 567, "fid": 717, "left": 305724.97465298214, "top": 9040050.6931999996, "right": 306879.67519136134, "bottom": 9039050.6931999996, "schools": 2, "distance_to_school": 0.0, "population": 3222.0, "school_per_1000": 0.62, "access_index": 0.65, "access_status": "High Access", "interpretation": "Area has strong access to educational facilities", "norm_school": 0.14686824080397309, "norm_dist": 1.0, "norm_pop": 0.059695250905656846 }, "geometry": { "type": "MultiPolygon", "coordinates": [ [ [ [ 115.234252, -8.684731 ], [ 115.236854, -8.689263 ], [ 115.2421, -8.689288 ], [ 115.244744, -8.684779 ], [ 115.242142, -8.680247 ], [ 115.236896, -8.680222 ], [ 115.234252, -8.684731 ] ] ] ] } },
{ "type": "Feature", "properties": { "id": 568, "fid": 718, "left": 305724.97465298214, "top": 9039050.6931999996, "right": 306879.67519136134, "bottom": 9038050.6931999996, "schools": 2, "distance_to_school": 0.0, "population": 3222.0, "school_per_1000": 0.62, "access_index": 0.65, "access_status": "High Access", "interpretation": "Area has strong access to educational facilities", "norm_school": 0.14686824080397309, "norm_dist": 1.0, "norm_pop": 0.059695250905656846 }, "geometry": { "type": "MultiPolygon", "coordinates": [ [ [ [ 115.23421, -8.693772 ], [ 115.236812, -8.698304 ], [ 115.242058, -8.698328 ], [ 115.244702, -8.69382 ], [ 115.2421, -8.689288 ], [ 115.236854, -8.689263 ], [ 115.23421, -8.693772 ] ] ] ] } },
{ "type": "Feature", "properties": { "id": 675, "fid": 480, "left": 308323.05086433544, "top": 9048550.6931999996, "right": 309477.75140271464, "bottom": 9047550.6931999996, "schools": 0, "distance_to_school": 8.04, "population": 1942.0, "school_per_1000": 0.0, "access_index": 0.59, "access_status": "Moderate Access", "interpretation": "Area has moderate access with reasonable proximity", "norm_school": 0.0, "norm_dist": 0.99720665261584418, "norm_pop": 0.03594690152460793 }, "geometry": { "type": "MultiPolygon", "coordinates": [ [ [ [ 115.258212, -8.60799 ], [ 115.260813, -8.612523 ], [ 115.266058, -8.612546 ], [ 115.268701, -8.608038 ], [ 115.266099, -8.603505 ], [ 115.260855, -8.603482 ], [ 115.258212, -8.60799 ] ] ] ] } },
{ "type": "Feature", "properties": { "id": 586, "fid": 293, "left": 306591.00005676661, "top": 9059550.6931999996, "right": 307745.70059514581, "bottom": 9058550.6931999996, "schools": 0, "distance_to_school": 734.49, "population": 1980.0, "school_per_1000": 0.0, "access_index": 0.49, "access_status": "Low Access", "interpretation": "Access is limited due to fewer schools or distance", "norm_school": 0.0, "norm_dist": 0.74469131997504834, "norm_pop": 0.036666769425698666 }, "geometry": { "type": "MultiPolygon", "coordinates": [ [ [ [ 115.242934, -8.508468 ], [ 115.245535, -8.513 ], [ 115.250778, -8.513024 ], [ 115.25342, -8.508515 ], [ 115.250819, -8.503982 ], [ 115.245576, -8.503959 ], [ 115.242934, -8.508468 ] ] ] ] } },
{ "type": "Feature", "properties": { "id": 587, "fid": 294, "left": 306591.00005676661, "top": 9058550.6931999996, "right": 307745.70059514581, "bottom": 9057550.6931999996, "schools": 0, "distance_to_school": 713.62, "population": 1980.0, "school_per_1000": 0.0, "access_index": 0.49, "access_status": "Low Access", "interpretation": "Access is limited due to fewer schools or distance", "norm_school": 0.0, "norm_dist": 0.75194700859111618, "norm_pop": 0.036666769425698666 }, "geometry": { "type": "MultiPolygon", "coordinates": [ [ [ [ 115.242892, -8.517509 ], [ 115.245493, -8.522041 ], [ 115.250737, -8.522065 ], [ 115.253379, -8.517556 ], [ 115.250778, -8.513024 ], [ 115.245535, -8.513 ], [ 115.242892, -8.517509 ] ] ] ] } },
{ "type": "Feature", "properties": { "id": 588, "fid": 295, "left": 306591.00005676661, "top": 9057550.6931999996, "right": 307745.70059514581, "bottom": 9056550.6931999996, "schools": 0, "distance_to_school": 35.62, "population": 1980.0, "school_per_1000": 0.0, "access_index": 0.59, "access_status": "Moderate Access", "interpretation": "Area has moderate access with reasonable proximity", "norm_school": 0.0, "norm_dist": 0.98761915934866373, "norm_pop": 0.036666769425698666 }, "geometry": { "type": "MultiPolygon", "coordinates": [ [ [ [ 115.242851, -8.52655 ], [ 115.245452, -8.531082 ], [ 115.250696, -8.531106 ], [ 115.253338, -8.526597 ], [ 115.250737, -8.522065 ], [ 115.245493, -8.522041 ], [ 115.242851, -8.52655 ] ] ] ] } },
{ "type": "Feature", "properties": { "id": 589, "fid": 296, "left": 306591.00005676661, "top": 9056550.6931999996, "right": 307745.70059514581, "bottom": 9055550.6931999996, "schools": 0, "distance_to_school": 396.08, "population": 1969.0, "school_per_1000": 0.0, "access_index": 0.54, "access_status": "Low Access", "interpretation": "Access is limited due to fewer schools or distance", "norm_school": 0.0, "norm_dist": 0.86232311827209873, "norm_pop": 0.036459184961995413 }, "geometry": { "type": "MultiPolygon", "coordinates": [ [ [ [ 115.24281, -8.535591 ], [ 115.245411, -8.540123 ], [ 115.250655, -8.540147 ], [ 115.253297, -8.535638 ], [ 115.250696, -8.531106 ], [ 115.245452, -8.531082 ], [ 115.24281, -8.535591 ] ] ] ] } },
{ "type": "Feature", "properties": { "id": 648, "fid": 738, "left": 307457.02546055103, "top": 9037050.6931999996, "right": 308611.72599893023, "bottom": 9036050.6931999996, "schools": 0, "distance_to_school": 742.66, "population": 1478.0, "school_per_1000": 0.0, "access_index": 0.49, "access_status": "Low Access", "interpretation": "Access is limited due to fewer schools or distance", "norm_school": 0.0, "norm_dist": 0.741851178587694, "norm_pop": 0.027349758579606451 }, "geometry": { "type": "MultiPolygon", "coordinates": [ [ [ [ 115.259114, -8.709841 ], [ 115.259127, -8.709833 ], [ 115.257754, -8.707442 ], [ 115.252508, -8.707418 ], [ 115.249864, -8.711926 ], [ 115.250685, -8.713356 ], [ 115.25072, -8.713354 ], [ 115.250752, -8.713474 ], [ 115.25076, -8.713487 ], [ 115.250845, -8.713527 ], [ 115.250863, -8.713396 ], [ 115.250857, -8.712956 ], [ 115.250922, -8.712867 ], [ 115.251225, -8.712777 ], [ 115.251701, -8.712629 ], [ 115.252124, -8.712557 ], [ 115.252594, -8.712533 ], [ 115.252796, -8.712581 ], [ 115.252915, -8.712753 ], [ 115.253004, -8.712795 ], [ 115.253123, -8.712801 ], [ 115.253141, -8.712712 ], [ 115.253087, -8.712658 ], [ 115.25301, -8.712652 ], [ 115.252921, -8.712646 ], [ 115.252873, -8.712575 ], [ 115.252879, -8.712349 ], [ 115.252873, -8.712141 ], [ 115.252874, -8.712139 ], [ 115.252909, -8.712075 ], [ 115.253284, -8.711927 ], [ 115.253485, -8.711871 ], [ 115.253563, -8.711849 ], [ 115.25371, -8.71184 ], [ 115.253849, -8.711831 ], [ 115.254569, -8.711962 ], [ 115.255241, -8.712081 ], [ 115.255586, -8.712046 ], [ 115.255651, -8.711927 ], [ 115.255663, -8.711772 ], [ 115.255966, -8.711617 ], [ 115.256621, -8.711201 ], [ 115.257162, -8.710987 ], [ 115.257477, -8.710856 ], [ 115.257799, -8.710666 ], [ 115.25814, -8.710397 ], [ 115.258142, -8.710395 ], [ 115.258162, -8.71038 ], [ 115.258471, -8.710112 ], [ 115.258768, -8.709934 ], [ 115.258923, -8.70994 ], [ 115.259114, -8.709841 ] ] ] ] } },
{ "type": "Feature", "properties": { "id": 650, "fid": 739, "left": 307457.02546055103, "top": 9035050.6931999996, "right": 308611.72599893023, "bottom": 9034050.6931999996, "schools": 0, "distance_to_school": 2175.91, "population": 57.0, "school_per_1000": 0.0, "access_index": 0.3, "access_status": "Very Low Access", "interpretation": "Area lacks adequate access to educational facilities", "norm_school": 0.0, "norm_dist": 0.24365266867881899, "norm_pop": 0.00099200715842638295 }, "geometry": { "type": "MultiPolygon", "coordinates": [ [ [ [ 115.250519, -8.729497 ], [ 115.25021, -8.729274 ], [ 115.24978, -8.730008 ], [ 115.250466, -8.731203 ], [ 115.250519, -8.731182 ], [ 115.250654, -8.731082 ], [ 115.250797, -8.730875 ], [ 115.250854, -8.730639 ], [ 115.250826, -8.730354 ], [ 115.250847, -8.730061 ], [ 115.250776, -8.729811 ], [ 115.250683, -8.72964 ], [ 115.250519, -8.729497 ] ] ] ] } },
{ "type": "Feature", "properties": { "id": 665, "fid": 470, "left": 308323.05086433544, "top": 9058550.6931999996, "right": 309477.75140271464, "bottom": 9057550.6931999996, "schools": 0, "distance_to_school": 385.48, "population": 1980.0, "school_per_1000": 0.0, "access_index": 0.54, "access_status": "Low Access", "interpretation": "Access is limited due to fewer schools or distance", "norm_school": 0.0, "norm_dist": 0.86600680991546786, "norm_pop": 0.036666769425698666 }, "geometry": { "type": "MultiPolygon", "coordinates": [ [ [ [ 115.258623, -8.517579 ], [ 115.261224, -8.522112 ], [ 115.266468, -8.522135 ], [ 115.26911, -8.517626 ], [ 115.266509, -8.513094 ], [ 115.261265, -8.513071 ], [ 115.258623, -8.517579 ] ] ] ] } },
{ "type": "Feature", "properties": { "id": 666, "fid": 471, "left": 308323.05086433544, "top": 9057550.6931999996, "right": 309477.75140271464, "bottom": 9056550.6931999996, "schools": 0, "distance_to_school": 636.96, "population": 1980.0, "school_per_1000": 0.0, "access_index": 0.5, "access_status": "Low Access", "interpretation": "Access is limited due to fewer schools or distance", "norm_school": 0.0, "norm_dist": 0.77859333001278908, "norm_pop": 0.036666769425698666 }, "geometry": { "type": "MultiPolygon", "coordinates": [ [ [ [ 115.258582, -8.526621 ], [ 115.261183, -8.531153 ], [ 115.266427, -8.531176 ], [ 115.269069, -8.526667 ], [ 115.266468, -8.522135 ], [ 115.261224, -8.522112 ], [ 115.258582, -8.526621 ] ] ] ] } },
{ "type": "Feature", "properties": { "id": 667, "fid": 472, "left": 308323.05086433544, "top": 9056550.6931999996, "right": 309477.75140271464, "bottom": 9055550.6931999996, "schools": 1, "distance_to_school": 0.0, "population": 1980.0, "school_per_1000": 0.5, "access_index": 0.64, "access_status": "High Access", "interpretation": "Area has strong access to educational facilities", "norm_school": 0.11948134806920184, "norm_dist": 1.0, "norm_pop": 0.036666769425698666 }, "geometry": { "type": "MultiPolygon", "coordinates": [ [ [ [ 115.258541, -8.535662 ], [ 115.261142, -8.540194 ], [ 115.266386, -8.540217 ], [ 115.269029, -8.535709 ], [ 115.266427, -8.531176 ], [ 115.261183, -8.531153 ], [ 115.258541, -8.535662 ] ] ] ] } },
{ "type": "Feature", "properties": { "id": 669, "fid": 474, "left": 308323.05086433544, "top": 9054550.6931999996, "right": 309477.75140271464, "bottom": 9053550.6931999996, "schools": 0, "distance_to_school": 644.81, "population": 1980.0, "school_per_1000": 0.0, "access_index": 0.5, "access_status": "Low Access", "interpretation": "Access is limited due to fewer schools or distance", "norm_school": 0.0, "norm_dist": 0.77586350618036459, "norm_pop": 0.036666769425698666 }, "geometry": { "type": "MultiPolygon", "coordinates": [ [ [ [ 115.258459, -8.553744 ], [ 115.26106, -8.558276 ], [ 115.266304, -8.5583 ], [ 115.268947, -8.553791 ], [ 115.266345, -8.549259 ], [ 115.261101, -8.549235 ], [ 115.258459, -8.553744 ] ] ] ] } },
{ "type": "Feature", "properties": { "id": 670, "fid": 475, "left": 308323.05086433544, "top": 9053550.6931999996, "right": 309477.75140271464, "bottom": 9052550.6931999996, "schools": 0, "distance_to_school": 718.86, "population": 1980.0, "school_per_1000": 0.0, "access_index": 0.49, "access_status": "Low Access", "interpretation": "Access is limited due to fewer schools or distance", "norm_school": 0.0, "norm_dist": 0.75012346224168391, "norm_pop": 0.036658749118133459 }, "geometry": { "type": "MultiPolygon", "coordinates": [ [ [ [ 115.258418, -8.562785 ], [ 115.261019, -8.567317 ], [ 115.266264, -8.567341 ], [ 115.268906, -8.562832 ], [ 115.266304, -8.5583 ], [ 115.26106, -8.558276 ], [ 115.258418, -8.562785 ] ] ] ] } },
{ "type": "Feature", "properties": { "id": 686, "fid": 745, "left": 308323.05086433544, "top": 9037550.6931999996, "right": 309477.75140271464, "bottom": 9036550.6931999996, "schools": 0, "distance_to_school": 599.21, "population": 1291.0, "school_per_1000": 0.0, "access_index": 0.51, "access_status": "Low Access", "interpretation": "Access is limited due to fewer schools or distance", "norm_school": 0.0, "norm_dist": 0.79171488604906515, "norm_pop": 0.023873559220947579 }, "geometry": { "type": "MultiPolygon", "coordinates": [ [ [ [ 115.264929, -8.703099 ], [ 115.264966, -8.702954 ], [ 115.260398, -8.702933 ], [ 115.257754, -8.707442 ], [ 115.259127, -8.709833 ], [ 115.259247, -8.709755 ], [ 115.259553, -8.709577 ], [ 115.259728, -8.709431 ], [ 115.259985, -8.709195 ], [ 115.260185, -8.709038 ], [ 115.260357, -8.708934 ], [ 115.260492, -8.708902 ], [ 115.260699, -8.708899 ], [ 115.260763, -8.708906 ], [ 115.260813, -8.708913 ], [ 115.260874, -8.708899 ], [ 115.260917, -8.708852 ], [ 115.260956, -8.708788 ], [ 115.261017, -8.708681 ], [ 115.261135, -8.708574 ], [ 115.261349, -8.70841 ], [ 115.261606, -8.708274 ], [ 115.261688, -8.708164 ], [ 115.261788, -8.708039 ], [ 115.26197, -8.707799 ], [ 115.262102, -8.707635 ], [ 115.262202, -8.707517 ], [ 115.262219, -8.707501 ], [ 115.26227, -8.707453 ], [ 115.2623, -8.707434 ], [ 115.2623, -8.707434 ], [ 115.262337, -8.70741 ], [ 115.262445, -8.707407 ], [ 115.262548, -8.707418 ], [ 115.262637, -8.707425 ], [ 115.262741, -8.707425 ], [ 115.262805, -8.707375 ], [ 115.262884, -8.707282 ], [ 115.262941, -8.707196 ], [ 115.263066, -8.707093 ], [ 115.263298, -8.706921 ], [ 115.263483, -8.706832 ], [ 115.263612, -8.706761 ], [ 115.263687, -8.706697 ], [ 115.26369, -8.706625 ], [ 115.263615, -8.706582 ], [ 115.263533, -8.706504 ], [ 115.263505, -8.706432 ], [ 115.263487, -8.706304 ], [ 115.263501, -8.70625 ], [ 115.263562, -8.70614 ], [ 115.263647, -8.706029 ], [ 115.263765, -8.705915 ], [ 115.263919, -8.705772 ], [ 115.264051, -8.705669 ], [ 115.264129, -8.70559 ], [ 115.264165, -8.705501 ], [ 115.26419, -8.705194 ], [ 115.264182, -8.705033 ], [ 115.264315, -8.704805 ], [ 115.264425, -8.704617 ], [ 115.264594, -8.704309 ], [ 115.264762, -8.703763 ], [ 115.264929, -8.703099 ] ] ] ] } },
{ "type": "Feature", "properties": { "id": 703, "fid": 662, "left": 309189.07626811991, "top": 9060050.6931999996, "right": 310343.77680649911, "bottom": 9059050.6931999996, "schools": 0, "distance_to_school": 233.51, "population": 1912.0, "school_per_1000": 0.0, "access_index": 0.56, "access_status": "Moderate Access", "interpretation": "Area has moderate access with reasonable proximity", "norm_school": 0.0, "norm_dist": 0.91883352205717328, "norm_pop": 0.035403455302397691 }, "geometry": { "type": "MultiPolygon", "coordinates": [ [ [ [ 115.274683, -8.5 ], [ 115.268924, -8.5 ], [ 115.266549, -8.504053 ], [ 115.269151, -8.508585 ], [ 115.274394, -8.508608 ], [ 115.277036, -8.504099 ], [ 115.274683, -8.5 ] ] ] ] } },
{ "type": "Feature", "properties": { "id": 704, "fid": 486, "left": 309189.07626811991, "top": 9059050.6931999996, "right": 310343.77680649911, "bottom": 9058050.6931999996, "schools": 0, "distance_to_school": 605.12, "population": 1980.0, "school_per_1000": 0.0, "access_index": 0.51, "access_status": "Low Access", "interpretation": "Access is limited due to fewer schools or distance", "norm_school": 0.0, "norm_dist": 0.7896608318625129, "norm_pop": 0.036666769425698666 }, "geometry": { "type": "MultiPolygon", "coordinates": [ [ [ [ 115.266509, -8.513094 ], [ 115.26911, -8.517626 ], [ 115.274354, -8.51765 ], [ 115.276996, -8.513141 ], [ 115.274394, -8.508608 ], [ 115.269151, -8.508585 ], [ 115.266509, -8.513094 ] ] ] ] } },
{ "type": "Feature", "properties": { "id": 705, "fid": 487, "left": 309189.07626811991, "top": 9058050.6931999996, "right": 310343.77680649911, "bottom": 9057050.6931999996, "schools": 0, "distance_to_school": 1153.07, "population": 1980.0, "school_per_1000": 0.0, "access_index": 0.43, "access_status": "Very Low Access", "interpretation": "Area lacks adequate access to educational facilities", "norm_school": 0.0, "norm_dist": 0.59919422982355897, "norm_pop": 0.036666769425698666 }, "geometry": { "type": "MultiPolygon", "coordinates": [ [ [ [ 115.266468, -8.522135 ], [ 115.269069, -8.526667 ], [ 115.274313, -8.526691 ], [ 115.276955, -8.522182 ], [ 115.274354, -8.51765 ], [ 115.26911, -8.517626 ], [ 115.266468, -8.522135 ] ] ] ] } },
{ "type": "Feature", "properties": { "id": 706, "fid": 488, "left": 309189.07626811991, "top": 9057050.6931999996, "right": 310343.77680649911, "bottom": 9056050.6931999996, "schools": 0, "distance_to_school": 253.13, "population": 1980.0, "school_per_1000": 0.0, "access_index": 0.56, "access_status": "Moderate Access", "interpretation": "Area has moderate access with reasonable proximity", "norm_school": 0.0, "norm_dist": 0.91201335047398824, "norm_pop": 0.036666769425698666 }, "geometry": { "type": "MultiPolygon", "coordinates": [ [ [ [ 115.266427, -8.531176 ], [ 115.269029, -8.535709 ], [ 115.274272, -8.535732 ], [ 115.276915, -8.531223 ], [ 115.274313, -8.526691 ], [ 115.269069, -8.526667 ], [ 115.266427, -8.531176 ] ] ] ] } },
{ "type": "Feature", "properties": { "id": 707, "fid": 489, "left": 309189.07626811991, "top": 9056050.6931999996, "right": 310343.77680649911, "bottom": 9055050.6931999996, "schools": 0, "distance_to_school": 120.28, "population": 1980.0, "school_per_1000": 0.0, "access_index": 0.58, "access_status": "Moderate Access", "interpretation": "Area has moderate access with reasonable proximity", "norm_school": 0.0, "norm_dist": 0.95819071108769338, "norm_pop": 0.036666769425698666 }, "geometry": { "type": "MultiPolygon", "coordinates": [ [ [ [ 115.266386, -8.540217 ], [ 115.268988, -8.54475 ], [ 115.274232, -8.544773 ], [ 115.276874, -8.540264 ], [ 115.274272, -8.535732 ], [ 115.269029, -8.535709 ], [ 115.266386, -8.540217 ] ] ] ] } },
{ "type": "Feature", "properties": { "id": 708, "fid": 490, "left": 309189.07626811991, "top": 9055050.6931999996, "right": 310343.77680649911, "bottom": 9054050.6931999996, "schools": 0, "distance_to_school": 893.64, "population": 1980.0, "school_per_1000": 0.0, "access_index": 0.47, "access_status": "Very Low Access", "interpretation": "Area lacks adequate access to educational facilities", "norm_school": 0.0, "norm_dist": 0.68937210052483544, "norm_pop": 0.036666769425698666 }, "geometry": { "type": "MultiPolygon", "coordinates": [ [ [ [ 115.266345, -8.549259 ], [ 115.268947, -8.553791 ], [ 115.274191, -8.553814 ], [ 115.276833, -8.549305 ], [ 115.274232, -8.544773 ], [ 115.268988, -8.54475 ], [ 115.266345, -8.549259 ] ] ] ] } },
{ "type": "Feature", "properties": { "id": 709, "fid": 491, "left": 309189.07626811991, "top": 9054050.6931999996, "right": 310343.77680649911, "bottom": 9053050.6931999996, "schools": 0, "distance_to_school": 463.42, "population": 1977.0, "school_per_1000": 0.0, "access_index": 0.53, "access_status": "Low Access", "interpretation": "Access is limited due to fewer schools or distance", "norm_school": 0.0, "norm_dist": 0.83891629474808971, "norm_pop": 0.036601636783879052 }, "geometry": { "type": "MultiPolygon", "coordinates": [ [ [ [ 115.266304, -8.5583 ], [ 115.268906, -8.562832 ], [ 115.27415, -8.562855 ], [ 115.276793, -8.558347 ], [ 115.274191, -8.553814 ], [ 115.268947, -8.553791 ], [ 115.266304, -8.5583 ] ] ] ] } },
{ "type": "Feature", "properties": { "id": 758, "fid": 517, "left": 310055.10167190433, "top": 9043550.6931999996, "right": 311209.80221028352, "bottom": 9042550.6931999996, "schools": 0, "distance_to_school": 418.44, "population": 7.0, "school_per_1000": 0.0, "access_index": 0.54, "access_status": "Low Access", "interpretation": "Access is limited due to fewer schools or distance", "norm_school": 0.0, "norm_dist": 0.85454971432944893, "norm_pop": 7.3556094032728962e-05 }, "geometry": { "type": "MultiPolygon", "coordinates": [ [ [ [ 115.276427, -8.649179 ], [ 115.277017, -8.648761 ], [ 115.276384, -8.648758 ], [ 115.275871, -8.649633 ], [ 115.276427, -8.649179 ] ] ] ] } },
{ "type": "Feature", "properties": { "id": 781, "fid": 664, "left": 310921.1270756888, "top": 9060050.6931999996, "right": 312075.827614068, "bottom": 9059050.6931999996, "schools": 0, "distance_to_school": 407.12, "population": 6721.0, "school_per_1000": 0.0, "access_index": 0.52, "access_status": "Low Access", "interpretation": "Access is limited due to fewer schools or distance", "norm_school": 0.0, "norm_dist": 0.85848579954184134, "norm_pop": 0.12457168366786434 }, "geometry": { "type": "MultiPolygon", "coordinates": [ [ [ [ 115.290373, -8.5 ], [ 115.284695, -8.5 ], [ 115.282279, -8.504123 ], [ 115.284881, -8.508655 ], [ 115.290124, -8.508678 ], [ 115.292766, -8.504169 ], [ 115.290373, -8.5 ] ] ] ] } },
{ "type": "Feature", "properties": { "id": 782, "fid": 518, "left": 310921.1270756888, "top": 9059050.6931999996, "right": 312075.827614068, "bottom": 9058050.6931999996, "schools": 0, "distance_to_school": 103.96, "population": 6920.0, "school_per_1000": 0.0, "access_index": 0.56, "access_status": "Moderate Access", "interpretation": "Area has moderate access with reasonable proximity", "norm_school": 0.0, "norm_dist": 0.96386276291254358, "norm_pop": 0.12826811878106267 }, "geometry": { "type": "MultiPolygon", "coordinates": [ [ [ [ 115.282239, -8.513164 ], [ 115.284841, -8.517696 ], [ 115.290084, -8.517719 ], [ 115.292726, -8.51321 ], [ 115.290124, -8.508678 ], [ 115.284881, -8.508655 ], [ 115.282239, -8.513164 ] ] ] ] } },
{ "type": "Feature", "properties": { "id": 783, "fid": 519, "left": 310921.1270756888, "top": 9058050.6931999996, "right": 312075.827614068, "bottom": 9057050.6931999996, "schools": 0, "distance_to_school": 557.58, "population": 2988.0, "school_per_1000": 0.0, "access_index": 0.51, "access_status": "Low Access", "interpretation": "Access is limited due to fewer schools or distance", "norm_school": 0.0, "norm_dist": 0.80618398928822554, "norm_pop": 0.055343673701189096 }, "geometry": { "type": "MultiPolygon", "coordinates": [ [ [ [ 115.282199, -8.522205 ], [ 115.2848, -8.526737 ], [ 115.290044, -8.52676 ], [ 115.292686, -8.522251 ], [ 115.290084, -8.517719 ], [ 115.284841, -8.517696 ], [ 115.282199, -8.522205 ] ] ] ] } },
{ "type": "Feature", "properties": { "id": 1215, "fid": 657, "left": 320447.40651731764, "top": 9054550.6931999996, "right": 321602.10705569683, "bottom": 9053550.6931999996, "schools": 2, "distance_to_school": 0.0, "population": 2115.0, "school_per_1000": 0.95, "access_index": 0.68, "access_status": "High Access", "interpretation": "Area has strong access to educational facilities", "norm_school": 0.22373581402023468, "norm_dist": 1.0, "norm_pop": 0.039166166099149621 }, "geometry": { "type": "MultiPolygon", "coordinates": [ [ [ [ 115.375, -8.558772 ], [ 115.375, -8.54973 ], [ 115.371228, -8.549714 ], [ 115.368587, -8.554224 ], [ 115.37119, -8.558756 ], [ 115.375, -8.558772 ] ] ] ] } },
{ "type": "Feature", "properties": { "id": 784, "fid": 520, "left": 310921.1270756888, "top": 9057050.6931999996, "right": 312075.827614068, "bottom": 9056050.6931999996, "schools": 1, "distance_to_school": 0.0, "population": 1874.0, "school_per_1000": 0.53, "access_index": 0.64, "access_status": "High Access", "interpretation": "Area has strong access to educational facilities", "norm_school": 0.12629831299971475, "norm_dist": 1.0, "norm_pop": 0.034684543187474701 }, "geometry": { "type": "MultiPolygon", "coordinates": [ [ [ [ 115.282158, -8.531246 ], [ 115.28476, -8.535779 ], [ 115.290004, -8.535802 ], [ 115.292646, -8.531293 ], [ 115.290044, -8.52676 ], [ 115.2848, -8.526737 ], [ 115.282158, -8.531246 ] ] ] ] } },
{ "type": "Feature", "properties": { "id": 785, "fid": 521, "left": 310921.1270756888, "top": 9056050.6931999996, "right": 312075.827614068, "bottom": 9055050.6931999996, "schools": 0, "distance_to_school": 512.29, "population": 1900.0, "school_per_1000": 0.0, "access_index": 0.52, "access_status": "Low Access", "interpretation": "Access is limited due to fewer schools or distance", "norm_school": 0.0, "norm_dist": 0.82192710536477664, "norm_pop": 0.035184925529201327 }, "geometry": { "type": "MultiPolygon", "coordinates": [ [ [ [ 115.282118, -8.540288 ], [ 115.28472, -8.54482 ], [ 115.289964, -8.544843 ], [ 115.292606, -8.540334 ], [ 115.290004, -8.535802 ], [ 115.28476, -8.535779 ], [ 115.282118, -8.540288 ] ] ] ] } },
{ "type": "Feature", "properties": { "id": 786, "fid": 522, "left": 310921.1270756888, "top": 9055050.6931999996, "right": 312075.827614068, "bottom": 9054050.6931999996, "schools": 0, "distance_to_school": 1264.98, "population": 1928.0, "school_per_1000": 0.0, "access_index": 0.42, "access_status": "Very Low Access", "interpretation": "Area lacks adequate access to educational facilities", "norm_school": 0.0, "norm_dist": 0.56029208546182729, "norm_pop": 0.035690699013119775 }, "geometry": { "type": "MultiPolygon", "coordinates": [ [ [ [ 115.282077, -8.549329 ], [ 115.284679, -8.553861 ], [ 115.289923, -8.553884 ], [ 115.292566, -8.549375 ], [ 115.289964, -8.544843 ], [ 115.28472, -8.54482 ], [ 115.282077, -8.549329 ] ] ] ] } },
{ "type": "Feature", "properties": { "id": 787, "fid": 523, "left": 310921.1270756888, "top": 9054050.6931999996, "right": 312075.827614068, "bottom": 9053050.6931999996, "schools": 0, "distance_to_school": 264.98, "population": 1941.0, "school_per_1000": 0.0, "access_index": 0.56, "access_status": "Moderate Access", "interpretation": "Area has moderate access with reasonable proximity", "norm_school": 0.0, "norm_dist": 0.9078921835267274, "norm_pop": 0.035945013707451214 }, "geometry": { "type": "MultiPolygon", "coordinates": [ [ [ [ 115.282037, -8.55837 ], [ 115.284639, -8.562902 ], [ 115.289883, -8.562925 ], [ 115.292525, -8.558416 ], [ 115.289923, -8.553884 ], [ 115.284679, -8.553861 ], [ 115.282037, -8.55837 ] ] ] ] } },
{ "type": "Feature", "properties": { "id": 788, "fid": 524, "left": 310921.1270756888, "top": 9053050.6931999996, "right": 312075.827614068, "bottom": 9052050.6931999996, "schools": 1, "distance_to_school": 0.0, "population": 1930.0, "school_per_1000": 0.52, "access_index": 0.64, "access_status": "High Access", "interpretation": "Area has strong access to educational facilities", "norm_school": 0.12262156505581868, "norm_dist": 1.0, "norm_pop": 0.035726283038277754 }, "geometry": { "type": "MultiPolygon", "coordinates": [ [ [ [ 115.281996, -8.567411 ], [ 115.284598, -8.571943 ], [ 115.289843, -8.571967 ], [ 115.292485, -8.567458 ], [ 115.289883, -8.562925 ], [ 115.284639, -8.562902 ], [ 115.281996, -8.567411 ] ] ] ] } },
{ "type": "Feature", "properties": { "id": 789, "fid": 525, "left": 310921.1270756888, "top": 9052050.6931999996, "right": 312075.827614068, "bottom": 9051050.6931999996, "schools": 1, "distance_to_school": 0.0, "population": 1916.0, "school_per_1000": 0.52, "access_index": 0.64, "access_status": "High Access", "interpretation": "Area has strong access to educational facilities", "norm_school": 0.12352840092137149, "norm_dist": 1.0, "norm_pop": 0.035463586204645986 }, "geometry": { "type": "MultiPolygon", "coordinates": [ [ [ [ 115.281956, -8.576452 ], [ 115.284558, -8.580985 ], [ 115.289802, -8.581008 ], [ 115.292445, -8.576499 ], [ 115.289843, -8.571967 ], [ 115.284598, -8.571943 ], [ 115.281956, -8.576452 ] ] ] ] } },
{ "type": "Feature", "properties": { "id": 790, "fid": 526, "left": 310921.1270756888, "top": 9051050.6931999996, "right": 312075.827614068, "bottom": 9050050.6931999996, "schools": 0, "distance_to_school": 48.07, "population": 1877.0, "school_per_1000": 0.0, "access_index": 0.59, "access_status": "Moderate Access", "interpretation": "Area has moderate access with reasonable proximity", "norm_school": 0.0, "norm_dist": 0.98329137003054368, "norm_pop": 0.034754057698703357 }, "geometry": { "type": "MultiPolygon", "coordinates": [ [ [ [ 115.281915, -8.585494 ], [ 115.284517, -8.590026 ], [ 115.289762, -8.590049 ], [ 115.292404, -8.58554 ], [ 115.289802, -8.581008 ], [ 115.284558, -8.580985 ], [ 115.281915, -8.585494 ] ] ] ] } },
{ "type": "Feature", "properties": { "id": 791, "fid": 527, "left": 310921.1270756888, "top": 9050050.6931999996, "right": 312075.827614068, "bottom": 9049050.6931999996, "schools": 1, "distance_to_school": 0.0, "population": 1926.0, "school_per_1000": 0.52, "access_index": 0.64, "access_status": "High Access", "interpretation": "Area has strong access to educational facilities", "norm_school": 0.12287392793407403, "norm_dist": 1.0, "norm_pop": 0.03565278788504489 }, "geometry": { "type": "MultiPolygon", "coordinates": [ [ [ [ 115.281874, -8.594535 ], [ 115.284476, -8.599067 ], [ 115.289721, -8.59909 ], [ 115.292364, -8.594581 ], [ 115.289762, -8.590049 ], [ 115.284517, -8.590026 ], [ 115.281874, -8.594535 ] ] ] ] } },
{ "type": "Feature", "properties": { "id": 792, "fid": 528, "left": 310921.1270756888, "top": 9049050.6931999996, "right": 312075.827614068, "bottom": 9048050.6931999996, "schools": 0, "distance_to_school": 11.26, "population": 1942.0, "school_per_1000": 0.0, "access_index": 0.59, "access_status": "Moderate Access", "interpretation": "Area has moderate access with reasonable proximity", "norm_school": 0.0, "norm_dist": 0.9960843528468557, "norm_pop": 0.03594690152460793 }, "geometry": { "type": "MultiPolygon", "coordinates": [ [ [ [ 115.281834, -8.603576 ], [ 115.284436, -8.608108 ], [ 115.289681, -8.608132 ], [ 115.292323, -8.603623 ], [ 115.289721, -8.59909 ], [ 115.284476, -8.599067 ], [ 115.281834, -8.603576 ] ] ] ] } },
{ "type": "Feature", "properties": { "id": 793, "fid": 529, "left": 310921.1270756888, "top": 9048050.6931999996, "right": 312075.827614068, "bottom": 9047050.6931999996, "schools": 2, "distance_to_school": 0.0, "population": 1942.0, "school_per_1000": 1.03, "access_index": 0.69, "access_status": "High Access", "interpretation": "Area has strong access to educational facilities", "norm_school": 0.24374041560660673, "norm_dist": 1.0, "norm_pop": 0.03594690152460793 }, "geometry": { "type": "MultiPolygon", "coordinates": [ [ [ [ 115.281793, -8.612617 ], [ 115.284395, -8.617149 ], [ 115.28964, -8.617173 ], [ 115.292283, -8.612664 ], [ 115.289681, -8.608132 ], [ 115.284436, -8.608108 ], [ 115.281793, -8.612617 ] ] ] ] } },
{ "type": "Feature", "properties": { "id": 794, "fid": 530, "left": 310921.1270756888, "top": 9047050.6931999996, "right": 312075.827614068, "bottom": 9046050.6931999996, "schools": 1, "distance_to_school": 0.0, "population": 1942.0, "school_per_1000": 0.52, "access_index": 0.64, "access_status": "High Access", "interpretation": "Area has strong access to educational facilities", "norm_school": 0.12187020780330336, "norm_dist": 1.0, "norm_pop": 0.03594690152460793 }, "geometry": { "type": "MultiPolygon", "coordinates": [ [ [ [ 115.281752, -8.621658 ], [ 115.284354, -8.626191 ], [ 115.289599, -8.626214 ], [ 115.292242, -8.621705 ], [ 115.28964, -8.617173 ], [ 115.284395, -8.617149 ], [ 115.281752, -8.621658 ] ] ] ] } },
{ "type": "Feature", "properties": { "id": 795, "fid": 531, "left": 310921.1270756888, "top": 9046050.6931999996, "right": 312075.827614068, "bottom": 9045050.6931999996, "schools": 1, "distance_to_school": 0.0, "population": 1942.0, "school_per_1000": 0.52, "access_index": 0.64, "access_status": "High Access", "interpretation": "Area has strong access to educational facilities", "norm_school": 0.12187020780330336, "norm_dist": 1.0, "norm_pop": 0.03594690152460793 }, "geometry": { "type": "MultiPolygon", "coordinates": [ [ [ [ 115.281711, -8.630699 ], [ 115.284313, -8.635232 ], [ 115.289559, -8.635255 ], [ 115.292202, -8.630746 ], [ 115.289599, -8.626214 ], [ 115.284354, -8.626191 ], [ 115.281711, -8.630699 ] ] ] ] } },
{ "type": "Feature", "properties": { "id": 796, "fid": 532, "left": 310921.1270756888, "top": 9045050.6931999996, "right": 312075.827614068, "bottom": 9044050.6931999996, "schools": 0, "distance_to_school": 285.51, "population": 1269.0, "school_per_1000": 0.0, "access_index": 0.56, "access_status": "Moderate Access", "interpretation": "Area has moderate access with reasonable proximity", "norm_school": 0.0, "norm_dist": 0.90075577051449118, "norm_pop": 0.023472674173989651 }, "geometry": { "type": "MultiPolygon", "coordinates": [ [ [ [ 115.290911, -8.638121 ], [ 115.291046, -8.637846 ], [ 115.289559, -8.635255 ], [ 115.284313, -8.635232 ], [ 115.28167, -8.639741 ], [ 115.283969, -8.643745 ], [ 115.284637, -8.643373 ], [ 115.285082, -8.643125 ], [ 115.285082, -8.643125 ], [ 115.285082, -8.643125 ], [ 115.285777, -8.642737 ], [ 115.286017, -8.642517 ], [ 115.286017, -8.642516 ], [ 115.286114, -8.64224 ], [ 115.286229, -8.642004 ], [ 115.286307, -8.641747 ], [ 115.286387, -8.641636 ], [ 115.286493, -8.64149 ], [ 115.286728, -8.641305 ], [ 115.286892, -8.641198 ], [ 115.287049, -8.641126 ], [ 115.287142, -8.640962 ], [ 115.287225, -8.640821 ], [ 115.287264, -8.640755 ], [ 115.287399, -8.640534 ], [ 115.287478, -8.640377 ], [ 115.287692, -8.64027 ], [ 115.287849, -8.640091 ], [ 115.288092, -8.639913 ], [ 115.288541, -8.639606 ], [ 115.288877, -8.639406 ], [ 115.289134, -8.639299 ], [ 115.289348, -8.639206 ], [ 115.289826, -8.638992 ], [ 115.290198, -8.638785 ], [ 115.29044, -8.638621 ], [ 115.29069, -8.638392 ], [ 115.290911, -8.638121 ] ] ] ] } },
{ "type": "Feature", "properties": { "id": 820, "fid": 762, "left": 311787.15247947321, "top": 9059550.6931999996, "right": 312941.85301785241, "bottom": 9058550.6931999996, "schools": 1, "distance_to_school": 0.0, "population": 6920.0, "school_per_1000": 0.14, "access_index": 0.59, "access_status": "Moderate Access", "interpretation": "Area has moderate access with reasonable proximity", "norm_school": 0.034193580869844371, "norm_dist": 1.0, "norm_pop": 0.12826811878106267 }, "geometry": { "type": "MultiPolygon", "coordinates": [ [ [ [ 115.290124, -8.508678 ], [ 115.292726, -8.51321 ], [ 115.29797, -8.513233 ], [ 115.300612, -8.508724 ], [ 115.29801, -8.504192 ], [ 115.292766, -8.504169 ], [ 115.290124, -8.508678 ] ] ] ] } },
{ "type": "Feature", "properties": { "id": 821, "fid": 533, "left": 311787.15247947321, "top": 9058550.6931999996, "right": 312941.85301785241, "bottom": 9057550.6931999996, "schools": 0, "distance_to_school": 26.72, "population": 5199.0, "school_per_1000": 0.0, "access_index": 0.58, "access_status": "Moderate Access", "interpretation": "Area has moderate access with reasonable proximity", "norm_school": 0.0, "norm_dist": 0.99071097202336789, "norm_pop": 0.096359897091517696 }, "geometry": { "type": "MultiPolygon", "coordinates": [ [ [ [ 115.290084, -8.517719 ], [ 115.292686, -8.522251 ], [ 115.29793, -8.522274 ], [ 115.300572, -8.517765 ], [ 115.29797, -8.513233 ], [ 115.292726, -8.51321 ], [ 115.290084, -8.517719 ] ] ] ] } },
{ "type": "Feature", "properties": { "id": 822, "fid": 534, "left": 311787.15247947321, "top": 9057550.6931999996, "right": 312941.85301785241, "bottom": 9056550.6931999996, "schools": 2, "distance_to_school": 0.0, "population": 1687.0, "school_per_1000": 1.19, "access_index": 0.71, "access_status": "High Access", "interpretation": "Area has strong access to educational facilities", "norm_school": 0.28057382838705514, "norm_dist": 1.0, "norm_pop": 0.031220212019432429 }, "geometry": { "type": "MultiPolygon", "coordinates": [ [ [ [ 115.290044, -8.52676 ], [ 115.292646, -8.531293 ], [ 115.29789, -8.531316 ], [ 115.300532, -8.526806 ], [ 115.29793, -8.522274 ], [ 115.292686, -8.522251 ], [ 115.290044, -8.52676 ] ] ] ] } },
{ "type": "Feature", "properties": { "id": 823, "fid": 535, "left": 311787.15247947321, "top": 9056550.6931999996, "right": 312941.85301785241, "bottom": 9055550.6931999996, "schools": 0, "distance_to_school": 73.38, "population": 1704.0, "school_per_1000": 0.0, "access_index": 0.58, "access_status": "Moderate Access", "interpretation": "Area has moderate access with reasonable proximity", "norm_school": 0.0, "norm_dist": 0.97449416371026798, "norm_pop": 0.03154987789661217 }, "geometry": { "type": "MultiPolygon", "coordinates": [ [ [ [ 115.290004, -8.535802 ], [ 115.292606, -8.540334 ], [ 115.29785, -8.540357 ], [ 115.300492, -8.535848 ], [ 115.29789, -8.531316 ], [ 115.292646, -8.531293 ], [ 115.290004, -8.535802 ] ] ] ] } },
{ "type": "Feature", "properties": { "id": 826, "fid": 538, "left": 311787.15247947321, "top": 9053550.6931999996, "right": 312941.85301785241, "bottom": 9052550.6931999996, "schools": 0, "distance_to_school": 60.69, "population": 1722.0, "school_per_1000": 0.0, "access_index": 0.59, "access_status": "Moderate Access", "interpretation": "Area has moderate access with reasonable proximity", "norm_school": 0.0, "norm_dist": 0.97890383506987222, "norm_pop": 0.031867384005003808 }, "geometry": { "type": "MultiPolygon", "coordinates": [ [ [ [ 115.289883, -8.562925 ], [ 115.292485, -8.567458 ], [ 115.297729, -8.567481 ], [ 115.300372, -8.562972 ], [ 115.297769, -8.55844 ], [ 115.292525, -8.558416 ], [ 115.289883, -8.562925 ] ] ] ] } },
{ "type": "Feature", "properties": { "id": 827, "fid": 539, "left": 311787.15247947321, "top": 9052550.6931999996, "right": 312941.85301785241, "bottom": 9051550.6931999996, "schools": 2, "distance_to_school": 0.0, "population": 1689.0, "school_per_1000": 1.18, "access_index": 0.71, "access_status": "High Access", "interpretation": "Area has strong access to educational facilities", "norm_school": 0.28019540949808586, "norm_dist": 1.0, "norm_pop": 0.031262454990160699 }, "geometry": { "type": "MultiPolygon", "coordinates": [ [ [ [ 115.289843, -8.571967 ], [ 115.292445, -8.576499 ], [ 115.297689, -8.576522 ], [ 115.300331, -8.572013 ], [ 115.297729, -8.567481 ], [ 115.292485, -8.567458 ], [ 115.289843, -8.571967 ] ] ] ] } },
{ "type": "Feature", "properties": { "id": 828, "fid": 540, "left": 311787.15247947321, "top": 9051550.6931999996, "right": 312941.85301785241, "bottom": 9050550.6931999996, "schools": 1, "distance_to_school": 0.0, "population": 1687.0, "school_per_1000": 0.59, "access_index": 0.65, "access_status": "High Access", "interpretation": "Area has strong access to educational facilities", "norm_school": 0.14028691419352757, "norm_dist": 1.0, "norm_pop": 0.031220212019432429 }, "geometry": { "type": "MultiPolygon", "coordinates": [ [ [ [ 115.289802, -8.581008 ], [ 115.292404, -8.58554 ], [ 115.297649, -8.585563 ], [ 115.300291, -8.581054 ], [ 115.297689, -8.576522 ], [ 115.292445, -8.576499 ], [ 115.289802, -8.581008 ] ] ] ] } },
{ "type": "Feature", "properties": { "id": 13, "fid": 66, "left": 293600.619, "top": 9048050.6931999996, "right": 294755.3195383792, "bottom": 9047050.6931999996, "schools": 1, "distance_to_school": 0.0, "population": 1949.0, "school_per_1000": 0.51, "access_index": 0.64, "access_status": "High Access", "interpretation": "Area has strong access to educational facilities", "norm_school": 0.1214042064464326, "norm_dist": 1.0, "norm_pop": 0.036085103967343143 }, "geometry": { "type": "MultiPolygon", "coordinates": [ [ [ [ 115.125, -8.610948 ], [ 115.125, -8.612836 ], [ 115.127052, -8.616414 ], [ 115.132297, -8.61644 ], [ 115.134941, -8.611933 ], [ 115.132341, -8.6074 ], [ 115.127097, -8.607374 ], [ 115.125, -8.610948 ] ] ] ] } },
{ "type": "Feature", "properties": { "id": 14, "fid": 67, "left": 293600.619, "top": 9047050.6931999996, "right": 294755.3195383792, "bottom": 9046050.6931999996, "schools": 1, "distance_to_school": 0.0, "population": 1858.0, "school_per_1000": 0.54, "access_index": 0.64, "access_status": "High Access", "interpretation": "Area has strong access to educational facilities", "norm_school": 0.12735082782037299, "norm_dist": 1.0, "norm_pop": 0.034397406475972184 }, "geometry": { "type": "MultiPolygon", "coordinates": [ [ [ [ 115.125, -8.619913 ], [ 115.125, -8.621954 ], [ 115.127008, -8.625455 ], [ 115.132253, -8.62548 ], [ 115.134897, -8.620973 ], [ 115.132297, -8.61644 ], [ 115.127052, -8.616414 ], [ 115.125, -8.619913 ] ] ] ] } },
{ "type": "Feature", "properties": { "id": 15, "fid": 68, "left": 293600.619, "top": 9046050.6931999996, "right": 294755.3195383792, "bottom": 9045050.6931999996, "schools": 0, "distance_to_school": 39.79, "population": 1856.0, "school_per_1000": 0.0, "access_index": 0.59, "access_status": "Moderate Access", "interpretation": "Area has moderate access with reasonable proximity", "norm_school": 0.0, "norm_dist": 0.98616800437955554, "norm_pop": 0.034351222801220944 }, "geometry": { "type": "MultiPolygon", "coordinates": [ [ [ [ 115.125, -8.628877 ], [ 115.125, -8.631072 ], [ 115.126963, -8.634495 ], [ 115.132208, -8.634521 ], [ 115.134853, -8.630013 ], [ 115.132253, -8.62548 ], [ 115.127008, -8.625455 ], [ 115.125, -8.628877 ] ] ] ] } },
{ "type": "Feature", "properties": { "id": 16, "fid": 69, "left": 293600.619, "top": 9045050.6931999996, "right": 294755.3195383792, "bottom": 9044050.6931999996, "schools": 0, "distance_to_school": 318.84, "population": 1853.0, "school_per_1000": 0.0, "access_index": 0.55, "access_status": "Low Access", "interpretation": "Access is limited due to fewer schools or distance", "norm_school": 0.0, "norm_dist": 0.88917073091521848, "norm_pop": 0.034301626286221389 }, "geometry": { "type": "MultiPolygon", "coordinates": [ [ [ [ 115.125, -8.637841 ], [ 115.125, -8.640191 ], [ 115.126919, -8.643536 ], [ 115.132164, -8.643561 ], [ 115.134808, -8.639054 ], [ 115.132208, -8.634521 ], [ 115.126963, -8.634495 ], [ 115.125, -8.637841 ] ] ] ] } },
{ "type": "Feature", "properties": { "id": 17, "fid": 70, "left": 293600.619, "top": 9044050.6931999996, "right": 294755.3195383792, "bottom": 9043050.6931999996, "schools": 0, "distance_to_school": 148.34, "population": 1961.0, "school_per_1000": 0.0, "access_index": 0.57, "access_status": "Moderate Access", "interpretation": "Area has moderate access with reasonable proximity", "norm_school": 0.0, "norm_dist": 0.94843809239721288, "norm_pop": 0.036313421982905811 }, "geometry": { "type": "MultiPolygon", "coordinates": [ [ [ [ 115.125, -8.646806 ], [ 115.125, -8.649309 ], [ 115.126874, -8.652576 ], [ 115.132119, -8.652602 ], [ 115.134764, -8.648094 ], [ 115.132164, -8.643561 ], [ 115.126919, -8.643536 ], [ 115.125, -8.646806 ] ] ] ] } },
{ "type": "Feature", "properties": { "id": 18, "fid": 71, "left": 293600.619, "top": 9043050.6931999996, "right": 294755.3195383792, "bottom": 9042050.6931999996, "schools": 0, "distance_to_school": 347.24, "population": 1500.0, "school_per_1000": 0.0, "access_index": 0.55, "access_status": "Low Access", "interpretation": "Access is limited due to fewer schools or distance", "norm_school": 0.0, "norm_dist": 0.87929887392941308, "norm_pop": 0.027765889803124069 }, "geometry": { "type": "MultiPolygon", "coordinates": [ [ [ [ 115.131976, -8.661313 ], [ 115.132197, -8.661434 ], [ 115.134719, -8.657135 ], [ 115.132119, -8.652602 ], [ 115.126874, -8.652576 ], [ 115.125223, -8.65539 ], [ 115.125291, -8.655494 ], [ 115.126262, -8.656206 ], [ 115.127162, -8.656941 ], [ 115.127706, -8.657365 ], [ 115.128841, -8.658369 ], [ 115.129337, -8.658988 ], [ 115.129637, -8.659349 ], [ 115.130439, -8.660049 ], [ 115.131321, -8.660819 ], [ 115.131596, -8.661058 ], [ 115.131976, -8.661313 ] ] ] ] } },
{ "type": "Feature", "properties": { "id": 33, "fid": 304, "left": 293600.619, "top": 9028050.6931999996, "right": 294755.3195383792, "bottom": 9027050.6931999996, "schools": 0, "distance_to_school": 1628.13, "population": 973.0, "school_per_1000": 0.0, "access_index": 0.37, "access_status": "Very Low Access", "interpretation": "Area lacks adequate access to educational facilities", "norm_school": 0.0, "norm_dist": 0.43406242912990706, "norm_pop": 0.017989349623113191 }, "geometry": { "type": "MultiPolygon", "coordinates": [ [ [ [ 115.125, -8.790222 ], [ 115.125, -8.795213 ], [ 115.126153, -8.797222 ], [ 115.1314, -8.797248 ], [ 115.134046, -8.792741 ], [ 115.131837, -8.78889 ], [ 115.131777, -8.788932 ], [ 115.13149, -8.789134 ], [ 115.131453, -8.789155 ], [ 115.131453, -8.789155 ], [ 115.131453, -8.789155 ], [ 115.131273, -8.789258 ], [ 115.131118, -8.789387 ], [ 115.131053, -8.789441 ], [ 115.130615, -8.789807 ], [ 115.130615, -8.789807 ], [ 115.130388, -8.789836 ], [ 115.130324, -8.789844 ], [ 115.130126, -8.789848 ], [ 115.130088, -8.789848 ], [ 115.129882, -8.789894 ], [ 115.128579, -8.790316 ], [ 115.128284, -8.790419 ], [ 115.128172, -8.790458 ], [ 115.128061, -8.790453 ], [ 115.127999, -8.79045 ], [ 115.127765, -8.790427 ], [ 115.127548, -8.790406 ], [ 115.127173, -8.790439 ], [ 115.126947, -8.790448 ], [ 115.126846, -8.790452 ], [ 115.126719, -8.790508 ], [ 115.126542, -8.790645 ], [ 115.126465, -8.790626 ], [ 115.126465, -8.790626 ], [ 115.126465, -8.790626 ], [ 115.126407, -8.790612 ], [ 115.126407, -8.790612 ], [ 115.126393, -8.790596 ], [ 115.126337, -8.79053 ], [ 115.12619, -8.790296 ], [ 115.126169, -8.790263 ], [ 115.125899, -8.790084 ], [ 115.1257, -8.790039 ], [ 115.125569, -8.790003 ], [ 115.125492, -8.789929 ], [ 115.125429, -8.789869 ], [ 115.125393, -8.789797 ], [ 115.125359, -8.789728 ], [ 115.125322, -8.789673 ], [ 115.125, -8.790222 ] ] ] ] } },
{ "type": "Feature", "properties": { "id": 34, "fid": 305, "left": 293600.619, "top": 9027050.6931999996, "right": 294755.3195383792, "bottom": 9026050.6931999996, "schools": 0, "distance_to_school": 1159.81, "population": 1165.0, "school_per_1000": 0.0, "access_index": 0.43, "access_status": "Very Low Access", "interpretation": "Area lacks adequate access to educational facilities", "norm_school": 0.0, "norm_dist": 0.59684908464966024, "norm_pop": 0.021539137991909048 }, "geometry": { "type": "MultiPolygon", "coordinates": [ [ [ [ 115.125, -8.799185 ], [ 115.125, -8.804333 ], [ 115.126107, -8.806262 ], [ 115.131354, -8.806288 ], [ 115.134001, -8.801781 ], [ 115.1314, -8.797248 ], [ 115.126153, -8.797222 ], [ 115.125, -8.799185 ] ] ] ] } },
{ "type": "Feature", "properties": { "id": 35, "fid": 306, "left": 293600.619, "top": 9026050.6931999996, "right": 294755.3195383792, "bottom": 9025050.6931999996, "schools": 0, "distance_to_school": 856.87, "population": 1161.0, "school_per_1000": 0.0, "access_index": 0.48, "access_status": "Very Low Access", "interpretation": "Area lacks adequate access to educational facilities", "norm_school": 0.0, "norm_dist": 0.70215348609304273, "norm_pop": 0.021462651831168942 }, "geometry": { "type": "MultiPolygon", "coordinates": [ [ [ [ 115.125, -8.808147 ], [ 115.125, -8.813452 ], [ 115.126062, -8.815302 ], [ 115.131309, -8.815329 ], [ 115.133955, -8.810821 ], [ 115.131354, -8.806288 ], [ 115.126107, -8.806262 ], [ 115.125, -8.808147 ] ] ] ] } },
{ "type": "Feature", "properties": { "id": 36, "fid": 307, "left": 293600.619, "top": 9025050.6931999996, "right": 294755.3195383792, "bottom": 9024050.6931999996, "schools": 0, "distance_to_school": 1303.35, "population": 1156.0, "school_per_1000": 0.0, "access_index": 0.41, "access_status": "Very Low Access", "interpretation": "Area lacks adequate access to educational facilities", "norm_school": 0.0, "norm_dist": 0.54695524827654118, "norm_pop": 0.021383865312278996 }, "geometry": { "type": "MultiPolygon", "coordinates": [ [ [ [ 115.125, -8.81711 ], [ 115.125, -8.822572 ], [ 115.126016, -8.824343 ], [ 115.131263, -8.824369 ], [ 115.13391, -8.819862 ], [ 115.131309, -8.815329 ], [ 115.126062, -8.815302 ], [ 115.125, -8.81711 ] ] ] ] } },
{ "type": "Feature", "properties": { "id": 37, "fid": 308, "left": 293600.619, "top": 9024050.6931999996, "right": 294755.3195383792, "bottom": 9023050.6931999996, "schools": 0, "distance_to_school": 820.39, "population": 1152.0, "school_per_1000": 0.0, "access_index": 0.48, "access_status": "Very Low Access", "interpretation": "Area lacks adequate access to educational facilities", "norm_school": 0.0, "norm_dist": 0.71483166014531929, "norm_pop": 0.021302778435236744 }, "geometry": { "type": "MultiPolygon", "coordinates": [ [ [ [ 115.125, -8.826073 ], [ 115.125, -8.831692 ], [ 115.12597, -8.833383 ], [ 115.131218, -8.833409 ], [ 115.133864, -8.828902 ], [ 115.131263, -8.824369 ], [ 115.126016, -8.824343 ], [ 115.125, -8.826073 ] ] ] ] } },
{ "type": "Feature", "properties": { "id": 38, "fid": 309, "left": 293600.619, "top": 9023050.6931999996, "right": 294755.3195383792, "bottom": 9022050.6931999996, "schools": 0, "distance_to_school": 327.09, "population": 1147.0, "school_per_1000": 0.0, "access_index": 0.55, "access_status": "Moderate Access", "interpretation": "Area has moderate access with reasonable proximity", "norm_school": 0.0, "norm_dist": 0.8863045547563988, "norm_pop": 0.021219391200040964 }, "geometry": { "type": "MultiPolygon", "coordinates": [ [ [ [ 115.125, -8.835035 ], [ 115.125, -8.840812 ], [ 115.125925, -8.842423 ], [ 115.131172, -8.84245 ], [ 115.133819, -8.837942 ], [ 115.131218, -8.833409 ], [ 115.12597, -8.833383 ], [ 115.125, -8.835035 ] ] ] ] } },
{ "type": "Feature", "properties": { "id": 39, "fid": 310, "left": 293600.619, "top": 9022050.6931999996, "right": 294755.3195383792, "bottom": 9021050.6931999996, "schools": 0, "distance_to_school": 762.61, "population": 629.0, "school_per_1000": 0.0, "access_index": 0.49, "access_status": "Low Access", "interpretation": "Access is limited due to fewer schools or distance", "norm_school": 0.0, "norm_dist": 0.73491705608331215, "norm_pop": 0.011611539657895758 }, "geometry": { "type": "MultiPolygon", "coordinates": [ [ [ [ 115.125, -8.847353 ], [ 115.125, -8.847742 ], [ 115.125, -8.847742 ], [ 115.125001, -8.847742 ], [ 115.125108, -8.847755 ], [ 115.125203, -8.847677 ], [ 115.12526, -8.847421 ], [ 115.125262, -8.847385 ], [ 115.125032, -8.847343 ], [ 115.125019, -8.847343 ], [ 115.125001, -8.847352 ], [ 115.125, -8.847353 ] ] ], [ [ [ 115.133359, -8.847601 ], [ 115.13341, -8.847602 ], [ 115.133773, -8.846983 ], [ 115.131172, -8.84245 ], [ 115.125925, -8.842423 ], [ 115.125, -8.843998 ], [ 115.125, -8.847269 ], [ 115.125001, -8.847268 ], [ 115.12507, -8.847241 ], [ 115.12507, -8.847241 ], [ 115.125182, -8.847197 ], [ 115.125382, -8.847235 ], [ 115.125454, -8.847249 ], [ 115.12565, -8.847297 ], [ 115.125851, -8.847241 ], [ 115.125851, -8.847241 ], [ 115.125902, -8.847227 ], [ 115.126293, -8.847133 ], [ 115.126728, -8.847006 ], [ 115.126911, -8.846917 ], [ 115.127109, -8.846821 ], [ 115.127375, -8.846847 ], [ 115.127376, -8.846847 ], [ 115.127579, -8.846941 ], [ 115.12759, -8.846946 ], [ 115.12759, -8.846946 ], [ 115.12759, -8.846946 ], [ 115.12759, -8.846946 ], [ 115.127859, -8.847073 ], [ 115.127976, -8.847089 ], [ 115.12814, -8.847112 ], [ 115.128269, -8.84715 ], [ 115.128443, -8.847201 ], [ 115.128646, -8.847272 ], [ 115.128646, -8.847272 ], [ 115.128834, -8.847337 ], [ 115.129335, -8.847436 ], [ 115.129749, -8.847452 ], [ 115.129749, -8.847452 ], [ 115.129862, -8.847457 ], [ 115.130435, -8.84748 ], [ 115.130473, -8.847481 ], [ 115.130663, -8.847496 ], [ 115.131058, -8.847527 ], [ 115.131174, -8.847563 ], [ 115.131202, -8.847572 ], [ 115.131242, -8.847571 ], [ 115.133128, -8.847598 ], [ 115.133359, -8.847601 ] ] ] ] } },
{ "type": "Feature", "properties": { "id": 41, "fid": 73, "left": 294466.64440378442, "top": 9058550.6931999996, "right": 295621.34494216362, "bottom": 9057550.6931999996, "schools": 0, "distance_to_school": 656.15, "population": 6675.0, "school_per_1000": 0.0, "access_index": 0.48, "access_status": "Very Low Access", "interpretation": "Area lacks adequate access to educational facilities", "norm_school": 0.0, "norm_dist": 0.77192280311974426, "norm_pop": 0.12371927111812937 }, "geometry": { "type": "MultiPolygon", "coordinates": [ [ [ [ 115.132782, -8.516995 ], [ 115.135382, -8.521528 ], [ 115.140625, -8.521553 ], [ 115.143269, -8.517045 ], [ 115.140669, -8.512512 ], [ 115.135426, -8.512487 ], [ 115.132782, -8.516995 ] ] ] ] } },
{ "type": "Feature", "properties": { "id": 42, "fid": 74, "left": 294466.64440378442, "top": 9057550.6931999996, "right": 295621.34494216362, "bottom": 9056550.6931999996, "schools": 0, "distance_to_school": 250.79, "population": 5290.0, "school_per_1000": 0.0, "access_index": 0.55, "access_status": "Low Access", "interpretation": "Access is limited due to fewer schools or distance", "norm_school": 0.0, "norm_dist": 0.91282437654749715, "norm_pop": 0.098039713029399178 }, "geometry": { "type": "MultiPolygon", "coordinates": [ [ [ [ 115.132738, -8.526035 ], [ 115.135338, -8.530568 ], [ 115.140581, -8.530593 ], [ 115.143225, -8.526086 ], [ 115.140625, -8.521553 ], [ 115.135382, -8.521528 ], [ 115.132738, -8.526035 ] ] ] ] } },
{ "type": "Feature", "properties": { "id": 43, "fid": 75, "left": 294466.64440378442, "top": 9056550.6931999996, "right": 295621.34494216362, "bottom": 9055550.6931999996, "schools": 0, "distance_to_school": 19.14, "population": 4746.0, "school_per_1000": 0.0, "access_index": 0.58, "access_status": "Moderate Access", "interpretation": "Area has moderate access with reasonable proximity", "norm_school": 0.0, "norm_dist": 0.9933478897290523, "norm_pop": 0.087951467897441654 }, "geometry": { "type": "MultiPolygon", "coordinates": [ [ [ [ 115.132694, -8.535076 ], [ 115.135294, -8.539609 ], [ 115.140538, -8.539634 ], [ 115.143181, -8.535126 ], [ 115.140581, -8.530593 ], [ 115.135338, -8.530568 ], [ 115.132694, -8.535076 ] ] ] ] } },
{ "type": "Feature", "properties": { "id": 44, "fid": 76, "left": 294466.64440378442, "top": 9055550.6931999996, "right": 295621.34494216362, "bottom": 9054550.6931999996, "schools": 0, "distance_to_school": 324.65, "population": 3807.0, "school_per_1000": 0.0, "access_index": 0.54, "access_status": "Low Access", "interpretation": "Access is limited due to fewer schools or distance", "norm_school": 0.0, "norm_dist": 0.88715328385724401, "norm_pop": 0.070531362851100773 }, "geometry": { "type": "MultiPolygon", "coordinates": [ [ [ [ 115.13265, -8.544116 ], [ 115.13525, -8.548649 ], [ 115.140494, -8.548674 ], [ 115.143138, -8.544167 ], [ 115.140538, -8.539634 ], [ 115.135294, -8.539609 ], [ 115.13265, -8.544116 ] ] ] ] } },
{ "type": "Feature", "properties": { "id": 45, "fid": 77, "left": 294466.64440378442, "top": 9054550.6931999996, "right": 295621.34494216362, "bottom": 9053550.6931999996, "schools": 2, "distance_to_school": 0.0, "population": 2726.0, "school_per_1000": 0.73, "access_index": 0.66, "access_status": "High Access", "interpretation": "Area has strong access to educational facilities", "norm_school": 0.1735869652917664, "norm_dist": 1.0, "norm_pop": 0.050497946980188384 }, "geometry": { "type": "MultiPolygon", "coordinates": [ [ [ [ 115.132606, -8.553157 ], [ 115.135206, -8.55769 ], [ 115.14045, -8.557715 ], [ 115.143094, -8.553207 ], [ 115.140494, -8.548674 ], [ 115.13525, -8.548649 ], [ 115.132606, -8.553157 ] ] ] ] } },
{ "type": "Feature", "properties": { "id": 46, "fid": 78, "left": 294466.64440378442, "top": 9053550.6931999996, "right": 295621.34494216362, "bottom": 9052550.6931999996, "schools": 1, "distance_to_school": 0.0, "population": 2726.0, "school_per_1000": 0.37, "access_index": 0.62, "access_status": "High Access", "interpretation": "Area has strong access to educational facilities", "norm_school": 0.086793482645883199, "norm_dist": 1.0, "norm_pop": 0.050497946980188384 }, "geometry": { "type": "MultiPolygon", "coordinates": [ [ [ [ 115.132562, -8.562197 ], [ 115.135162, -8.56673 ], [ 115.140406, -8.566755 ], [ 115.14305, -8.562248 ], [ 115.14045, -8.557715 ], [ 115.135206, -8.55769 ], [ 115.132562, -8.562197 ] ] ] ] } },
{ "type": "Feature", "properties": { "id": 47, "fid": 79, "left": 294466.64440378442, "top": 9052550.6931999996, "right": 295621.34494216362, "bottom": 9051550.6931999996, "schools": 2, "distance_to_school": 0.0, "population": 2726.0, "school_per_1000": 0.73, "access_index": 0.66, "access_status": "High Access", "interpretation": "Area has strong access to educational facilities", "norm_school": 0.1735869652917664, "norm_dist": 1.0, "norm_pop": 0.050497946980188384 }, "geometry": { "type": "MultiPolygon", "coordinates": [ [ [ [ 115.132518, -8.571238 ], [ 115.135118, -8.575771 ], [ 115.140362, -8.575796 ], [ 115.143006, -8.571288 ], [ 115.140406, -8.566755 ], [ 115.135162, -8.56673 ], [ 115.132518, -8.571238 ] ] ] ] } },
{ "type": "Feature", "properties": { "id": 48, "fid": 80, "left": 294466.64440378442, "top": 9051550.6931999996, "right": 295621.34494216362, "bottom": 9050550.6931999996, "schools": 1, "distance_to_school": 0.0, "population": 2726.0, "school_per_1000": 0.37, "access_index": 0.62, "access_status": "High Access", "interpretation": "Area has strong access to educational facilities", "norm_school": 0.086793482645883199, "norm_dist": 1.0, "norm_pop": 0.050497946980188384 }, "geometry": { "type": "MultiPolygon", "coordinates": [ [ [ [ 115.132474, -8.580278 ], [ 115.135074, -8.584811 ], [ 115.140318, -8.584836 ], [ 115.142962, -8.580329 ], [ 115.140362, -8.575796 ], [ 115.135118, -8.575771 ], [ 115.132474, -8.580278 ] ] ] ] } },
{ "type": "Feature", "properties": { "id": 49, "fid": 81, "left": 294466.64440378442, "top": 9050550.6931999996, "right": 295621.34494216362, "bottom": 9049550.6931999996, "schools": 0, "distance_to_school": 447.6, "population": 2726.0, "school_per_1000": 0.0, "access_index": 0.53, "access_status": "Low Access", "interpretation": "Access is limited due to fewer schools or distance", "norm_school": 0.0, "norm_dist": 0.84441566282650504, "norm_pop": 0.050497946980188384 }, "geometry": { "type": "MultiPolygon", "coordinates": [ [ [ [ 115.13243, -8.589319 ], [ 115.13503, -8.593852 ], [ 115.140274, -8.593877 ], [ 115.142918, -8.589369 ], [ 115.140318, -8.584836 ], [ 115.135074, -8.584811 ], [ 115.13243, -8.589319 ] ] ] ] } },
{ "type": "Feature", "properties": { "id": 50, "fid": 82, "left": 294466.64440378442, "top": 9049550.6931999996, "right": 295621.34494216362, "bottom": 9048550.6931999996, "schools": 0, "distance_to_school": 1088.02, "population": 2726.0, "school_per_1000": 0.0, "access_index": 0.44, "access_status": "Very Low Access", "interpretation": "Area lacks adequate access to educational facilities", "norm_school": 0.0, "norm_dist": 0.62180379485055937, "norm_pop": 0.050497946980188384 }, "geometry": { "type": "MultiPolygon", "coordinates": [ [ [ [ 115.132386, -8.598359 ], [ 115.134986, -8.602892 ], [ 115.14023, -8.602917 ], [ 115.142874, -8.59841 ], [ 115.140274, -8.593877 ], [ 115.13503, -8.593852 ], [ 115.132386, -8.598359 ] ] ] ] } },
{ "type": "Feature", "properties": { "id": 51, "fid": 83, "left": 294466.64440378442, "top": 9048550.6931999996, "right": 295621.34494216362, "bottom": 9047550.6931999996, "schools": 0, "distance_to_school": 850.11, "population": 2635.0, "school_per_1000": 0.0, "access_index": 0.47, "access_status": "Very Low Access", "interpretation": "Area lacks adequate access to educational facilities", "norm_school": 0.0, "norm_dist": 0.70450227079521199, "norm_pop": 0.048805500296597699 }, "geometry": { "type": "MultiPolygon", "coordinates": [ [ [ [ 115.132341, -8.6074 ], [ 115.134941, -8.611933 ], [ 115.140186, -8.611958 ], [ 115.14283, -8.60745 ], [ 115.14023, -8.602917 ], [ 115.134986, -8.602892 ], [ 115.132341, -8.6074 ] ] ] ] } },
{ "type": "Feature", "properties": { "id": 52, "fid": 84, "left": 294466.64440378442, "top": 9047550.6931999996, "right": 295621.34494216362, "bottom": 9046550.6931999996, "schools": 0, "distance_to_school": 364.13, "population": 2129.0, "school_per_1000": 0.0, "access_index": 0.54, "access_status": "Low Access", "interpretation": "Access is limited due to fewer schools or distance", "norm_school": 0.0, "norm_dist": 0.87342846161444188, "norm_pop": 0.039428308727152188 }, "geometry": { "type": "MultiPolygon", "coordinates": [ [ [ [ 115.132297, -8.61644 ], [ 115.134897, -8.620973 ], [ 115.140142, -8.620998 ], [ 115.142786, -8.616491 ], [ 115.140186, -8.611958 ], [ 115.134941, -8.611933 ], [ 115.132297, -8.61644 ] ] ] ] } },
{ "type": "Feature", "properties": { "id": 53, "fid": 85, "left": 294466.64440378442, "top": 9046550.6931999996, "right": 295621.34494216362, "bottom": 9045550.6931999996, "schools": 0, "distance_to_school": 264.02, "population": 1874.0, "school_per_1000": 0.0, "access_index": 0.56, "access_status": "Moderate Access", "interpretation": "Area has moderate access with reasonable proximity", "norm_school": 0.0, "norm_dist": 0.90822735449257042, "norm_pop": 0.034692708717908569 }, "geometry": { "type": "MultiPolygon", "coordinates": [ [ [ [ 115.132253, -8.62548 ], [ 115.134853, -8.630013 ], [ 115.140097, -8.630039 ], [ 115.142742, -8.625531 ], [ 115.140142, -8.620998 ], [ 115.134897, -8.620973 ], [ 115.132253, -8.62548 ] ] ] ] } },
{ "type": "Feature", "properties": { "id": 54, "fid": 86, "left": 294466.64440378442, "top": 9045550.6931999996, "right": 295621.34494216362, "bottom": 9044550.6931999996, "schools": 2, "distance_to_school": 0.0, "population": 1894.0, "school_per_1000": 1.06, "access_index": 0.69, "access_status": "High Access", "interpretation": "Area has strong access to educational facilities", "norm_school": 0.24990847845683806, "norm_dist": 1.0, "norm_pop": 0.035058252900922467 }, "geometry": { "type": "MultiPolygon", "coordinates": [ [ [ [ 115.132208, -8.634521 ], [ 115.134808, -8.639054 ], [ 115.140053, -8.639079 ], [ 115.142698, -8.634572 ], [ 115.140097, -8.630039 ], [ 115.134853, -8.630013 ], [ 115.132208, -8.634521 ] ] ] ] } },
{ "type": "Feature", "properties": { "id": 55, "fid": 87, "left": 294466.64440378442, "top": 9044550.6931999996, "right": 295621.34494216362, "bottom": 9043550.6931999996, "schools": 0, "distance_to_school": 302.29, "population": 2100.0, "school_per_1000": 0.0, "access_index": 0.55, "access_status": "Moderate Access", "interpretation": "Area has moderate access with reasonable proximity", "norm_school": 0.0, "norm_dist": 0.89492542377099171, "norm_pop": 0.038883167337547341 }, "geometry": { "type": "MultiPolygon", "coordinates": [ [ [ [ 115.132164, -8.643561 ], [ 115.134764, -8.648094 ], [ 115.140009, -8.64812 ], [ 115.142653, -8.643612 ], [ 115.140053, -8.639079 ], [ 115.134808, -8.639054 ], [ 115.132164, -8.643561 ] ] ] ] } },
{ "type": "Feature", "properties": { "id": 56, "fid": 88, "left": 294466.64440378442, "top": 9043550.6931999996, "right": 295621.34494216362, "bottom": 9042550.6931999996, "schools": 2, "distance_to_school": 0.0, "population": 2169.0, "school_per_1000": 0.92, "access_index": 0.68, "access_status": "High Access", "interpretation": "Area has strong access to educational facilities", "norm_school": 0.21816591253750844, "norm_dist": 1.0, "norm_pop": 0.040167583031279583 }, "geometry": { "type": "MultiPolygon", "coordinates": [ [ [ [ 115.132119, -8.652602 ], [ 115.134719, -8.657135 ], [ 115.139964, -8.65716 ], [ 115.142609, -8.652653 ], [ 115.140009, -8.64812 ], [ 115.134764, -8.648094 ], [ 115.132119, -8.652602 ] ] ] ] } },
{ "type": "Feature", "properties": { "id": 57, "fid": 423, "left": 294466.64440378442, "top": 9042550.6931999996, "right": 295621.34494216362, "bottom": 9041550.6931999996, "schools": 0, "distance_to_school": 665.89, "population": 1844.0, "school_per_1000": 0.0, "access_index": 0.5, "access_status": "Low Access", "interpretation": "Access is limited due to fewer schools or distance", "norm_school": 0.0, "norm_dist": 0.76853811050036469, "norm_pop": 0.034141075286657441 }, "geometry": { "type": "MultiPolygon", "coordinates": [ [ [ [ 115.138241, -8.665883 ], [ 115.138438, -8.666194 ], [ 115.13992, -8.666201 ], [ 115.142565, -8.661693 ], [ 115.139964, -8.65716 ], [ 115.134719, -8.657135 ], [ 115.132197, -8.661434 ], [ 115.132632, -8.661672 ], [ 115.132632, -8.661672 ], [ 115.132759, -8.661742 ], [ 115.132995, -8.661861 ], [ 115.133308, -8.662019 ], [ 115.133597, -8.662224 ], [ 115.133879, -8.662534 ], [ 115.134316, -8.66291 ], [ 115.13453, -8.663047 ], [ 115.13468, -8.663106 ], [ 115.13489, -8.663237 ], [ 115.135201, -8.663487 ], [ 115.135201, -8.663487 ], [ 115.135259, -8.663549 ], [ 115.135308, -8.663601 ], [ 115.135308, -8.663601 ], [ 115.1356, -8.663823 ], [ 115.136329, -8.664441 ], [ 115.137031, -8.664912 ], [ 115.137661, -8.665296 ], [ 115.137934, -8.665496 ], [ 115.138241, -8.665883 ] ] ] ] } },
{ "type": "Feature", "properties": { "id": 58, "fid": 424, "left": 294466.64440378442, "top": 9041550.6931999996, "right": 295621.34494216362, "bottom": 9040550.6931999996, "schools": 0, "distance_to_school": 1094.7, "population": 141.0, "school_per_1000": 0.0, "access_index": 0.45, "access_status": "Very Low Access", "interpretation": "Area lacks adequate access to educational facilities", "norm_school": 0.0, "norm_dist": 0.61948289086537889, "norm_pop": 0.0025507242686825205 }, "geometry": { "type": "MultiPolygon", "coordinates": [ [ [ [ 115.142228, -8.67062 ], [ 115.142499, -8.670771 ], [ 115.14252, -8.670734 ], [ 115.13992, -8.666201 ], [ 115.138438, -8.666194 ], [ 115.138522, -8.666325 ], [ 115.138987, -8.667049 ], [ 115.139337, -8.667504 ], [ 115.139638, -8.667823 ], [ 115.13969, -8.667865 ], [ 115.140157, -8.668434 ], [ 115.140432, -8.668803 ], [ 115.141128, -8.669675 ], [ 115.141764, -8.670261 ], [ 115.142228, -8.67062 ] ] ] ] } },
{ "type": "Feature", "properties": { "id": 70, "fid": 311, "left": 294466.64440378442, "top": 9029550.6931999996, "right": 295621.34494216362, "bottom": 9028550.6931999996, "schools": 0, "distance_to_school": 2044.24, "population": 3.0, "school_per_1000": 0.0, "access_index": 0.32, "access_status": "Very Low Access", "interpretation": "Area lacks adequate access to educational facilities", "norm_school": 0.0, "norm_dist": 0.2894212385513204, "norm_pop": 0.0 }, "geometry": { "type": "MultiPolygon", "coordinates": [ [ [ [ 115.139252, -8.783374 ], [ 115.138861, -8.783724 ], [ 115.139338, -8.783726 ], [ 115.139726, -8.783065 ], [ 115.139252, -8.783374 ] ] ] ] } },
{ "type": "Feature", "properties": { "id": 71, "fid": 312, "left": 294466.64440378442, "top": 9028550.6931999996, "right": 295621.34494216362, "bottom": 9027550.6931999996, "schools": 0, "distance_to_school": 1187.3, "population": 1012.0, "school_per_1000": 0.0, "access_index": 0.43, "access_status": "Very Low Access", "interpretation": "Area lacks adequate access to educational facilities", "norm_school": 0.0, "norm_dist": 0.58729417144420815, "norm_pop": 0.018702772331364758 }, "geometry": { "type": "MultiPolygon", "coordinates": [ [ [ [ 115.131856, -8.788876 ], [ 115.131837, -8.78889 ], [ 115.134046, -8.792741 ], [ 115.139293, -8.792767 ], [ 115.141939, -8.788259 ], [ 115.139338, -8.783726 ], [ 115.138861, -8.783724 ], [ 115.138749, -8.783825 ], [ 115.138405, -8.784173 ], [ 115.138225, -8.784356 ], [ 115.137994, -8.784557 ], [ 115.137487, -8.784996 ], [ 115.137081, -8.785322 ], [ 115.136894, -8.785471 ], [ 115.136091, -8.785887 ], [ 115.135503, -8.786191 ], [ 115.135171, -8.786284 ], [ 115.135085, -8.786308 ], [ 115.133558, -8.786671 ], [ 115.133427, -8.786737 ], [ 115.133427, -8.786737 ], [ 115.133427, -8.786738 ], [ 115.133244, -8.78683 ], [ 115.133105, -8.786938 ], [ 115.133009, -8.787012 ], [ 115.132822, -8.787232 ], [ 115.132548, -8.787706 ], [ 115.132504, -8.787782 ], [ 115.132504, -8.787782 ], [ 115.132504, -8.787782 ], [ 115.13195, -8.788742 ], [ 115.131925, -8.788812 ], [ 115.131893, -8.788842 ], [ 115.131856, -8.788876 ], [ 115.131856, -8.788876 ] ] ] ] } },
{ "type": "Feature", "properties": { "id": 72, "fid": 313, "left": 294466.64440378442, "top": 9027550.6931999996, "right": 295621.34494216362, "bottom": 9026550.6931999996, "schools": 0, "distance_to_school": 628.13, "population": 1231.0, "school_per_1000": 0.0, "access_index": 0.51, "access_status": "Low Access", "interpretation": "Access is limited due to fewer schools or distance", "norm_school": 0.0, "norm_dist": 0.78166252719479978, "norm_pop": 0.022772752445845205 }, "geometry": { "type": "MultiPolygon", "coordinates": [ [ [ [ 115.1314, -8.797248 ], [ 115.134001, -8.801781 ], [ 115.139248, -8.801807 ], [ 115.141894, -8.7973 ], [ 115.139293, -8.792767 ], [ 115.134046, -8.792741 ], [ 115.1314, -8.797248 ] ] ] ] } },
{ "type": "Feature", "properties": { "id": 73, "fid": 314, "left": 294466.64440378442, "top": 9026550.6931999996, "right": 295621.34494216362, "bottom": 9025550.6931999996, "schools": 0, "distance_to_school": 159.81, "population": 1231.0, "school_per_1000": 0.0, "access_index": 0.57, "access_status": "Moderate Access", "interpretation": "Area has moderate access with reasonable proximity", "norm_school": 0.0, "norm_dist": 0.9444491827145528, "norm_pop": 0.022772752445845205 }, "geometry": { "type": "MultiPolygon", "coordinates": [ [ [ [ 115.131354, -8.806288 ], [ 115.133955, -8.810821 ], [ 115.139203, -8.810847 ], [ 115.141849, -8.80634 ], [ 115.139248, -8.801807 ], [ 115.134001, -8.801781 ], [ 115.131354, -8.806288 ] ] ] ] } },
{ "type": "Feature", "properties": { "id": 74, "fid": 315, "left": 294466.64440378442, "top": 9025550.6931999996, "right": 295621.34494216362, "bottom": 9024550.6931999996, "schools": 0, "distance_to_school": 303.35, "population": 1231.0, "school_per_1000": 0.0, "access_index": 0.55, "access_status": "Moderate Access", "interpretation": "Area has moderate access with reasonable proximity", "norm_school": 0.0, "norm_dist": 0.89455534634143385, "norm_pop": 0.022772752445845205 }, "geometry": { "type": "MultiPolygon", "coordinates": [ [ [ [ 115.131309, -8.815329 ], [ 115.13391, -8.819862 ], [ 115.139157, -8.819888 ], [ 115.141804, -8.815381 ], [ 115.139203, -8.810847 ], [ 115.133955, -8.810821 ], [ 115.131309, -8.815329 ] ] ] ] } },
{ "type": "Feature", "properties": { "id": 75, "fid": 316, "left": 294466.64440378442, "top": 9024550.6931999996, "right": 295621.34494216362, "bottom": 9023550.6931999996, "schools": 0, "distance_to_school": 1045.74, "population": 1231.0, "school_per_1000": 0.0, "access_index": 0.45, "access_status": "Very Low Access", "interpretation": "Area lacks adequate access to educational facilities", "norm_school": 0.0, "norm_dist": 0.636502301558311, "norm_pop": 0.022772752445845205 }, "geometry": { "type": "MultiPolygon", "coordinates": [ [ [ [ 115.131263, -8.824369 ], [ 115.133864, -8.828902 ], [ 115.139112, -8.828928 ], [ 115.141758, -8.824421 ], [ 115.139157, -8.819888 ], [ 115.13391, -8.819862 ], [ 115.131263, -8.824369 ] ] ] ] } },
{ "type": "Feature", "properties": { "id": 76, "fid": 317, "left": 294466.64440378442, "top": 9023550.6931999996, "right": 295621.34494216362, "bottom": 9022550.6931999996, "schools": 0, "distance_to_school": 45.74, "population": 1231.0, "school_per_1000": 0.0, "access_index": 0.59, "access_status": "Moderate Access", "interpretation": "Area has moderate access with reasonable proximity", "norm_school": 0.0, "norm_dist": 0.98410239962321122, "norm_pop": 0.022772752445845205 }, "geometry": { "type": "MultiPolygon", "coordinates": [ [ [ [ 115.131218, -8.833409 ], [ 115.133819, -8.837942 ], [ 115.139067, -8.837969 ], [ 115.141713, -8.833461 ], [ 115.139112, -8.828928 ], [ 115.133864, -8.828902 ], [ 115.131218, -8.833409 ] ] ] ] } },
{ "type": "Feature", "properties": { "id": 77, "fid": 318, "left": 294466.64440378442, "top": 9022550.6931999996, "right": 295621.34494216362, "bottom": 9021550.6931999996, "schools": 1, "distance_to_school": 0.0, "population": 1231.0, "school_per_1000": 0.81, "access_index": 0.67, "access_status": "High Access", "interpretation": "Area has strong access to educational facilities", "norm_school": 0.19219344959429771, "norm_dist": 1.0, "norm_pop": 0.022772752445845205 }, "geometry": { "type": "MultiPolygon", "coordinates": [ [ [ [ 115.131172, -8.84245 ], [ 115.133773, -8.846983 ], [ 115.139021, -8.847009 ], [ 115.141668, -8.842502 ], [ 115.139067, -8.837969 ], [ 115.133819, -8.837942 ], [ 115.131172, -8.84245 ] ] ] ] } },
{ "type": "Feature", "properties": { "id": 78, "fid": 319, "left": 294466.64440378442, "top": 9021550.6931999996, "right": 295621.34494216362, "bottom": 9020550.6931999996, "schools": 0, "distance_to_school": 954.26, "population": 82.0, "school_per_1000": 0.0, "access_index": 0.47, "access_status": "Very Low Access", "interpretation": "Area lacks adequate access to educational facilities", "norm_school": 0.0, "norm_dist": 0.66829750231188856, "norm_pop": 0.0014581093003747738 }, "geometry": { "type": "MultiPolygon", "coordinates": [ [ [ [ 115.139232, -8.847767 ], [ 115.139455, -8.847764 ], [ 115.139021, -8.847009 ], [ 115.133773, -8.846983 ], [ 115.13341, -8.847602 ], [ 115.133544, -8.847604 ], [ 115.133544, -8.847604 ], [ 115.133552, -8.847605 ], [ 115.134337, -8.847669 ], [ 115.135181, -8.847782 ], [ 115.135181, -8.847782 ], [ 115.135938, -8.847883 ], [ 115.136383, -8.847918 ], [ 115.136525, -8.847929 ], [ 115.136746, -8.847947 ], [ 115.137445, -8.84798 ], [ 115.137622, -8.847961 ], [ 115.137933, -8.847927 ], [ 115.137987, -8.847921 ], [ 115.139232, -8.847767 ] ] ] ] } },
{ "type": "Feature", "properties": { "id": 79, "fid": 89, "left": 295332.66980756889, "top": 9060050.6931999996, "right": 296487.37034594809, "bottom": 9059050.6931999996, "schools": 0, "distance_to_school": 1282.43, "population": 5695.0, "school_per_1000": 0.0, "access_index": 0.4, "access_status": "Very Low Access", "interpretation": "Area lacks adequate access to educational facilities", "norm_school": 0.0, "norm_dist": 0.55422859778948641, "norm_pop": 0.10555283884977354 }, "geometry": { "type": "MultiPolygon", "coordinates": [ [ [ [ 115.149179, -8.5 ], [ 115.142748, -8.5 ], [ 115.140712, -8.503472 ], [ 115.143312, -8.508005 ], [ 115.148555, -8.50803 ], [ 115.151198, -8.503522 ], [ 115.149179, -8.5 ] ] ] ] } },
{ "type": "Feature", "properties": { "id": 80, "fid": 90, "left": 295332.66980756889, "top": 9059050.6931999996, "right": 296487.37034594809, "bottom": 9058050.6931999996, "schools": 0, "distance_to_school": 1458.1, "population": 4949.0, "school_per_1000": 0.0, "access_index": 0.38, "access_status": "Very Low Access", "interpretation": "Area lacks adequate access to educational facilities", "norm_school": 0.0, "norm_dist": 0.49316372104856998, "norm_pop": 0.09172463261227784 }, "geometry": { "type": "MultiPolygon", "coordinates": [ [ [ [ 115.140669, -8.512512 ], [ 115.143269, -8.517045 ], [ 115.148512, -8.51707 ], [ 115.151155, -8.512562 ], [ 115.148555, -8.50803 ], [ 115.143312, -8.508005 ], [ 115.140669, -8.512512 ] ] ] ] } },
{ "type": "Feature", "properties": { "id": 81, "fid": 91, "left": 295332.66980756889, "top": 9058050.6931999996, "right": 296487.37034594809, "bottom": 9057050.6931999996, "schools": 0, "distance_to_school": 1242.94, "population": 2898.0, "school_per_1000": 0.0, "access_index": 0.42, "access_status": "Very Low Access", "interpretation": "Area lacks adequate access to educational facilities", "norm_school": 0.0, "norm_dist": 0.56795473589942524, "norm_pop": 0.053676347578033891 }, "geometry": { "type": "MultiPolygon", "coordinates": [ [ [ [ 115.140625, -8.521553 ], [ 115.143225, -8.526086 ], [ 115.148468, -8.526111 ], [ 115.151112, -8.521603 ], [ 115.148512, -8.51707 ], [ 115.143269, -8.517045 ], [ 115.140625, -8.521553 ] ] ] ] } },
{ "type": "Feature", "properties": { "id": 82, "fid": 92, "left": 295332.66980756889, "top": 9057050.6931999996, "right": 296487.37034594809, "bottom": 9056050.6931999996, "schools": 0, "distance_to_school": 516.31, "population": 2726.0, "school_per_1000": 0.0, "access_index": 0.52, "access_status": "Low Access", "interpretation": "Access is limited due to fewer schools or distance", "norm_school": 0.0, "norm_dist": 0.8205304620255679, "norm_pop": 0.050497946980188384 }, "geometry": { "type": "MultiPolygon", "coordinates": [ [ [ [ 115.140581, -8.530593 ], [ 115.143181, -8.535126 ], [ 115.148425, -8.535151 ], [ 115.151068, -8.530644 ], [ 115.148468, -8.526111 ], [ 115.143225, -8.526086 ], [ 115.140581, -8.530593 ] ] ] ] } },
{ "type": "Feature", "properties": { "id": 83, "fid": 93, "left": 295332.66980756889, "top": 9056050.6931999996, "right": 296487.37034594809, "bottom": 9055050.6931999996, "schools": 1, "distance_to_school": 0.0, "population": 2726.0, "school_per_1000": 0.37, "access_index": 0.62, "access_status": "High Access", "interpretation": "Area has strong access to educational facilities", "norm_school": 0.086793482645883199, "norm_dist": 1.0, "norm_pop": 0.050497946980188384 }, "geometry": { "type": "MultiPolygon", "coordinates": [ [ [ [ 115.140538, -8.539634 ], [ 115.143138, -8.544167 ], [ 115.148381, -8.544192 ], [ 115.151025, -8.539684 ], [ 115.148425, -8.535151 ], [ 115.143181, -8.535126 ], [ 115.140538, -8.539634 ] ] ] ] } },
{ "type": "Feature", "properties": { "id": 84, "fid": 94, "left": 295332.66980756889, "top": 9055050.6931999996, "right": 296487.37034594809, "bottom": 9054050.6931999996, "schools": 1, "distance_to_school": 0.0, "population": 2726.0, "school_per_1000": 0.37, "access_index": 0.62, "access_status": "High Access", "interpretation": "Area has strong access to educational facilities", "norm_school": 0.086793482645883199, "norm_dist": 1.0, "norm_pop": 0.050497946980188384 }, "geometry": { "type": "MultiPolygon", "coordinates": [ [ [ [ 115.140494, -8.548674 ], [ 115.143094, -8.553207 ], [ 115.148338, -8.553232 ], [ 115.150981, -8.548725 ], [ 115.148381, -8.544192 ], [ 115.143138, -8.544167 ], [ 115.140494, -8.548674 ] ] ] ] } },
{ "type": "Feature", "properties": { "id": 85, "fid": 95, "left": 295332.66980756889, "top": 9054050.6931999996, "right": 296487.37034594809, "bottom": 9053050.6931999996, "schools": 0, "distance_to_school": 20.38, "population": 2726.0, "school_per_1000": 0.0, "access_index": 0.59, "access_status": "Moderate Access", "interpretation": "Area has moderate access with reasonable proximity", "norm_school": 0.0, "norm_dist": 0.99291515918469797, "norm_pop": 0.050497946980188384 }, "geometry": { "type": "MultiPolygon", "coordinates": [ [ [ [ 115.14045, -8.557715 ], [ 115.14305, -8.562248 ], [ 115.148294, -8.562273 ], [ 115.150938, -8.557765 ], [ 115.148338, -8.553232 ], [ 115.143094, -8.553207 ], [ 115.14045, -8.557715 ] ] ] ] } },
{ "type": "Feature", "properties": { "id": 86, "fid": 96, "left": 295332.66980756889, "top": 9053050.6931999996, "right": 296487.37034594809, "bottom": 9052050.6931999996, "schools": 0, "distance_to_school": 503.3, "population": 2726.0, "school_per_1000": 0.0, "access_index": 0.52, "access_status": "Low Access", "interpretation": "Access is limited due to fewer schools or distance", "norm_school": 0.0, "norm_dist": 0.82505336235995164, "norm_pop": 0.050497946980188384 }, "geometry": { "type": "MultiPolygon", "coordinates": [ [ [ [ 115.140406, -8.566755 ], [ 115.143006, -8.571288 ], [ 115.14825, -8.571314 ], [ 115.150894, -8.566806 ], [ 115.148294, -8.562273 ], [ 115.14305, -8.562248 ], [ 115.140406, -8.566755 ] ] ] ] } },
{ "type": "Feature", "properties": { "id": 87, "fid": 97, "left": 295332.66980756889, "top": 9052050.6931999996, "right": 296487.37034594809, "bottom": 9051050.6931999996, "schools": 0, "distance_to_school": 162.18, "population": 2726.0, "school_per_1000": 0.0, "access_index": 0.57, "access_status": "Moderate Access", "interpretation": "Area has moderate access with reasonable proximity", "norm_school": 0.0, "norm_dist": 0.94362586347537603, "norm_pop": 0.050497946980188384 }, "geometry": { "type": "MultiPolygon", "coordinates": [ [ [ [ 115.140362, -8.575796 ], [ 115.142962, -8.580329 ], [ 115.148206, -8.580354 ], [ 115.15085, -8.575846 ], [ 115.14825, -8.571314 ], [ 115.143006, -8.571288 ], [ 115.140362, -8.575796 ] ] ] ] } },
{ "type": "Feature", "properties": { "id": 88, "fid": 98, "left": 295332.66980756889, "top": 9051050.6931999996, "right": 296487.37034594809, "bottom": 9050050.6931999996, "schools": 0, "distance_to_school": 692.55, "population": 2699.0, "school_per_1000": 0.0, "access_index": 0.49, "access_status": "Low Access", "interpretation": "Access is limited due to fewer schools or distance", "norm_school": 0.0, "norm_dist": 0.75926848683801518, "norm_pop": 0.049998642870586217 }, "geometry": { "type": "MultiPolygon", "coordinates": [ [ [ [ 115.140318, -8.584836 ], [ 115.142918, -8.589369 ], [ 115.148162, -8.589395 ], [ 115.150806, -8.584887 ], [ 115.148206, -8.580354 ], [ 115.142962, -8.580329 ], [ 115.140318, -8.584836 ] ] ] ] } },
{ "type": "Feature", "properties": { "id": 89, "fid": 99, "left": 295332.66980756889, "top": 9050050.6931999996, "right": 296487.37034594809, "bottom": 9049050.6931999996, "schools": 0, "distance_to_school": 1447.6, "population": 2726.0, "school_per_1000": 0.0, "access_index": 0.39, "access_status": "Very Low Access", "interpretation": "Area lacks adequate access to educational facilities", "norm_school": 0.0, "norm_dist": 0.49681556476159489, "norm_pop": 0.050497946980188384 }, "geometry": { "type": "MultiPolygon", "coordinates": [ [ [ [ 115.140274, -8.593877 ], [ 115.142874, -8.59841 ], [ 115.148119, -8.598435 ], [ 115.150763, -8.593927 ], [ 115.148162, -8.589395 ], [ 115.142918, -8.589369 ], [ 115.140274, -8.593877 ] ] ] ] } },
{ "type": "Feature", "properties": { "id": 90, "fid": 100, "left": 295332.66980756889, "top": 9049050.6931999996, "right": 296487.37034594809, "bottom": 9048050.6931999996, "schools": 0, "distance_to_school": 1057.94, "population": 2693.0, "school_per_1000": 0.0, "access_index": 0.44, "access_status": "Very Low Access", "interpretation": "Area lacks adequate access to educational facilities", "norm_school": 0.0, "norm_dist": 0.63226105689023837, "norm_pop": 0.049878755581696167 }, "geometry": { "type": "MultiPolygon", "coordinates": [ [ [ [ 115.14023, -8.602917 ], [ 115.14283, -8.60745 ], [ 115.148075, -8.607476 ], [ 115.150719, -8.602968 ], [ 115.148119, -8.598435 ], [ 115.142874, -8.59841 ], [ 115.14023, -8.602917 ] ] ] ] } },
{ "type": "Feature", "properties": { "id": 91, "fid": 101, "left": 295332.66980756889, "top": 9048050.6931999996, "right": 296487.37034594809, "bottom": 9047050.6931999996, "schools": 0, "distance_to_school": 1340.07, "population": 1987.0, "school_per_1000": 0.0, "access_index": 0.41, "access_status": "Very Low Access", "interpretation": "Area lacks adequate access to educational facilities", "norm_school": 0.0, "norm_dist": 0.53419075055602006, "norm_pop": 0.036782138422090355 }, "geometry": { "type": "MultiPolygon", "coordinates": [ [ [ [ 115.140186, -8.611958 ], [ 115.142786, -8.616491 ], [ 115.148031, -8.616516 ], [ 115.150675, -8.612009 ], [ 115.148075, -8.607476 ], [ 115.14283, -8.60745 ], [ 115.140186, -8.611958 ] ] ] ] } },
{ "type": "Feature", "properties": { "id": 92, "fid": 102, "left": 295332.66980756889, "top": 9047050.6931999996, "right": 296487.37034594809, "bottom": 9046050.6931999996, "schools": 0, "distance_to_school": 1079.75, "population": 1932.0, "school_per_1000": 0.0, "access_index": 0.44, "access_status": "Very Low Access", "interpretation": "Area lacks adequate access to educational facilities", "norm_school": 0.0, "norm_dist": 0.62467908963505314, "norm_pop": 0.035761515599711066 }, "geometry": { "type": "MultiPolygon", "coordinates": [ [ [ [ 115.140142, -8.620998 ], [ 115.142742, -8.625531 ], [ 115.147987, -8.625557 ], [ 115.150631, -8.621049 ], [ 115.148031, -8.616516 ], [ 115.142786, -8.616491 ], [ 115.140142, -8.620998 ] ] ] ] } },
{ "type": "Feature", "properties": { "id": 93, "fid": 103, "left": 295332.66980756889, "top": 9046050.6931999996, "right": 296487.37034594809, "bottom": 9045050.6931999996, "schools": 0, "distance_to_school": 537.74, "population": 2098.0, "school_per_1000": 0.0, "access_index": 0.52, "access_status": "Low Access", "interpretation": "Access is limited due to fewer schools or distance", "norm_school": 0.0, "norm_dist": 0.81308016138040684, "norm_pop": 0.038849576535674807 }, "geometry": { "type": "MultiPolygon", "coordinates": [ [ [ [ 115.140097, -8.630039 ], [ 115.142698, -8.634572 ], [ 115.147943, -8.634597 ], [ 115.150587, -8.63009 ], [ 115.147987, -8.625557 ], [ 115.142742, -8.625531 ], [ 115.140097, -8.630039 ] ] ] ] } },
{ "type": "Feature", "properties": { "id": 94, "fid": 104, "left": 295332.66980756889, "top": 9045050.6931999996, "right": 296487.37034594809, "bottom": 9044050.6931999996, "schools": 0, "distance_to_school": 339.29, "population": 2169.0, "school_per_1000": 0.0, "access_index": 0.54, "access_status": "Low Access", "interpretation": "Access is limited due to fewer schools or distance", "norm_school": 0.0, "norm_dist": 0.88206107838927084, "norm_pop": 0.040163425250744039 }, "geometry": { "type": "MultiPolygon", "coordinates": [ [ [ [ 115.140053, -8.639079 ], [ 115.142653, -8.643612 ], [ 115.147898, -8.643638 ], [ 115.150543, -8.63913 ], [ 115.147943, -8.634597 ], [ 115.142698, -8.634572 ], [ 115.140053, -8.639079 ] ] ] ] } },
{ "type": "Feature", "properties": { "id": 95, "fid": 105, "left": 295332.66980756889, "top": 9044050.6931999996, "right": 296487.37034594809, "bottom": 9043050.6931999996, "schools": 1, "distance_to_school": 0.0, "population": 2169.0, "school_per_1000": 0.46, "access_index": 0.64, "access_status": "High Access", "interpretation": "Area has strong access to educational facilities", "norm_school": 0.10908295626875422, "norm_dist": 1.0, "norm_pop": 0.040167583031279583 }, "geometry": { "type": "MultiPolygon", "coordinates": [ [ [ [ 115.140009, -8.64812 ], [ 115.142609, -8.652653 ], [ 115.147854, -8.652678 ], [ 115.150499, -8.648171 ], [ 115.147898, -8.643638 ], [ 115.142653, -8.643612 ], [ 115.140009, -8.64812 ] ] ] ] } },
{ "type": "Feature", "properties": { "id": 96, "fid": 106, "left": 295332.66980756889, "top": 9043050.6931999996, "right": 296487.37034594809, "bottom": 9042050.6931999996, "schools": 0, "distance_to_school": 270.34, "population": 2169.0, "school_per_1000": 0.0, "access_index": 0.55, "access_status": "Moderate Access", "interpretation": "Area has moderate access with reasonable proximity", "norm_school": 0.0, "norm_dist": 0.90602940164814272, "norm_pop": 0.040167583031279583 }, "geometry": { "type": "MultiPolygon", "coordinates": [ [ [ [ 115.139964, -8.65716 ], [ 115.142565, -8.661693 ], [ 115.14781, -8.661719 ], [ 115.150455, -8.657211 ], [ 115.147854, -8.652678 ], [ 115.142609, -8.652653 ], [ 115.139964, -8.65716 ] ] ] ] } },
{ "type": "Feature", "properties": { "id": 97, "fid": 425, "left": 295332.66980756889, "top": 9042050.6931999996, "right": 296487.37034594809, "bottom": 9041050.6931999996, "schools": 0, "distance_to_school": 94.7, "population": 2169.0, "school_per_1000": 0.0, "access_index": 0.58, "access_status": "Moderate Access", "interpretation": "Area has moderate access with reasonable proximity", "norm_school": 0.0, "norm_dist": 0.96708298893028888, "norm_pop": 0.040167583031279583 }, "geometry": { "type": "MultiPolygon", "coordinates": [ [ [ [ 115.13992, -8.666201 ], [ 115.14252, -8.670734 ], [ 115.147766, -8.670759 ], [ 115.150411, -8.666252 ], [ 115.14781, -8.661719 ], [ 115.142565, -8.661693 ], [ 115.13992, -8.666201 ] ] ] ] } },
{ "type": "Feature", "properties": { "id": 98, "fid": 426, "left": 295332.66980756889, "top": 9041050.6931999996, "right": 296487.37034594809, "bottom": 9040050.6931999996, "schools": 0, "distance_to_school": 853.94, "population": 822.0, "school_per_1000": 0.0, "access_index": 0.48, "access_status": "Very Low Access", "interpretation": "Area lacks adequate access to educational facilities", "norm_school": 0.0, "norm_dist": 0.70317207319146779, "norm_pop": 0.015181098798361048 }, "geometry": { "type": "MultiPolygon", "coordinates": [ [ [ [ 115.148549, -8.678238 ], [ 115.1486, -8.678302 ], [ 115.150366, -8.675292 ], [ 115.147766, -8.670759 ], [ 115.14252, -8.670734 ], [ 115.142499, -8.670771 ], [ 115.142937, -8.671015 ], [ 115.14326, -8.671225 ], [ 115.143561, -8.671577 ], [ 115.143658, -8.67169 ], [ 115.14381, -8.671903 ], [ 115.144086, -8.672519 ], [ 115.144122, -8.672624 ], [ 115.144144, -8.672651 ], [ 115.144302, -8.672869 ], [ 115.144489, -8.67315 ], [ 115.144534, -8.673207 ], [ 115.144738, -8.673465 ], [ 115.145438, -8.674195 ], [ 115.145945, -8.674654 ], [ 115.146307, -8.675102 ], [ 115.146933, -8.676062 ], [ 115.147113, -8.676579 ], [ 115.147292, -8.676938 ], [ 115.147547, -8.677293 ], [ 115.147877, -8.677635 ], [ 115.148093, -8.677794 ], [ 115.148549, -8.678238 ] ] ] ] } },
{ "type": "Feature", "properties": { "id": 110, "fid": 320, "left": 295332.66980756889, "top": 9029050.6931999996, "right": 296487.37034594809, "bottom": 9028050.6931999996, "schools": 0, "distance_to_school": 1384.62, "population": 1143.0, "school_per_1000": 0.0, "access_index": 0.4, "access_status": "Very Low Access", "interpretation": "Area lacks adequate access to educational facilities", "norm_school": 0.0, "norm_dist": 0.51870543598703978, "norm_pop": 0.021145964086784083 }, "geometry": { "type": "MultiPolygon", "coordinates": [ [ [ [ 115.139854, -8.782982 ], [ 115.139726, -8.783065 ], [ 115.139338, -8.783726 ], [ 115.141939, -8.788259 ], [ 115.147186, -8.788285 ], [ 115.149832, -8.783778 ], [ 115.147555, -8.779809 ], [ 115.147451, -8.779846 ], [ 115.146868, -8.780034 ], [ 115.146538, -8.780037 ], [ 115.146102, -8.779973 ], [ 115.145691, -8.779929 ], [ 115.14508, -8.779938 ], [ 115.145079, -8.779938 ], [ 115.144975, -8.779812 ], [ 115.144655, -8.779361 ], [ 115.144655, -8.779361 ], [ 115.144488, -8.779383 ], [ 115.144318, -8.779476 ], [ 115.144121, -8.779607 ], [ 115.144121, -8.779607 ], [ 115.144037, -8.779663 ], [ 115.143876, -8.779705 ], [ 115.143835, -8.779742 ], [ 115.143758, -8.779811 ], [ 115.143392, -8.780156 ], [ 115.143334, -8.780142 ], [ 115.143243, -8.780119 ], [ 115.143031, -8.780018 ], [ 115.142878, -8.779964 ], [ 115.142788, -8.780003 ], [ 115.142759, -8.780016 ], [ 115.142688, -8.780092 ], [ 115.142688, -8.780092 ], [ 115.142651, -8.780131 ], [ 115.142465, -8.78038 ], [ 115.142106, -8.780111 ], [ 115.141888, -8.78016 ], [ 115.141741, -8.780193 ], [ 115.141603, -8.780293 ], [ 115.14148, -8.780477 ], [ 115.141469, -8.780563 ], [ 115.14146, -8.780628 ], [ 115.141415, -8.78079 ], [ 115.140847, -8.782024 ], [ 115.140847, -8.782024 ], [ 115.140847, -8.782024 ], [ 115.140721, -8.782298 ], [ 115.140721, -8.782298 ], [ 115.14068, -8.782335 ], [ 115.140415, -8.782577 ], [ 115.139854, -8.782982 ] ] ] ] } },
{ "type": "Feature", "properties": { "id": 111, "fid": 321, "left": 295332.66980756889, "top": 9028050.6931999996, "right": 296487.37034594809, "bottom": 9027050.6931999996, "schools": 0, "distance_to_school": 384.62, "population": 1231.0, "school_per_1000": 0.0, "access_index": 0.54, "access_status": "Low Access", "interpretation": "Access is limited due to fewer schools or distance", "norm_school": 0.0, "norm_dist": 0.86630553405193989, "norm_pop": 0.022772752445845205 }, "geometry": { "type": "MultiPolygon", "coordinates": [ [ [ [ 115.139293, -8.792767 ], [ 115.141894, -8.7973 ], [ 115.147141, -8.797326 ], [ 115.149787, -8.792818 ], [ 115.147186, -8.788285 ], [ 115.141939, -8.788259 ], [ 115.139293, -8.792767 ] ] ] ] } },
{ "type": "Feature", "properties": { "id": 112, "fid": 322, "left": 295332.66980756889, "top": 9027050.6931999996, "right": 296487.37034594809, "bottom": 9026050.6931999996, "schools": 1, "distance_to_school": 0.0, "population": 1231.0, "school_per_1000": 0.81, "access_index": 0.67, "access_status": "High Access", "interpretation": "Area has strong access to educational facilities", "norm_school": 0.19219344959429771, "norm_dist": 1.0, "norm_pop": 0.022772752445845205 }, "geometry": { "type": "MultiPolygon", "coordinates": [ [ [ [ 115.139248, -8.801807 ], [ 115.141849, -8.80634 ], [ 115.147096, -8.806366 ], [ 115.149742, -8.801859 ], [ 115.147141, -8.797326 ], [ 115.141894, -8.7973 ], [ 115.139248, -8.801807 ] ] ] ] } },
{ "type": "Feature", "properties": { "id": 113, "fid": 323, "left": 295332.66980756889, "top": 9026050.6931999996, "right": 296487.37034594809, "bottom": 9025050.6931999996, "schools": 1, "distance_to_school": 0.0, "population": 1231.0, "school_per_1000": 0.81, "access_index": 0.67, "access_status": "High Access", "interpretation": "Area has strong access to educational facilities", "norm_school": 0.19219344959429771, "norm_dist": 1.0, "norm_pop": 0.022772752445845205 }, "geometry": { "type": "MultiPolygon", "coordinates": [ [ [ [ 115.139203, -8.810847 ], [ 115.141804, -8.815381 ], [ 115.147051, -8.815407 ], [ 115.149697, -8.810899 ], [ 115.147096, -8.806366 ], [ 115.141849, -8.80634 ], [ 115.139203, -8.810847 ] ] ] ] } },
{ "type": "Feature", "properties": { "id": 114, "fid": 324, "left": 295332.66980756889, "top": 9025050.6931999996, "right": 296487.37034594809, "bottom": 9024050.6931999996, "schools": 0, "distance_to_school": 643.89, "population": 1231.0, "school_per_1000": 0.0, "access_index": 0.51, "access_status": "Low Access", "interpretation": "Access is limited due to fewer schools or distance", "norm_school": 0.0, "norm_dist": 0.77618398901214425, "norm_pop": 0.022772752445845205 }, "geometry": { "type": "MultiPolygon", "coordinates": [ [ [ [ 115.139157, -8.819888 ], [ 115.141758, -8.824421 ], [ 115.147006, -8.824447 ], [ 115.149652, -8.81994 ], [ 115.147051, -8.815407 ], [ 115.141804, -8.815381 ], [ 115.139157, -8.819888 ] ] ] ] } },
{ "type": "Feature", "properties": { "id": 115, "fid": 325, "left": 295332.66980756889, "top": 9024050.6931999996, "right": 296487.37034594809, "bottom": 9023050.6931999996, "schools": 0, "distance_to_school": 769.26, "population": 1231.0, "school_per_1000": 0.0, "access_index": 0.49, "access_status": "Very Low Access", "interpretation": "Area lacks adequate access to educational facilities", "norm_school": 0.0, "norm_dist": 0.73260636309092753, "norm_pop": 0.022772752445845205 }, "geometry": { "type": "MultiPolygon", "coordinates": [ [ [ [ 115.139112, -8.828928 ], [ 115.141713, -8.833461 ], [ 115.146961, -8.833487 ], [ 115.149607, -8.82898 ], [ 115.147006, -8.824447 ], [ 115.141758, -8.824421 ], [ 115.139112, -8.828928 ] ] ] ] } },
{ "type": "Feature", "properties": { "id": 116, "fid": 326, "left": 295332.66980756889, "top": 9023050.6931999996, "right": 296487.37034594809, "bottom": 9022050.6931999996, "schools": 0, "distance_to_school": 257.57, "population": 1231.0, "school_per_1000": 0.0, "access_index": 0.56, "access_status": "Moderate Access", "interpretation": "Area has moderate access with reasonable proximity", "norm_school": 0.0, "norm_dist": 0.91046876650501574, "norm_pop": 0.022772752445845205 }, "geometry": { "type": "MultiPolygon", "coordinates": [ [ [ [ 115.139067, -8.837969 ], [ 115.141668, -8.842502 ], [ 115.146916, -8.842528 ], [ 115.149562, -8.838021 ], [ 115.146961, -8.833487 ], [ 115.141713, -8.833461 ], [ 115.139067, -8.837969 ] ] ] ] } },
{ "type": "Feature", "properties": { "id": 145, "fid": 4, "left": 296198.6952113533, "top": 9032550.6931999996, "right": 297353.3957497325, "bottom": 9031550.6931999996, "schools": 0, "distance_to_school": 1986.65, "population": 351.0, "school_per_1000": 0.0, "access_index": 0.32, "access_status": "Very Low Access", "interpretation": "Area lacks adequate access to educational facilities", "norm_school": 0.0, "norm_dist": 0.30944095429557167, "norm_pop": 0.0064525461092053054 }, "geometry": { "type": "MultiPolygon", "coordinates": [ [ [ [ 115.155281, -8.750415 ], [ 115.156812, -8.750352 ], [ 115.155257, -8.747642 ], [ 115.152162, -8.747627 ], [ 115.152197, -8.748775 ], [ 115.152215, -8.749551 ], [ 115.152215, -8.749552 ], [ 115.152217, -8.75 ], [ 115.152217, -8.750001 ], [ 115.152217, -8.750123 ], [ 115.152278, -8.750348 ], [ 115.152411, -8.750486 ], [ 115.152524, -8.75052 ], [ 115.152756, -8.750499 ], [ 115.153021, -8.750497 ], [ 115.153724, -8.750493 ], [ 115.155281, -8.750415 ] ] ] ] } },
{ "type": "Feature", "properties": { "id": 173, "fid": 140, "left": 297064.72061513778, "top": 9044050.6931999996, "right": 298219.42115351697, "bottom": 9043050.6931999996, "schools": 1, "distance_to_school": 0.0, "population": 2169.0, "school_per_1000": 0.46, "access_index": 0.64, "access_status": "High Access", "interpretation": "Area has strong access to educational facilities", "norm_school": 0.10908295626875422, "norm_dist": 1.0, "norm_pop": 0.040167583031279583 }, "geometry": { "type": "MultiPolygon", "coordinates": [ [ [ [ 115.155744, -8.648196 ], [ 115.158344, -8.652729 ], [ 115.16359, -8.652754 ], [ 115.166234, -8.648246 ], [ 115.163633, -8.643713 ], [ 115.158388, -8.643688 ], [ 115.155744, -8.648196 ] ] ] ] } },
{ "type": "Feature", "properties": { "id": 117, "fid": 327, "left": 295332.66980756889, "top": 9022050.6931999996, "right": 296487.37034594809, "bottom": 9021050.6931999996, "schools": 0, "distance_to_school": 707.31, "population": 795.0, "school_per_1000": 0.0, "access_index": 0.5, "access_status": "Low Access", "interpretation": "Access is limited due to fewer schools or distance", "norm_school": 0.0, "norm_dist": 0.75413958805955728, "norm_pop": 0.01468680341627166 }, "geometry": { "type": "MultiPolygon", "coordinates": [ [ [ [ 115.148641, -8.848011 ], [ 115.149115, -8.847746 ], [ 115.149517, -8.847061 ], [ 115.146916, -8.842528 ], [ 115.141668, -8.842502 ], [ 115.139021, -8.847009 ], [ 115.139455, -8.847764 ], [ 115.139499, -8.847764 ], [ 115.139499, -8.847764 ], [ 115.139499, -8.847764 ], [ 115.139626, -8.847762 ], [ 115.139788, -8.84776 ], [ 115.139893, -8.847752 ], [ 115.140253, -8.847728 ], [ 115.140666, -8.847724 ], [ 115.141581, -8.847715 ], [ 115.142134, -8.84782 ], [ 115.142134, -8.84782 ], [ 115.142785, -8.848008 ], [ 115.143467, -8.848203 ], [ 115.143757, -8.848243 ], [ 115.143757, -8.848243 ], [ 115.143757, -8.848243 ], [ 115.143757, -8.848243 ], [ 115.144023, -8.84828 ], [ 115.144534, -8.848336 ], [ 115.145525, -8.848443 ], [ 115.145959, -8.848484 ], [ 115.146515, -8.848437 ], [ 115.146802, -8.848347 ], [ 115.146898, -8.848317 ], [ 115.147046, -8.84822 ], [ 115.147046, -8.84822 ], [ 115.147095, -8.848188 ], [ 115.147173, -8.848152 ], [ 115.147174, -8.848152 ], [ 115.147285, -8.848101 ], [ 115.147357, -8.8481 ], [ 115.147446, -8.848099 ], [ 115.147974, -8.848129 ], [ 115.148462, -8.848084 ], [ 115.148548, -8.848049 ], [ 115.148641, -8.848011 ] ] ] ] } },
{ "type": "Feature", "properties": { "id": 118, "fid": 107, "left": 296198.6952113533, "top": 9059550.6931999996, "right": 297353.3957497325, "bottom": 9058550.6931999996, "schools": 0, "distance_to_school": 1121.64, "population": 3638.0, "school_per_1000": 0.0, "access_index": 0.43, "access_status": "Very Low Access", "interpretation": "Area lacks adequate access to educational facilities", "norm_school": 0.0, "norm_dist": 0.61011836238935957, "norm_pop": 0.06741022587482888 }, "geometry": { "type": "MultiPolygon", "coordinates": [ [ [ [ 115.148555, -8.50803 ], [ 115.151155, -8.512562 ], [ 115.156398, -8.512587 ], [ 115.159041, -8.508079 ], [ 115.156442, -8.503547 ], [ 115.151198, -8.503522 ], [ 115.148555, -8.50803 ] ] ] ] } },
{ "type": "Feature", "properties": { "id": 119, "fid": 108, "left": 296198.6952113533, "top": 9058550.6931999996, "right": 297353.3957497325, "bottom": 9057550.6931999996, "schools": 0, "distance_to_school": 1096.98, "population": 3620.0, "school_per_1000": 0.0, "access_index": 0.43, "access_status": "Very Low Access", "interpretation": "Area lacks adequate access to educational facilities", "norm_school": 0.0, "norm_dist": 0.61869014204926287, "norm_pop": 0.067066132715268928 }, "geometry": { "type": "MultiPolygon", "coordinates": [ [ [ [ 115.148512, -8.51707 ], [ 115.151112, -8.521603 ], [ 115.156355, -8.521628 ], [ 115.158998, -8.51712 ], [ 115.156398, -8.512587 ], [ 115.151155, -8.512562 ], [ 115.148512, -8.51707 ] ] ] ] } },
{ "type": "Feature", "properties": { "id": 120, "fid": 109, "left": 296198.6952113533, "top": 9057550.6931999996, "right": 297353.3957497325, "bottom": 9056550.6931999996, "schools": 0, "distance_to_school": 998.86, "population": 3442.0, "school_per_1000": 0.0, "access_index": 0.45, "access_status": "Very Low Access", "interpretation": "Area lacks adequate access to educational facilities", "norm_school": 0.0, "norm_dist": 0.65279682748443091, "norm_pop": 0.063777946607000507 }, "geometry": { "type": "MultiPolygon", "coordinates": [ [ [ [ 115.148468, -8.526111 ], [ 115.151068, -8.530644 ], [ 115.156312, -8.530669 ], [ 115.158955, -8.526161 ], [ 115.156355, -8.521628 ], [ 115.151112, -8.521603 ], [ 115.148468, -8.526111 ] ] ] ] } },
{ "type": "Feature", "properties": { "id": 121, "fid": 110, "left": 296198.6952113533, "top": 9056550.6931999996, "right": 297353.3957497325, "bottom": 9055550.6931999996, "schools": 0, "distance_to_school": 106.07, "population": 2852.0, "school_per_1000": 0.0, "access_index": 0.57, "access_status": "Moderate Access", "interpretation": "Area has moderate access with reasonable proximity", "norm_school": 0.0, "norm_dist": 0.96312843108165269, "norm_pop": 0.052826243160545856 }, "geometry": { "type": "MultiPolygon", "coordinates": [ [ [ [ 115.148425, -8.535151 ], [ 115.151025, -8.539684 ], [ 115.156268, -8.539709 ], [ 115.158912, -8.535201 ], [ 115.156312, -8.530669 ], [ 115.151068, -8.530644 ], [ 115.148425, -8.535151 ] ] ] ] } },
{ "type": "Feature", "properties": { "id": 122, "fid": 111, "left": 296198.6952113533, "top": 9055550.6931999996, "right": 297353.3957497325, "bottom": 9054550.6931999996, "schools": 0, "distance_to_school": 115.44, "population": 2726.0, "school_per_1000": 0.0, "access_index": 0.57, "access_status": "Moderate Access", "interpretation": "Area has moderate access with reasonable proximity", "norm_school": 0.0, "norm_dist": 0.95987383697574846, "norm_pop": 0.050497946980188384 }, "geometry": { "type": "MultiPolygon", "coordinates": [ [ [ [ 115.148381, -8.544192 ], [ 115.150981, -8.548725 ], [ 115.156225, -8.54875 ], [ 115.158868, -8.544242 ], [ 115.156268, -8.539709 ], [ 115.151025, -8.539684 ], [ 115.148381, -8.544192 ] ] ] ] } },
{ "type": "Feature", "properties": { "id": 123, "fid": 112, "left": 296198.6952113533, "top": 9054550.6931999996, "right": 297353.3957497325, "bottom": 9053550.6931999996, "schools": 0, "distance_to_school": 675.35, "population": 2726.0, "school_per_1000": 0.0, "access_index": 0.5, "access_status": "Low Access", "interpretation": "Access is limited due to fewer schools or distance", "norm_school": 0.0, "norm_dist": 0.76524661807784577, "norm_pop": 0.050497946980188384 }, "geometry": { "type": "MultiPolygon", "coordinates": [ [ [ [ 115.148338, -8.553232 ], [ 115.150938, -8.557765 ], [ 115.156181, -8.55779 ], [ 115.158825, -8.553282 ], [ 115.156225, -8.54875 ], [ 115.150981, -8.548725 ], [ 115.148338, -8.553232 ] ] ] ] } },
{ "type": "Feature", "properties": { "id": 124, "fid": 113, "left": 296198.6952113533, "top": 9053550.6931999996, "right": 297353.3957497325, "bottom": 9052550.6931999996, "schools": 0, "distance_to_school": 316.52, "population": 2690.0, "school_per_1000": 0.0, "access_index": 0.55, "access_status": "Low Access", "interpretation": "Access is limited due to fewer schools or distance", "norm_school": 0.0, "norm_dist": 0.88997755644643717, "norm_pop": 0.049821600622561593 }, "geometry": { "type": "MultiPolygon", "coordinates": [ [ [ [ 115.148294, -8.562273 ], [ 115.150894, -8.566806 ], [ 115.156138, -8.566831 ], [ 115.158782, -8.562323 ], [ 115.156181, -8.55779 ], [ 115.150938, -8.557765 ], [ 115.148294, -8.562273 ] ] ] ] } },
{ "type": "Feature", "properties": { "id": 125, "fid": 114, "left": 296198.6952113533, "top": 9052550.6931999996, "right": 297353.3957497325, "bottom": 9051550.6931999996, "schools": 0, "distance_to_school": 788.93, "population": 2369.0, "school_per_1000": 0.0, "access_index": 0.48, "access_status": "Very Low Access", "interpretation": "Area lacks adequate access to educational facilities", "norm_school": 0.0, "norm_dist": 0.72576816369477293, "norm_pop": 0.043874388502639611 }, "geometry": { "type": "MultiPolygon", "coordinates": [ [ [ [ 115.14825, -8.571314 ], [ 115.15085, -8.575846 ], [ 115.156094, -8.575871 ], [ 115.158738, -8.571364 ], [ 115.156138, -8.566831 ], [ 115.150894, -8.566806 ], [ 115.14825, -8.571314 ] ] ] ] } },
{ "type": "Feature", "properties": { "id": 126, "fid": 115, "left": 296198.6952113533, "top": 9051550.6931999996, "right": 297353.3957497325, "bottom": 9050550.6931999996, "schools": 0, "distance_to_school": 1008.24, "population": 2070.0, "school_per_1000": 0.0, "access_index": 0.45, "access_status": "Very Low Access", "interpretation": "Area lacks adequate access to educational facilities", "norm_school": 0.0, "norm_dist": 0.64953557397385986, "norm_pop": 0.038336908321237373 }, "geometry": { "type": "MultiPolygon", "coordinates": [ [ [ [ 115.148206, -8.580354 ], [ 115.150806, -8.584887 ], [ 115.156051, -8.584912 ], [ 115.158694, -8.580404 ], [ 115.156094, -8.575871 ], [ 115.15085, -8.575846 ], [ 115.148206, -8.580354 ] ] ] ] } },
{ "type": "Feature", "properties": { "id": 127, "fid": 116, "left": 296198.6952113533, "top": 9050550.6931999996, "right": 297353.3957497325, "bottom": 9049550.6931999996, "schools": 0, "distance_to_school": 661.44, "population": 2015.0, "school_per_1000": 0.0, "access_index": 0.5, "access_status": "Low Access", "interpretation": "Access is limited due to fewer schools or distance", "norm_school": 0.0, "norm_dist": 0.77008243768133, "norm_pop": 0.037301259533455686 }, "geometry": { "type": "MultiPolygon", "coordinates": [ [ [ [ 115.148162, -8.589395 ], [ 115.150763, -8.593927 ], [ 115.156007, -8.593953 ], [ 115.158651, -8.589445 ], [ 115.156051, -8.584912 ], [ 115.150806, -8.584887 ], [ 115.148162, -8.589395 ] ] ] ] } },
{ "type": "Feature", "properties": { "id": 128, "fid": 117, "left": 296198.6952113533, "top": 9049550.6931999996, "right": 297353.3957497325, "bottom": 9048550.6931999996, "schools": 0, "distance_to_school": 476.93, "population": 2437.0, "school_per_1000": 0.0, "access_index": 0.52, "access_status": "Low Access", "interpretation": "Access is limited due to fewer schools or distance", "norm_school": 0.0, "norm_dist": 0.83421880285440575, "norm_pop": 0.045140411062730222 }, "geometry": { "type": "MultiPolygon", "coordinates": [ [ [ [ 115.148119, -8.598435 ], [ 115.150719, -8.602968 ], [ 115.155963, -8.602993 ], [ 115.158607, -8.598485 ], [ 115.156007, -8.593953 ], [ 115.150763, -8.593927 ], [ 115.148119, -8.598435 ] ] ] ] } },
{ "type": "Feature", "properties": { "id": 129, "fid": 118, "left": 296198.6952113533, "top": 9048550.6931999996, "right": 297353.3957497325, "bottom": 9047550.6931999996, "schools": 0, "distance_to_school": 340.07, "population": 1899.0, "school_per_1000": 0.0, "access_index": 0.55, "access_status": "Low Access", "interpretation": "Access is limited due to fewer schools or distance", "norm_school": 0.0, "norm_dist": 0.88179084862091262, "norm_pop": 0.035159887782478715 }, "geometry": { "type": "MultiPolygon", "coordinates": [ [ [ [ 115.148075, -8.607476 ], [ 115.150675, -8.612009 ], [ 115.155919, -8.612034 ], [ 115.158564, -8.607526 ], [ 115.155963, -8.602993 ], [ 115.150719, -8.602968 ], [ 115.148075, -8.607476 ] ] ] ] } },
{ "type": "Feature", "properties": { "id": 130, "fid": 119, "left": 296198.6952113533, "top": 9047550.6931999996, "right": 297353.3957497325, "bottom": 9046550.6931999996, "schools": 0, "distance_to_school": 983.62, "population": 1977.0, "school_per_1000": 0.0, "access_index": 0.46, "access_status": "Very Low Access", "interpretation": "Area lacks adequate access to educational facilities", "norm_school": 0.0, "norm_dist": 0.65809308549788859, "norm_pop": 0.036598374586729945 }, "geometry": { "type": "MultiPolygon", "coordinates": [ [ [ [ 115.148031, -8.616516 ], [ 115.150631, -8.621049 ], [ 115.155876, -8.621074 ], [ 115.15852, -8.616567 ], [ 115.155919, -8.612034 ], [ 115.150675, -8.612009 ], [ 115.148031, -8.616516 ] ] ] ] } },
{ "type": "Feature", "properties": { "id": 131, "fid": 120, "left": 296198.6952113533, "top": 9046550.6931999996, "right": 297353.3957497325, "bottom": 9045550.6931999996, "schools": 0, "distance_to_school": 772.21, "population": 2169.0, "school_per_1000": 0.0, "access_index": 0.48, "access_status": "Very Low Access", "interpretation": "Area lacks adequate access to educational facilities", "norm_school": 0.0, "norm_dist": 0.73158054511093606, "norm_pop": 0.040167583031279583 }, "geometry": { "type": "MultiPolygon", "coordinates": [ [ [ [ 115.147987, -8.625557 ], [ 115.150587, -8.63009 ], [ 115.155832, -8.630115 ], [ 115.158476, -8.625607 ], [ 115.155876, -8.621074 ], [ 115.150631, -8.621049 ], [ 115.147987, -8.625557 ] ] ] ] } },
{ "type": "Feature", "properties": { "id": 132, "fid": 121, "left": 296198.6952113533, "top": 9045550.6931999996, "right": 297353.3957497325, "bottom": 9044550.6931999996, "schools": 0, "distance_to_school": 161.41, "population": 2169.0, "school_per_1000": 0.0, "access_index": 0.57, "access_status": "Moderate Access", "interpretation": "Area has moderate access with reasonable proximity", "norm_school": 0.0, "norm_dist": 0.94389524229358324, "norm_pop": 0.040167583031279583 }, "geometry": { "type": "MultiPolygon", "coordinates": [ [ [ [ 115.147943, -8.634597 ], [ 115.150543, -8.63913 ], [ 115.155788, -8.639155 ], [ 115.158432, -8.634648 ], [ 115.155832, -8.630115 ], [ 115.150587, -8.63009 ], [ 115.147943, -8.634597 ] ] ] ] } },
{ "type": "Feature", "properties": { "id": 133, "fid": 122, "left": 296198.6952113533, "top": 9044550.6931999996, "right": 297353.3957497325, "bottom": 9043550.6931999996, "schools": 1, "distance_to_school": 0.0, "population": 2169.0, "school_per_1000": 0.46, "access_index": 0.64, "access_status": "High Access", "interpretation": "Area has strong access to educational facilities", "norm_school": 0.10908295626875422, "norm_dist": 1.0, "norm_pop": 0.040167583031279583 }, "geometry": { "type": "MultiPolygon", "coordinates": [ [ [ [ 115.147898, -8.643638 ], [ 115.150499, -8.648171 ], [ 115.155744, -8.648196 ], [ 115.158388, -8.643688 ], [ 115.155788, -8.639155 ], [ 115.150543, -8.63913 ], [ 115.147898, -8.643638 ] ] ] ] } },
{ "type": "Feature", "properties": { "id": 134, "fid": 123, "left": 296198.6952113533, "top": 9043550.6931999996, "right": 297353.3957497325, "bottom": 9042550.6931999996, "schools": 0, "distance_to_school": 109.78, "population": 2169.0, "school_per_1000": 0.0, "access_index": 0.58, "access_status": "Moderate Access", "interpretation": "Area has moderate access with reasonable proximity", "norm_school": 0.0, "norm_dist": 0.96183902823535128, "norm_pop": 0.040167583031279583 }, "geometry": { "type": "MultiPolygon", "coordinates": [ [ [ [ 115.147854, -8.652678 ], [ 115.150455, -8.657211 ], [ 115.1557, -8.657237 ], [ 115.158344, -8.652729 ], [ 115.155744, -8.648196 ], [ 115.150499, -8.648171 ], [ 115.147854, -8.652678 ] ] ] ] } },
{ "type": "Feature", "properties": { "id": 135, "fid": 427, "left": 296198.6952113533, "top": 9042550.6931999996, "right": 297353.3957497325, "bottom": 9041550.6931999996, "schools": 1, "distance_to_school": 0.0, "population": 2169.0, "school_per_1000": 0.46, "access_index": 0.64, "access_status": "High Access", "interpretation": "Area has strong access to educational facilities", "norm_school": 0.10908295626875422, "norm_dist": 1.0, "norm_pop": 0.040167583031279583 }, "geometry": { "type": "MultiPolygon", "coordinates": [ [ [ [ 115.14781, -8.661719 ], [ 115.150411, -8.666252 ], [ 115.155656, -8.666277 ], [ 115.1583, -8.661769 ], [ 115.1557, -8.657237 ], [ 115.150455, -8.657211 ], [ 115.14781, -8.661719 ] ] ] ] } },
{ "type": "Feature", "properties": { "id": 136, "fid": 428, "left": 296198.6952113533, "top": 9041550.6931999996, "right": 297353.3957497325, "bottom": 9040550.6931999996, "schools": 0, "distance_to_school": 337.69, "population": 2169.0, "school_per_1000": 0.0, "access_index": 0.55, "access_status": "Low Access", "interpretation": "Access is limited due to fewer schools or distance", "norm_school": 0.0, "norm_dist": 0.88261975053256536, "norm_pop": 0.040167583031279583 }, "geometry": { "type": "MultiPolygon", "coordinates": [ [ [ [ 115.147766, -8.670759 ], [ 115.150366, -8.675292 ], [ 115.155612, -8.675318 ], [ 115.158256, -8.67081 ], [ 115.155656, -8.666277 ], [ 115.150411, -8.666252 ], [ 115.147766, -8.670759 ] ] ] ] } },
{ "type": "Feature", "properties": { "id": 137, "fid": 1, "left": 296198.6952113533, "top": 9040550.6931999996, "right": 297353.3957497325, "bottom": 9039550.6931999996, "schools": 0, "distance_to_school": 886.45, "population": 1897.0, "school_per_1000": 0.0, "access_index": 0.47, "access_status": "Very Low Access", "interpretation": "Area lacks adequate access to educational facilities", "norm_school": 0.0, "norm_dist": 0.69187127312911745, "norm_pop": 0.035112396552918715 }, "geometry": { "type": "MultiPolygon", "coordinates": [ [ [ [ 115.152165, -8.684224 ], [ 115.15224, -8.684342 ], [ 115.155568, -8.684358 ], [ 115.158212, -8.679851 ], [ 115.155612, -8.675318 ], [ 115.150366, -8.675292 ], [ 115.1486, -8.678302 ], [ 115.149079, -8.678904 ], [ 115.149657, -8.679927 ], [ 115.149944, -8.680445 ], [ 115.150274, -8.680983 ], [ 115.150492, -8.681127 ], [ 115.150545, -8.681212 ], [ 115.150589, -8.681459 ], [ 115.150726, -8.682184 ], [ 115.150726, -8.682184 ], [ 115.150726, -8.682184 ], [ 115.150726, -8.682185 ], [ 115.150908, -8.682625 ], [ 115.15112, -8.682972 ], [ 115.151324, -8.683232 ], [ 115.152165, -8.684224 ] ] ] ] } },
{ "type": "Feature", "properties": { "id": 138, "fid": 2, "left": 296198.6952113533, "top": 9039550.6931999996, "right": 297353.3957497325, "bottom": 9038550.6931999996, "schools": 0, "distance_to_school": 994.31, "population": 551.0, "school_per_1000": 0.0, "access_index": 0.46, "access_status": "Very Low Access", "interpretation": "Area lacks adequate access to educational facilities", "norm_school": 0.0, "norm_dist": 0.65437613443157616, "norm_pop": 0.010167093784139028 }, "geometry": { "type": "MultiPolygon", "coordinates": [ [ [ [ 115.156884, -8.690658 ], [ 115.156999, -8.690885 ], [ 115.158168, -8.688891 ], [ 115.155568, -8.684358 ], [ 115.15224, -8.684342 ], [ 115.152684, -8.685042 ], [ 115.153839, -8.686895 ], [ 115.154338, -8.687582 ], [ 115.154805, -8.688386 ], [ 115.155002, -8.688654 ], [ 115.155464, -8.689097 ], [ 115.156112, -8.68956 ], [ 115.15629, -8.68974 ], [ 115.156334, -8.689795 ], [ 115.156666, -8.690264 ], [ 115.156884, -8.690658 ] ] ] ] } },
{ "type": "Feature", "properties": { "id": 144, "fid": 3, "left": 296198.6952113533, "top": 9033550.6931999996, "right": 297353.3957497325, "bottom": 9032550.6931999996, "schools": 0, "distance_to_school": 1632.39, "population": 516.0, "school_per_1000": 0.0, "access_index": 0.37, "access_status": "Very Low Access", "interpretation": "Area lacks adequate access to educational facilities", "norm_school": 0.0, "norm_dist": 0.43258215808142569, "norm_pop": 0.0095026637770845163 }, "geometry": { "type": "MultiPolygon", "coordinates": [ [ [ [ 115.152159, -8.747523 ], [ 115.152162, -8.747627 ], [ 115.155257, -8.747642 ], [ 115.157903, -8.743134 ], [ 115.157333, -8.742142 ], [ 115.156822, -8.742159 ], [ 115.156941, -8.744033 ], [ 115.151974, -8.744301 ], [ 115.152252, -8.74726 ], [ 115.152159, -8.747523 ] ] ] ] } },
{ "type": "Feature", "properties": { "id": 148, "fid": 328, "left": 296198.6952113533, "top": 9029550.6931999996, "right": 297353.3957497325, "bottom": 9028550.6931999996, "schools": 0, "distance_to_school": 883.59, "population": 478.0, "school_per_1000": 0.0, "access_index": 0.48, "access_status": "Very Low Access", "interpretation": "Area lacks adequate access to educational facilities", "norm_school": 0.0, "norm_dist": 0.69286311725712535, "norm_pop": 0.0088098487070117793 }, "geometry": { "type": "MultiPolygon", "coordinates": [ [ [ [ 115.14809, -8.779621 ], [ 115.147555, -8.779809 ], [ 115.149832, -8.783778 ], [ 115.155079, -8.783804 ], [ 115.156766, -8.780929 ], [ 115.156714, -8.780895 ], [ 115.156053, -8.780462 ], [ 115.155606, -8.780228 ], [ 115.155353, -8.780214 ], [ 115.154126, -8.780322 ], [ 115.153327, -8.780553 ], [ 115.15315, -8.780541 ], [ 115.1529, -8.780474 ], [ 115.1529, -8.780474 ], [ 115.152745, -8.780388 ], [ 115.152724, -8.780371 ], [ 115.152607, -8.780225 ], [ 115.152338, -8.779884 ], [ 115.15213, -8.779831 ], [ 115.151852, -8.779837 ], [ 115.150665, -8.779888 ], [ 115.150129, -8.779738 ], [ 115.149255, -8.779485 ], [ 115.148925, -8.779458 ], [ 115.148546, -8.779502 ], [ 115.14809, -8.779621 ] ] ] ] } },
{ "type": "Feature", "properties": { "id": 149, "fid": 329, "left": 296198.6952113533, "top": 9028550.6931999996, "right": 297353.3957497325, "bottom": 9027550.6931999996, "schools": 0, "distance_to_school": 530.75, "population": 1231.0, "school_per_1000": 0.0, "access_index": 0.52, "access_status": "Low Access", "interpretation": "Access is limited due to fewer schools or distance", "norm_school": 0.0, "norm_dist": 0.81551066063664135, "norm_pop": 0.022772752445845205 }, "geometry": { "type": "MultiPolygon", "coordinates": [ [ [ [ 115.147186, -8.788285 ], [ 115.149787, -8.792818 ], [ 115.155034, -8.792844 ], [ 115.15768, -8.788337 ], [ 115.155079, -8.783804 ], [ 115.149832, -8.783778 ], [ 115.147186, -8.788285 ] ] ] ] } },
{ "type": "Feature", "properties": { "id": 150, "fid": 330, "left": 296198.6952113533, "top": 9027550.6931999996, "right": 297353.3957497325, "bottom": 9026550.6931999996, "schools": 0, "distance_to_school": 256.49, "population": 1231.0, "school_per_1000": 0.0, "access_index": 0.56, "access_status": "Moderate Access", "interpretation": "Area has moderate access with reasonable proximity", "norm_school": 0.0, "norm_dist": 0.91084295782467717, "norm_pop": 0.022772752445845205 }, "geometry": { "type": "MultiPolygon", "coordinates": [ [ [ [ 115.147141, -8.797326 ], [ 115.149742, -8.801859 ], [ 115.154989, -8.801885 ], [ 115.157635, -8.797377 ], [ 115.155034, -8.792844 ], [ 115.149787, -8.792818 ], [ 115.147141, -8.797326 ] ] ] ] } },
{ "type": "Feature", "properties": { "id": 151, "fid": 331, "left": 296198.6952113533, "top": 9026550.6931999996, "right": 297353.3957497325, "bottom": 9025550.6931999996, "schools": 0, "distance_to_school": 371.87, "population": 1231.0, "school_per_1000": 0.0, "access_index": 0.54, "access_status": "Low Access", "interpretation": "Access is limited due to fewer schools or distance", "norm_school": 0.0, "norm_dist": 0.87073737474029023, "norm_pop": 0.022772752445845205 }, "geometry": { "type": "MultiPolygon", "coordinates": [ [ [ [ 115.147096, -8.806366 ], [ 115.149697, -8.810899 ], [ 115.154944, -8.810925 ], [ 115.15759, -8.806418 ], [ 115.154989, -8.801885 ], [ 115.149742, -8.801859 ], [ 115.147096, -8.806366 ] ] ] ] } },
{ "type": "Feature", "properties": { "id": 152, "fid": 332, "left": 296198.6952113533, "top": 9025550.6931999996, "right": 297353.3957497325, "bottom": 9024550.6931999996, "schools": 0, "distance_to_school": 840.19, "population": 1231.0, "school_per_1000": 0.0, "access_index": 0.48, "access_status": "Very Low Access", "interpretation": "Area lacks adequate access to educational facilities", "norm_school": 0.0, "norm_dist": 0.70795071922053698, "norm_pop": 0.022772752445845205 }, "geometry": { "type": "MultiPolygon", "coordinates": [ [ [ [ 115.147051, -8.815407 ], [ 115.149652, -8.81994 ], [ 115.1549, -8.819965 ], [ 115.157546, -8.815458 ], [ 115.154944, -8.810925 ], [ 115.149697, -8.810899 ], [ 115.147051, -8.815407 ] ] ] ] } },
{ "type": "Feature", "properties": { "id": 153, "fid": 333, "left": 296198.6952113533, "top": 9024550.6931999996, "right": 297353.3957497325, "bottom": 9023550.6931999996, "schools": 0, "distance_to_school": 1105.31, "population": 1231.0, "school_per_1000": 0.0, "access_index": 0.44, "access_status": "Very Low Access", "interpretation": "Area lacks adequate access to educational facilities", "norm_school": 0.0, "norm_dist": 0.61579543420670768, "norm_pop": 0.022772752445845205 }, "geometry": { "type": "MultiPolygon", "coordinates": [ [ [ [ 115.147006, -8.824447 ], [ 115.149607, -8.82898 ], [ 115.154855, -8.829006 ], [ 115.157501, -8.824499 ], [ 115.1549, -8.819965 ], [ 115.149652, -8.81994 ], [ 115.147006, -8.824447 ] ] ] ] } },
{ "type": "Feature", "properties": { "id": 154, "fid": 334, "left": 296198.6952113533, "top": 9023550.6931999996, "right": 297353.3957497325, "bottom": 9022550.6931999996, "schools": 0, "distance_to_school": 937.71, "population": 1231.0, "school_per_1000": 0.0, "access_index": 0.47, "access_status": "Very Low Access", "interpretation": "Area lacks adequate access to educational facilities", "norm_school": 0.0, "norm_dist": 0.67405193756827264, "norm_pop": 0.022772752445845205 }, "geometry": { "type": "MultiPolygon", "coordinates": [ [ [ [ 115.146961, -8.833487 ], [ 115.149562, -8.838021 ], [ 115.15481, -8.838046 ], [ 115.157456, -8.833539 ], [ 115.154855, -8.829006 ], [ 115.149607, -8.82898 ], [ 115.146961, -8.833487 ] ] ] ] } },
{ "type": "Feature", "properties": { "id": 155, "fid": 335, "left": 296198.6952113533, "top": 9022550.6931999996, "right": 297353.3957497325, "bottom": 9021550.6931999996, "schools": 0, "distance_to_school": 1208.16, "population": 1231.0, "school_per_1000": 0.0, "access_index": 0.43, "access_status": "Very Low Access", "interpretation": "Area lacks adequate access to educational facilities", "norm_school": 0.0, "norm_dist": 0.58004481449058565, "norm_pop": 0.022772752445845205 }, "geometry": { "type": "MultiPolygon", "coordinates": [ [ [ [ 115.146916, -8.842528 ], [ 115.149517, -8.847061 ], [ 115.154765, -8.847087 ], [ 115.157411, -8.84258 ], [ 115.15481, -8.838046 ], [ 115.149562, -8.838021 ], [ 115.146916, -8.842528 ] ] ] ] } },
{ "type": "Feature", "properties": { "id": 156, "fid": 336, "left": 296198.6952113533, "top": 9021550.6931999996, "right": 297353.3957497325, "bottom": 9020550.6931999996, "schools": 0, "distance_to_school": 1701.05, "population": 66.0, "school_per_1000": 0.0, "access_index": 0.36, "access_status": "Very Low Access", "interpretation": "Area lacks adequate access to educational facilities", "norm_school": 0.0, "norm_dist": 0.40871353271078653, "norm_pop": 0.0011713032450911202 }, "geometry": { "type": "MultiPolygon", "coordinates": [ [ [ [ 115.15526, -8.847966 ], [ 115.155271, -8.847968 ], [ 115.154765, -8.847087 ], [ 115.149517, -8.847061 ], [ 115.149115, -8.847746 ], [ 115.149264, -8.847662 ], [ 115.14945, -8.847587 ], [ 115.14945, -8.847587 ], [ 115.149996, -8.847366 ], [ 115.150217, -8.847381 ], [ 115.150457, -8.847452 ], [ 115.150596, -8.847493 ], [ 115.151672, -8.847798 ], [ 115.151727, -8.847814 ], [ 115.151992, -8.847832 ], [ 115.152435, -8.847862 ], [ 115.152435, -8.847862 ], [ 115.152847, -8.847876 ], [ 115.152867, -8.847877 ], [ 115.153985, -8.847915 ], [ 115.154046, -8.847917 ], [ 115.154046, -8.847917 ], [ 115.15526, -8.847966 ] ] ] ] } },
{ "type": "Feature", "properties": { "id": 157, "fid": 124, "left": 297064.72061513778, "top": 9060050.6931999996, "right": 298219.42115351697, "bottom": 9059050.6931999996, "schools": 0, "distance_to_school": 669.57, "population": 3357.0, "school_per_1000": 0.0, "access_index": 0.49, "access_status": "Low Access", "interpretation": "Access is limited due to fewer schools or distance", "norm_school": 0.0, "norm_dist": 0.76725610617137374, "norm_pop": 0.062192312531180127 }, "geometry": { "type": "MultiPolygon", "coordinates": [ [ [ [ 115.164865, -8.5 ], [ 115.158521, -8.5 ], [ 115.156442, -8.503547 ], [ 115.159041, -8.508079 ], [ 115.164285, -8.508104 ], [ 115.166928, -8.503596 ], [ 115.164865, -8.5 ] ] ] ] } },
{ "type": "Feature", "properties": { "id": 158, "fid": 125, "left": 297064.72061513778, "top": 9059050.6931999996, "right": 298219.42115351697, "bottom": 9058050.6931999996, "schools": 0, "distance_to_school": 126.89, "population": 3638.0, "school_per_1000": 0.0, "access_index": 0.57, "access_status": "Moderate Access", "interpretation": "Area has moderate access with reasonable proximity", "norm_school": 0.0, "norm_dist": 0.95589226019137585, "norm_pop": 0.06741022587482888 }, "geometry": { "type": "MultiPolygon", "coordinates": [ [ [ [ 115.156398, -8.512587 ], [ 115.158998, -8.51712 ], [ 115.164242, -8.517145 ], [ 115.166885, -8.512637 ], [ 115.164285, -8.508104 ], [ 115.159041, -8.508079 ], [ 115.156398, -8.512587 ] ] ] ] } },
{ "type": "Feature", "properties": { "id": 159, "fid": 126, "left": 297064.72061513778, "top": 9058050.6931999996, "right": 298219.42115351697, "bottom": 9057050.6931999996, "schools": 0, "distance_to_school": 627.39, "population": 3638.0, "school_per_1000": 0.0, "access_index": 0.5, "access_status": "Low Access", "interpretation": "Access is limited due to fewer schools or distance", "norm_school": 0.0, "norm_dist": 0.7819191972250481, "norm_pop": 0.06741022587482888 }, "geometry": { "type": "MultiPolygon", "coordinates": [ [ [ [ 115.156355, -8.521628 ], [ 115.158955, -8.526161 ], [ 115.164198, -8.526185 ], [ 115.166842, -8.521678 ], [ 115.164242, -8.517145 ], [ 115.158998, -8.51712 ], [ 115.156355, -8.521628 ] ] ] ] } },
{ "type": "Feature", "properties": { "id": 160, "fid": 127, "left": 297064.72061513778, "top": 9057050.6931999996, "right": 298219.42115351697, "bottom": 9056050.6931999996, "schools": 0, "distance_to_school": 682.9, "population": 3600.0, "school_per_1000": 0.0, "access_index": 0.49, "access_status": "Low Access", "interpretation": "Access is limited due to fewer schools or distance", "norm_school": 0.0, "norm_dist": 0.76262242309897366, "norm_pop": 0.066699013211759986 }, "geometry": { "type": "MultiPolygon", "coordinates": [ [ [ [ 115.156312, -8.530669 ], [ 115.158912, -8.535201 ], [ 115.164155, -8.535226 ], [ 115.166799, -8.530718 ], [ 115.164198, -8.526185 ], [ 115.158955, -8.526161 ], [ 115.156312, -8.530669 ] ] ] ] } },
{ "type": "Feature", "properties": { "id": 161, "fid": 128, "left": 297064.72061513778, "top": 9056050.6931999996, "right": 298219.42115351697, "bottom": 9055050.6931999996, "schools": 0, "distance_to_school": 574.55, "population": 2592.0, "school_per_1000": 0.0, "access_index": 0.51, "access_status": "Low Access", "interpretation": "Access is limited due to fewer schools or distance", "norm_school": 0.0, "norm_dist": 0.80028737480695822, "norm_pop": 0.048005774916407583 }, "geometry": { "type": "MultiPolygon", "coordinates": [ [ [ [ 115.156268, -8.539709 ], [ 115.158868, -8.544242 ], [ 115.164112, -8.544267 ], [ 115.166755, -8.539759 ], [ 115.164155, -8.535226 ], [ 115.158912, -8.535201 ], [ 115.156268, -8.539709 ] ] ] ] } },
{ "type": "Feature", "properties": { "id": 162, "fid": 129, "left": 297064.72061513778, "top": 9055050.6931999996, "right": 298219.42115351697, "bottom": 9054050.6931999996, "schools": 0, "distance_to_school": 283.66, "population": 2368.0, "school_per_1000": 0.0, "access_index": 0.55, "access_status": "Moderate Access", "interpretation": "Area has moderate access with reasonable proximity", "norm_school": 0.0, "norm_dist": 0.90139813093833598, "norm_pop": 0.043860627783243171 }, "geometry": { "type": "MultiPolygon", "coordinates": [ [ [ [ 115.156225, -8.54875 ], [ 115.158825, -8.553282 ], [ 115.164069, -8.553307 ], [ 115.166712, -8.5488 ], [ 115.164112, -8.544267 ], [ 115.158868, -8.544242 ], [ 115.156225, -8.54875 ] ] ] ] } },
{ "type": "Feature", "properties": { "id": 163, "fid": 130, "left": 297064.72061513778, "top": 9054050.6931999996, "right": 298219.42115351697, "bottom": 9053050.6931999996, "schools": 1, "distance_to_school": 0.0, "population": 2083.0, "school_per_1000": 0.48, "access_index": 0.64, "access_status": "High Access", "interpretation": "Area has strong access to educational facilities", "norm_school": 0.11362333958160219, "norm_dist": 1.0, "norm_pop": 0.038560168485409392 }, "geometry": { "type": "MultiPolygon", "coordinates": [ [ [ [ 115.156181, -8.55779 ], [ 115.158782, -8.562323 ], [ 115.164025, -8.562348 ], [ 115.166669, -8.55784 ], [ 115.164069, -8.553307 ], [ 115.158825, -8.553282 ], [ 115.156181, -8.55779 ] ] ] ] } },
{ "type": "Feature", "properties": { "id": 164, "fid": 131, "left": 297064.72061513778, "top": 9053050.6931999996, "right": 298219.42115351697, "bottom": 9052050.6931999996, "schools": 0, "distance_to_school": 6.18, "population": 1874.0, "school_per_1000": 0.0, "access_index": 0.59, "access_status": "Moderate Access", "interpretation": "Area has moderate access with reasonable proximity", "norm_school": 0.0, "norm_dist": 0.99785091164124617, "norm_pop": 0.034694585981998288 }, "geometry": { "type": "MultiPolygon", "coordinates": [ [ [ [ 115.156138, -8.566831 ], [ 115.158738, -8.571364 ], [ 115.163982, -8.571389 ], [ 115.166626, -8.566881 ], [ 115.164025, -8.562348 ], [ 115.158782, -8.562323 ], [ 115.156138, -8.566831 ] ] ] ] } },
{ "type": "Feature", "properties": { "id": 165, "fid": 132, "left": 297064.72061513778, "top": 9052050.6931999996, "right": 298219.42115351697, "bottom": 9051050.6931999996, "schools": 0, "distance_to_school": 736.49, "population": 1874.0, "school_per_1000": 0.0, "access_index": 0.49, "access_status": "Low Access", "interpretation": "Access is limited due to fewer schools or distance", "norm_school": 0.0, "norm_dist": 0.74399675790391795, "norm_pop": 0.034692708717908569 }, "geometry": { "type": "MultiPolygon", "coordinates": [ [ [ [ 115.156094, -8.575871 ], [ 115.158694, -8.580404 ], [ 115.163939, -8.580429 ], [ 115.166582, -8.575921 ], [ 115.163982, -8.571389 ], [ 115.158738, -8.571364 ], [ 115.156094, -8.575871 ] ] ] ] } },
{ "type": "Feature", "properties": { "id": 166, "fid": 133, "left": 297064.72061513778, "top": 9051050.6931999996, "right": 298219.42115351697, "bottom": 9050050.6931999996, "schools": 0, "distance_to_school": 8.24, "population": 1874.0, "school_per_1000": 0.0, "access_index": 0.59, "access_status": "Moderate Access", "interpretation": "Area has moderate access with reasonable proximity", "norm_school": 0.0, "norm_dist": 0.99713567203876996, "norm_pop": 0.034692708717908569 }, "geometry": { "type": "MultiPolygon", "coordinates": [ [ [ [ 115.156051, -8.584912 ], [ 115.158651, -8.589445 ], [ 115.163895, -8.58947 ], [ 115.166539, -8.584962 ], [ 115.163939, -8.580429 ], [ 115.158694, -8.580404 ], [ 115.156051, -8.584912 ] ] ] ] } },
{ "type": "Feature", "properties": { "id": 167, "fid": 134, "left": 297064.72061513778, "top": 9050050.6931999996, "right": 298219.42115351697, "bottom": 9049050.6931999996, "schools": 0, "distance_to_school": 45.34, "population": 1874.0, "school_per_1000": 0.0, "access_index": 0.59, "access_status": "Moderate Access", "interpretation": "Area has moderate access with reasonable proximity", "norm_school": 0.0, "norm_dist": 0.98424037374119255, "norm_pop": 0.034692708717908569 }, "geometry": { "type": "MultiPolygon", "coordinates": [ [ [ [ 115.156007, -8.593953 ], [ 115.158607, -8.598485 ], [ 115.163852, -8.598511 ], [ 115.166496, -8.594003 ], [ 115.163895, -8.58947 ], [ 115.158651, -8.589445 ], [ 115.156007, -8.593953 ] ] ] ] } },
{ "type": "Feature", "properties": { "id": 168, "fid": 135, "left": 297064.72061513778, "top": 9049050.6931999996, "right": 298219.42115351697, "bottom": 9048050.6931999996, "schools": 1, "distance_to_school": 0.0, "population": 1874.0, "school_per_1000": 0.53, "access_index": 0.64, "access_status": "High Access", "interpretation": "Area has strong access to educational facilities", "norm_school": 0.12626863616234121, "norm_dist": 1.0, "norm_pop": 0.034692708717908569 }, "geometry": { "type": "MultiPolygon", "coordinates": [ [ [ [ 115.155963, -8.602993 ], [ 115.158564, -8.607526 ], [ 115.163808, -8.607551 ], [ 115.166452, -8.603043 ], [ 115.163852, -8.598511 ], [ 115.158607, -8.598485 ], [ 115.155963, -8.602993 ] ] ] ] } },
{ "type": "Feature", "properties": { "id": 169, "fid": 136, "left": 297064.72061513778, "top": 9048050.6931999996, "right": 298219.42115351697, "bottom": 9047050.6931999996, "schools": 0, "distance_to_school": 363.14, "population": 2011.0, "school_per_1000": 0.0, "access_index": 0.54, "access_status": "Low Access", "interpretation": "Access is limited due to fewer schools or distance", "norm_school": 0.0, "norm_dist": 0.87377199673406014, "norm_pop": 0.037231305782672267 }, "geometry": { "type": "MultiPolygon", "coordinates": [ [ [ [ 115.155919, -8.612034 ], [ 115.15852, -8.616567 ], [ 115.163764, -8.616592 ], [ 115.166409, -8.612084 ], [ 115.163808, -8.607551 ], [ 115.158564, -8.607526 ], [ 115.155919, -8.612034 ] ] ] ] } },
{ "type": "Feature", "properties": { "id": 170, "fid": 137, "left": 297064.72061513778, "top": 9047050.6931999996, "right": 298219.42115351697, "bottom": 9046050.6931999996, "schools": 0, "distance_to_school": 170.64, "population": 2169.0, "school_per_1000": 0.0, "access_index": 0.57, "access_status": "Moderate Access", "interpretation": "Area has moderate access with reasonable proximity", "norm_school": 0.0, "norm_dist": 0.94068397349947486, "norm_pop": 0.040167583031279583 }, "geometry": { "type": "MultiPolygon", "coordinates": [ [ [ [ 115.155876, -8.621074 ], [ 115.158476, -8.625607 ], [ 115.163721, -8.625632 ], [ 115.166365, -8.621125 ], [ 115.163764, -8.616592 ], [ 115.15852, -8.616567 ], [ 115.155876, -8.621074 ] ] ] ] } },
{ "type": "Feature", "properties": { "id": 171, "fid": 138, "left": 297064.72061513778, "top": 9046050.6931999996, "right": 298219.42115351697, "bottom": 9045050.6931999996, "schools": 0, "distance_to_school": 166.84, "population": 2169.0, "school_per_1000": 0.0, "access_index": 0.57, "access_status": "Moderate Access", "interpretation": "Area has moderate access with reasonable proximity", "norm_school": 0.0, "norm_dist": 0.94200562674146859, "norm_pop": 0.040167583031279583 }, "geometry": { "type": "MultiPolygon", "coordinates": [ [ [ [ 115.155832, -8.630115 ], [ 115.158432, -8.634648 ], [ 115.163677, -8.634673 ], [ 115.166321, -8.630165 ], [ 115.163721, -8.625632 ], [ 115.158476, -8.625607 ], [ 115.155832, -8.630115 ] ] ] ] } },
{ "type": "Feature", "properties": { "id": 172, "fid": 139, "left": 297064.72061513778, "top": 9045050.6931999996, "right": 298219.42115351697, "bottom": 9044050.6931999996, "schools": 0, "distance_to_school": 322.24, "population": 2169.0, "school_per_1000": 0.0, "access_index": 0.55, "access_status": "Low Access", "interpretation": "Access is limited due to fewer schools or distance", "norm_school": 0.0, "norm_dist": 0.88798845392797465, "norm_pop": 0.040167583031279583 }, "geometry": { "type": "MultiPolygon", "coordinates": [ [ [ [ 115.155788, -8.639155 ], [ 115.158388, -8.643688 ], [ 115.163633, -8.643713 ], [ 115.166278, -8.639206 ], [ 115.163677, -8.634673 ], [ 115.158432, -8.634648 ], [ 115.155788, -8.639155 ] ] ] ] } },
{ "type": "Feature", "properties": { "id": 174, "fid": 141, "left": 297064.72061513778, "top": 9043050.6931999996, "right": 298219.42115351697, "bottom": 9042050.6931999996, "schools": 1, "distance_to_school": 0.0, "population": 2169.0, "school_per_1000": 0.46, "access_index": 0.64, "access_status": "High Access", "interpretation": "Area has strong access to educational facilities", "norm_school": 0.10908295626875422, "norm_dist": 1.0, "norm_pop": 0.040167583031279583 }, "geometry": { "type": "MultiPolygon", "coordinates": [ [ [ [ 115.1557, -8.657237 ], [ 115.1583, -8.661769 ], [ 115.163546, -8.661795 ], [ 115.16619, -8.657287 ], [ 115.16359, -8.652754 ], [ 115.158344, -8.652729 ], [ 115.1557, -8.657237 ] ] ] ] } },
{ "type": "Feature", "properties": { "id": 175, "fid": 429, "left": 297064.72061513778, "top": 9042050.6931999996, "right": 298219.42115351697, "bottom": 9041050.6931999996, "schools": 0, "distance_to_school": 498.18, "population": 2169.0, "school_per_1000": 0.0, "access_index": 0.52, "access_status": "Low Access", "interpretation": "Access is limited due to fewer schools or distance", "norm_school": 0.0, "norm_dist": 0.82683231429963755, "norm_pop": 0.040167583031279583 }, "geometry": { "type": "MultiPolygon", "coordinates": [ [ [ [ 115.155656, -8.666277 ], [ 115.158256, -8.67081 ], [ 115.163502, -8.670835 ], [ 115.166146, -8.666328 ], [ 115.163546, -8.661795 ], [ 115.1583, -8.661769 ], [ 115.155656, -8.666277 ] ] ] ] } },
{ "type": "Feature", "properties": { "id": 176, "fid": 430, "left": 297064.72061513778, "top": 9041050.6931999996, "right": 298219.42115351697, "bottom": 9040050.6931999996, "schools": 1, "distance_to_school": 0.0, "population": 2169.0, "school_per_1000": 0.46, "access_index": 0.64, "access_status": "High Access", "interpretation": "Area has strong access to educational facilities", "norm_school": 0.10908295626875422, "norm_dist": 1.0, "norm_pop": 0.040167583031279583 }, "geometry": { "type": "MultiPolygon", "coordinates": [ [ [ [ 115.155612, -8.675318 ], [ 115.158212, -8.679851 ], [ 115.163458, -8.679876 ], [ 115.166103, -8.675368 ], [ 115.163502, -8.670835 ], [ 115.158256, -8.67081 ], [ 115.155612, -8.675318 ] ] ] ] } },
{ "type": "Feature", "properties": { "id": 177, "fid": 5, "left": 297064.72061513778, "top": 9040050.6931999996, "right": 298219.42115351697, "bottom": 9039050.6931999996, "schools": 0, "distance_to_school": 295.25, "population": 2253.0, "school_per_1000": 0.0, "access_index": 0.55, "access_status": "Moderate Access", "interpretation": "Area has moderate access with reasonable proximity", "norm_school": 0.0, "norm_dist": 0.89737145690058762, "norm_pop": 0.041724362641169341 }, "geometry": { "type": "MultiPolygon", "coordinates": [ [ [ [ 115.155568, -8.684358 ], [ 115.158168, -8.688891 ], [ 115.163414, -8.688916 ], [ 115.166059, -8.684409 ], [ 115.163458, -8.679876 ], [ 115.158212, -8.679851 ], [ 115.155568, -8.684358 ] ] ] ] } },
{ "type": "Feature", "properties": { "id": 178, "fid": 6, "left": 297064.72061513778, "top": 9039050.6931999996, "right": 298219.42115351697, "bottom": 9038050.6931999996, "schools": 0, "distance_to_school": 414.52, "population": 1674.0, "school_per_1000": 0.0, "access_index": 0.54, "access_status": "Low Access", "interpretation": "Access is limited due to fewer schools or distance", "norm_school": 0.0, "norm_dist": 0.85591294637956516, "norm_pop": 0.030976132388341661 }, "geometry": { "type": "MultiPolygon", "coordinates": [ [ [ [ 115.161423, -8.697755 ], [ 115.161546, -8.697948 ], [ 115.16337, -8.697957 ], [ 115.166015, -8.693449 ], [ 115.163414, -8.688916 ], [ 115.158168, -8.688891 ], [ 115.156999, -8.690885 ], [ 115.157066, -8.691018 ], [ 115.157418, -8.691542 ], [ 115.158102, -8.692386 ], [ 115.158937, -8.693708 ], [ 115.159787, -8.69475 ], [ 115.160114, -8.695237 ], [ 115.160378, -8.69578 ], [ 115.161023, -8.697127 ], [ 115.161337, -8.69762 ], [ 115.161423, -8.697755 ] ] ] ] } },
{ "type": "Feature", "properties": { "id": 206, "fid": 152, "left": 297930.74601892219, "top": 9049550.6931999996, "right": 299085.44655730139, "bottom": 9048550.6931999996, "schools": 0, "distance_to_school": 493.8, "population": 1877.0, "school_per_1000": 0.0, "access_index": 0.52, "access_status": "Low Access", "interpretation": "Access is limited due to fewer schools or distance", "norm_school": 0.0, "norm_dist": 0.82835677579761746, "norm_pop": 0.034757482817041274 }, "geometry": { "type": "MultiPolygon", "coordinates": [ [ [ [ 115.163852, -8.598511 ], [ 115.166452, -8.603043 ], [ 115.171697, -8.603068 ], [ 115.17434, -8.59856 ], [ 115.17174, -8.594028 ], [ 115.166496, -8.594003 ], [ 115.163852, -8.598511 ] ] ] ] } },
{ "type": "Feature", "properties": { "id": 179, "fid": 7, "left": 297064.72061513778, "top": 9038050.6931999996, "right": 298219.42115351697, "bottom": 9037050.6931999996, "schools": 0, "distance_to_school": 1191.93, "population": 354.0, "school_per_1000": 0.0, "access_index": 0.43, "access_status": "Very Low Access", "interpretation": "Area lacks adequate access to educational facilities", "norm_school": 0.0, "norm_dist": 0.5856859530866001, "norm_pop": 0.0065022774893049506 }, "geometry": { "type": "MultiPolygon", "coordinates": [ [ [ [ 115.164622, -8.704182 ], [ 115.16475, -8.70457 ], [ 115.165971, -8.70249 ], [ 115.16337, -8.697957 ], [ 115.161546, -8.697948 ], [ 115.161585, -8.698009 ], [ 115.162073, -8.698756 ], [ 115.16303, -8.700753 ], [ 115.163235, -8.701259 ], [ 115.163703, -8.702253 ], [ 115.164622, -8.704182 ] ] ] ] } },
{ "type": "Feature", "properties": { "id": 183, "fid": 9, "left": 297064.72061513778, "top": 9034050.6931999996, "right": 298219.42115351697, "bottom": 9033050.6931999996, "schools": 0, "distance_to_school": 832.02, "population": 1074.0, "school_per_1000": 0.0, "access_index": 0.48, "access_status": "Very Low Access", "interpretation": "Area lacks adequate access to educational facilities", "norm_school": 0.0, "norm_dist": 0.71079107309798073, "norm_pop": 0.019854591845120922 }, "geometry": { "type": "MultiPolygon", "coordinates": [ [ [ [ 115.159529, -8.74207 ], [ 115.157333, -8.742142 ], [ 115.157903, -8.743134 ], [ 115.163149, -8.74316 ], [ 115.165794, -8.738652 ], [ 115.163193, -8.734119 ], [ 115.163113, -8.734119 ], [ 115.162943, -8.734784 ], [ 115.162541, -8.735597 ], [ 115.162082, -8.736425 ], [ 115.161762, -8.736705 ], [ 115.161436, -8.736991 ], [ 115.160998, -8.737124 ], [ 115.160656, -8.737105 ], [ 115.160199, -8.737238 ], [ 115.160199, -8.737619 ], [ 115.160484, -8.737771 ], [ 115.160789, -8.7384 ], [ 115.160789, -8.739046 ], [ 115.160789, -8.739561 ], [ 115.160339, -8.740892 ], [ 115.160325, -8.741044 ], [ 115.160216, -8.741858 ], [ 115.160165, -8.742147 ], [ 115.159529, -8.74207 ] ] ] ] } },
{ "type": "Feature", "properties": { "id": 184, "fid": 10, "left": 297064.72061513778, "top": 9033050.6931999996, "right": 298219.42115351697, "bottom": 9032050.6931999996, "schools": 0, "distance_to_school": 986.22, "population": 2101.0, "school_per_1000": 0.0, "access_index": 0.46, "access_status": "Very Low Access", "interpretation": "Area lacks adequate access to educational facilities", "norm_school": 0.0, "norm_dist": 0.65719053985536713, "norm_pop": 0.038899278528587405 }, "geometry": { "type": "MultiPolygon", "coordinates": [ [ [ [ 115.162009, -8.752151 ], [ 115.162081, -8.752195 ], [ 115.163105, -8.7522 ], [ 115.16575, -8.747693 ], [ 115.163149, -8.74316 ], [ 115.157903, -8.743134 ], [ 115.155257, -8.747642 ], [ 115.156812, -8.750352 ], [ 115.157552, -8.750321 ], [ 115.158432, -8.75024 ], [ 115.158957, -8.750227 ], [ 115.159594, -8.750291 ], [ 115.159769, -8.750383 ], [ 115.160152, -8.750695 ], [ 115.160932, -8.751599 ], [ 115.161228, -8.751828 ], [ 115.161538, -8.751958 ], [ 115.162009, -8.752151 ] ] ] ] } },
{ "type": "Feature", "properties": { "id": 185, "fid": 11, "left": 297064.72061513778, "top": 9032050.6931999996, "right": 298219.42115351697, "bottom": 9031050.6931999996, "schools": 0, "distance_to_school": 1561.67, "population": 27.0, "school_per_1000": 0.0, "access_index": 0.38, "access_status": "Very Low Access", "interpretation": "Area lacks adequate access to educational facilities", "norm_school": 0.0, "norm_dist": 0.45716465902344439, "norm_pop": 0.00045100009740150799 }, "geometry": { "type": "MultiPolygon", "coordinates": [ [ [ [ 115.164021, -8.753967 ], [ 115.164218, -8.754141 ], [ 115.163105, -8.7522 ], [ 115.162081, -8.752195 ], [ 115.162488, -8.752445 ], [ 115.163098, -8.753003 ], [ 115.163552, -8.753487 ], [ 115.164021, -8.753967 ] ] ] ] } },
{ "type": "Feature", "properties": { "id": 212, "fid": 158, "left": 297930.74601892219, "top": 9043550.6931999996, "right": 299085.44655730139, "bottom": 9042550.6931999996, "schools": 0, "distance_to_school": 216.13, "population": 2169.0, "school_per_1000": 0.0, "access_index": 0.56, "access_status": "Moderate Access", "interpretation": "Area has moderate access with reasonable proximity", "norm_school": 0.0, "norm_dist": 0.92487198242353119, "norm_pop": 0.040167583031279583 }, "geometry": { "type": "MultiPolygon", "coordinates": [ [ [ [ 115.16359, -8.652754 ], [ 115.16619, -8.657287 ], [ 115.171435, -8.657312 ], [ 115.17408, -8.652804 ], [ 115.171479, -8.648271 ], [ 115.166234, -8.648246 ], [ 115.16359, -8.652754 ] ] ] ] } },
{ "type": "Feature", "properties": { "id": 188, "fid": 337, "left": 297064.72061513778, "top": 9029050.6931999996, "right": 298219.42115351697, "bottom": 9028050.6931999996, "schools": 1, "distance_to_school": 0.0, "population": 1001.0, "school_per_1000": 1.0, "access_index": 0.69, "access_status": "High Access", "interpretation": "Area has strong access to educational facilities", "norm_school": 0.23627546168581612, "norm_dist": 1.0, "norm_pop": 0.018513199397102841 }, "geometry": { "type": "MultiPolygon", "coordinates": [ [ [ [ 115.156978, -8.781067 ], [ 115.156766, -8.780929 ], [ 115.155079, -8.783804 ], [ 115.15768, -8.788337 ], [ 115.162927, -8.788362 ], [ 115.165573, -8.783855 ], [ 115.163449, -8.780154 ], [ 115.163384, -8.780228 ], [ 115.162668, -8.780967 ], [ 115.162186, -8.781377 ], [ 115.161709, -8.781676 ], [ 115.161458, -8.781766 ], [ 115.161017, -8.781748 ], [ 115.160416, -8.781727 ], [ 115.160415, -8.781727 ], [ 115.159938, -8.781785 ], [ 115.159173, -8.781916 ], [ 115.158888, -8.781846 ], [ 115.158609, -8.781713 ], [ 115.157763, -8.781231 ], [ 115.157498, -8.78118 ], [ 115.156978, -8.781067 ] ] ] ] } },
{ "type": "Feature", "properties": { "id": 189, "fid": 338, "left": 297064.72061513778, "top": 9028050.6931999996, "right": 298219.42115351697, "bottom": 9027050.6931999996, "schools": 1, "distance_to_school": 0.0, "population": 1231.0, "school_per_1000": 0.81, "access_index": 0.67, "access_status": "High Access", "interpretation": "Area has strong access to educational facilities", "norm_school": 0.19219344959429771, "norm_dist": 1.0, "norm_pop": 0.022772752445845205 }, "geometry": { "type": "MultiPolygon", "coordinates": [ [ [ [ 115.155034, -8.792844 ], [ 115.157635, -8.797377 ], [ 115.162882, -8.797403 ], [ 115.165528, -8.792895 ], [ 115.162927, -8.788362 ], [ 115.15768, -8.788337 ], [ 115.155034, -8.792844 ] ] ] ] } },
{ "type": "Feature", "properties": { "id": 190, "fid": 339, "left": 297064.72061513778, "top": 9027050.6931999996, "right": 298219.42115351697, "bottom": 9026050.6931999996, "schools": 2, "distance_to_school": 0.0, "population": 1231.0, "school_per_1000": 1.62, "access_index": 0.75, "access_status": "High Access", "interpretation": "Area has strong access to educational facilities", "norm_school": 0.38438689918859542, "norm_dist": 1.0, "norm_pop": 0.022772752445845205 }, "geometry": { "type": "MultiPolygon", "coordinates": [ [ [ [ 115.154989, -8.801885 ], [ 115.15759, -8.806418 ], [ 115.162838, -8.806443 ], [ 115.165484, -8.801936 ], [ 115.162882, -8.797403 ], [ 115.157635, -8.797377 ], [ 115.154989, -8.801885 ] ] ] ] } },
{ "type": "Feature", "properties": { "id": 191, "fid": 340, "left": 297064.72061513778, "top": 9026050.6931999996, "right": 298219.42115351697, "bottom": 9025050.6931999996, "schools": 0, "distance_to_school": 681.2, "population": 1231.0, "school_per_1000": 0.0, "access_index": 0.5, "access_status": "Low Access", "interpretation": "Access is limited due to fewer schools or distance", "norm_school": 0.0, "norm_dist": 0.7632156407950198, "norm_pop": 0.022772752445845205 }, "geometry": { "type": "MultiPolygon", "coordinates": [ [ [ [ 115.154944, -8.810925 ], [ 115.157546, -8.815458 ], [ 115.162793, -8.815484 ], [ 115.165439, -8.810976 ], [ 115.162838, -8.806443 ], [ 115.15759, -8.806418 ], [ 115.154944, -8.810925 ] ] ] ] } },
{ "type": "Feature", "properties": { "id": 192, "fid": 341, "left": 297064.72061513778, "top": 9025050.6931999996, "right": 298219.42115351697, "bottom": 9024050.6931999996, "schools": 0, "distance_to_school": 747.46, "population": 1231.0, "school_per_1000": 0.0, "access_index": 0.49, "access_status": "Low Access", "interpretation": "Access is limited due to fewer schools or distance", "norm_school": 0.0, "norm_dist": 0.74018158958503466, "norm_pop": 0.022772752445845205 }, "geometry": { "type": "MultiPolygon", "coordinates": [ [ [ [ 115.1549, -8.819965 ], [ 115.157501, -8.824499 ], [ 115.162748, -8.824524 ], [ 115.165394, -8.820017 ], [ 115.162793, -8.815484 ], [ 115.157546, -8.815458 ], [ 115.1549, -8.819965 ] ] ] ] } },
{ "type": "Feature", "properties": { "id": 193, "fid": 342, "left": 297064.72061513778, "top": 9024050.6931999996, "right": 298219.42115351697, "bottom": 9023050.6931999996, "schools": 0, "distance_to_school": 105.31, "population": 1231.0, "school_per_1000": 0.0, "access_index": 0.58, "access_status": "Moderate Access", "interpretation": "Area has moderate access with reasonable proximity", "norm_school": 0.0, "norm_dist": 0.96339553227161778, "norm_pop": 0.022772752445845205 }, "geometry": { "type": "MultiPolygon", "coordinates": [ [ [ [ 115.154855, -8.829006 ], [ 115.157456, -8.833539 ], [ 115.162704, -8.833565 ], [ 115.16535, -8.829057 ], [ 115.162748, -8.824524 ], [ 115.157501, -8.824499 ], [ 115.154855, -8.829006 ] ] ] ] } },
{ "type": "Feature", "properties": { "id": 194, "fid": 343, "left": 297064.72061513778, "top": 9023050.6931999996, "right": 298219.42115351697, "bottom": 9022050.6931999996, "schools": 0, "distance_to_school": 440.28, "population": 1231.0, "school_per_1000": 0.0, "access_index": 0.53, "access_status": "Low Access", "interpretation": "Access is limited due to fewer schools or distance", "norm_school": 0.0, "norm_dist": 0.84695956256427851, "norm_pop": 0.022772752445845205 }, "geometry": { "type": "MultiPolygon", "coordinates": [ [ [ [ 115.15481, -8.838046 ], [ 115.157411, -8.84258 ], [ 115.162659, -8.842605 ], [ 115.165305, -8.838098 ], [ 115.162704, -8.833565 ], [ 115.157456, -8.833539 ], [ 115.15481, -8.838046 ] ] ] ] } },
{ "type": "Feature", "properties": { "id": 195, "fid": 344, "left": 297064.72061513778, "top": 9022050.6931999996, "right": 298219.42115351697, "bottom": 9021050.6931999996, "schools": 0, "distance_to_school": 1352.4, "population": 830.0, "school_per_1000": 0.0, "access_index": 0.41, "access_status": "Very Low Access", "interpretation": "Area lacks adequate access to educational facilities", "norm_school": 0.0, "norm_dist": 0.52990554040711013, "norm_pop": 0.015336702416582686 }, "geometry": { "type": "MultiPolygon", "coordinates": [ [ [ [ 115.164112, -8.848595 ], [ 115.164362, -8.848669 ], [ 115.16526, -8.847138 ], [ 115.162659, -8.842605 ], [ 115.157411, -8.84258 ], [ 115.154765, -8.847087 ], [ 115.155271, -8.847968 ], [ 115.155772, -8.848066 ], [ 115.155827, -8.848077 ], [ 115.156007, -8.848111 ], [ 115.157021, -8.848301 ], [ 115.157181, -8.84831 ], [ 115.157181, -8.84831 ], [ 115.15746, -8.848325 ], [ 115.157947, -8.848251 ], [ 115.158148, -8.848163 ], [ 115.158154, -8.848165 ], [ 115.158154, -8.848165 ], [ 115.158154, -8.848165 ], [ 115.158154, -8.848165 ], [ 115.158249, -8.84819 ], [ 115.158638, -8.848298 ], [ 115.159221, -8.848345 ], [ 115.160439, -8.848368 ], [ 115.160976, -8.848484 ], [ 115.161489, -8.848595 ], [ 115.162152, -8.848564 ], [ 115.162567, -8.848544 ], [ 115.162664, -8.848545 ], [ 115.162664, -8.848545 ], [ 115.162825, -8.848547 ], [ 115.163775, -8.848538 ], [ 115.164112, -8.848595 ] ] ] ] } },
{ "type": "Feature", "properties": { "id": 196, "fid": 142, "left": 297930.74601892219, "top": 9059550.6931999996, "right": 299085.44655730139, "bottom": 9058550.6931999996, "schools": 0, "distance_to_school": 27.36, "population": 3638.0, "school_per_1000": 0.0, "access_index": 0.58, "access_status": "Moderate Access", "interpretation": "Area has moderate access with reasonable proximity", "norm_school": 0.0, "norm_dist": 0.99049125185472586, "norm_pop": 0.06741022587482888 }, "geometry": { "type": "MultiPolygon", "coordinates": [ [ [ [ 115.164285, -8.508104 ], [ 115.166885, -8.512637 ], [ 115.172128, -8.512662 ], [ 115.174771, -8.508154 ], [ 115.172171, -8.503621 ], [ 115.166928, -8.503596 ], [ 115.164285, -8.508104 ] ] ] ] } },
{ "type": "Feature", "properties": { "id": 197, "fid": 143, "left": 297930.74601892219, "top": 9058550.6931999996, "right": 299085.44655730139, "bottom": 9057550.6931999996, "schools": 1, "distance_to_school": 0.0, "population": 3446.0, "school_per_1000": 0.29, "access_index": 0.61, "access_status": "High Access", "interpretation": "Area has strong access to educational facilities", "norm_school": 0.068666536599982328, "norm_dist": 1.0, "norm_pop": 0.063843980406834852 }, "geometry": { "type": "MultiPolygon", "coordinates": [ [ [ [ 115.164242, -8.517145 ], [ 115.166842, -8.521678 ], [ 115.172085, -8.521702 ], [ 115.174728, -8.517194 ], [ 115.172128, -8.512662 ], [ 115.166885, -8.512637 ], [ 115.164242, -8.517145 ] ] ] ] } },
{ "type": "Feature", "properties": { "id": 198, "fid": 144, "left": 297930.74601892219, "top": 9057550.6931999996, "right": 299085.44655730139, "bottom": 9056550.6931999996, "schools": 0, "distance_to_school": 590.65, "population": 2894.0, "school_per_1000": 0.0, "access_index": 0.51, "access_status": "Low Access", "interpretation": "Access is limited due to fewer schools or distance", "norm_school": 0.0, "norm_dist": 0.79468842429254904, "norm_pop": 0.05361390906780597 }, "geometry": { "type": "MultiPolygon", "coordinates": [ [ [ [ 115.164198, -8.526185 ], [ 115.166799, -8.530718 ], [ 115.172042, -8.530743 ], [ 115.174685, -8.526235 ], [ 115.172085, -8.521702 ], [ 115.166842, -8.521678 ], [ 115.164198, -8.526185 ] ] ] ] } },
{ "type": "Feature", "properties": { "id": 199, "fid": 145, "left": 297930.74601892219, "top": 9056550.6931999996, "right": 299085.44655730139, "bottom": 9055550.6931999996, "schools": 2, "distance_to_school": 0.0, "population": 1874.0, "school_per_1000": 1.07, "access_index": 0.69, "access_status": "High Access", "interpretation": "Area has strong access to educational facilities", "norm_school": 0.25253727232468243, "norm_dist": 1.0, "norm_pop": 0.034692708717908569 }, "geometry": { "type": "MultiPolygon", "coordinates": [ [ [ [ 115.164155, -8.535226 ], [ 115.166755, -8.539759 ], [ 115.171999, -8.539784 ], [ 115.174642, -8.535276 ], [ 115.172042, -8.530743 ], [ 115.166799, -8.530718 ], [ 115.164155, -8.535226 ] ] ] ] } },
{ "type": "Feature", "properties": { "id": 200, "fid": 146, "left": 297930.74601892219, "top": 9055550.6931999996, "right": 299085.44655730139, "bottom": 9054550.6931999996, "schools": 1, "distance_to_school": 0.0, "population": 1874.0, "school_per_1000": 0.53, "access_index": 0.64, "access_status": "High Access", "interpretation": "Area has strong access to educational facilities", "norm_school": 0.12626863616234121, "norm_dist": 1.0, "norm_pop": 0.034692708717908569 }, "geometry": { "type": "MultiPolygon", "coordinates": [ [ [ [ 115.164112, -8.544267 ], [ 115.166712, -8.5488 ], [ 115.171956, -8.548824 ], [ 115.174599, -8.544316 ], [ 115.171999, -8.539784 ], [ 115.166755, -8.539759 ], [ 115.164112, -8.544267 ] ] ] ] } },
{ "type": "Feature", "properties": { "id": 201, "fid": 147, "left": 297930.74601892219, "top": 9054550.6931999996, "right": 299085.44655730139, "bottom": 9053550.6931999996, "schools": 2, "distance_to_school": 0.0, "population": 1874.0, "school_per_1000": 1.07, "access_index": 0.69, "access_status": "High Access", "interpretation": "Area has strong access to educational facilities", "norm_school": 0.25253727232468243, "norm_dist": 1.0, "norm_pop": 0.034692708717908569 }, "geometry": { "type": "MultiPolygon", "coordinates": [ [ [ [ 115.164069, -8.553307 ], [ 115.166669, -8.55784 ], [ 115.171913, -8.557865 ], [ 115.174556, -8.553357 ], [ 115.171956, -8.548824 ], [ 115.166712, -8.5488 ], [ 115.164069, -8.553307 ] ] ] ] } },
{ "type": "Feature", "properties": { "id": 202, "fid": 148, "left": 297930.74601892219, "top": 9053550.6931999996, "right": 299085.44655730139, "bottom": 9052550.6931999996, "schools": 1, "distance_to_school": 0.0, "population": 1874.0, "school_per_1000": 0.53, "access_index": 0.64, "access_status": "High Access", "interpretation": "Area has strong access to educational facilities", "norm_school": 0.12626863616234121, "norm_dist": 1.0, "norm_pop": 0.034692708717908569 }, "geometry": { "type": "MultiPolygon", "coordinates": [ [ [ [ 115.164025, -8.562348 ], [ 115.166626, -8.566881 ], [ 115.17187, -8.566906 ], [ 115.174513, -8.562398 ], [ 115.171913, -8.557865 ], [ 115.166669, -8.55784 ], [ 115.164025, -8.562348 ] ] ] ] } },
{ "type": "Feature", "properties": { "id": 203, "fid": 149, "left": 297930.74601892219, "top": 9052550.6931999996, "right": 299085.44655730139, "bottom": 9051550.6931999996, "schools": 0, "distance_to_school": 383.42, "population": 1874.0, "school_per_1000": 0.0, "access_index": 0.54, "access_status": "Low Access", "interpretation": "Access is limited due to fewer schools or distance", "norm_school": 0.0, "norm_dist": 0.86672236055163498, "norm_pop": 0.034692708717908569 }, "geometry": { "type": "MultiPolygon", "coordinates": [ [ [ [ 115.163982, -8.571389 ], [ 115.166582, -8.575921 ], [ 115.171826, -8.575946 ], [ 115.17447, -8.571438 ], [ 115.17187, -8.566906 ], [ 115.166626, -8.566881 ], [ 115.163982, -8.571389 ] ] ] ] } },
{ "type": "Feature", "properties": { "id": 204, "fid": 150, "left": 297930.74601892219, "top": 9051550.6931999996, "right": 299085.44655730139, "bottom": 9050550.6931999996, "schools": 0, "distance_to_school": 137.74, "population": 1874.0, "school_per_1000": 0.0, "access_index": 0.57, "access_status": "Moderate Access", "interpretation": "Area has moderate access with reasonable proximity", "norm_school": 0.0, "norm_dist": 0.95211988043832929, "norm_pop": 0.034692708717908569 }, "geometry": { "type": "MultiPolygon", "coordinates": [ [ [ [ 115.163939, -8.580429 ], [ 115.166539, -8.584962 ], [ 115.171783, -8.584987 ], [ 115.174427, -8.580479 ], [ 115.171826, -8.575946 ], [ 115.166582, -8.575921 ], [ 115.163939, -8.580429 ] ] ] ] } },
{ "type": "Feature", "properties": { "id": 205, "fid": 151, "left": 297930.74601892219, "top": 9050550.6931999996, "right": 299085.44655730139, "bottom": 9049550.6931999996, "schools": 4, "distance_to_school": 0.0, "population": 1874.0, "school_per_1000": 2.13, "access_index": 0.8, "access_status": "High Access", "interpretation": "Area has strong access to educational facilities", "norm_school": 0.50507454464936485, "norm_dist": 1.0, "norm_pop": 0.034692708717908569 }, "geometry": { "type": "MultiPolygon", "coordinates": [ [ [ [ 115.163895, -8.58947 ], [ 115.166496, -8.594003 ], [ 115.17174, -8.594028 ], [ 115.174384, -8.58952 ], [ 115.171783, -8.584987 ], [ 115.166539, -8.584962 ], [ 115.163895, -8.58947 ] ] ] ] } },
{ "type": "Feature", "properties": { "id": 207, "fid": 153, "left": 297930.74601892219, "top": 9048550.6931999996, "right": 299085.44655730139, "bottom": 9047550.6931999996, "schools": 0, "distance_to_school": 523.07, "population": 2045.0, "school_per_1000": 0.0, "access_index": 0.52, "access_status": "Low Access", "interpretation": "Access is limited due to fewer schools or distance", "norm_school": 0.0, "norm_dist": 0.81818109908068404, "norm_pop": 0.03785923121710507 }, "geometry": { "type": "MultiPolygon", "coordinates": [ [ [ [ 115.163808, -8.607551 ], [ 115.166409, -8.612084 ], [ 115.171653, -8.612109 ], [ 115.174297, -8.607601 ], [ 115.171697, -8.603068 ], [ 115.166452, -8.603043 ], [ 115.163808, -8.607551 ] ] ] ] } },
{ "type": "Feature", "properties": { "id": 208, "fid": 154, "left": 297930.74601892219, "top": 9047550.6931999996, "right": 299085.44655730139, "bottom": 9046550.6931999996, "schools": 0, "distance_to_school": 348.33, "population": 2169.0, "school_per_1000": 0.0, "access_index": 0.54, "access_status": "Low Access", "interpretation": "Access is limited due to fewer schools or distance", "norm_school": 0.0, "norm_dist": 0.8789195144120534, "norm_pop": 0.040167583031279583 }, "geometry": { "type": "MultiPolygon", "coordinates": [ [ [ [ 115.163764, -8.616592 ], [ 115.166365, -8.621125 ], [ 115.17161, -8.62115 ], [ 115.174254, -8.616642 ], [ 115.171653, -8.612109 ], [ 115.166409, -8.612084 ], [ 115.163764, -8.616592 ] ] ] ] } },
{ "type": "Feature", "properties": { "id": 209, "fid": 155, "left": 297930.74601892219, "top": 9046550.6931999996, "right": 299085.44655730139, "bottom": 9045550.6931999996, "schools": 2, "distance_to_school": 0.0, "population": 2169.0, "school_per_1000": 0.92, "access_index": 0.68, "access_status": "High Access", "interpretation": "Area has strong access to educational facilities", "norm_school": 0.21816591253750844, "norm_dist": 1.0, "norm_pop": 0.040167583031279583 }, "geometry": { "type": "MultiPolygon", "coordinates": [ [ [ [ 115.163721, -8.625632 ], [ 115.166321, -8.630165 ], [ 115.171566, -8.63019 ], [ 115.17421, -8.625682 ], [ 115.17161, -8.62115 ], [ 115.166365, -8.621125 ], [ 115.163721, -8.625632 ] ] ] ] } },
{ "type": "Feature", "properties": { "id": 210, "fid": 156, "left": 297930.74601892219, "top": 9045550.6931999996, "right": 299085.44655730139, "bottom": 9044550.6931999996, "schools": 1, "distance_to_school": 0.0, "population": 2169.0, "school_per_1000": 0.46, "access_index": 0.64, "access_status": "High Access", "interpretation": "Area has strong access to educational facilities", "norm_school": 0.10908295626875422, "norm_dist": 1.0, "norm_pop": 0.040167583031279583 }, "geometry": { "type": "MultiPolygon", "coordinates": [ [ [ [ 115.163677, -8.634673 ], [ 115.166278, -8.639206 ], [ 115.171523, -8.639231 ], [ 115.174167, -8.634723 ], [ 115.171566, -8.63019 ], [ 115.166321, -8.630165 ], [ 115.163677, -8.634673 ] ] ] ] } },
{ "type": "Feature", "properties": { "id": 211, "fid": 157, "left": 297930.74601892219, "top": 9044550.6931999996, "right": 299085.44655730139, "bottom": 9043550.6931999996, "schools": 1, "distance_to_school": 0.0, "population": 2169.0, "school_per_1000": 0.46, "access_index": 0.64, "access_status": "High Access", "interpretation": "Area has strong access to educational facilities", "norm_school": 0.10908295626875422, "norm_dist": 1.0, "norm_pop": 0.040167583031279583 }, "geometry": { "type": "MultiPolygon", "coordinates": [ [ [ [ 115.163633, -8.643713 ], [ 115.166234, -8.648246 ], [ 115.171479, -8.648271 ], [ 115.174123, -8.643764 ], [ 115.171523, -8.639231 ], [ 115.166278, -8.639206 ], [ 115.163633, -8.643713 ] ] ] ] } },
{ "type": "Feature", "properties": { "id": 213, "fid": 431, "left": 297930.74601892219, "top": 9042550.6931999996, "right": 299085.44655730139, "bottom": 9041550.6931999996, "schools": 1, "distance_to_school": 0.0, "population": 2211.0, "school_per_1000": 0.45, "access_index": 0.63, "access_status": "High Access", "interpretation": "Area has strong access to educational facilities", "norm_school": 0.10701188077250261, "norm_dist": 1.0, "norm_pop": 0.040946097804701022 }, "geometry": { "type": "MultiPolygon", "coordinates": [ [ [ [ 115.163546, -8.661795 ], [ 115.166146, -8.666328 ], [ 115.171392, -8.666353 ], [ 115.174036, -8.661845 ], [ 115.171435, -8.657312 ], [ 115.16619, -8.657287 ], [ 115.163546, -8.661795 ] ] ] ] } },
{ "type": "Feature", "properties": { "id": 214, "fid": 432, "left": 297930.74601892219, "top": 9041550.6931999996, "right": 299085.44655730139, "bottom": 9040550.6931999996, "schools": 0, "distance_to_school": 17.62, "population": 2169.0, "school_per_1000": 0.0, "access_index": 0.59, "access_status": "Moderate Access", "interpretation": "Area has moderate access with reasonable proximity", "norm_school": 0.0, "norm_dist": 0.99387498149299969, "norm_pop": 0.040167583031279583 }, "geometry": { "type": "MultiPolygon", "coordinates": [ [ [ [ 115.163502, -8.670835 ], [ 115.166103, -8.675368 ], [ 115.171348, -8.675393 ], [ 115.173993, -8.670886 ], [ 115.171392, -8.666353 ], [ 115.166146, -8.666328 ], [ 115.163502, -8.670835 ] ] ] ] } },
{ "type": "Feature", "properties": { "id": 215, "fid": 12, "left": 297930.74601892219, "top": 9040550.6931999996, "right": 299085.44655730139, "bottom": 9039550.6931999996, "schools": 2, "distance_to_school": 0.0, "population": 2188.0, "school_per_1000": 0.91, "access_index": 0.68, "access_status": "High Access", "interpretation": "Area has strong access to educational facilities", "norm_school": 0.2162956608093253, "norm_dist": 1.0, "norm_pop": 0.040515403537400983 }, "geometry": { "type": "MultiPolygon", "coordinates": [ [ [ [ 115.163458, -8.679876 ], [ 115.166059, -8.684409 ], [ 115.171304, -8.684434 ], [ 115.173949, -8.679926 ], [ 115.171348, -8.675393 ], [ 115.166103, -8.675368 ], [ 115.163458, -8.679876 ] ] ] ] } },
{ "type": "Feature", "properties": { "id": 216, "fid": 13, "left": 297930.74601892219, "top": 9039550.6931999996, "right": 299085.44655730139, "bottom": 9038550.6931999996, "schools": 1, "distance_to_school": 0.0, "population": 2308.0, "school_per_1000": 0.43, "access_index": 0.63, "access_status": "High Access", "interpretation": "Area has strong access to educational facilities", "norm_school": 0.10252343253920865, "norm_dist": 1.0, "norm_pop": 0.042741248492326779 }, "geometry": { "type": "MultiPolygon", "coordinates": [ [ [ [ 115.163414, -8.688916 ], [ 115.166015, -8.693449 ], [ 115.17126, -8.693475 ], [ 115.173905, -8.688967 ], [ 115.171304, -8.684434 ], [ 115.166059, -8.684409 ], [ 115.163414, -8.688916 ] ] ] ] } },
{ "type": "Feature", "properties": { "id": 217, "fid": 14, "left": 297930.74601892219, "top": 9038550.6931999996, "right": 299085.44655730139, "bottom": 9037550.6931999996, "schools": 0, "distance_to_school": 619.27, "population": 2308.0, "school_per_1000": 0.0, "access_index": 0.51, "access_status": "Low Access", "interpretation": "Access is limited due to fewer schools or distance", "norm_school": 0.0, "norm_dist": 0.7847414404465245, "norm_pop": 0.042741248492326779 }, "geometry": { "type": "MultiPolygon", "coordinates": [ [ [ [ 115.16337, -8.697957 ], [ 115.165971, -8.70249 ], [ 115.171217, -8.702515 ], [ 115.173861, -8.698007 ], [ 115.17126, -8.693475 ], [ 115.166015, -8.693449 ], [ 115.16337, -8.697957 ] ] ] ] } },
{ "type": "Feature", "properties": { "id": 218, "fid": 15, "left": 297930.74601892219, "top": 9037550.6931999996, "right": 299085.44655730139, "bottom": 9036550.6931999996, "schools": 0, "distance_to_school": 566.74, "population": 1995.0, "school_per_1000": 0.0, "access_index": 0.51, "access_status": "Low Access", "interpretation": "Access is limited due to fewer schools or distance", "norm_school": 0.0, "norm_dist": 0.80300043436666613, "norm_pop": 0.036946187163195199 }, "geometry": { "type": "MultiPolygon", "coordinates": [ [ [ [ 115.166632, -8.711517 ], [ 115.166637, -8.711534 ], [ 115.171173, -8.711556 ], [ 115.173818, -8.707048 ], [ 115.171217, -8.702515 ], [ 115.165971, -8.70249 ], [ 115.16475, -8.70457 ], [ 115.164844, -8.704853 ], [ 115.164964, -8.705249 ], [ 115.165006, -8.705353 ], [ 115.165175, -8.705865 ], [ 115.165541, -8.706924 ], [ 115.165799, -8.707679 ], [ 115.166042, -8.708619 ], [ 115.166182, -8.709289 ], [ 115.166632, -8.711517 ] ] ] ] } },
{ "type": "Feature", "properties": { "id": 219, "fid": 16, "left": 297930.74601892219, "top": 9036550.6931999996, "right": 299085.44655730139, "bottom": 9035550.6931999996, "schools": 0, "distance_to_school": 428.79, "population": 1350.0, "school_per_1000": 0.0, "access_index": 0.54, "access_status": "Low Access", "interpretation": "Access is limited due to fewer schools or distance", "norm_school": 0.0, "norm_dist": 0.85095327241478935, "norm_pop": 0.024976922137403219 }, "geometry": { "type": "MultiPolygon", "coordinates": [ [ [ [ 115.168776, -8.719802 ], [ 115.168949, -8.720586 ], [ 115.171129, -8.720596 ], [ 115.173774, -8.716089 ], [ 115.171173, -8.711556 ], [ 115.166637, -8.711534 ], [ 115.166729, -8.71188 ], [ 115.167095, -8.713259 ], [ 115.16719, -8.713613 ], [ 115.167574, -8.714818 ], [ 115.167827, -8.715519 ], [ 115.167871, -8.715765 ], [ 115.168297, -8.717676 ], [ 115.168776, -8.719802 ] ] ] ] } },
{ "type": "Feature", "properties": { "id": 220, "fid": 17, "left": 297930.74601892219, "top": 9035550.6931999996, "right": 299085.44655730139, "bottom": 9034550.6931999996, "schools": 0, "distance_to_school": 288.87, "population": 1311.0, "school_per_1000": 0.0, "access_index": 0.55, "access_status": "Moderate Access", "interpretation": "Area has moderate access with reasonable proximity", "norm_school": 0.0, "norm_dist": 0.89958878897804551, "norm_pop": 0.024259964118295087 }, "geometry": { "type": "MultiPolygon", "coordinates": [ [ [ [ 115.165371, -8.728127 ], [ 115.165121, -8.72836 ], [ 115.165838, -8.729612 ], [ 115.171085, -8.729637 ], [ 115.17373, -8.725129 ], [ 115.171129, -8.720596 ], [ 115.168949, -8.720586 ], [ 115.16926, -8.721989 ], [ 115.169347, -8.722907 ], [ 115.169328, -8.723453 ], [ 115.169218, -8.724093 ], [ 115.169079, -8.72448 ], [ 115.168896, -8.724842 ], [ 115.168477, -8.725524 ], [ 115.167968, -8.726189 ], [ 115.167487, -8.726676 ], [ 115.166806, -8.72717 ], [ 115.165371, -8.728127 ] ] ] ] } },
{ "type": "Feature", "properties": { "id": 221, "fid": 18, "left": 297930.74601892219, "top": 9034550.6931999996, "right": 299085.44655730139, "bottom": 9033550.6931999996, "schools": 0, "distance_to_school": 386.73, "population": 2308.0, "school_per_1000": 0.0, "access_index": 0.54, "access_status": "Low Access", "interpretation": "Access is limited due to fewer schools or distance", "norm_school": 0.0, "norm_dist": 0.86557189451332728, "norm_pop": 0.042741248492326779 }, "geometry": { "type": "MultiPolygon", "coordinates": [ [ [ [ 115.163193, -8.734119 ], [ 115.165794, -8.738652 ], [ 115.171041, -8.738677 ], [ 115.173686, -8.73417 ], [ 115.171085, -8.729637 ], [ 115.165838, -8.729612 ], [ 115.163193, -8.734119 ] ] ] ] } },
{ "type": "Feature", "properties": { "id": 222, "fid": 19, "left": 297930.74601892219, "top": 9033550.6931999996, "right": 299085.44655730139, "bottom": 9032550.6931999996, "schools": 1, "distance_to_school": 0.0, "population": 2308.0, "school_per_1000": 0.43, "access_index": 0.63, "access_status": "High Access", "interpretation": "Area has strong access to educational facilities", "norm_school": 0.10252343253920865, "norm_dist": 1.0, "norm_pop": 0.042741248492326779 }, "geometry": { "type": "MultiPolygon", "coordinates": [ [ [ [ 115.163149, -8.74316 ], [ 115.16575, -8.747693 ], [ 115.170996, -8.747718 ], [ 115.173642, -8.74321 ], [ 115.171041, -8.738677 ], [ 115.165794, -8.738652 ], [ 115.163149, -8.74316 ] ] ] ] } },
{ "type": "Feature", "properties": { "id": 223, "fid": 20, "left": 297930.74601892219, "top": 9032550.6931999996, "right": 299085.44655730139, "bottom": 9031550.6931999996, "schools": 0, "distance_to_school": 682.91, "population": 2242.0, "school_per_1000": 0.0, "access_index": 0.5, "access_status": "Low Access", "interpretation": "Access is limited due to fewer schools or distance", "norm_school": 0.0, "norm_dist": 0.76262054957212777, "norm_pop": 0.041518773147638952 }, "geometry": { "type": "MultiPolygon", "coordinates": [ [ [ [ 115.167025, -8.756559 ], [ 115.167191, -8.75674 ], [ 115.170952, -8.756759 ], [ 115.173598, -8.752251 ], [ 115.170996, -8.747718 ], [ 115.16575, -8.747693 ], [ 115.163105, -8.7522 ], [ 115.164218, -8.754141 ], [ 115.164573, -8.754454 ], [ 115.165926, -8.755571 ], [ 115.166566, -8.75612 ], [ 115.167025, -8.756559 ] ] ] ] } },
{ "type": "Feature", "properties": { "id": 224, "fid": 21, "left": 297930.74601892219, "top": 9031550.6931999996, "right": 299085.44655730139, "bottom": 9030550.6931999996, "schools": 0, "distance_to_school": 503.4, "population": 1031.0, "school_per_1000": 0.0, "access_index": 0.53, "access_status": "Low Access", "interpretation": "Access is limited due to fewer schools or distance", "norm_school": 0.0, "norm_dist": 0.82501806176631631, "norm_pop": 0.01906827531748647 }, "geometry": { "type": "MultiPolygon", "coordinates": [ [ [ [ 115.169158, -8.764346 ], [ 115.169079, -8.76579 ], [ 115.170908, -8.765799 ], [ 115.173554, -8.761292 ], [ 115.170952, -8.756759 ], [ 115.167191, -8.75674 ], [ 115.167225, -8.756778 ], [ 115.167228, -8.756782 ], [ 115.167265, -8.756836 ], [ 115.167478, -8.757165 ], [ 115.167757, -8.757568 ], [ 115.167949, -8.75797 ], [ 115.168563, -8.759387 ], [ 115.168769, -8.760085 ], [ 115.168945, -8.760756 ], [ 115.169133, -8.761683 ], [ 115.16915, -8.762156 ], [ 115.169158, -8.764346 ] ] ] ] } },
{ "type": "Feature", "properties": { "id": 225, "fid": 22, "left": 297930.74601892219, "top": 9030550.6931999996, "right": 299085.44655730139, "bottom": 9029550.6931999996, "schools": 1, "distance_to_school": 0.0, "population": 698.0, "school_per_1000": 1.43, "access_index": 0.73, "access_status": "High Access", "interpretation": "Area has strong access to educational facilities", "norm_school": 0.33906255467132396, "norm_dist": 1.0, "norm_pop": 0.012883308774559194 }, "geometry": { "type": "MultiPolygon", "coordinates": [ [ [ [ 115.166886, -8.774377 ], [ 115.166693, -8.77482 ], [ 115.170864, -8.77484 ], [ 115.173509, -8.770332 ], [ 115.170908, -8.765799 ], [ 115.169079, -8.76579 ], [ 115.169072, -8.765924 ], [ 115.168826, -8.767349 ], [ 115.168819, -8.767388 ], [ 115.168645, -8.768343 ], [ 115.168337, -8.769873 ], [ 115.168086, -8.7708 ], [ 115.167639, -8.772238 ], [ 115.167144, -8.773698 ], [ 115.166886, -8.774377 ] ] ] ] } },
{ "type": "Feature", "properties": { "id": 226, "fid": 345, "left": 297930.74601892219, "top": 9029550.6931999996, "right": 299085.44655730139, "bottom": 9028550.6931999996, "schools": 0, "distance_to_school": 317.72, "population": 1129.0, "school_per_1000": 0.0, "access_index": 0.55, "access_status": "Moderate Access", "interpretation": "Area has moderate access with reasonable proximity", "norm_school": 0.0, "norm_dist": 0.88955894838645722, "norm_pop": 0.020881304243288521 }, "geometry": { "type": "MultiPolygon", "coordinates": [ [ [ [ 115.163958, -8.779573 ], [ 115.163449, -8.780154 ], [ 115.165573, -8.783855 ], [ 115.17082, -8.78388 ], [ 115.173465, -8.779373 ], [ 115.170864, -8.77484 ], [ 115.166693, -8.77482 ], [ 115.166607, -8.775017 ], [ 115.165674, -8.776827 ], [ 115.165152, -8.777716 ], [ 115.164337, -8.779051 ], [ 115.163958, -8.779573 ] ] ] ] } },
{ "type": "Feature", "properties": { "id": 227, "fid": 346, "left": 297930.74601892219, "top": 9028550.6931999996, "right": 299085.44655730139, "bottom": 9027550.6931999996, "schools": 1, "distance_to_school": 0.0, "population": 1231.0, "school_per_1000": 0.81, "access_index": 0.67, "access_status": "High Access", "interpretation": "Area has strong access to educational facilities", "norm_school": 0.19219344959429771, "norm_dist": 1.0, "norm_pop": 0.022772752445845205 }, "geometry": { "type": "MultiPolygon", "coordinates": [ [ [ [ 115.162927, -8.788362 ], [ 115.165528, -8.792895 ], [ 115.170775, -8.792921 ], [ 115.173421, -8.788413 ], [ 115.17082, -8.78388 ], [ 115.165573, -8.783855 ], [ 115.162927, -8.788362 ] ] ] ] } },
{ "type": "Feature", "properties": { "id": 228, "fid": 347, "left": 297930.74601892219, "top": 9027550.6931999996, "right": 299085.44655730139, "bottom": 9026550.6931999996, "schools": 0, "distance_to_school": 223.3, "population": 1231.0, "school_per_1000": 0.0, "access_index": 0.56, "access_status": "Moderate Access", "interpretation": "Area has moderate access with reasonable proximity", "norm_school": 0.0, "norm_dist": 0.92238191516271506, "norm_pop": 0.022772752445845205 }, "geometry": { "type": "MultiPolygon", "coordinates": [ [ [ [ 115.162882, -8.797403 ], [ 115.165484, -8.801936 ], [ 115.170731, -8.801961 ], [ 115.173377, -8.797454 ], [ 115.170775, -8.792921 ], [ 115.165528, -8.792895 ], [ 115.162882, -8.797403 ] ] ] ] } },
{ "type": "Feature", "properties": { "id": 229, "fid": 348, "left": 297930.74601892219, "top": 9026550.6931999996, "right": 299085.44655730139, "bottom": 9025550.6931999996, "schools": 0, "distance_to_school": 417.62, "population": 1231.0, "school_per_1000": 0.0, "access_index": 0.54, "access_status": "Low Access", "interpretation": "Access is limited due to fewer schools or distance", "norm_school": 0.0, "norm_dist": 0.85483554650803695, "norm_pop": 0.022772752445845205 }, "geometry": { "type": "MultiPolygon", "coordinates": [ [ [ [ 115.162838, -8.806443 ], [ 115.165439, -8.810976 ], [ 115.170686, -8.811002 ], [ 115.173332, -8.806494 ], [ 115.170731, -8.801961 ], [ 115.165484, -8.801936 ], [ 115.162838, -8.806443 ] ] ] ] } },
{ "type": "Feature", "properties": { "id": 230, "fid": 349, "left": 297930.74601892219, "top": 9025550.6931999996, "right": 299085.44655730139, "bottom": 9024550.6931999996, "schools": 0, "distance_to_school": 1031.79, "population": 1231.0, "school_per_1000": 0.0, "access_index": 0.45, "access_status": "Very Low Access", "interpretation": "Area lacks adequate access to educational facilities", "norm_school": 0.0, "norm_dist": 0.64134991606856273, "norm_pop": 0.022772752445845205 }, "geometry": { "type": "MultiPolygon", "coordinates": [ [ [ [ 115.162793, -8.815484 ], [ 115.165394, -8.820017 ], [ 115.170642, -8.820043 ], [ 115.173288, -8.815535 ], [ 115.170686, -8.811002 ], [ 115.165439, -8.810976 ], [ 115.162793, -8.815484 ] ] ] ] } },
{ "type": "Feature", "properties": { "id": 231, "fid": 350, "left": 297930.74601892219, "top": 9024550.6931999996, "right": 299085.44655730139, "bottom": 9023550.6931999996, "schools": 0, "distance_to_school": 182.43, "population": 1231.0, "school_per_1000": 0.0, "access_index": 0.57, "access_status": "Moderate Access", "interpretation": "Area has moderate access with reasonable proximity", "norm_school": 0.0, "norm_dist": 0.93658771797611606, "norm_pop": 0.022772752445845205 }, "geometry": { "type": "MultiPolygon", "coordinates": [ [ [ [ 115.162748, -8.824524 ], [ 115.16535, -8.829057 ], [ 115.170597, -8.829083 ], [ 115.173243, -8.824576 ], [ 115.170642, -8.820043 ], [ 115.165394, -8.820017 ], [ 115.162748, -8.824524 ] ] ] ] } },
{ "type": "Feature", "properties": { "id": 232, "fid": 351, "left": 297930.74601892219, "top": 9023550.6931999996, "right": 299085.44655730139, "bottom": 9022550.6931999996, "schools": 1, "distance_to_school": 0.0, "population": 1231.0, "school_per_1000": 0.81, "access_index": 0.67, "access_status": "High Access", "interpretation": "Area has strong access to educational facilities", "norm_school": 0.19219344959429771, "norm_dist": 1.0, "norm_pop": 0.022772752445845205 }, "geometry": { "type": "MultiPolygon", "coordinates": [ [ [ [ 115.162704, -8.833565 ], [ 115.165305, -8.838098 ], [ 115.170553, -8.838124 ], [ 115.173199, -8.833616 ], [ 115.170597, -8.829083 ], [ 115.16535, -8.829057 ], [ 115.162704, -8.833565 ] ] ] ] } },
{ "type": "Feature", "properties": { "id": 233, "fid": 352, "left": 297930.74601892219, "top": 9022550.6931999996, "right": 299085.44655730139, "bottom": 9021550.6931999996, "schools": 0, "distance_to_school": 817.57, "population": 1231.0, "school_per_1000": 0.0, "access_index": 0.48, "access_status": "Very Low Access", "interpretation": "Area lacks adequate access to educational facilities", "norm_school": 0.0, "norm_dist": 0.71581218395898372, "norm_pop": 0.022772752445845205 }, "geometry": { "type": "MultiPolygon", "coordinates": [ [ [ [ 115.162659, -8.842605 ], [ 115.16526, -8.847138 ], [ 115.170508, -8.847164 ], [ 115.173154, -8.842657 ], [ 115.170553, -8.838124 ], [ 115.165305, -8.838098 ], [ 115.162659, -8.842605 ] ] ] ] } },
{ "type": "Feature", "properties": { "id": 258, "fid": 26, "left": 298796.77142270666, "top": 9037050.6931999996, "right": 299951.47196108586, "bottom": 9036050.6931999996, "schools": 1, "distance_to_school": 0.0, "population": 2308.0, "school_per_1000": 0.43, "access_index": 0.63, "access_status": "High Access", "interpretation": "Area has strong access to educational facilities", "norm_school": 0.10252343253920865, "norm_dist": 1.0, "norm_pop": 0.042741248492326779 }, "geometry": { "type": "MultiPolygon", "coordinates": [ [ [ [ 115.171173, -8.711556 ], [ 115.173774, -8.716089 ], [ 115.17902, -8.716114 ], [ 115.181665, -8.711606 ], [ 115.179063, -8.707073 ], [ 115.173818, -8.707048 ], [ 115.171173, -8.711556 ] ] ] ] } },
{ "type": "Feature", "properties": { "id": 234, "fid": 353, "left": 297930.74601892219, "top": 9021550.6931999996, "right": 299085.44655730139, "bottom": 9020550.6931999996, "schools": 0, "distance_to_school": 1817.57, "population": 204.0, "school_per_1000": 0.0, "access_index": 0.35, "access_status": "Very Low Access", "interpretation": "Area lacks adequate access to educational facilities", "norm_school": 0.0, "norm_dist": 0.36821208589408344, "norm_pop": 0.0037247426817874881 }, "geometry": { "type": "MultiPolygon", "coordinates": [ [ [ [ 115.171112, -8.848704 ], [ 115.171327, -8.848591 ], [ 115.170508, -8.847164 ], [ 115.16526, -8.847138 ], [ 115.164362, -8.848669 ], [ 115.164964, -8.848849 ], [ 115.165738, -8.849079 ], [ 115.166526, -8.849209 ], [ 115.16683, -8.849259 ], [ 115.167252, -8.849258 ], [ 115.167556, -8.849216 ], [ 115.167742, -8.84919 ], [ 115.167956, -8.849142 ], [ 115.168376, -8.849047 ], [ 115.168753, -8.848995 ], [ 115.169433, -8.848974 ], [ 115.169774, -8.849034 ], [ 115.169774, -8.849034 ], [ 115.169774, -8.849034 ], [ 115.17005, -8.849082 ], [ 115.170282, -8.849056 ], [ 115.170282, -8.849056 ], [ 115.170282, -8.849056 ], [ 115.170282, -8.849056 ], [ 115.170378, -8.849045 ], [ 115.170509, -8.848997 ], [ 115.170697, -8.848929 ], [ 115.171079, -8.848724 ], [ 115.171112, -8.848704 ] ] ] ] } },
{ "type": "Feature", "properties": { "id": 235, "fid": 159, "left": 298796.77142270666, "top": 9060050.6931999996, "right": 299951.47196108586, "bottom": 9059050.6931999996, "schools": 0, "distance_to_school": 910.41, "population": 2908.0, "school_per_1000": 0.0, "access_index": 0.46, "access_status": "Very Low Access", "interpretation": "Area lacks adequate access to educational facilities", "norm_school": 0.0, "norm_dist": 0.68354236618291286, "norm_pop": 0.053874781215843943 }, "geometry": { "type": "MultiPolygon", "coordinates": [ [ [ [ 115.180552, -8.5 ], [ 115.174293, -8.5 ], [ 115.172171, -8.503621 ], [ 115.174771, -8.508154 ], [ 115.180014, -8.508178 ], [ 115.182657, -8.50367 ], [ 115.180552, -8.5 ] ] ] ] } },
{ "type": "Feature", "properties": { "id": 236, "fid": 160, "left": 298796.77142270666, "top": 9059050.6931999996, "right": 299951.47196108586, "bottom": 9058050.6931999996, "schools": 0, "distance_to_school": 454.27, "population": 2435.0, "school_per_1000": 0.0, "access_index": 0.53, "access_status": "Low Access", "interpretation": "Access is limited due to fewer schools or distance", "norm_school": 0.0, "norm_dist": 0.84209702455518143, "norm_pop": 0.045098944747284798 }, "geometry": { "type": "MultiPolygon", "coordinates": [ [ [ [ 115.172128, -8.512662 ], [ 115.174728, -8.517194 ], [ 115.179971, -8.517219 ], [ 115.182614, -8.512711 ], [ 115.180014, -8.508178 ], [ 115.174771, -8.508154 ], [ 115.172128, -8.512662 ] ] ] ] } },
{ "type": "Feature", "properties": { "id": 237, "fid": 161, "left": 298796.77142270666, "top": 9058050.6931999996, "right": 299951.47196108586, "bottom": 9057050.6931999996, "schools": 0, "distance_to_school": 879.85, "population": 1874.0, "school_per_1000": 0.0, "access_index": 0.47, "access_status": "Very Low Access", "interpretation": "Area lacks adequate access to educational facilities", "norm_school": 0.0, "norm_dist": 0.69416515825438374, "norm_pop": 0.034692708717908569 }, "geometry": { "type": "MultiPolygon", "coordinates": [ [ [ [ 115.172085, -8.521702 ], [ 115.174685, -8.526235 ], [ 115.179929, -8.52626 ], [ 115.182572, -8.521752 ], [ 115.179971, -8.517219 ], [ 115.174728, -8.517194 ], [ 115.172085, -8.521702 ] ] ] ] } },
{ "type": "Feature", "properties": { "id": 238, "fid": 162, "left": 298796.77142270666, "top": 9057050.6931999996, "right": 299951.47196108586, "bottom": 9056050.6931999996, "schools": 0, "distance_to_school": 407.75, "population": 1874.0, "school_per_1000": 0.0, "access_index": 0.54, "access_status": "Low Access", "interpretation": "Access is limited due to fewer schools or distance", "norm_school": 0.0, "norm_dist": 0.85826595216111778, "norm_pop": 0.034692708717908569 }, "geometry": { "type": "MultiPolygon", "coordinates": [ [ [ [ 115.172042, -8.530743 ], [ 115.174642, -8.535276 ], [ 115.179886, -8.5353 ], [ 115.182529, -8.530792 ], [ 115.179929, -8.52626 ], [ 115.174685, -8.526235 ], [ 115.172042, -8.530743 ] ] ] ] } },
{ "type": "Feature", "properties": { "id": 239, "fid": 163, "left": 298796.77142270666, "top": 9056050.6931999996, "right": 299951.47196108586, "bottom": 9055050.6931999996, "schools": 0, "distance_to_school": 126.04, "population": 1874.0, "school_per_1000": 0.0, "access_index": 0.58, "access_status": "Moderate Access", "interpretation": "Area has moderate access with reasonable proximity", "norm_school": 0.0, "norm_dist": 0.95618822124164859, "norm_pop": 0.034692708717908569 }, "geometry": { "type": "MultiPolygon", "coordinates": [ [ [ [ 115.171999, -8.539784 ], [ 115.174599, -8.544316 ], [ 115.179843, -8.544341 ], [ 115.182486, -8.539833 ], [ 115.179886, -8.5353 ], [ 115.174642, -8.535276 ], [ 115.171999, -8.539784 ] ] ] ] } },
{ "type": "Feature", "properties": { "id": 240, "fid": 164, "left": 298796.77142270666, "top": 9055050.6931999996, "right": 299951.47196108586, "bottom": 9054050.6931999996, "schools": 0, "distance_to_school": 292.02, "population": 1874.0, "school_per_1000": 0.0, "access_index": 0.55, "access_status": "Moderate Access", "interpretation": "Area has moderate access with reasonable proximity", "norm_school": 0.0, "norm_dist": 0.89849463499663174, "norm_pop": 0.034692708717908569 }, "geometry": { "type": "MultiPolygon", "coordinates": [ [ [ [ 115.171956, -8.548824 ], [ 115.174556, -8.553357 ], [ 115.1798, -8.553382 ], [ 115.182443, -8.548874 ], [ 115.179843, -8.544341 ], [ 115.174599, -8.544316 ], [ 115.171956, -8.548824 ] ] ] ] } },
{ "type": "Feature", "properties": { "id": 241, "fid": 165, "left": 298796.77142270666, "top": 9054050.6931999996, "right": 299951.47196108586, "bottom": 9053050.6931999996, "schools": 0, "distance_to_school": 61.86, "population": 1874.0, "school_per_1000": 0.0, "access_index": 0.58, "access_status": "Moderate Access", "interpretation": "Area has moderate access with reasonable proximity", "norm_school": 0.0, "norm_dist": 0.97849800816049481, "norm_pop": 0.034692708717908569 }, "geometry": { "type": "MultiPolygon", "coordinates": [ [ [ [ 115.171913, -8.557865 ], [ 115.174513, -8.562398 ], [ 115.179757, -8.562422 ], [ 115.182401, -8.557914 ], [ 115.1798, -8.553382 ], [ 115.174556, -8.553357 ], [ 115.171913, -8.557865 ] ] ] ] } },
{ "type": "Feature", "properties": { "id": 242, "fid": 166, "left": 298796.77142270666, "top": 9053050.6931999996, "right": 299951.47196108586, "bottom": 9052050.6931999996, "schools": 2, "distance_to_school": 0.0, "population": 1874.0, "school_per_1000": 1.07, "access_index": 0.69, "access_status": "High Access", "interpretation": "Area has strong access to educational facilities", "norm_school": 0.25253727232468243, "norm_dist": 1.0, "norm_pop": 0.034692708717908569 }, "geometry": { "type": "MultiPolygon", "coordinates": [ [ [ [ 115.17187, -8.566906 ], [ 115.17447, -8.571438 ], [ 115.179714, -8.571463 ], [ 115.182358, -8.566955 ], [ 115.179757, -8.562422 ], [ 115.174513, -8.562398 ], [ 115.17187, -8.566906 ] ] ] ] } },
{ "type": "Feature", "properties": { "id": 243, "fid": 167, "left": 298796.77142270666, "top": 9052050.6931999996, "right": 299951.47196108586, "bottom": 9051050.6931999996, "schools": 1, "distance_to_school": 0.0, "population": 1874.0, "school_per_1000": 0.53, "access_index": 0.64, "access_status": "High Access", "interpretation": "Area has strong access to educational facilities", "norm_school": 0.12626863616234121, "norm_dist": 1.0, "norm_pop": 0.034692708717908569 }, "geometry": { "type": "MultiPolygon", "coordinates": [ [ [ [ 115.171826, -8.575946 ], [ 115.174427, -8.580479 ], [ 115.179671, -8.580504 ], [ 115.182315, -8.575996 ], [ 115.179714, -8.571463 ], [ 115.17447, -8.571438 ], [ 115.171826, -8.575946 ] ] ] ] } },
{ "type": "Feature", "properties": { "id": 244, "fid": 168, "left": 298796.77142270666, "top": 9051050.6931999996, "right": 299951.47196108586, "bottom": 9050050.6931999996, "schools": 0, "distance_to_school": 516.37, "population": 1874.0, "school_per_1000": 0.0, "access_index": 0.52, "access_status": "Low Access", "interpretation": "Access is limited due to fewer schools or distance", "norm_school": 0.0, "norm_dist": 0.8205106152458288, "norm_pop": 0.034692708717908569 }, "geometry": { "type": "MultiPolygon", "coordinates": [ [ [ [ 115.171783, -8.584987 ], [ 115.174384, -8.58952 ], [ 115.179628, -8.589545 ], [ 115.182272, -8.585037 ], [ 115.179671, -8.580504 ], [ 115.174427, -8.580479 ], [ 115.171783, -8.584987 ] ] ] ] } },
{ "type": "Feature", "properties": { "id": 245, "fid": 169, "left": 298796.77142270666, "top": 9050050.6931999996, "right": 299951.47196108586, "bottom": 9049050.6931999996, "schools": 0, "distance_to_school": 806.69, "population": 1874.0, "school_per_1000": 0.0, "access_index": 0.48, "access_status": "Very Low Access", "interpretation": "Area lacks adequate access to educational facilities", "norm_school": 0.0, "norm_dist": 0.71959549947091583, "norm_pop": 0.034692708717908569 }, "geometry": { "type": "MultiPolygon", "coordinates": [ [ [ [ 115.17174, -8.594028 ], [ 115.17434, -8.59856 ], [ 115.179585, -8.598585 ], [ 115.182229, -8.594077 ], [ 115.179628, -8.589545 ], [ 115.174384, -8.58952 ], [ 115.17174, -8.594028 ] ] ] ] } },
{ "type": "Feature", "properties": { "id": 246, "fid": 170, "left": 298796.77142270666, "top": 9049050.6931999996, "right": 299951.47196108586, "bottom": 9048050.6931999996, "schools": 0, "distance_to_school": 1094.66, "population": 2076.0, "school_per_1000": 0.0, "access_index": 0.44, "access_status": "Very Low Access", "interpretation": "Area lacks adequate access to educational facilities", "norm_school": 0.0, "norm_dist": 0.61949721797393353, "norm_pop": 0.038436834466313678 }, "geometry": { "type": "MultiPolygon", "coordinates": [ [ [ [ 115.171697, -8.603068 ], [ 115.174297, -8.607601 ], [ 115.179542, -8.607626 ], [ 115.182185, -8.603118 ], [ 115.179585, -8.598585 ], [ 115.17434, -8.59856 ], [ 115.171697, -8.603068 ] ] ] ] } },
{ "type": "Feature", "properties": { "id": 247, "fid": 171, "left": 298796.77142270666, "top": 9048050.6931999996, "right": 299951.47196108586, "bottom": 9047050.6931999996, "schools": 0, "distance_to_school": 620.68, "population": 2157.0, "school_per_1000": 0.0, "access_index": 0.51, "access_status": "Low Access", "interpretation": "Access is limited due to fewer schools or distance", "norm_school": 0.0, "norm_dist": 0.78425304815893371, "norm_pop": 0.039947084415097402 }, "geometry": { "type": "MultiPolygon", "coordinates": [ [ [ [ 115.171653, -8.612109 ], [ 115.174254, -8.616642 ], [ 115.179498, -8.616667 ], [ 115.182142, -8.612159 ], [ 115.179542, -8.607626 ], [ 115.174297, -8.607601 ], [ 115.171653, -8.612109 ] ] ] ] } },
{ "type": "Feature", "properties": { "id": 248, "fid": 172, "left": 298796.77142270666, "top": 9047050.6931999996, "right": 299951.47196108586, "bottom": 9046050.6931999996, "schools": 0, "distance_to_school": 218.36, "population": 2671.0, "school_per_1000": 0.0, "access_index": 0.56, "access_status": "Moderate Access", "interpretation": "Area has moderate access with reasonable proximity", "norm_school": 0.0, "norm_dist": 0.9240964477421818, "norm_pop": 0.049473947979590642 }, "geometry": { "type": "MultiPolygon", "coordinates": [ [ [ [ 115.17161, -8.62115 ], [ 115.17421, -8.625682 ], [ 115.179455, -8.625707 ], [ 115.182099, -8.621199 ], [ 115.179498, -8.616667 ], [ 115.174254, -8.616642 ], [ 115.17161, -8.62115 ] ] ] ] } },
{ "type": "Feature", "properties": { "id": 249, "fid": 173, "left": 298796.77142270666, "top": 9046050.6931999996, "right": 299951.47196108586, "bottom": 9045050.6931999996, "schools": 0, "distance_to_school": 350.38, "population": 2834.0, "school_per_1000": 0.0, "access_index": 0.54, "access_status": "Low Access", "interpretation": "Access is limited due to fewer schools or distance", "norm_school": 0.0, "norm_dist": 0.87820856998235919, "norm_pop": 0.05248869415506071 }, "geometry": { "type": "MultiPolygon", "coordinates": [ [ [ [ 115.171566, -8.63019 ], [ 115.174167, -8.634723 ], [ 115.179412, -8.634748 ], [ 115.182056, -8.63024 ], [ 115.179455, -8.625707 ], [ 115.17421, -8.625682 ], [ 115.171566, -8.63019 ] ] ] ] } },
{ "type": "Feature", "properties": { "id": 250, "fid": 174, "left": 298796.77142270666, "top": 9045050.6931999996, "right": 299951.47196108586, "bottom": 9044050.6931999996, "schools": 7, "distance_to_school": 0.0, "population": 2229.0, "school_per_1000": 3.14, "access_index": 0.89, "access_status": "High Access", "interpretation": "Area has strong access to educational facilities", "norm_school": 0.74321075071981602, "norm_dist": 1.0, "norm_pop": 0.041270088516710698 }, "geometry": { "type": "MultiPolygon", "coordinates": [ [ [ [ 115.171523, -8.639231 ], [ 115.174123, -8.643764 ], [ 115.179368, -8.643789 ], [ 115.182013, -8.639281 ], [ 115.179412, -8.634748 ], [ 115.174167, -8.634723 ], [ 115.171523, -8.639231 ] ] ] ] } },
{ "type": "Feature", "properties": { "id": 251, "fid": 175, "left": 298796.77142270666, "top": 9044050.6931999996, "right": 299951.47196108586, "bottom": 9043050.6931999996, "schools": 2, "distance_to_school": 0.0, "population": 2374.0, "school_per_1000": 0.84, "access_index": 0.67, "access_status": "High Access", "interpretation": "Area has strong access to educational facilities", "norm_school": 0.19936343851602675, "norm_dist": 1.0, "norm_pop": 0.043961365337865821 }, "geometry": { "type": "MultiPolygon", "coordinates": [ [ [ [ 115.171479, -8.648271 ], [ 115.17408, -8.652804 ], [ 115.179325, -8.652829 ], [ 115.181969, -8.648321 ], [ 115.179368, -8.643789 ], [ 115.174123, -8.643764 ], [ 115.171479, -8.648271 ] ] ] ] } },
{ "type": "Feature", "properties": { "id": 252, "fid": 176, "left": 298796.77142270666, "top": 9043050.6931999996, "right": 299951.47196108586, "bottom": 9042050.6931999996, "schools": 3, "distance_to_school": 0.0, "population": 4567.0, "school_per_1000": 0.66, "access_index": 0.65, "access_status": "High Access", "interpretation": "Area has strong access to educational facilities", "norm_school": 0.15544354975520619, "norm_dist": 1.0, "norm_pop": 0.084627313440453336 }, "geometry": { "type": "MultiPolygon", "coordinates": [ [ [ [ 115.171435, -8.657312 ], [ 115.174036, -8.661845 ], [ 115.179282, -8.66187 ], [ 115.181926, -8.657362 ], [ 115.179325, -8.652829 ], [ 115.17408, -8.652804 ], [ 115.171435, -8.657312 ] ] ] ] } },
{ "type": "Feature", "properties": { "id": 253, "fid": 433, "left": 298796.77142270666, "top": 9042050.6931999996, "right": 299951.47196108586, "bottom": 9041050.6931999996, "schools": 2, "distance_to_school": 0.0, "population": 7088.0, "school_per_1000": 0.28, "access_index": 0.6, "access_status": "Moderate Access", "interpretation": "Area has moderate access with reasonable proximity", "norm_school": 0.066768828626667762, "norm_dist": 1.0, "norm_pop": 0.13137846979544027 }, "geometry": { "type": "MultiPolygon", "coordinates": [ [ [ [ 115.171392, -8.666353 ], [ 115.173993, -8.670886 ], [ 115.179238, -8.670911 ], [ 115.181882, -8.666403 ], [ 115.179282, -8.66187 ], [ 115.174036, -8.661845 ], [ 115.171392, -8.666353 ] ] ] ] } },
{ "type": "Feature", "properties": { "id": 254, "fid": 434, "left": 298796.77142270666, "top": 9041050.6931999996, "right": 299951.47196108586, "bottom": 9040050.6931999996, "schools": 1, "distance_to_school": 0.0, "population": 4273.0, "school_per_1000": 0.23, "access_index": 0.61, "access_status": "Moderate Access", "interpretation": "Area has moderate access with reasonable proximity", "norm_school": 0.055375128650631884, "norm_dist": 1.0, "norm_pop": 0.079182057662195965 }, "geometry": { "type": "MultiPolygon", "coordinates": [ [ [ [ 115.171348, -8.675393 ], [ 115.173949, -8.679926 ], [ 115.179194, -8.679951 ], [ 115.181839, -8.675443 ], [ 115.179238, -8.670911 ], [ 115.173993, -8.670886 ], [ 115.171348, -8.675393 ] ] ] ] } },
{ "type": "Feature", "properties": { "id": 255, "fid": 23, "left": 298796.77142270666, "top": 9040050.6931999996, "right": 299951.47196108586, "bottom": 9039050.6931999996, "schools": 2, "distance_to_school": 0.0, "population": 7740.0, "school_per_1000": 0.26, "access_index": 0.6, "access_status": "Moderate Access", "interpretation": "Area has moderate access with reasonable proximity", "norm_school": 0.061143533452508558, "norm_dist": 1.0, "norm_pop": 0.14347082361238481 }, "geometry": { "type": "MultiPolygon", "coordinates": [ [ [ [ 115.171304, -8.684434 ], [ 115.173905, -8.688967 ], [ 115.179151, -8.688992 ], [ 115.181795, -8.684484 ], [ 115.179194, -8.679951 ], [ 115.173949, -8.679926 ], [ 115.171304, -8.684434 ] ] ] ] } },
{ "type": "Feature", "properties": { "id": 256, "fid": 24, "left": 298796.77142270666, "top": 9039050.6931999996, "right": 299951.47196108586, "bottom": 9038050.6931999996, "schools": 0, "distance_to_school": 120.48, "population": 4362.0, "school_per_1000": 0.0, "access_index": 0.57, "access_status": "Moderate Access", "interpretation": "Area has moderate access with reasonable proximity", "norm_school": 0.0, "norm_dist": 0.95812056340107399, "norm_pop": 0.080825399843443807 }, "geometry": { "type": "MultiPolygon", "coordinates": [ [ [ [ 115.17126, -8.693475 ], [ 115.173861, -8.698007 ], [ 115.179107, -8.698033 ], [ 115.181752, -8.693525 ], [ 115.179151, -8.688992 ], [ 115.173905, -8.688967 ], [ 115.17126, -8.693475 ] ] ] ] } },
{ "type": "Feature", "properties": { "id": 257, "fid": 25, "left": 298796.77142270666, "top": 9038050.6931999996, "right": 299951.47196108586, "bottom": 9037050.6931999996, "schools": 0, "distance_to_school": 427.19, "population": 2308.0, "school_per_1000": 0.0, "access_index": 0.53, "access_status": "Low Access", "interpretation": "Access is limited due to fewer schools or distance", "norm_school": 0.0, "norm_dist": 0.85150946308206044, "norm_pop": 0.042741248492326779 }, "geometry": { "type": "MultiPolygon", "coordinates": [ [ [ [ 115.171217, -8.702515 ], [ 115.173818, -8.707048 ], [ 115.179063, -8.707073 ], [ 115.181708, -8.702565 ], [ 115.179107, -8.698033 ], [ 115.173861, -8.698007 ], [ 115.171217, -8.702515 ] ] ] ] } },
{ "type": "Feature", "properties": { "id": 259, "fid": 27, "left": 298796.77142270666, "top": 9036050.6931999996, "right": 299951.47196108586, "bottom": 9035050.6931999996, "schools": 1, "distance_to_school": 0.0, "population": 2308.0, "school_per_1000": 0.43, "access_index": 0.63, "access_status": "High Access", "interpretation": "Area has strong access to educational facilities", "norm_school": 0.10252343253920865, "norm_dist": 1.0, "norm_pop": 0.042741248492326779 }, "geometry": { "type": "MultiPolygon", "coordinates": [ [ [ [ 115.171129, -8.720596 ], [ 115.17373, -8.725129 ], [ 115.178976, -8.725154 ], [ 115.181621, -8.720647 ], [ 115.17902, -8.716114 ], [ 115.173774, -8.716089 ], [ 115.171129, -8.720596 ] ] ] ] } },
{ "type": "Feature", "properties": { "id": 260, "fid": 28, "left": 298796.77142270666, "top": 9035050.6931999996, "right": 299951.47196108586, "bottom": 9034050.6931999996, "schools": 0, "distance_to_school": 41.9, "population": 2308.0, "school_per_1000": 0.0, "access_index": 0.59, "access_status": "Moderate Access", "interpretation": "Area has moderate access with reasonable proximity", "norm_school": 0.0, "norm_dist": 0.98543491536438488, "norm_pop": 0.042741248492326779 }, "geometry": { "type": "MultiPolygon", "coordinates": [ [ [ [ 115.171085, -8.729637 ], [ 115.173686, -8.73417 ], [ 115.178932, -8.734195 ], [ 115.181577, -8.729687 ], [ 115.178976, -8.725154 ], [ 115.17373, -8.725129 ], [ 115.171085, -8.729637 ] ] ] ] } },
{ "type": "Feature", "properties": { "id": 261, "fid": 29, "left": 298796.77142270666, "top": 9034050.6931999996, "right": 299951.47196108586, "bottom": 9033050.6931999996, "schools": 0, "distance_to_school": 13.78, "population": 2308.0, "school_per_1000": 0.0, "access_index": 0.59, "access_status": "Moderate Access", "interpretation": "Area has moderate access with reasonable proximity", "norm_school": 0.0, "norm_dist": 0.99520936207972266, "norm_pop": 0.042741248492326779 }, "geometry": { "type": "MultiPolygon", "coordinates": [ [ [ [ 115.171041, -8.738677 ], [ 115.173642, -8.74321 ], [ 115.178888, -8.743236 ], [ 115.181533, -8.738728 ], [ 115.178932, -8.734195 ], [ 115.173686, -8.73417 ], [ 115.171041, -8.738677 ] ] ] ] } },
{ "type": "Feature", "properties": { "id": 262, "fid": 30, "left": 298796.77142270666, "top": 9033050.6931999996, "right": 299951.47196108586, "bottom": 9032050.6931999996, "schools": 0, "distance_to_school": 191.36, "population": 2308.0, "school_per_1000": 0.0, "access_index": 0.56, "access_status": "Moderate Access", "interpretation": "Area has moderate access with reasonable proximity", "norm_school": 0.0, "norm_dist": 0.93348296768836114, "norm_pop": 0.042741248492326779 }, "geometry": { "type": "MultiPolygon", "coordinates": [ [ [ [ 115.170996, -8.747718 ], [ 115.173598, -8.752251 ], [ 115.178844, -8.752276 ], [ 115.181489, -8.747769 ], [ 115.178888, -8.743236 ], [ 115.173642, -8.74321 ], [ 115.170996, -8.747718 ] ] ] ] } },
{ "type": "Feature", "properties": { "id": 263, "fid": 31, "left": 298796.77142270666, "top": 9032050.6931999996, "right": 299951.47196108586, "bottom": 9031050.6931999996, "schools": 0, "distance_to_school": 763.85, "population": 2307.0, "school_per_1000": 0.0, "access_index": 0.49, "access_status": "Very Low Access", "interpretation": "Area lacks adequate access to educational facilities", "norm_school": 0.0, "norm_dist": 0.73448427079430489, "norm_pop": 0.042722325098344976 }, "geometry": { "type": "MultiPolygon", "coordinates": [ [ [ [ 115.181233, -8.757058 ], [ 115.181395, -8.75672 ], [ 115.178844, -8.752276 ], [ 115.173598, -8.752251 ], [ 115.170952, -8.756759 ], [ 115.173554, -8.761292 ], [ 115.1788, -8.761317 ], [ 115.181168, -8.757283 ], [ 115.181227, -8.757081 ], [ 115.181233, -8.757058 ] ] ] ] } },
{ "type": "Feature", "properties": { "id": 264, "fid": 32, "left": 298796.77142270666, "top": 9031050.6931999996, "right": 299951.47196108586, "bottom": 9030050.6931999996, "schools": 1, "distance_to_school": 0.0, "population": 2093.0, "school_per_1000": 0.48, "access_index": 0.64, "access_status": "High Access", "interpretation": "Area has strong access to educational facilities", "norm_school": 0.11305257335802721, "norm_dist": 1.0, "norm_pop": 0.038755139515801215 }, "geometry": { "type": "MultiPolygon", "coordinates": [ [ [ [ 115.170908, -8.765799 ], [ 115.173509, -8.770332 ], [ 115.178756, -8.770358 ], [ 115.181402, -8.76585 ], [ 115.1788, -8.761317 ], [ 115.173554, -8.761292 ], [ 115.170908, -8.765799 ] ] ] ] } },
{ "type": "Feature", "properties": { "id": 265, "fid": 33, "left": 298796.77142270666, "top": 9030050.6931999996, "right": 299951.47196108586, "bottom": 9029050.6931999996, "schools": 1, "distance_to_school": 0.0, "population": 1231.0, "school_per_1000": 0.81, "access_index": 0.67, "access_status": "High Access", "interpretation": "Area has strong access to educational facilities", "norm_school": 0.19219344959429771, "norm_dist": 1.0, "norm_pop": 0.022772752445845205 }, "geometry": { "type": "MultiPolygon", "coordinates": [ [ [ [ 115.170864, -8.77484 ], [ 115.173465, -8.779373 ], [ 115.178712, -8.779398 ], [ 115.181358, -8.77489 ], [ 115.178756, -8.770358 ], [ 115.173509, -8.770332 ], [ 115.170864, -8.77484 ] ] ] ] } },
{ "type": "Feature", "properties": { "id": 266, "fid": 354, "left": 298796.77142270666, "top": 9029050.6931999996, "right": 299951.47196108586, "bottom": 9028050.6931999996, "schools": 5, "distance_to_school": 0.0, "population": 1231.0, "school_per_1000": 4.06, "access_index": 0.98, "access_status": "High Access", "interpretation": "Area has strong access to educational facilities", "norm_school": 0.9609672479714888, "norm_dist": 1.0, "norm_pop": 0.022772752445845205 }, "geometry": { "type": "MultiPolygon", "coordinates": [ [ [ [ 115.17082, -8.78388 ], [ 115.173421, -8.788413 ], [ 115.178668, -8.788439 ], [ 115.181314, -8.783931 ], [ 115.178712, -8.779398 ], [ 115.173465, -8.779373 ], [ 115.17082, -8.78388 ] ] ] ] } },
{ "type": "Feature", "properties": { "id": 267, "fid": 355, "left": 298796.77142270666, "top": 9028050.6931999996, "right": 299951.47196108586, "bottom": 9027050.6931999996, "schools": 0, "distance_to_school": 81.01, "population": 1231.0, "school_per_1000": 0.0, "access_index": 0.58, "access_status": "Moderate Access", "interpretation": "Area has moderate access with reasonable proximity", "norm_school": 0.0, "norm_dist": 0.9718405375008311, "norm_pop": 0.022772752445845205 }, "geometry": { "type": "MultiPolygon", "coordinates": [ [ [ [ 115.170775, -8.792921 ], [ 115.173377, -8.797454 ], [ 115.178624, -8.797479 ], [ 115.181269, -8.792972 ], [ 115.178668, -8.788439 ], [ 115.173421, -8.788413 ], [ 115.170775, -8.792921 ] ] ] ] } },
{ "type": "Feature", "properties": { "id": 268, "fid": 356, "left": 298796.77142270666, "top": 9027050.6931999996, "right": 299951.47196108586, "bottom": 9026050.6931999996, "schools": 0, "distance_to_school": 972.0, "population": 1231.0, "school_per_1000": 0.0, "access_index": 0.46, "access_status": "Very Low Access", "interpretation": "Area lacks adequate access to educational facilities", "norm_school": 0.0, "norm_dist": 0.66213292941840429, "norm_pop": 0.022772752445845205 }, "geometry": { "type": "MultiPolygon", "coordinates": [ [ [ [ 115.170731, -8.801961 ], [ 115.173332, -8.806494 ], [ 115.17858, -8.80652 ], [ 115.181225, -8.802012 ], [ 115.178624, -8.797479 ], [ 115.173377, -8.797454 ], [ 115.170731, -8.801961 ] ] ] ] } },
{ "type": "Feature", "properties": { "id": 269, "fid": 357, "left": 298796.77142270666, "top": 9026050.6931999996, "right": 299951.47196108586, "bottom": 9025050.6931999996, "schools": 0, "distance_to_school": 1250.47, "population": 1231.0, "school_per_1000": 0.0, "access_index": 0.42, "access_status": "Very Low Access", "interpretation": "Area lacks adequate access to educational facilities", "norm_school": 0.0, "norm_dist": 0.56533649772264183, "norm_pop": 0.022772752445845205 }, "geometry": { "type": "MultiPolygon", "coordinates": [ [ [ [ 115.170686, -8.811002 ], [ 115.173288, -8.815535 ], [ 115.178535, -8.81556 ], [ 115.181181, -8.811053 ], [ 115.17858, -8.80652 ], [ 115.173332, -8.806494 ], [ 115.170686, -8.811002 ] ] ] ] } },
{ "type": "Feature", "properties": { "id": 270, "fid": 358, "left": 298796.77142270666, "top": 9025050.6931999996, "right": 299951.47196108586, "bottom": 9024050.6931999996, "schools": 0, "distance_to_school": 283.28, "population": 1231.0, "school_per_1000": 0.0, "access_index": 0.56, "access_status": "Moderate Access", "interpretation": "Area has moderate access with reasonable proximity", "norm_school": 0.0, "norm_dist": 0.90153181813312566, "norm_pop": 0.022772752445845205 }, "geometry": { "type": "MultiPolygon", "coordinates": [ [ [ [ 115.170642, -8.820043 ], [ 115.173243, -8.824576 ], [ 115.178491, -8.824601 ], [ 115.181137, -8.820093 ], [ 115.178535, -8.81556 ], [ 115.173288, -8.815535 ], [ 115.170642, -8.820043 ] ] ] ] } },
{ "type": "Feature", "properties": { "id": 271, "fid": 359, "left": 298796.77142270666, "top": 9024050.6931999996, "right": 299951.47196108586, "bottom": 9023050.6931999996, "schools": 1, "distance_to_school": 0.0, "population": 1231.0, "school_per_1000": 0.81, "access_index": 0.67, "access_status": "High Access", "interpretation": "Area has strong access to educational facilities", "norm_school": 0.19219344959429771, "norm_dist": 1.0, "norm_pop": 0.022772752445845205 }, "geometry": { "type": "MultiPolygon", "coordinates": [ [ [ [ 115.170597, -8.829083 ], [ 115.173199, -8.833616 ], [ 115.178447, -8.833642 ], [ 115.181093, -8.829134 ], [ 115.178491, -8.824601 ], [ 115.173243, -8.824576 ], [ 115.170597, -8.829083 ] ] ] ] } },
{ "type": "Feature", "properties": { "id": 272, "fid": 360, "left": 298796.77142270666, "top": 9023050.6931999996, "right": 299951.47196108586, "bottom": 9022050.6931999996, "schools": 0, "distance_to_school": 716.72, "population": 1231.0, "school_per_1000": 0.0, "access_index": 0.5, "access_status": "Low Access", "interpretation": "Access is limited due to fewer schools or distance", "norm_school": 0.0, "norm_dist": 0.75086808380197412, "norm_pop": 0.022772752445845205 }, "geometry": { "type": "MultiPolygon", "coordinates": [ [ [ [ 115.170553, -8.838124 ], [ 115.173154, -8.842657 ], [ 115.178402, -8.842682 ], [ 115.181048, -8.838175 ], [ 115.178447, -8.833642 ], [ 115.173199, -8.833616 ], [ 115.170553, -8.838124 ] ] ] ] } },
{ "type": "Feature", "properties": { "id": 273, "fid": 361, "left": 298796.77142270666, "top": 9022050.6931999996, "right": 299951.47196108586, "bottom": 9021050.6931999996, "schools": 0, "distance_to_school": 1567.82, "population": 711.0, "school_per_1000": 0.0, "access_index": 0.38, "access_status": "Very Low Access", "interpretation": "Area lacks adequate access to educational facilities", "norm_school": 0.0, "norm_dist": 0.45502391844737433, "norm_pop": 0.013122539573334572 }, "geometry": { "type": "MultiPolygon", "coordinates": [ [ [ [ 115.180271, -8.847019 ], [ 115.180802, -8.846863 ], [ 115.178402, -8.842682 ], [ 115.173154, -8.842657 ], [ 115.170508, -8.847164 ], [ 115.171327, -8.848591 ], [ 115.171568, -8.848466 ], [ 115.171596, -8.848451 ], [ 115.172533, -8.848018 ], [ 115.172725, -8.847964 ], [ 115.172926, -8.847908 ], [ 115.172927, -8.847908 ], [ 115.173059, -8.847871 ], [ 115.17313, -8.84787 ], [ 115.173486, -8.847864 ], [ 115.174065, -8.847917 ], [ 115.174197, -8.847929 ], [ 115.174292, -8.847958 ], [ 115.17464, -8.848063 ], [ 115.174801, -8.848085 ], [ 115.174801, -8.848085 ], [ 115.174928, -8.848102 ], [ 115.175163, -8.848073 ], [ 115.175208, -8.848067 ], [ 115.175755, -8.847929 ], [ 115.17602, -8.847884 ], [ 115.1763, -8.847836 ], [ 115.17652, -8.847831 ], [ 115.176772, -8.847826 ], [ 115.17715, -8.84779 ], [ 115.177187, -8.847787 ], [ 115.177303, -8.847743 ], [ 115.177475, -8.847677 ], [ 115.17762, -8.847591 ], [ 115.17762, -8.84759 ], [ 115.177621, -8.84759 ], [ 115.17788, -8.847436 ], [ 115.178246, -8.847284 ], [ 115.178414, -8.847251 ], [ 115.178414, -8.847251 ], [ 115.178579, -8.847218 ], [ 115.179053, -8.847195 ], [ 115.179811, -8.847145 ], [ 115.179885, -8.847125 ], [ 115.180271, -8.847019 ] ] ] ] } },
{ "type": "Feature", "properties": { "id": 274, "fid": 177, "left": 299662.79682649107, "top": 9059550.6931999996, "right": 300817.49736487027, "bottom": 9058550.6931999996, "schools": 0, "distance_to_school": 1420.95, "population": 1874.0, "school_per_1000": 0.0, "access_index": 0.4, "access_status": "Very Low Access", "interpretation": "Area lacks adequate access to educational facilities", "norm_school": 0.0, "norm_dist": 0.50607782078637309, "norm_pop": 0.034692708717908569 }, "geometry": { "type": "MultiPolygon", "coordinates": [ [ [ [ 115.180014, -8.508178 ], [ 115.182614, -8.512711 ], [ 115.187858, -8.512735 ], [ 115.190501, -8.508227 ], [ 115.1879, -8.503694 ], [ 115.182657, -8.50367 ], [ 115.180014, -8.508178 ] ] ] ] } },
{ "type": "Feature", "properties": { "id": 275, "fid": 178, "left": 299662.79682649107, "top": 9058550.6931999996, "right": 300817.49736487027, "bottom": 9057550.6931999996, "schools": 0, "distance_to_school": 1401.57, "population": 1874.0, "school_per_1000": 0.0, "access_index": 0.4, "access_status": "Very Low Access", "interpretation": "Area lacks adequate access to educational facilities", "norm_school": 0.0, "norm_dist": 0.51281560416655914, "norm_pop": 0.034692708717908569 }, "geometry": { "type": "MultiPolygon", "coordinates": [ [ [ [ 115.179971, -8.517219 ], [ 115.182572, -8.521752 ], [ 115.187815, -8.521776 ], [ 115.190458, -8.517268 ], [ 115.187858, -8.512735 ], [ 115.182614, -8.512711 ], [ 115.179971, -8.517219 ] ] ] ] } },
{ "type": "Feature", "properties": { "id": 276, "fid": 179, "left": 299662.79682649107, "top": 9057550.6931999996, "right": 300817.49736487027, "bottom": 9056550.6931999996, "schools": 0, "distance_to_school": 1407.75, "population": 1874.0, "school_per_1000": 0.0, "access_index": 0.4, "access_status": "Very Low Access", "interpretation": "Area lacks adequate access to educational facilities", "norm_school": 0.0, "norm_dist": 0.51066585409622522, "norm_pop": 0.034692708717908569 }, "geometry": { "type": "MultiPolygon", "coordinates": [ [ [ [ 115.179929, -8.52626 ], [ 115.182529, -8.530792 ], [ 115.187772, -8.530817 ], [ 115.190416, -8.526309 ], [ 115.187815, -8.521776 ], [ 115.182572, -8.521752 ], [ 115.179929, -8.52626 ] ] ] ] } },
{ "type": "Feature", "properties": { "id": 277, "fid": 180, "left": 299662.79682649107, "top": 9056550.6931999996, "right": 300817.49736487027, "bottom": 9055550.6931999996, "schools": 0, "distance_to_school": 952.99, "population": 1874.0, "school_per_1000": 0.0, "access_index": 0.46, "access_status": "Very Low Access", "interpretation": "Area lacks adequate access to educational facilities", "norm_school": 0.0, "norm_dist": 0.66874072599321455, "norm_pop": 0.034692708717908569 }, "geometry": { "type": "MultiPolygon", "coordinates": [ [ [ [ 115.179886, -8.5353 ], [ 115.182486, -8.539833 ], [ 115.18773, -8.539858 ], [ 115.190373, -8.535349 ], [ 115.187772, -8.530817 ], [ 115.182529, -8.530792 ], [ 115.179886, -8.5353 ] ] ] ] } },
{ "type": "Feature", "properties": { "id": 278, "fid": 181, "left": 299662.79682649107, "top": 9055550.6931999996, "right": 300817.49736487027, "bottom": 9054550.6931999996, "schools": 0, "distance_to_school": 830.46, "population": 1874.0, "school_per_1000": 0.0, "access_index": 0.48, "access_status": "Very Low Access", "interpretation": "Area lacks adequate access to educational facilities", "norm_school": 0.0, "norm_dist": 0.71133165012149069, "norm_pop": 0.034692708717908569 }, "geometry": { "type": "MultiPolygon", "coordinates": [ [ [ [ 115.179843, -8.544341 ], [ 115.182443, -8.548874 ], [ 115.187687, -8.548898 ], [ 115.19033, -8.54439 ], [ 115.18773, -8.539858 ], [ 115.182486, -8.539833 ], [ 115.179843, -8.544341 ] ] ] ] } },
{ "type": "Feature", "properties": { "id": 279, "fid": 182, "left": 299662.79682649107, "top": 9054550.6931999996, "right": 300817.49736487027, "bottom": 9053550.6931999996, "schools": 0, "distance_to_school": 496.27, "population": 1874.0, "school_per_1000": 0.0, "access_index": 0.52, "access_status": "Low Access", "interpretation": "Access is limited due to fewer schools or distance", "norm_school": 0.0, "norm_dist": 0.82749536350206421, "norm_pop": 0.034692708717908569 }, "geometry": { "type": "MultiPolygon", "coordinates": [ [ [ [ 115.1798, -8.553382 ], [ 115.182401, -8.557914 ], [ 115.187644, -8.557939 ], [ 115.190288, -8.553431 ], [ 115.187687, -8.548898 ], [ 115.182443, -8.548874 ], [ 115.1798, -8.553382 ] ] ] ] } },
{ "type": "Feature", "properties": { "id": 280, "fid": 183, "left": 299662.79682649107, "top": 9053550.6931999996, "right": 300817.49736487027, "bottom": 9052550.6931999996, "schools": 1, "distance_to_school": 0.0, "population": 1874.0, "school_per_1000": 0.53, "access_index": 0.64, "access_status": "High Access", "interpretation": "Area has strong access to educational facilities", "norm_school": 0.12626863616234121, "norm_dist": 1.0, "norm_pop": 0.034692708717908569 }, "geometry": { "type": "MultiPolygon", "coordinates": [ [ [ [ 115.179757, -8.562422 ], [ 115.182358, -8.566955 ], [ 115.187602, -8.56698 ], [ 115.190245, -8.562472 ], [ 115.187644, -8.557939 ], [ 115.182401, -8.557914 ], [ 115.179757, -8.562422 ] ] ] ] } },
{ "type": "Feature", "properties": { "id": 281, "fid": 184, "left": 299662.79682649107, "top": 9052550.6931999996, "right": 300817.49736487027, "bottom": 9051550.6931999996, "schools": 1, "distance_to_school": 0.0, "population": 1874.0, "school_per_1000": 0.53, "access_index": 0.64, "access_status": "High Access", "interpretation": "Area has strong access to educational facilities", "norm_school": 0.12626863616234121, "norm_dist": 1.0, "norm_pop": 0.034692708717908569 }, "geometry": { "type": "MultiPolygon", "coordinates": [ [ [ [ 115.179714, -8.571463 ], [ 115.182315, -8.575996 ], [ 115.187559, -8.576021 ], [ 115.190202, -8.571512 ], [ 115.187602, -8.56698 ], [ 115.182358, -8.566955 ], [ 115.179714, -8.571463 ] ] ] ] } },
{ "type": "Feature", "properties": { "id": 282, "fid": 185, "left": 299662.79682649107, "top": 9051550.6931999996, "right": 300817.49736487027, "bottom": 9050550.6931999996, "schools": 0, "distance_to_school": 450.52, "population": 1874.0, "school_per_1000": 0.0, "access_index": 0.53, "access_status": "Low Access", "interpretation": "Access is limited due to fewer schools or distance", "norm_school": 0.0, "norm_dist": 0.8433998803173326, "norm_pop": 0.034692708717908569 }, "geometry": { "type": "MultiPolygon", "coordinates": [ [ [ [ 115.179671, -8.580504 ], [ 115.182272, -8.585037 ], [ 115.187516, -8.585061 ], [ 115.190159, -8.580553 ], [ 115.187559, -8.576021 ], [ 115.182315, -8.575996 ], [ 115.179671, -8.580504 ] ] ] ] } },
{ "type": "Feature", "properties": { "id": 283, "fid": 186, "left": 299662.79682649107, "top": 9050550.6931999996, "right": 300817.49736487027, "bottom": 9049550.6931999996, "schools": 0, "distance_to_school": 1349.47, "population": 1874.0, "school_per_1000": 0.0, "access_index": 0.41, "access_status": "Very Low Access", "interpretation": "Area lacks adequate access to educational facilities", "norm_school": 0.0, "norm_dist": 0.53092537004216156, "norm_pop": 0.034692708717908569 }, "geometry": { "type": "MultiPolygon", "coordinates": [ [ [ [ 115.179628, -8.589545 ], [ 115.182229, -8.594077 ], [ 115.187473, -8.594102 ], [ 115.190117, -8.589594 ], [ 115.187516, -8.585061 ], [ 115.182272, -8.585037 ], [ 115.179628, -8.589545 ] ] ] ] } },
{ "type": "Feature", "properties": { "id": 284, "fid": 187, "left": 299662.79682649107, "top": 9049550.6931999996, "right": 300817.49736487027, "bottom": 9048550.6931999996, "schools": 0, "distance_to_school": 551.6, "population": 1874.0, "school_per_1000": 0.0, "access_index": 0.52, "access_status": "Low Access", "interpretation": "Access is limited due to fewer schools or distance", "norm_school": 0.0, "norm_dist": 0.80826240982362263, "norm_pop": 0.034692708717908569 }, "geometry": { "type": "MultiPolygon", "coordinates": [ [ [ [ 115.179585, -8.598585 ], [ 115.182185, -8.603118 ], [ 115.18743, -8.603143 ], [ 115.190074, -8.598635 ], [ 115.187473, -8.594102 ], [ 115.182229, -8.594077 ], [ 115.179585, -8.598585 ] ] ] ] } },
{ "type": "Feature", "properties": { "id": 285, "fid": 188, "left": 299662.79682649107, "top": 9048550.6931999996, "right": 300817.49736487027, "bottom": 9047550.6931999996, "schools": 0, "distance_to_school": 289.05, "population": 1878.0, "school_per_1000": 0.0, "access_index": 0.55, "access_status": "Moderate Access", "interpretation": "Area has moderate access with reasonable proximity", "norm_school": 0.0, "norm_dist": 0.89952466633876482, "norm_pop": 0.034770976091964209 }, "geometry": { "type": "MultiPolygon", "coordinates": [ [ [ [ 115.179542, -8.607626 ], [ 115.182142, -8.612159 ], [ 115.187387, -8.612183 ], [ 115.190031, -8.607675 ], [ 115.18743, -8.603143 ], [ 115.182185, -8.603118 ], [ 115.179542, -8.607626 ] ] ] ] } },
{ "type": "Feature", "properties": { "id": 286, "fid": 189, "left": 299662.79682649107, "top": 9047550.6931999996, "right": 300817.49736487027, "bottom": 9046550.6931999996, "schools": 1, "distance_to_school": 0.0, "population": 6481.0, "school_per_1000": 0.15, "access_index": 0.59, "access_status": "Moderate Access", "interpretation": "Area has moderate access with reasonable proximity", "norm_school": 0.036510970200415049, "norm_dist": 1.0, "norm_pop": 0.12012312288494313 }, "geometry": { "type": "MultiPolygon", "coordinates": [ [ [ [ 115.179498, -8.616667 ], [ 115.182099, -8.621199 ], [ 115.187344, -8.621224 ], [ 115.189988, -8.616716 ], [ 115.187387, -8.612183 ], [ 115.182142, -8.612159 ], [ 115.179498, -8.616667 ] ] ] ] } },
{ "type": "Feature", "properties": { "id": 287, "fid": 190, "left": 299662.79682649107, "top": 9046550.6931999996, "right": 300817.49736487027, "bottom": 9045550.6931999996, "schools": 2, "distance_to_school": 0.0, "population": 8289.0, "school_per_1000": 0.24, "access_index": 0.59, "access_status": "Moderate Access", "interpretation": "Area has moderate access with reasonable proximity", "norm_school": 0.057091966957155647, "norm_dist": 1.0, "norm_pop": 0.153656438516942 }, "geometry": { "type": "MultiPolygon", "coordinates": [ [ [ [ 115.179455, -8.625707 ], [ 115.182056, -8.63024 ], [ 115.187301, -8.630265 ], [ 115.189945, -8.625757 ], [ 115.187344, -8.621224 ], [ 115.182099, -8.621199 ], [ 115.179455, -8.625707 ] ] ] ] } },
{ "type": "Feature", "properties": { "id": 288, "fid": 191, "left": 299662.79682649107, "top": 9045550.6931999996, "right": 300817.49736487027, "bottom": 9044550.6931999996, "schools": 0, "distance_to_school": 66.9, "population": 9118.0, "school_per_1000": 0.0, "access_index": 0.56, "access_status": "Moderate Access", "interpretation": "Area has moderate access with reasonable proximity", "norm_school": 0.0, "norm_dist": 0.97674527337599382, "norm_pop": 0.16902671773807282 }, "geometry": { "type": "MultiPolygon", "coordinates": [ [ [ [ 115.179412, -8.634748 ], [ 115.182013, -8.639281 ], [ 115.187258, -8.639306 ], [ 115.189902, -8.634798 ], [ 115.187301, -8.630265 ], [ 115.182056, -8.63024 ], [ 115.179412, -8.634748 ] ] ] ] } },
{ "type": "Feature", "properties": { "id": 289, "fid": 192, "left": 299662.79682649107, "top": 9044550.6931999996, "right": 300817.49736487027, "bottom": 9043550.6931999996, "schools": 3, "distance_to_school": 0.0, "population": 9009.0, "school_per_1000": 0.33, "access_index": 0.6, "access_status": "Moderate Access", "interpretation": "Area has moderate access with reasonable proximity", "norm_school": 0.078791269720606918, "norm_dist": 1.0, "norm_pop": 0.16701368040131653 }, "geometry": { "type": "MultiPolygon", "coordinates": [ [ [ [ 115.179368, -8.643789 ], [ 115.181969, -8.648321 ], [ 115.187214, -8.648346 ], [ 115.189859, -8.643838 ], [ 115.187258, -8.639306 ], [ 115.182013, -8.639281 ], [ 115.179368, -8.643789 ] ] ] ] } },
{ "type": "Feature", "properties": { "id": 290, "fid": 193, "left": 299662.79682649107, "top": 9043550.6931999996, "right": 300817.49736487027, "bottom": 9042550.6931999996, "schools": 4, "distance_to_school": 0.0, "population": 9522.0, "school_per_1000": 0.42, "access_index": 0.6, "access_status": "Moderate Access", "interpretation": "Area has moderate access with reasonable proximity", "norm_school": 0.099398299272246665, "norm_dist": 1.0, "norm_pop": 0.17652168203310947 }, "geometry": { "type": "MultiPolygon", "coordinates": [ [ [ [ 115.179325, -8.652829 ], [ 115.181926, -8.657362 ], [ 115.187171, -8.657387 ], [ 115.189815, -8.652879 ], [ 115.187214, -8.648346 ], [ 115.181969, -8.648321 ], [ 115.179325, -8.652829 ] ] ] ] } },
{ "type": "Feature", "properties": { "id": 292, "fid": 436, "left": 299662.79682649107, "top": 9041550.6931999996, "right": 300817.49736487027, "bottom": 9040550.6931999996, "schools": 1, "distance_to_school": 0.0, "population": 9538.0, "school_per_1000": 0.1, "access_index": 0.57, "access_status": "Moderate Access", "interpretation": "Area has moderate access with reasonable proximity", "norm_school": 0.024807562546017195, "norm_dist": 1.0, "norm_pop": 0.17682072454776315 }, "geometry": { "type": "MultiPolygon", "coordinates": [ [ [ [ 115.179238, -8.670911 ], [ 115.181839, -8.675443 ], [ 115.187084, -8.675468 ], [ 115.189729, -8.67096 ], [ 115.187128, -8.666428 ], [ 115.181882, -8.666403 ], [ 115.179238, -8.670911 ] ] ] ] } },
{ "type": "Feature", "properties": { "id": 293, "fid": 34, "left": 299662.79682649107, "top": 9040550.6931999996, "right": 300817.49736487027, "bottom": 9039550.6931999996, "schools": 2, "distance_to_school": 0.0, "population": 9538.0, "school_per_1000": 0.21, "access_index": 0.58, "access_status": "Moderate Access", "interpretation": "Area has moderate access with reasonable proximity", "norm_school": 0.04961512509203439, "norm_dist": 1.0, "norm_pop": 0.17682072454776315 }, "geometry": { "type": "MultiPolygon", "coordinates": [ [ [ [ 115.179194, -8.679951 ], [ 115.181795, -8.684484 ], [ 115.187041, -8.684509 ], [ 115.189686, -8.680001 ], [ 115.187084, -8.675468 ], [ 115.181839, -8.675443 ], [ 115.179194, -8.679951 ] ] ] ] } },
{ "type": "Feature", "properties": { "id": 294, "fid": 35, "left": 299662.79682649107, "top": 9039550.6931999996, "right": 300817.49736487027, "bottom": 9038550.6931999996, "schools": 0, "distance_to_school": 216.2, "population": 9538.0, "school_per_1000": 0.0, "access_index": 0.53, "access_status": "Low Access", "interpretation": "Access is limited due to fewer schools or distance", "norm_school": 0.0, "norm_dist": 0.92484837352358906, "norm_pop": 0.17682072454776315 }, "geometry": { "type": "MultiPolygon", "coordinates": [ [ [ [ 115.179151, -8.688992 ], [ 115.181752, -8.693525 ], [ 115.186998, -8.69355 ], [ 115.189642, -8.689042 ], [ 115.187041, -8.684509 ], [ 115.181795, -8.684484 ], [ 115.179151, -8.688992 ] ] ] ] } },
{ "type": "Feature", "properties": { "id": 295, "fid": 36, "left": 299662.79682649107, "top": 9038550.6931999996, "right": 300817.49736487027, "bottom": 9037550.6931999996, "schools": 2, "distance_to_school": 0.0, "population": 8693.0, "school_per_1000": 0.23, "access_index": 0.59, "access_status": "Moderate Access", "interpretation": "Area has moderate access with reasonable proximity", "norm_school": 0.054437114072018983, "norm_dist": 1.0, "norm_pop": 0.16115296675028379 }, "geometry": { "type": "MultiPolygon", "coordinates": [ [ [ [ 115.179107, -8.698033 ], [ 115.181708, -8.702565 ], [ 115.186954, -8.70259 ], [ 115.189599, -8.698083 ], [ 115.186998, -8.69355 ], [ 115.181752, -8.693525 ], [ 115.179107, -8.698033 ] ] ] ] } },
{ "type": "Feature", "properties": { "id": 296, "fid": 37, "left": 299662.79682649107, "top": 9037550.6931999996, "right": 300817.49736487027, "bottom": 9036550.6931999996, "schools": 2, "distance_to_school": 0.0, "population": 3773.0, "school_per_1000": 0.53, "access_index": 0.64, "access_status": "High Access", "interpretation": "Area has strong access to educational facilities", "norm_school": 0.12543142599547255, "norm_dist": 1.0, "norm_pop": 0.069907368883937074 }, "geometry": { "type": "MultiPolygon", "coordinates": [ [ [ [ 115.179063, -8.707073 ], [ 115.181665, -8.711606 ], [ 115.186911, -8.711631 ], [ 115.189555, -8.707123 ], [ 115.186954, -8.70259 ], [ 115.181708, -8.702565 ], [ 115.179063, -8.707073 ] ] ] ] } },
{ "type": "Feature", "properties": { "id": 297, "fid": 38, "left": 299662.79682649107, "top": 9036550.6931999996, "right": 300817.49736487027, "bottom": 9035550.6931999996, "schools": 0, "distance_to_school": 433.26, "population": 2449.0, "school_per_1000": 0.0, "access_index": 0.53, "access_status": "Low Access", "interpretation": "Access is limited due to fewer schools or distance", "norm_school": 0.0, "norm_dist": 0.84939946756842366, "norm_pop": 0.045363837303374496 }, "geometry": { "type": "MultiPolygon", "coordinates": [ [ [ [ 115.17902, -8.716114 ], [ 115.181621, -8.720647 ], [ 115.186867, -8.720672 ], [ 115.189512, -8.716164 ], [ 115.186911, -8.711631 ], [ 115.181665, -8.711606 ], [ 115.17902, -8.716114 ] ] ] ] } },
{ "type": "Feature", "properties": { "id": 298, "fid": 39, "left": 299662.79682649107, "top": 9035550.6931999996, "right": 300817.49736487027, "bottom": 9034550.6931999996, "schools": 0, "distance_to_school": 294.53, "population": 2379.0, "school_per_1000": 0.0, "access_index": 0.55, "access_status": "Moderate Access", "interpretation": "Area has moderate access with reasonable proximity", "norm_school": 0.0, "norm_dist": 0.89762086504125049, "norm_pop": 0.044063130438502317 }, "geometry": { "type": "MultiPolygon", "coordinates": [ [ [ [ 115.178976, -8.725154 ], [ 115.181577, -8.729687 ], [ 115.186823, -8.729712 ], [ 115.189468, -8.725205 ], [ 115.186867, -8.720672 ], [ 115.181621, -8.720647 ], [ 115.178976, -8.725154 ] ] ] ] } },
{ "type": "Feature", "properties": { "id": 299, "fid": 40, "left": 299662.79682649107, "top": 9034550.6931999996, "right": 300817.49736487027, "bottom": 9033550.6931999996, "schools": 0, "distance_to_school": 793.92, "population": 2344.0, "school_per_1000": 0.0, "access_index": 0.48, "access_status": "Very Low Access", "interpretation": "Area lacks adequate access to educational facilities", "norm_school": 0.0, "norm_dist": 0.72403484966769671, "norm_pop": 0.043401167370760982 }, "geometry": { "type": "MultiPolygon", "coordinates": [ [ [ [ 115.178932, -8.734195 ], [ 115.181533, -8.738728 ], [ 115.18678, -8.738753 ], [ 115.189425, -8.734245 ], [ 115.186823, -8.729712 ], [ 115.181577, -8.729687 ], [ 115.178932, -8.734195 ] ] ] ] } },
{ "type": "Feature", "properties": { "id": 300, "fid": 41, "left": 299662.79682649107, "top": 9033550.6931999996, "right": 300817.49736487027, "bottom": 9032550.6931999996, "schools": 0, "distance_to_school": 702.8, "population": 1581.0, "school_per_1000": 0.0, "access_index": 0.5, "access_status": "Low Access", "interpretation": "Access is limited due to fewer schools or distance", "norm_school": 0.0, "norm_dist": 0.75570620984724257, "norm_pop": 0.029253652948983869 }, "geometry": { "type": "MultiPolygon", "coordinates": [ [ [ [ 115.187938, -8.740917 ], [ 115.188026, -8.740924 ], [ 115.18678, -8.738753 ], [ 115.181533, -8.738728 ], [ 115.178888, -8.743236 ], [ 115.181489, -8.747769 ], [ 115.184702, -8.747784 ], [ 115.184616, -8.747529 ], [ 115.184592, -8.747338 ], [ 115.184491, -8.746147 ], [ 115.184462, -8.745341 ], [ 115.184421, -8.745063 ], [ 115.184339, -8.744922 ], [ 115.184094, -8.744714 ], [ 115.184037, -8.744633 ], [ 115.184006, -8.744458 ], [ 115.184057, -8.744263 ], [ 115.184213, -8.74398 ], [ 115.184674, -8.743404 ], [ 115.184847, -8.743285 ], [ 115.184847, -8.743285 ], [ 115.185154, -8.743196 ], [ 115.185162, -8.743194 ], [ 115.185485, -8.743101 ], [ 115.185485, -8.743101 ], [ 115.185487, -8.743104 ], [ 115.185517, -8.743151 ], [ 115.185744, -8.74343 ], [ 115.185864, -8.743492 ], [ 115.185983, -8.743378 ], [ 115.185992, -8.743356 ], [ 115.18605, -8.743206 ], [ 115.18608, -8.742991 ], [ 115.18608, -8.742465 ], [ 115.186096, -8.742231 ], [ 115.18611, -8.742032 ], [ 115.186265, -8.741448 ], [ 115.186314, -8.741364 ], [ 115.186438, -8.741153 ], [ 115.186621, -8.741042 ], [ 115.186657, -8.741019 ], [ 115.187029, -8.740779 ], [ 115.1872, -8.740724 ], [ 115.187368, -8.74075 ], [ 115.187461, -8.740784 ], [ 115.187656, -8.740854 ], [ 115.187938, -8.740917 ] ] ] ] } },
{ "type": "Feature", "properties": { "id": 301, "fid": 42, "left": 299662.79682649107, "top": 9032550.6931999996, "right": 300817.49736487027, "bottom": 9031550.6931999996, "schools": 0, "distance_to_school": 1175.15, "population": 917.0, "school_per_1000": 0.0, "access_index": 0.43, "access_status": "Very Low Access", "interpretation": "Area lacks adequate access to educational facilities", "norm_school": 0.0, "norm_dist": 0.59151636002804919, "norm_pop": 0.016944196457050888 }, "geometry": { "type": "MultiPolygon", "coordinates": [ [ [ [ 115.184741, -8.747899 ], [ 115.184702, -8.747784 ], [ 115.181489, -8.747769 ], [ 115.178844, -8.752276 ], [ 115.181395, -8.75672 ], [ 115.181468, -8.756567 ], [ 115.18198, -8.755621 ], [ 115.182103, -8.755422 ], [ 115.182138, -8.755382 ], [ 115.182175, -8.755337 ], [ 115.182493, -8.754862 ], [ 115.182813, -8.75422 ], [ 115.183085, -8.753562 ], [ 115.183109, -8.753503 ], [ 115.183119, -8.753452 ], [ 115.18318, -8.753144 ], [ 115.183289, -8.752538 ], [ 115.183295, -8.752502 ], [ 115.183509, -8.751817 ], [ 115.183575, -8.75158 ], [ 115.183621, -8.751413 ], [ 115.183758, -8.75088 ], [ 115.184015, -8.750001 ], [ 115.184015, -8.75 ], [ 115.184082, -8.749773 ], [ 115.184131, -8.749608 ], [ 115.184282, -8.749161 ], [ 115.184302, -8.749103 ], [ 115.184641, -8.74835 ], [ 115.184752, -8.748046 ], [ 115.184741, -8.747899 ] ] ] ] } },
{ "type": "Feature", "properties": { "id": 326, "fid": 207, "left": 300528.82223027549, "top": 9047050.6931999996, "right": 301683.52276865469, "bottom": 9046050.6931999996, "schools": 0, "distance_to_school": 36.9, "population": 6532.0, "school_per_1000": 0.0, "access_index": 0.57, "access_status": "Moderate Access", "interpretation": "Area has moderate access with reasonable proximity", "norm_school": 0.0, "norm_dist": 0.98717414624355659, "norm_pop": 0.12106793335706545 }, "geometry": { "type": "MultiPolygon", "coordinates": [ [ [ [ 115.187344, -8.621224 ], [ 115.189945, -8.625757 ], [ 115.19519, -8.625782 ], [ 115.197833, -8.621274 ], [ 115.195232, -8.616741 ], [ 115.189988, -8.616716 ], [ 115.187344, -8.621224 ] ] ] ] } },
{ "type": "Feature", "properties": { "id": 324, "fid": 205, "left": 300528.82223027549, "top": 9049050.6931999996, "right": 301683.52276865469, "bottom": 9048050.6931999996, "schools": 2, "distance_to_school": 0.0, "population": 1875.0, "school_per_1000": 1.07, "access_index": 0.69, "access_status": "High Access", "interpretation": "Area has strong access to educational facilities", "norm_school": 0.25245677456736521, "norm_dist": 1.0, "norm_pop": 0.034703789262002939 }, "geometry": { "type": "MultiPolygon", "coordinates": [ [ [ [ 115.18743, -8.603143 ], [ 115.190031, -8.607675 ], [ 115.195275, -8.6077 ], [ 115.197919, -8.603192 ], [ 115.195318, -8.598659 ], [ 115.190074, -8.598635 ], [ 115.18743, -8.603143 ] ] ] ] } },
{ "type": "Feature", "properties": { "id": 325, "fid": 206, "left": 300528.82223027549, "top": 9048050.6931999996, "right": 301683.52276865469, "bottom": 9047050.6931999996, "schools": 0, "distance_to_school": 237.45, "population": 3799.0, "school_per_1000": 0.0, "access_index": 0.55, "access_status": "Moderate Access", "interpretation": "Area has moderate access with reasonable proximity", "norm_school": 0.0, "norm_dist": 0.9174622074826988, "norm_pop": 0.070389666876811363 }, "geometry": { "type": "MultiPolygon", "coordinates": [ [ [ [ 115.187387, -8.612183 ], [ 115.189988, -8.616716 ], [ 115.195232, -8.616741 ], [ 115.197876, -8.612233 ], [ 115.195275, -8.6077 ], [ 115.190031, -8.607675 ], [ 115.187387, -8.612183 ] ] ] ] } },
{ "type": "Feature", "properties": { "id": 302, "fid": 43, "left": 299662.79682649107, "top": 9031550.6931999996, "right": 300817.49736487027, "bottom": 9030550.6931999996, "schools": 0, "distance_to_school": 727.59, "population": 659.0, "school_per_1000": 0.0, "access_index": 0.5, "access_status": "Low Access", "interpretation": "Access is limited due to fewer schools or distance", "norm_school": 0.0, "norm_dist": 0.7470906653753826, "norm_pop": 0.012163887736053293 }, "geometry": { "type": "MultiPolygon", "coordinates": [ [ [ [ 115.181042, -8.75771 ], [ 115.181168, -8.757283 ], [ 115.1788, -8.761317 ], [ 115.181402, -8.76585 ], [ 115.186648, -8.765875 ], [ 115.186943, -8.765374 ], [ 115.186877, -8.765313 ], [ 115.186807, -8.764743 ], [ 115.186761, -8.764576 ], [ 115.186711, -8.764453 ], [ 115.186708, -8.764414 ], [ 115.186708, -8.764413 ], [ 115.186711, -8.764408 ], [ 115.186906, -8.764066 ], [ 115.18713, -8.763637 ], [ 115.187173, -8.763485 ], [ 115.187185, -8.763444 ], [ 115.187168, -8.763318 ], [ 115.187129, -8.763254 ], [ 115.187106, -8.763236 ], [ 115.186745, -8.763043 ], [ 115.186463, -8.762877 ], [ 115.186176, -8.762788 ], [ 115.186011, -8.762781 ], [ 115.185988, -8.76278 ], [ 115.185779, -8.762858 ], [ 115.185632, -8.762979 ], [ 115.185549, -8.763136 ], [ 115.185532, -8.763168 ], [ 115.185486, -8.763626 ], [ 115.185484, -8.763644 ], [ 115.185486, -8.763703 ], [ 115.185502, -8.764222 ], [ 115.185511, -8.764496 ], [ 115.185486, -8.764589 ], [ 115.185465, -8.764666 ], [ 115.185431, -8.764712 ], [ 115.185339, -8.764838 ], [ 115.1853, -8.764865 ], [ 115.185009, -8.765069 ], [ 115.184633, -8.765308 ], [ 115.184411, -8.765535 ], [ 115.184327, -8.765605 ], [ 115.183716, -8.765612 ], [ 115.183692, -8.765612 ], [ 115.18365, -8.765613 ], [ 115.183619, -8.765456 ], [ 115.183653, -8.765365 ], [ 115.183806, -8.765306 ], [ 115.18387, -8.765281 ], [ 115.18398, -8.76524 ], [ 115.18407, -8.765131 ], [ 115.184137, -8.764842 ], [ 115.184139, -8.764765 ], [ 115.184082, -8.764765 ], [ 115.183288, -8.76477 ], [ 115.183041, -8.764764 ], [ 115.182835, -8.764701 ], [ 115.182761, -8.764645 ], [ 115.182761, -8.764588 ], [ 115.182761, -8.764449 ], [ 115.182762, -8.764442 ], [ 115.182782, -8.764327 ], [ 115.182729, -8.764041 ], [ 115.182729, -8.764039 ], [ 115.182678, -8.763925 ], [ 115.182577, -8.763699 ], [ 115.18205, -8.763057 ], [ 115.181776, -8.762704 ], [ 115.181371, -8.761667 ], [ 115.18133, -8.761563 ], [ 115.181238, -8.761066 ], [ 115.180943, -8.759464 ], [ 115.180877, -8.75897 ], [ 115.180885, -8.758479 ], [ 115.180966, -8.758082 ], [ 115.181042, -8.75771 ] ] ] ] } },
{ "type": "Feature", "properties": { "id": 303, "fid": 44, "left": 299662.79682649107, "top": 9030550.6931999996, "right": 300817.49736487027, "bottom": 9029550.6931999996, "schools": 0, "distance_to_school": 427.45, "population": 1646.0, "school_per_1000": 0.0, "access_index": 0.53, "access_status": "Low Access", "interpretation": "Access is limited due to fewer schools or distance", "norm_school": 0.0, "norm_dist": 0.85141771008548395, "norm_pop": 0.030470918641344422 }, "geometry": { "type": "MultiPolygon", "coordinates": [ [ [ [ 115.178756, -8.770358 ], [ 115.181358, -8.77489 ], [ 115.186604, -8.774916 ], [ 115.18925, -8.770408 ], [ 115.186648, -8.765875 ], [ 115.181402, -8.76585 ], [ 115.178756, -8.770358 ] ] ] ] } },
{ "type": "Feature", "properties": { "id": 304, "fid": 362, "left": 299662.79682649107, "top": 9029550.6931999996, "right": 300817.49736487027, "bottom": 9028550.6931999996, "schools": 2, "distance_to_school": 0.0, "population": 1231.0, "school_per_1000": 1.62, "access_index": 0.75, "access_status": "High Access", "interpretation": "Area has strong access to educational facilities", "norm_school": 0.38438689918859542, "norm_dist": 1.0, "norm_pop": 0.022772752445845205 }, "geometry": { "type": "MultiPolygon", "coordinates": [ [ [ [ 115.178712, -8.779398 ], [ 115.181314, -8.783931 ], [ 115.186561, -8.783956 ], [ 115.189206, -8.779449 ], [ 115.186604, -8.774916 ], [ 115.181358, -8.77489 ], [ 115.178712, -8.779398 ] ] ] ] } },
{ "type": "Feature", "properties": { "id": 305, "fid": 363, "left": 299662.79682649107, "top": 9028550.6931999996, "right": 300817.49736487027, "bottom": 9027550.6931999996, "schools": 1, "distance_to_school": 0.0, "population": 1231.0, "school_per_1000": 0.81, "access_index": 0.67, "access_status": "High Access", "interpretation": "Area has strong access to educational facilities", "norm_school": 0.19219344959429771, "norm_dist": 1.0, "norm_pop": 0.022772752445845205 }, "geometry": { "type": "MultiPolygon", "coordinates": [ [ [ [ 115.178668, -8.788439 ], [ 115.181269, -8.792972 ], [ 115.186517, -8.792997 ], [ 115.189162, -8.788489 ], [ 115.186561, -8.783956 ], [ 115.181314, -8.783931 ], [ 115.178668, -8.788439 ] ] ] ] } },
{ "type": "Feature", "properties": { "id": 306, "fid": 364, "left": 299662.79682649107, "top": 9027550.6931999996, "right": 300817.49736487027, "bottom": 9026550.6931999996, "schools": 0, "distance_to_school": 758.83, "population": 1231.0, "school_per_1000": 0.0, "access_index": 0.49, "access_status": "Low Access", "interpretation": "Access is limited due to fewer schools or distance", "norm_school": 0.0, "norm_dist": 0.73622969717969211, "norm_pop": 0.022772752445845205 }, "geometry": { "type": "MultiPolygon", "coordinates": [ [ [ [ 115.178624, -8.797479 ], [ 115.181225, -8.802012 ], [ 115.186473, -8.802038 ], [ 115.189118, -8.79753 ], [ 115.186517, -8.792997 ], [ 115.181269, -8.792972 ], [ 115.178624, -8.797479 ] ] ] ] } },
{ "type": "Feature", "properties": { "id": 307, "fid": 365, "left": 299662.79682649107, "top": 9026550.6931999996, "right": 300817.49736487027, "bottom": 9025550.6931999996, "schools": 0, "distance_to_school": 660.91, "population": 1231.0, "school_per_1000": 0.0, "access_index": 0.5, "access_status": "Low Access", "interpretation": "Access is limited due to fewer schools or distance", "norm_school": 0.0, "norm_dist": 0.77026678722718134, "norm_pop": 0.022772752445845205 }, "geometry": { "type": "MultiPolygon", "coordinates": [ [ [ [ 115.17858, -8.80652 ], [ 115.181181, -8.811053 ], [ 115.186429, -8.811078 ], [ 115.189074, -8.806571 ], [ 115.186473, -8.802038 ], [ 115.181225, -8.802012 ], [ 115.17858, -8.80652 ] ] ] ] } },
{ "type": "Feature", "properties": { "id": 308, "fid": 366, "left": 299662.79682649107, "top": 9025550.6931999996, "right": 300817.49736487027, "bottom": 9024550.6931999996, "schools": 0, "distance_to_school": 482.91, "population": 1231.0, "school_per_1000": 0.0, "access_index": 0.53, "access_status": "Low Access", "interpretation": "Access is limited due to fewer schools or distance", "norm_school": 0.0, "norm_dist": 0.83214078029058913, "norm_pop": 0.022772752445845205 }, "geometry": { "type": "MultiPolygon", "coordinates": [ [ [ [ 115.178535, -8.81556 ], [ 115.181137, -8.820093 ], [ 115.186384, -8.820119 ], [ 115.18903, -8.815611 ], [ 115.186429, -8.811078 ], [ 115.181181, -8.811053 ], [ 115.178535, -8.81556 ] ] ] ] } },
{ "type": "Feature", "properties": { "id": 309, "fid": 367, "left": 299662.79682649107, "top": 9024550.6931999996, "right": 300817.49736487027, "bottom": 9023550.6931999996, "schools": 0, "distance_to_school": 310.01, "population": 1231.0, "school_per_1000": 0.0, "access_index": 0.55, "access_status": "Moderate Access", "interpretation": "Area has moderate access with reasonable proximity", "norm_school": 0.0, "norm_dist": 0.89224130351593933, "norm_pop": 0.022772752445845205 }, "geometry": { "type": "MultiPolygon", "coordinates": [ [ [ [ 115.178491, -8.824601 ], [ 115.181093, -8.829134 ], [ 115.18634, -8.829159 ], [ 115.188986, -8.824652 ], [ 115.186384, -8.820119 ], [ 115.181137, -8.820093 ], [ 115.178491, -8.824601 ] ] ] ] } },
{ "type": "Feature", "properties": { "id": 310, "fid": 368, "left": 299662.79682649107, "top": 9023550.6931999996, "right": 300817.49736487027, "bottom": 9022550.6931999996, "schools": 0, "distance_to_school": 526.73, "population": 1231.0, "school_per_1000": 0.0, "access_index": 0.52, "access_status": "Low Access", "interpretation": "Access is limited due to fewer schools or distance", "norm_school": 0.0, "norm_dist": 0.81690943635036894, "norm_pop": 0.022772752445845205 }, "geometry": { "type": "MultiPolygon", "coordinates": [ [ [ [ 115.178447, -8.833642 ], [ 115.181048, -8.838175 ], [ 115.186296, -8.8382 ], [ 115.188942, -8.833692 ], [ 115.18634, -8.829159 ], [ 115.181093, -8.829134 ], [ 115.178447, -8.833642 ] ] ] ] } },
{ "type": "Feature", "properties": { "id": 311, "fid": 369, "left": 299662.79682649107, "top": 9022550.6931999996, "right": 300817.49736487027, "bottom": 9021550.6931999996, "schools": 0, "distance_to_school": 1309.12, "population": 1137.0, "school_per_1000": 0.0, "access_index": 0.41, "access_status": "Very Low Access", "interpretation": "Area lacks adequate access to educational facilities", "norm_school": 0.0, "norm_dist": 0.54495141879815012, "norm_pop": 0.021027888941082998 }, "geometry": { "type": "MultiPolygon", "coordinates": [ [ [ [ 115.187164, -8.845612 ], [ 115.187211, -8.845606 ], [ 115.188898, -8.842733 ], [ 115.186296, -8.8382 ], [ 115.181048, -8.838175 ], [ 115.178402, -8.842682 ], [ 115.180802, -8.846863 ], [ 115.181491, -8.846661 ], [ 115.181492, -8.846661 ], [ 115.182007, -8.846677 ], [ 115.182524, -8.846694 ], [ 115.182798, -8.846653 ], [ 115.183155, -8.846564 ], [ 115.183571, -8.846409 ], [ 115.184012, -8.846314 ], [ 115.184345, -8.846183 ], [ 115.184713, -8.846058 ], [ 115.184999, -8.846004 ], [ 115.185338, -8.845921 ], [ 115.185957, -8.845796 ], [ 115.186383, -8.845707 ], [ 115.186528, -8.845677 ], [ 115.186873, -8.845618 ], [ 115.187164, -8.845612 ] ] ] ] } },
{ "type": "Feature", "properties": { "id": 314, "fid": 195, "left": 300528.82223027549, "top": 9059050.6931999996, "right": 301683.52276865469, "bottom": 9058050.6931999996, "schools": 0, "distance_to_school": 1472.09, "population": 1869.0, "school_per_1000": 0.0, "access_index": 0.39, "access_status": "Very Low Access", "interpretation": "Area lacks adequate access to educational facilities", "norm_school": 0.0, "norm_dist": 0.48830249367724549, "norm_pop": 0.034601626411647393 }, "geometry": { "type": "MultiPolygon", "coordinates": [ [ [ [ 115.187858, -8.512735 ], [ 115.190458, -8.517268 ], [ 115.195701, -8.517292 ], [ 115.198344, -8.512784 ], [ 115.195744, -8.508251 ], [ 115.190501, -8.508227 ], [ 115.187858, -8.512735 ] ] ] ] } },
{ "type": "Feature", "properties": { "id": 315, "fid": 196, "left": 300528.82223027549, "top": 9058050.6931999996, "right": 301683.52276865469, "bottom": 9057050.6931999996, "schools": 0, "distance_to_school": 1004.63, "population": 1867.0, "school_per_1000": 0.0, "access_index": 0.45, "access_status": "Very Low Access", "interpretation": "Area lacks adequate access to educational facilities", "norm_school": 0.0, "norm_dist": 0.65078920280711294, "norm_pop": 0.034557655871549048 }, "geometry": { "type": "MultiPolygon", "coordinates": [ [ [ [ 115.187815, -8.521776 ], [ 115.190416, -8.526309 ], [ 115.195659, -8.526333 ], [ 115.198302, -8.521825 ], [ 115.195701, -8.517292 ], [ 115.190458, -8.517268 ], [ 115.187815, -8.521776 ] ] ] ] } },
{ "type": "Feature", "properties": { "id": 316, "fid": 197, "left": 300528.82223027549, "top": 9057050.6931999996, "right": 301683.52276865469, "bottom": 9056050.6931999996, "schools": 0, "distance_to_school": 1206.78, "population": 1862.0, "school_per_1000": 0.0, "access_index": 0.43, "access_status": "Very Low Access", "interpretation": "Area lacks adequate access to educational facilities", "norm_school": 0.0, "norm_dist": 0.58052232831159745, "norm_pop": 0.034479256347025818 }, "geometry": { "type": "MultiPolygon", "coordinates": [ [ [ [ 115.187772, -8.530817 ], [ 115.190373, -8.535349 ], [ 115.195617, -8.535374 ], [ 115.19826, -8.530866 ], [ 115.195659, -8.526333 ], [ 115.190416, -8.526309 ], [ 115.187772, -8.530817 ] ] ] ] } },
{ "type": "Feature", "properties": { "id": 317, "fid": 198, "left": 300528.82223027549, "top": 9056050.6931999996, "right": 301683.52276865469, "bottom": 9055050.6931999996, "schools": 0, "distance_to_school": 305.69, "population": 1869.0, "school_per_1000": 0.0, "access_index": 0.55, "access_status": "Moderate Access", "interpretation": "Area has moderate access with reasonable proximity", "norm_school": 0.0, "norm_dist": 0.89374122696325076, "norm_pop": 0.034594016769071409 }, "geometry": { "type": "MultiPolygon", "coordinates": [ [ [ [ 115.18773, -8.539858 ], [ 115.19033, -8.54439 ], [ 115.195574, -8.544415 ], [ 115.198217, -8.539906 ], [ 115.195617, -8.535374 ], [ 115.190373, -8.535349 ], [ 115.18773, -8.539858 ] ] ] ] } },
{ "type": "Feature", "properties": { "id": 318, "fid": 199, "left": 300528.82223027549, "top": 9055050.6931999996, "right": 301683.52276865469, "bottom": 9054050.6931999996, "schools": 0, "distance_to_school": 95.16, "population": 1874.0, "school_per_1000": 0.0, "access_index": 0.58, "access_status": "Moderate Access", "interpretation": "Area has moderate access with reasonable proximity", "norm_school": 0.0, "norm_dist": 0.96692161172805791, "norm_pop": 0.034692708717908569 }, "geometry": { "type": "MultiPolygon", "coordinates": [ [ [ [ 115.187687, -8.548898 ], [ 115.190288, -8.553431 ], [ 115.195532, -8.553455 ], [ 115.198175, -8.548947 ], [ 115.195574, -8.544415 ], [ 115.19033, -8.54439 ], [ 115.187687, -8.548898 ] ] ] ] } },
{ "type": "Feature", "properties": { "id": 319, "fid": 200, "left": 300528.82223027549, "top": 9054050.6931999996, "right": 301683.52276865469, "bottom": 9053050.6931999996, "schools": 0, "distance_to_school": 317.62, "population": 1874.0, "school_per_1000": 0.0, "access_index": 0.55, "access_status": "Low Access", "interpretation": "Access is limited due to fewer schools or distance", "norm_school": 0.0, "norm_dist": 0.88959394476210962, "norm_pop": 0.034692708717908569 }, "geometry": { "type": "MultiPolygon", "coordinates": [ [ [ [ 115.187644, -8.557939 ], [ 115.190245, -8.562472 ], [ 115.195489, -8.562496 ], [ 115.198132, -8.557988 ], [ 115.195532, -8.553455 ], [ 115.190288, -8.553431 ], [ 115.187644, -8.557939 ] ] ] ] } },
{ "type": "Feature", "properties": { "id": 320, "fid": 201, "left": 300528.82223027549, "top": 9053050.6931999996, "right": 301683.52276865469, "bottom": 9052050.6931999996, "schools": 0, "distance_to_school": 321.35, "population": 1874.0, "school_per_1000": 0.0, "access_index": 0.55, "access_status": "Low Access", "interpretation": "Access is limited due to fewer schools or distance", "norm_school": 0.0, "norm_dist": 0.88829853222759547, "norm_pop": 0.034692103484821026 }, "geometry": { "type": "MultiPolygon", "coordinates": [ [ [ [ 115.187602, -8.56698 ], [ 115.190202, -8.571512 ], [ 115.195446, -8.571537 ], [ 115.19809, -8.567029 ], [ 115.195489, -8.562496 ], [ 115.190245, -8.562472 ], [ 115.187602, -8.56698 ] ] ] ] } },
{ "type": "Feature", "properties": { "id": 321, "fid": 202, "left": 300528.82223027549, "top": 9052050.6931999996, "right": 301683.52276865469, "bottom": 9051050.6931999996, "schools": 0, "distance_to_school": 753.08, "population": 1870.0, "school_per_1000": 0.0, "access_index": 0.49, "access_status": "Very Low Access", "interpretation": "Area lacks adequate access to educational facilities", "norm_school": 0.0, "norm_dist": 0.73822864755205864, "norm_pop": 0.034616586296331735 }, "geometry": { "type": "MultiPolygon", "coordinates": [ [ [ [ 115.187559, -8.576021 ], [ 115.190159, -8.580553 ], [ 115.195404, -8.580578 ], [ 115.198047, -8.57607 ], [ 115.195446, -8.571537 ], [ 115.190202, -8.571512 ], [ 115.187559, -8.576021 ] ] ] ] } },
{ "type": "Feature", "properties": { "id": 322, "fid": 203, "left": 300528.82223027549, "top": 9051050.6931999996, "right": 301683.52276865469, "bottom": 9050050.6931999996, "schools": 0, "distance_to_school": 641.66, "population": 1872.0, "school_per_1000": 0.0, "access_index": 0.5, "access_status": "Low Access", "interpretation": "Access is limited due to fewer schools or distance", "norm_school": 0.0, "norm_dist": 0.77695782151525927, "norm_pop": 0.034660424798784471 }, "geometry": { "type": "MultiPolygon", "coordinates": [ [ [ [ 115.187516, -8.585061 ], [ 115.190117, -8.589594 ], [ 115.195361, -8.589619 ], [ 115.198004, -8.58511 ], [ 115.195404, -8.580578 ], [ 115.190159, -8.580553 ], [ 115.187516, -8.585061 ] ] ] ] } },
{ "type": "Feature", "properties": { "id": 323, "fid": 204, "left": 300528.82223027549, "top": 9050050.6931999996, "right": 301683.52276865469, "bottom": 9049050.6931999996, "schools": 0, "distance_to_school": 693.93, "population": 1874.0, "school_per_1000": 0.0, "access_index": 0.5, "access_status": "Low Access", "interpretation": "Access is limited due to fewer schools or distance", "norm_school": 0.0, "norm_dist": 0.75879075185434808, "norm_pop": 0.034692708717908569 }, "geometry": { "type": "MultiPolygon", "coordinates": [ [ [ [ 115.187473, -8.594102 ], [ 115.190074, -8.598635 ], [ 115.195318, -8.598659 ], [ 115.197962, -8.594151 ], [ 115.195361, -8.589619 ], [ 115.190117, -8.589594 ], [ 115.187473, -8.594102 ] ] ] ] } },
{ "type": "Feature", "properties": { "id": 327, "fid": 208, "left": 300528.82223027549, "top": 9046050.6931999996, "right": 301683.52276865469, "bottom": 9045050.6931999996, "schools": 0, "distance_to_school": 48.93, "population": 7237.0, "school_per_1000": 0.0, "access_index": 0.57, "access_status": "Moderate Access", "interpretation": "Area has moderate access with reasonable proximity", "norm_school": 0.0, "norm_dist": 0.98299143179592807, "norm_pop": 0.1341458021629891 }, "geometry": { "type": "MultiPolygon", "coordinates": [ [ [ [ 115.187301, -8.630265 ], [ 115.189902, -8.634798 ], [ 115.195147, -8.634822 ], [ 115.197791, -8.630314 ], [ 115.19519, -8.625782 ], [ 115.189945, -8.625757 ], [ 115.187301, -8.630265 ] ] ] ] } },
{ "type": "Feature", "properties": { "id": 328, "fid": 209, "left": 300528.82223027549, "top": 9045050.6931999996, "right": 301683.52276865469, "bottom": 9044050.6931999996, "schools": 4, "distance_to_school": 0.0, "population": 8458.0, "school_per_1000": 0.47, "access_index": 0.61, "access_status": "High Access", "interpretation": "Area has strong access to educational facilities", "norm_school": 0.1118987519699908, "norm_dist": 1.0, "norm_pop": 0.15679557613485542 }, "geometry": { "type": "MultiPolygon", "coordinates": [ [ [ [ 115.187258, -8.639306 ], [ 115.189859, -8.643838 ], [ 115.195104, -8.643863 ], [ 115.197748, -8.639355 ], [ 115.195147, -8.634822 ], [ 115.189902, -8.634798 ], [ 115.187258, -8.639306 ] ] ] ] } },
{ "type": "Feature", "properties": { "id": 329, "fid": 210, "left": 300528.82223027549, "top": 9044050.6931999996, "right": 301683.52276865469, "bottom": 9043050.6931999996, "schools": 2, "distance_to_school": 0.0, "population": 8657.0, "school_per_1000": 0.23, "access_index": 0.59, "access_status": "Moderate Access", "interpretation": "Area has moderate access with reasonable proximity", "norm_school": 0.054664502725599265, "norm_dist": 1.0, "norm_pop": 0.16048237514135713 }, "geometry": { "type": "MultiPolygon", "coordinates": [ [ [ [ 115.187214, -8.648346 ], [ 115.189815, -8.652879 ], [ 115.195061, -8.652904 ], [ 115.197705, -8.648396 ], [ 115.195104, -8.643863 ], [ 115.189859, -8.643838 ], [ 115.187214, -8.648346 ] ] ] ] } },
{ "type": "Feature", "properties": { "id": 330, "fid": 211, "left": 300528.82223027549, "top": 9043050.6931999996, "right": 301683.52276865469, "bottom": 9042050.6931999996, "schools": 0, "distance_to_school": 72.28, "population": 9538.0, "school_per_1000": 0.0, "access_index": 0.55, "access_status": "Moderate Access", "interpretation": "Area has moderate access with reasonable proximity", "norm_school": 0.0, "norm_dist": 0.97487636847807446, "norm_pop": 0.17682072454776315 }, "geometry": { "type": "MultiPolygon", "coordinates": [ [ [ [ 115.187171, -8.657387 ], [ 115.189772, -8.66192 ], [ 115.195017, -8.661945 ], [ 115.197662, -8.657437 ], [ 115.195061, -8.652904 ], [ 115.189815, -8.652879 ], [ 115.187171, -8.657387 ] ] ] ] } },
{ "type": "Feature", "properties": { "id": 331, "fid": 665, "left": 300528.82223027549, "top": 9042050.6931999996, "right": 301683.52276865469, "bottom": 9041050.6931999996, "schools": 2, "distance_to_school": 0.0, "population": 9538.0, "school_per_1000": 0.21, "access_index": 0.58, "access_status": "Moderate Access", "interpretation": "Area has moderate access with reasonable proximity", "norm_school": 0.04961512509203439, "norm_dist": 1.0, "norm_pop": 0.17682072454776315 }, "geometry": { "type": "MultiPolygon", "coordinates": [ [ [ [ 115.187128, -8.666428 ], [ 115.189729, -8.67096 ], [ 115.194974, -8.670985 ], [ 115.197619, -8.666477 ], [ 115.195017, -8.661945 ], [ 115.189772, -8.66192 ], [ 115.187128, -8.666428 ] ] ] ] } },
{ "type": "Feature", "properties": { "id": 332, "fid": 666, "left": 300528.82223027549, "top": 9041050.6931999996, "right": 301683.52276865469, "bottom": 9040050.6931999996, "schools": 1, "distance_to_school": 0.0, "population": 9538.0, "school_per_1000": 0.1, "access_index": 0.57, "access_status": "Moderate Access", "interpretation": "Area has moderate access with reasonable proximity", "norm_school": 0.024807562546017195, "norm_dist": 1.0, "norm_pop": 0.17682072454776315 }, "geometry": { "type": "MultiPolygon", "coordinates": [ [ [ [ 115.187084, -8.675468 ], [ 115.189686, -8.680001 ], [ 115.194931, -8.680026 ], [ 115.197576, -8.675518 ], [ 115.194974, -8.670985 ], [ 115.189729, -8.67096 ], [ 115.187084, -8.675468 ] ] ] ] } },
{ "type": "Feature", "properties": { "id": 333, "fid": 45, "left": 300528.82223027549, "top": 9040050.6931999996, "right": 301683.52276865469, "bottom": 9039050.6931999996, "schools": 2, "distance_to_school": 0.0, "population": 9538.0, "school_per_1000": 0.21, "access_index": 0.58, "access_status": "Moderate Access", "interpretation": "Area has moderate access with reasonable proximity", "norm_school": 0.04961512509203439, "norm_dist": 1.0, "norm_pop": 0.17682072454776315 }, "geometry": { "type": "MultiPolygon", "coordinates": [ [ [ [ 115.187041, -8.684509 ], [ 115.189642, -8.689042 ], [ 115.194888, -8.689067 ], [ 115.197532, -8.684559 ], [ 115.194931, -8.680026 ], [ 115.189686, -8.680001 ], [ 115.187041, -8.684509 ] ] ] ] } },
{ "type": "Feature", "properties": { "id": 334, "fid": 46, "left": 300528.82223027549, "top": 9039050.6931999996, "right": 301683.52276865469, "bottom": 9038050.6931999996, "schools": 0, "distance_to_school": 166.89, "population": 5460.0, "school_per_1000": 0.0, "access_index": 0.56, "access_status": "Moderate Access", "interpretation": "Area has moderate access with reasonable proximity", "norm_school": 0.0, "norm_dist": 0.94198834966528999, "norm_pop": 0.10118391496073564 }, "geometry": { "type": "MultiPolygon", "coordinates": [ [ [ [ 115.186998, -8.69355 ], [ 115.189599, -8.698083 ], [ 115.194845, -8.698108 ], [ 115.197489, -8.6936 ], [ 115.194888, -8.689067 ], [ 115.189642, -8.689042 ], [ 115.186998, -8.69355 ] ] ] ] } },
{ "type": "Feature", "properties": { "id": 335, "fid": 47, "left": 300528.82223027549, "top": 9038050.6931999996, "right": 301683.52276865469, "bottom": 9037050.6931999996, "schools": 0, "distance_to_school": 227.65, "population": 3667.0, "school_per_1000": 0.0, "access_index": 0.55, "access_status": "Moderate Access", "interpretation": "Area has moderate access with reasonable proximity", "norm_school": 0.0, "norm_dist": 0.92087016129990162, "norm_pop": 0.067948269510137882 }, "geometry": { "type": "MultiPolygon", "coordinates": [ [ [ [ 115.186954, -8.70259 ], [ 115.189555, -8.707123 ], [ 115.194801, -8.707148 ], [ 115.197446, -8.70264 ], [ 115.194845, -8.698108 ], [ 115.189599, -8.698083 ], [ 115.186954, -8.70259 ] ] ] ] } },
{ "type": "Feature", "properties": { "id": 336, "fid": 48, "left": 300528.82223027549, "top": 9037050.6931999996, "right": 301683.52276865469, "bottom": 9036050.6931999996, "schools": 0, "distance_to_school": 427.75, "population": 3222.0, "school_per_1000": 0.0, "access_index": 0.53, "access_status": "Low Access", "interpretation": "Access is limited due to fewer schools or distance", "norm_school": 0.0, "norm_dist": 0.85131265466434003, "norm_pop": 0.059695250905656846 }, "geometry": { "type": "MultiPolygon", "coordinates": [ [ [ [ 115.186911, -8.711631 ], [ 115.189512, -8.716164 ], [ 115.194758, -8.716189 ], [ 115.197403, -8.711681 ], [ 115.194801, -8.707148 ], [ 115.189555, -8.707123 ], [ 115.186911, -8.711631 ] ] ] ] } },
{ "type": "Feature", "properties": { "id": 337, "fid": 49, "left": 300528.82223027549, "top": 9036050.6931999996, "right": 301683.52276865469, "bottom": 9035050.6931999996, "schools": 0, "distance_to_school": 112.22, "population": 3222.0, "school_per_1000": 0.0, "access_index": 0.57, "access_status": "Moderate Access", "interpretation": "Area has moderate access with reasonable proximity", "norm_school": 0.0, "norm_dist": 0.96099161872122574, "norm_pop": 0.059684742832433947 }, "geometry": { "type": "MultiPolygon", "coordinates": [ [ [ [ 115.186867, -8.720672 ], [ 115.189468, -8.725205 ], [ 115.194715, -8.72523 ], [ 115.197359, -8.720722 ], [ 115.194758, -8.716189 ], [ 115.189512, -8.716164 ], [ 115.186867, -8.720672 ] ] ] ] } },
{ "type": "Feature", "properties": { "id": 338, "fid": 50, "left": 300528.82223027549, "top": 9035050.6931999996, "right": 301683.52276865469, "bottom": 9034050.6931999996, "schools": 0, "distance_to_school": 761.75, "population": 3133.0, "school_per_1000": 0.0, "access_index": 0.48, "access_status": "Very Low Access", "interpretation": "Area lacks adequate access to educational facilities", "norm_school": 0.0, "norm_dist": 0.73521734626120616, "norm_pop": 0.058048431626235776 }, "geometry": { "type": "MultiPolygon", "coordinates": [ [ [ [ 115.186823, -8.729712 ], [ 115.189425, -8.734245 ], [ 115.194671, -8.73427 ], [ 115.197316, -8.729762 ], [ 115.194715, -8.72523 ], [ 115.189468, -8.725205 ], [ 115.186823, -8.729712 ] ] ] ] } },
{ "type": "Feature", "properties": { "id": 339, "fid": 51, "left": 300528.82223027549, "top": 9034050.6931999996, "right": 301683.52276865469, "bottom": 9033050.6931999996, "schools": 0, "distance_to_school": 1587.92, "population": 1191.0, "school_per_1000": 0.0, "access_index": 0.37, "access_status": "Very Low Access", "interpretation": "Area lacks adequate access to educational facilities", "norm_school": 0.0, "norm_dist": 0.44803843912967201, "norm_pop": 0.022026043416936612 }, "geometry": { "type": "MultiPolygon", "coordinates": [ [ [ [ 115.196284, -8.737113 ], [ 115.196287, -8.737086 ], [ 115.194671, -8.73427 ], [ 115.189425, -8.734245 ], [ 115.18678, -8.738753 ], [ 115.188026, -8.740924 ], [ 115.188203, -8.740938 ], [ 115.188372, -8.740906 ], [ 115.188476, -8.740886 ], [ 115.188601, -8.740812 ], [ 115.188724, -8.74074 ], [ 115.188745, -8.740706 ], [ 115.188821, -8.740586 ], [ 115.188873, -8.740349 ], [ 115.188945, -8.740065 ], [ 115.189134, -8.739912 ], [ 115.189345, -8.739741 ], [ 115.189368, -8.739661 ], [ 115.189385, -8.739599 ], [ 115.189349, -8.739515 ], [ 115.189256, -8.739467 ], [ 115.188983, -8.739404 ], [ 115.188892, -8.739356 ], [ 115.188755, -8.739338 ], [ 115.188754, -8.739338 ], [ 115.188839, -8.739045 ], [ 115.188844, -8.739029 ], [ 115.188848, -8.739014 ], [ 115.188921, -8.73876 ], [ 115.188963, -8.738755 ], [ 115.188963, -8.738755 ], [ 115.188963, -8.738755 ], [ 115.188985, -8.738752 ], [ 115.189056, -8.738759 ], [ 115.189417, -8.738796 ], [ 115.189418, -8.738796 ], [ 115.18969, -8.738783 ], [ 115.189738, -8.738708 ], [ 115.189757, -8.738678 ], [ 115.18988, -8.738408 ], [ 115.189907, -8.73835 ], [ 115.19002, -8.738177 ], [ 115.19005, -8.73813 ], [ 115.190271, -8.737897 ], [ 115.190596, -8.737671 ], [ 115.190624, -8.737651 ], [ 115.190653, -8.737631 ], [ 115.191222, -8.737336 ], [ 115.191235, -8.737329 ], [ 115.191594, -8.737149 ], [ 115.192083, -8.736796 ], [ 115.192108, -8.736779 ], [ 115.192235, -8.73669 ], [ 115.192306, -8.736634 ], [ 115.192716, -8.736242 ], [ 115.192701, -8.736085 ], [ 115.192714, -8.735988 ], [ 115.192719, -8.73595 ], [ 115.19283, -8.735816 ], [ 115.192846, -8.735812 ], [ 115.192906, -8.735796 ], [ 115.192929, -8.73579 ], [ 115.193031, -8.735859 ], [ 115.19307, -8.735885 ], [ 115.19324, -8.736089 ], [ 115.193422, -8.736302 ], [ 115.193471, -8.736315 ], [ 115.193496, -8.736321 ], [ 115.193528, -8.736329 ], [ 115.193681, -8.736295 ], [ 115.19376, -8.736312 ], [ 115.193775, -8.736459 ], [ 115.193761, -8.736488 ], [ 115.193737, -8.736535 ], [ 115.193707, -8.736595 ], [ 115.193715, -8.73673 ], [ 115.193817, -8.736871 ], [ 115.193931, -8.736898 ], [ 115.194041, -8.736877 ], [ 115.194167, -8.736854 ], [ 115.194467, -8.736816 ], [ 115.194472, -8.736819 ], [ 115.19457, -8.736877 ], [ 115.194681, -8.736943 ], [ 115.194833, -8.737128 ], [ 115.1951, -8.737454 ], [ 115.195164, -8.737696 ], [ 115.195334, -8.737916 ], [ 115.19547, -8.738001 ], [ 115.195686, -8.738041 ], [ 115.195798, -8.737976 ], [ 115.195841, -8.737951 ], [ 115.196049, -8.737724 ], [ 115.196049, -8.737724 ], [ 115.196109, -8.737608 ], [ 115.196159, -8.737511 ], [ 115.196284, -8.737113 ] ] ] ] } },
{ "type": "Feature", "properties": { "id": 366, "fid": 226, "left": 301394.84763405996, "top": 9045550.6931999996, "right": 302549.54817243916, "bottom": 9044550.6931999996, "schools": 5, "distance_to_school": 0.0, "population": 6335.0, "school_per_1000": 0.79, "access_index": 0.65, "access_status": "High Access", "interpretation": "Area has strong access to educational facilities", "norm_school": 0.18676614600572469, "norm_dist": 1.0, "norm_pop": 0.11741321855586802 }, "geometry": { "type": "MultiPolygon", "coordinates": [ [ [ [ 115.195147, -8.634822 ], [ 115.197748, -8.639355 ], [ 115.202993, -8.63938 ], [ 115.205637, -8.634872 ], [ 115.203035, -8.630339 ], [ 115.197791, -8.630314 ], [ 115.195147, -8.634822 ] ] ] ] } },
{ "type": "Feature", "properties": { "id": 367, "fid": 227, "left": 301394.84763405996, "top": 9044550.6931999996, "right": 302549.54817243916, "bottom": 9043550.6931999996, "schools": 0, "distance_to_school": 151.8, "population": 6335.0, "school_per_1000": 0.0, "access_index": 0.56, "access_status": "Moderate Access", "interpretation": "Area has moderate access with reasonable proximity", "norm_school": 0.0, "norm_dist": 0.94723378302935435, "norm_pop": 0.11741321855586802 }, "geometry": { "type": "MultiPolygon", "coordinates": [ [ [ [ 115.195104, -8.643863 ], [ 115.197705, -8.648396 ], [ 115.20295, -8.648421 ], [ 115.205594, -8.643912 ], [ 115.202993, -8.63938 ], [ 115.197748, -8.639355 ], [ 115.195104, -8.643863 ] ] ] ] } },
{ "type": "Feature", "properties": { "id": 368, "fid": 228, "left": 301394.84763405996, "top": 9043550.6931999996, "right": 302549.54817243916, "bottom": 9042550.6931999996, "schools": 4, "distance_to_school": 0.0, "population": 8175.0, "school_per_1000": 0.49, "access_index": 0.62, "access_status": "High Access", "interpretation": "Area has strong access to educational facilities", "norm_school": 0.1157782948134182, "norm_dist": 1.0, "norm_pop": 0.15153966545450182 }, "geometry": { "type": "MultiPolygon", "coordinates": [ [ [ [ 115.195061, -8.652904 ], [ 115.197662, -8.657437 ], [ 115.202907, -8.657461 ], [ 115.205551, -8.652953 ], [ 115.20295, -8.648421 ], [ 115.197705, -8.648396 ], [ 115.195061, -8.652904 ] ] ] ] } },
{ "type": "Feature", "properties": { "id": 369, "fid": 667, "left": 301394.84763405996, "top": 9042550.6931999996, "right": 302549.54817243916, "bottom": 9041550.6931999996, "schools": 7, "distance_to_school": 0.0, "population": 9538.0, "school_per_1000": 0.73, "access_index": 0.63, "access_status": "High Access", "interpretation": "Area has strong access to educational facilities", "norm_school": 0.17365293782212035, "norm_dist": 1.0, "norm_pop": 0.17682072454776315 }, "geometry": { "type": "MultiPolygon", "coordinates": [ [ [ [ 115.195017, -8.661945 ], [ 115.197619, -8.666477 ], [ 115.202864, -8.666502 ], [ 115.205508, -8.661994 ], [ 115.202907, -8.657461 ], [ 115.197662, -8.657437 ], [ 115.195017, -8.661945 ] ] ] ] } },
{ "type": "Feature", "properties": { "id": 364, "fid": 224, "left": 301394.84763405996, "top": 9047550.6931999996, "right": 302549.54817243916, "bottom": 9046550.6931999996, "schools": 1, "distance_to_school": 0.0, "population": 6335.0, "school_per_1000": 0.16, "access_index": 0.59, "access_status": "Moderate Access", "interpretation": "Area has moderate access with reasonable proximity", "norm_school": 0.037353229201144943, "norm_dist": 1.0, "norm_pop": 0.11741321855586802 }, "geometry": { "type": "MultiPolygon", "coordinates": [ [ [ [ 115.195232, -8.616741 ], [ 115.197833, -8.621274 ], [ 115.203078, -8.621298 ], [ 115.205722, -8.61679 ], [ 115.203121, -8.612257 ], [ 115.197876, -8.612233 ], [ 115.195232, -8.616741 ] ] ] ] } },
{ "type": "Feature", "properties": { "id": 365, "fid": 225, "left": 301394.84763405996, "top": 9046550.6931999996, "right": 302549.54817243916, "bottom": 9045550.6931999996, "schools": 2, "distance_to_school": 0.0, "population": 6335.0, "school_per_1000": 0.32, "access_index": 0.61, "access_status": "Moderate Access", "interpretation": "Area has moderate access with reasonable proximity", "norm_school": 0.074706458402289885, "norm_dist": 1.0, "norm_pop": 0.11741321855586802 }, "geometry": { "type": "MultiPolygon", "coordinates": [ [ [ [ 115.19519, -8.625782 ], [ 115.197791, -8.630314 ], [ 115.203035, -8.630339 ], [ 115.205679, -8.625831 ], [ 115.203078, -8.621298 ], [ 115.197833, -8.621274 ], [ 115.19519, -8.625782 ] ] ] ] } },
{ "type": "Feature", "properties": { "id": 363, "fid": 223, "left": 301394.84763405996, "top": 9048550.6931999996, "right": 302549.54817243916, "bottom": 9047550.6931999996, "schools": 0, "distance_to_school": 422.45, "population": 5703.0, "school_per_1000": 0.0, "access_index": 0.52, "access_status": "Low Access", "interpretation": "Access is limited due to fewer schools or distance", "norm_school": 0.0, "norm_dist": 0.85315680781431891, "norm_pop": 0.1056955206370406 }, "geometry": { "type": "MultiPolygon", "coordinates": [ [ [ [ 115.195275, -8.6077 ], [ 115.197876, -8.612233 ], [ 115.203121, -8.612257 ], [ 115.205765, -8.607749 ], [ 115.203164, -8.603217 ], [ 115.197919, -8.603192 ], [ 115.195275, -8.6077 ] ] ] ] } },
{ "type": "Feature", "properties": { "id": 370, "fid": 668, "left": 301394.84763405996, "top": 9041550.6931999996, "right": 302549.54817243916, "bottom": 9040550.6931999996, "schools": 0, "distance_to_school": 30.01, "population": 9538.0, "school_per_1000": 0.0, "access_index": 0.56, "access_status": "Moderate Access", "interpretation": "Area has moderate access with reasonable proximity", "norm_school": 0.0, "norm_dist": 0.98956869926607671, "norm_pop": 0.17682072454776315 }, "geometry": { "type": "MultiPolygon", "coordinates": [ [ [ [ 115.194974, -8.670985 ], [ 115.197576, -8.675518 ], [ 115.202821, -8.675543 ], [ 115.205465, -8.671035 ], [ 115.202864, -8.666502 ], [ 115.197619, -8.666477 ], [ 115.194974, -8.670985 ] ] ] ] } },
{ "type": "Feature", "properties": { "id": 342, "fid": 52, "left": 300528.82223027549, "top": 9031050.6931999996, "right": 301683.52276865469, "bottom": 9030050.6931999996, "schools": 0, "distance_to_school": 1292.38, "population": 486.0, "school_per_1000": 0.0, "access_index": 0.42, "access_status": "Very Low Access", "interpretation": "Area lacks adequate access to educational facilities", "norm_school": 0.0, "norm_dist": 0.55076847434428544, "norm_pop": 0.0089489749206696934 }, "geometry": { "type": "MultiPolygon", "coordinates": [ [ [ [ 115.187005, -8.765431 ], [ 115.186943, -8.765374 ], [ 115.186648, -8.765875 ], [ 115.18925, -8.770408 ], [ 115.192282, -8.770423 ], [ 115.192218, -8.769968 ], [ 115.192196, -8.769673 ], [ 115.192097, -8.769376 ], [ 115.191987, -8.769106 ], [ 115.191918, -8.768936 ], [ 115.191825, -8.768528 ], [ 115.191689, -8.767929 ], [ 115.191589, -8.767578 ], [ 115.191443, -8.767276 ], [ 115.191215, -8.766997 ], [ 115.191026, -8.766853 ], [ 115.190838, -8.766781 ], [ 115.190526, -8.766815 ], [ 115.190502, -8.766818 ], [ 115.190433, -8.766829 ], [ 115.190433, -8.766829 ], [ 115.190369, -8.76682 ], [ 115.190343, -8.766809 ], [ 115.190328, -8.766803 ], [ 115.190322, -8.7668 ], [ 115.190319, -8.766797 ], [ 115.19024, -8.766721 ], [ 115.190189, -8.766646 ], [ 115.190161, -8.766605 ], [ 115.190166, -8.76614 ], [ 115.190146, -8.765953 ], [ 115.190035, -8.765724 ], [ 115.189922, -8.765596 ], [ 115.189814, -8.765556 ], [ 115.189782, -8.765544 ], [ 115.189645, -8.76555 ], [ 115.189216, -8.765962 ], [ 115.189061, -8.766113 ], [ 115.189023, -8.76615 ], [ 115.188846, -8.766239 ], [ 115.18867, -8.766254 ], [ 115.18788, -8.765872 ], [ 115.187247, -8.765563 ], [ 115.187005, -8.765431 ] ] ], [ [ [ 115.18772, -8.764961 ], [ 115.18771, -8.76513 ], [ 115.187764, -8.765275 ], [ 115.187961, -8.76548 ], [ 115.188163, -8.76559 ], [ 115.188502, -8.765646 ], [ 115.188699, -8.765627 ], [ 115.188821, -8.765565 ], [ 115.188916, -8.765444 ], [ 115.188973, -8.765235 ], [ 115.188966, -8.764968 ], [ 115.18886, -8.764444 ], [ 115.188757, -8.764199 ], [ 115.188622, -8.764036 ], [ 115.188504, -8.763972 ], [ 115.188296, -8.763958 ], [ 115.188171, -8.763993 ], [ 115.188044, -8.764123 ], [ 115.187881, -8.764558 ], [ 115.187837, -8.76466 ], [ 115.187796, -8.764686 ], [ 115.18772, -8.764961 ] ] ] ] } },
{ "type": "Feature", "properties": { "id": 343, "fid": 53, "left": 300528.82223027549, "top": 9030050.6931999996, "right": 301683.52276865469, "bottom": 9029050.6931999996, "schools": 0, "distance_to_school": 723.39, "population": 951.0, "school_per_1000": 0.0, "access_index": 0.5, "access_status": "Low Access", "interpretation": "Access is limited due to fewer schools or distance", "norm_school": 0.0, "norm_dist": 0.74854949056462683, "norm_pop": 0.017573788600208383 }, "geometry": { "type": "MultiPolygon", "coordinates": [ [ [ [ 115.192294, -8.770505 ], [ 115.192282, -8.770423 ], [ 115.18925, -8.770408 ], [ 115.186604, -8.774916 ], [ 115.189206, -8.779449 ], [ 115.194453, -8.779474 ], [ 115.195333, -8.777974 ], [ 115.194857, -8.777559 ], [ 115.194792, -8.777495 ], [ 115.194479, -8.777121 ], [ 115.194303, -8.77691 ], [ 115.194212, -8.776791 ], [ 115.193893, -8.776373 ], [ 115.193775, -8.776169 ], [ 115.193695, -8.775875 ], [ 115.193704, -8.775117 ], [ 115.193708, -8.774452 ], [ 115.193802, -8.774069 ], [ 115.193926, -8.773561 ], [ 115.193989, -8.773284 ], [ 115.194038, -8.77307 ], [ 115.194078, -8.772745 ], [ 115.194028, -8.772438 ], [ 115.193838, -8.772 ], [ 115.193666, -8.771739 ], [ 115.193384, -8.771456 ], [ 115.193057, -8.771247 ], [ 115.192673, -8.771058 ], [ 115.192527, -8.770948 ], [ 115.192294, -8.770505 ] ] ] ] } },
{ "type": "Feature", "properties": { "id": 344, "fid": 370, "left": 300528.82223027549, "top": 9029050.6931999996, "right": 301683.52276865469, "bottom": 9028050.6931999996, "schools": 0, "distance_to_school": 117.73, "population": 1231.0, "school_per_1000": 0.0, "access_index": 0.58, "access_status": "Moderate Access", "interpretation": "Area has moderate access with reasonable proximity", "norm_school": 0.0, "norm_dist": 0.95907748350522792, "norm_pop": 0.022772752445845205 }, "geometry": { "type": "MultiPolygon", "coordinates": [ [ [ [ 115.186561, -8.783956 ], [ 115.189162, -8.788489 ], [ 115.194409, -8.788514 ], [ 115.197055, -8.784007 ], [ 115.194453, -8.779474 ], [ 115.189206, -8.779449 ], [ 115.186561, -8.783956 ] ] ] ] } },
{ "type": "Feature", "properties": { "id": 345, "fid": 371, "left": 300528.82223027549, "top": 9028050.6931999996, "right": 301683.52276865469, "bottom": 9027050.6931999996, "schools": 0, "distance_to_school": 418.94, "population": 1231.0, "school_per_1000": 0.0, "access_index": 0.54, "access_status": "Low Access", "interpretation": "Access is limited due to fewer schools or distance", "norm_school": 0.0, "norm_dist": 0.85437617113510789, "norm_pop": 0.022772752445845205 }, "geometry": { "type": "MultiPolygon", "coordinates": [ [ [ [ 115.186517, -8.792997 ], [ 115.189118, -8.79753 ], [ 115.194365, -8.797555 ], [ 115.197011, -8.793047 ], [ 115.194409, -8.788514 ], [ 115.189162, -8.788489 ], [ 115.186517, -8.792997 ] ] ] ] } },
{ "type": "Feature", "properties": { "id": 346, "fid": 372, "left": 300528.82223027549, "top": 9027050.6931999996, "right": 301683.52276865469, "bottom": 9026050.6931999996, "schools": 0, "distance_to_school": 678.0, "population": 1231.0, "school_per_1000": 0.0, "access_index": 0.5, "access_status": "Low Access", "interpretation": "Access is limited due to fewer schools or distance", "norm_school": 0.0, "norm_dist": 0.76432595790413749, "norm_pop": 0.022772752445845205 }, "geometry": { "type": "MultiPolygon", "coordinates": [ [ [ [ 115.186473, -8.802038 ], [ 115.189074, -8.806571 ], [ 115.194322, -8.806596 ], [ 115.196967, -8.802088 ], [ 115.194365, -8.797555 ], [ 115.189118, -8.79753 ], [ 115.186473, -8.802038 ] ] ] ] } },
{ "type": "Feature", "properties": { "id": 347, "fid": 373, "left": 300528.82223027549, "top": 9026050.6931999996, "right": 301683.52276865469, "bottom": 9025050.6931999996, "schools": 1, "distance_to_school": 0.0, "population": 1231.0, "school_per_1000": 0.81, "access_index": 0.67, "access_status": "High Access", "interpretation": "Area has strong access to educational facilities", "norm_school": 0.19219344959429771, "norm_dist": 1.0, "norm_pop": 0.022772752445845205 }, "geometry": { "type": "MultiPolygon", "coordinates": [ [ [ [ 115.186429, -8.811078 ], [ 115.18903, -8.815611 ], [ 115.194278, -8.815636 ], [ 115.196923, -8.811129 ], [ 115.194322, -8.806596 ], [ 115.189074, -8.806571 ], [ 115.186429, -8.811078 ] ] ] ] } },
{ "type": "Feature", "properties": { "id": 348, "fid": 374, "left": 300528.82223027549, "top": 9025050.6931999996, "right": 301683.52276865469, "bottom": 9024050.6931999996, "schools": 0, "distance_to_school": 322.0, "population": 1231.0, "school_per_1000": 0.0, "access_index": 0.55, "access_status": "Moderate Access", "interpretation": "Area has moderate access with reasonable proximity", "norm_school": 0.0, "norm_dist": 0.88807394403096229, "norm_pop": 0.022772752445845205 }, "geometry": { "type": "MultiPolygon", "coordinates": [ [ [ [ 115.186384, -8.820119 ], [ 115.188986, -8.824652 ], [ 115.194234, -8.824677 ], [ 115.19688, -8.820169 ], [ 115.194278, -8.815636 ], [ 115.18903, -8.815611 ], [ 115.186384, -8.820119 ] ] ] ] } },
{ "type": "Feature", "properties": { "id": 349, "fid": 375, "left": 300528.82223027549, "top": 9024050.6931999996, "right": 301683.52276865469, "bottom": 9023050.6931999996, "schools": 0, "distance_to_school": 1082.36, "population": 1231.0, "school_per_1000": 0.0, "access_index": 0.44, "access_status": "Very Low Access", "interpretation": "Area lacks adequate access to educational facilities", "norm_school": 0.0, "norm_dist": 0.62377211975712432, "norm_pop": 0.022772752445845205 }, "geometry": { "type": "MultiPolygon", "coordinates": [ [ [ [ 115.18634, -8.829159 ], [ 115.188942, -8.833692 ], [ 115.19419, -8.833718 ], [ 115.196836, -8.82921 ], [ 115.194234, -8.824677 ], [ 115.188986, -8.824652 ], [ 115.18634, -8.829159 ] ] ] ] } },
{ "type": "Feature", "properties": { "id": 350, "fid": 376, "left": 300528.82223027549, "top": 9023050.6931999996, "right": 301683.52276865469, "bottom": 9022050.6931999996, "schools": 0, "distance_to_school": 1526.73, "population": 1224.0, "school_per_1000": 0.0, "access_index": 0.38, "access_status": "Very Low Access", "interpretation": "Area lacks adequate access to educational facilities", "norm_school": 0.0, "norm_dist": 0.46930933828547633, "norm_pop": 0.022645408732706464 }, "geometry": { "type": "MultiPolygon", "coordinates": [ [ [ [ 115.194053, -8.842329 ], [ 115.194454, -8.842233 ], [ 115.196792, -8.838251 ], [ 115.19419, -8.833718 ], [ 115.188942, -8.833692 ], [ 115.186296, -8.8382 ], [ 115.188898, -8.842733 ], [ 115.19269, -8.842751 ], [ 115.192806, -8.842724 ], [ 115.194053, -8.842329 ] ] ] ] } },
{ "type": "Feature", "properties": { "id": 351, "fid": 377, "left": 300528.82223027549, "top": 9022050.6931999996, "right": 301683.52276865469, "bottom": 9021050.6931999996, "schools": 0, "distance_to_school": 2183.4, "population": 72.0, "school_per_1000": 0.0, "access_index": 0.3, "access_status": "Very Low Access", "interpretation": "Area lacks adequate access to educational facilities", "norm_school": 0.0, "norm_dist": 0.24104976226237101, "norm_pop": 0.0012686633782079992 }, "geometry": { "type": "MultiPolygon", "coordinates": [ [ [ [ 115.191349, -8.843068 ], [ 115.19269, -8.842751 ], [ 115.188898, -8.842733 ], [ 115.187211, -8.845606 ], [ 115.187509, -8.84557 ], [ 115.187694, -8.845511 ], [ 115.187914, -8.84541 ], [ 115.188051, -8.845225 ], [ 115.188187, -8.844975 ], [ 115.188227, -8.84484 ], [ 115.188386, -8.844761 ], [ 115.189182, -8.844315 ], [ 115.189884, -8.843783 ], [ 115.190371, -8.843465 ], [ 115.190854, -8.843231 ], [ 115.191237, -8.843097 ], [ 115.191349, -8.843068 ] ] ] ] } },
{ "type": "Feature", "properties": { "id": 354, "fid": 214, "left": 301394.84763405996, "top": 9057550.6931999996, "right": 302549.54817243916, "bottom": 9056550.6931999996, "schools": 0, "distance_to_school": 206.78, "population": 1828.0, "school_per_1000": 0.0, "access_index": 0.56, "access_status": "Moderate Access", "interpretation": "Area has moderate access with reasonable proximity", "norm_school": 0.0, "norm_dist": 0.92812242637650755, "norm_pop": 0.033847811553477575 }, "geometry": { "type": "MultiPolygon", "coordinates": [ [ [ [ 115.195659, -8.526333 ], [ 115.19826, -8.530866 ], [ 115.203503, -8.53089 ], [ 115.206146, -8.526382 ], [ 115.203545, -8.521849 ], [ 115.198302, -8.521825 ], [ 115.195659, -8.526333 ] ] ] ] } },
{ "type": "Feature", "properties": { "id": 355, "fid": 215, "left": 301394.84763405996, "top": 9056550.6931999996, "right": 302549.54817243916, "bottom": 9055550.6931999996, "schools": 0, "distance_to_school": 706.64, "population": 1853.0, "school_per_1000": 0.0, "access_index": 0.49, "access_status": "Low Access", "interpretation": "Access is limited due to fewer schools or distance", "norm_school": 0.0, "norm_dist": 0.75437159324037339, "norm_pop": 0.034312593026084193 }, "geometry": { "type": "MultiPolygon", "coordinates": [ [ [ [ 115.195617, -8.535374 ], [ 115.198217, -8.539906 ], [ 115.203461, -8.539931 ], [ 115.206104, -8.535423 ], [ 115.203503, -8.53089 ], [ 115.19826, -8.530866 ], [ 115.195617, -8.535374 ] ] ] ] } },
{ "type": "Feature", "properties": { "id": 356, "fid": 216, "left": 301394.84763405996, "top": 9055550.6931999996, "right": 302549.54817243916, "bottom": 9054550.6931999996, "schools": 1, "distance_to_school": 0.0, "population": 1874.0, "school_per_1000": 0.53, "access_index": 0.64, "access_status": "High Access", "interpretation": "Area has strong access to educational facilities", "norm_school": 0.12626863616234121, "norm_dist": 1.0, "norm_pop": 0.034692708717908569 }, "geometry": { "type": "MultiPolygon", "coordinates": [ [ [ [ 115.195574, -8.544415 ], [ 115.198175, -8.548947 ], [ 115.203419, -8.548972 ], [ 115.206062, -8.544463 ], [ 115.203461, -8.539931 ], [ 115.198217, -8.539906 ], [ 115.195574, -8.544415 ] ] ] ] } },
{ "type": "Feature", "properties": { "id": 357, "fid": 217, "left": 301394.84763405996, "top": 9054550.6931999996, "right": 302549.54817243916, "bottom": 9053550.6931999996, "schools": 0, "distance_to_school": 302.22, "population": 1874.0, "school_per_1000": 0.0, "access_index": 0.55, "access_status": "Moderate Access", "interpretation": "Area has moderate access with reasonable proximity", "norm_school": 0.0, "norm_dist": 0.89494821140170011, "norm_pop": 0.034692708717908569 }, "geometry": { "type": "MultiPolygon", "coordinates": [ [ [ [ 115.195532, -8.553455 ], [ 115.198132, -8.557988 ], [ 115.203376, -8.558012 ], [ 115.206019, -8.553504 ], [ 115.203419, -8.548972 ], [ 115.198175, -8.548947 ], [ 115.195532, -8.553455 ] ] ] ] } },
{ "type": "Feature", "properties": { "id": 358, "fid": 218, "left": 301394.84763405996, "top": 9053550.6931999996, "right": 302549.54817243916, "bottom": 9052550.6931999996, "schools": 0, "distance_to_school": 946.27, "population": 1849.0, "school_per_1000": 0.0, "access_index": 0.46, "access_status": "Very Low Access", "interpretation": "Area lacks adequate access to educational facilities", "norm_school": 0.0, "norm_dist": 0.67107660071474717, "norm_pop": 0.034231207623982976 }, "geometry": { "type": "MultiPolygon", "coordinates": [ [ [ [ 115.195489, -8.562496 ], [ 115.19809, -8.567029 ], [ 115.203334, -8.567053 ], [ 115.205977, -8.562545 ], [ 115.203376, -8.558012 ], [ 115.198132, -8.557988 ], [ 115.195489, -8.562496 ] ] ] ] } },
{ "type": "Feature", "properties": { "id": 359, "fid": 219, "left": 301394.84763405996, "top": 9052550.6931999996, "right": 302549.54817243916, "bottom": 9051550.6931999996, "schools": 0, "distance_to_school": 1022.34, "population": 1830.0, "school_per_1000": 0.0, "access_index": 0.45, "access_status": "Very Low Access", "interpretation": "Area lacks adequate access to educational facilities", "norm_school": 0.0, "norm_dist": 0.64463474483847905, "norm_pop": 0.03388190435007811 }, "geometry": { "type": "MultiPolygon", "coordinates": [ [ [ [ 115.195446, -8.571537 ], [ 115.198047, -8.57607 ], [ 115.203291, -8.576094 ], [ 115.205935, -8.571586 ], [ 115.203334, -8.567053 ], [ 115.19809, -8.567029 ], [ 115.195446, -8.571537 ] ] ] ] } },
{ "type": "Feature", "properties": { "id": 360, "fid": 220, "left": 301394.84763405996, "top": 9051550.6931999996, "right": 302549.54817243916, "bottom": 9050550.6931999996, "schools": 0, "distance_to_school": 447.74, "population": 1827.0, "school_per_1000": 0.0, "access_index": 0.53, "access_status": "Low Access", "interpretation": "Access is limited due to fewer schools or distance", "norm_school": 0.0, "norm_dist": 0.84436702062846236, "norm_pop": 0.033820002391922378 }, "geometry": { "type": "MultiPolygon", "coordinates": [ [ [ [ 115.195404, -8.580578 ], [ 115.198004, -8.58511 ], [ 115.203249, -8.585135 ], [ 115.205892, -8.580627 ], [ 115.203291, -8.576094 ], [ 115.198047, -8.57607 ], [ 115.195404, -8.580578 ] ] ] ] } },
{ "type": "Feature", "properties": { "id": 361, "fid": 221, "left": 301394.84763405996, "top": 9050550.6931999996, "right": 302549.54817243916, "bottom": 9049550.6931999996, "schools": 1, "distance_to_school": 0.0, "population": 1856.0, "school_per_1000": 0.54, "access_index": 0.64, "access_status": "High Access", "interpretation": "Area has strong access to educational facilities", "norm_school": 0.12751318022866823, "norm_dist": 1.0, "norm_pop": 0.034353537074442171 }, "geometry": { "type": "MultiPolygon", "coordinates": [ [ [ [ 115.195361, -8.589619 ], [ 115.197962, -8.594151 ], [ 115.203206, -8.594176 ], [ 115.20585, -8.589668 ], [ 115.203249, -8.585135 ], [ 115.198004, -8.58511 ], [ 115.195361, -8.589619 ] ] ] ] } },
{ "type": "Feature", "properties": { "id": 362, "fid": 222, "left": 301394.84763405996, "top": 9049550.6931999996, "right": 302549.54817243916, "bottom": 9048550.6931999996, "schools": 0, "distance_to_school": 552.26, "population": 2074.0, "school_per_1000": 0.0, "access_index": 0.52, "access_status": "Low Access", "interpretation": "Access is limited due to fewer schools or distance", "norm_school": 0.0, "norm_dist": 0.80803288130663742, "norm_pop": 0.038411767803247732 }, "geometry": { "type": "MultiPolygon", "coordinates": [ [ [ [ 115.195318, -8.598659 ], [ 115.197919, -8.603192 ], [ 115.203164, -8.603217 ], [ 115.205807, -8.598708 ], [ 115.203206, -8.594176 ], [ 115.197962, -8.594151 ], [ 115.195318, -8.598659 ] ] ] ] } },
{ "type": "Feature", "properties": { "id": 371, "fid": 669, "left": 301394.84763405996, "top": 9040550.6931999996, "right": 302549.54817243916, "bottom": 9039550.6931999996, "schools": 0, "distance_to_school": 8.76, "population": 9239.0, "school_per_1000": 0.0, "access_index": 0.56, "access_status": "Moderate Access", "interpretation": "Area has moderate access with reasonable proximity", "norm_school": 0.0, "norm_dist": 0.99695428752207715, "norm_pop": 0.17126810977819085 }, "geometry": { "type": "MultiPolygon", "coordinates": [ [ [ [ 115.194931, -8.680026 ], [ 115.197532, -8.684559 ], [ 115.202778, -8.684584 ], [ 115.205422, -8.680076 ], [ 115.202821, -8.675543 ], [ 115.197576, -8.675518 ], [ 115.194931, -8.680026 ] ] ] ] } },
{ "type": "Feature", "properties": { "id": 372, "fid": 670, "left": 301394.84763405996, "top": 9039550.6931999996, "right": 302549.54817243916, "bottom": 9038550.6931999996, "schools": 2, "distance_to_school": 0.0, "population": 5004.0, "school_per_1000": 0.4, "access_index": 0.62, "access_status": "High Access", "interpretation": "Area has strong access to educational facilities", "norm_school": 0.094577075253549775, "norm_dist": 1.0, "norm_pop": 0.092732537412733032 }, "geometry": { "type": "MultiPolygon", "coordinates": [ [ [ [ 115.194888, -8.689067 ], [ 115.197489, -8.6936 ], [ 115.202735, -8.693624 ], [ 115.205379, -8.689116 ], [ 115.202778, -8.684584 ], [ 115.197532, -8.684559 ], [ 115.194888, -8.689067 ] ] ] ] } },
{ "type": "Feature", "properties": { "id": 373, "fid": 671, "left": 301394.84763405996, "top": 9038550.6931999996, "right": 302549.54817243916, "bottom": 9037550.6931999996, "schools": 0, "distance_to_school": 557.9, "population": 3222.0, "school_per_1000": 0.0, "access_index": 0.51, "access_status": "Low Access", "interpretation": "Access is limited due to fewer schools or distance", "norm_school": 0.0, "norm_dist": 0.80607444096204417, "norm_pop": 0.059695250905656846 }, "geometry": { "type": "MultiPolygon", "coordinates": [ [ [ [ 115.194845, -8.698108 ], [ 115.197446, -8.70264 ], [ 115.202692, -8.702665 ], [ 115.205336, -8.698157 ], [ 115.202735, -8.693624 ], [ 115.197489, -8.6936 ], [ 115.194845, -8.698108 ] ] ] ] } },
{ "type": "Feature", "properties": { "id": 374, "fid": 672, "left": 301394.84763405996, "top": 9037550.6931999996, "right": 302549.54817243916, "bottom": 9036550.6931999996, "schools": 0, "distance_to_school": 801.36, "population": 3222.0, "school_per_1000": 0.0, "access_index": 0.48, "access_status": "Very Low Access", "interpretation": "Area lacks adequate access to educational facilities", "norm_school": 0.0, "norm_dist": 0.72144753357447544, "norm_pop": 0.059695250905656846 }, "geometry": { "type": "MultiPolygon", "coordinates": [ [ [ [ 115.194801, -8.707148 ], [ 115.197403, -8.711681 ], [ 115.202649, -8.711706 ], [ 115.205293, -8.707198 ], [ 115.202692, -8.702665 ], [ 115.197446, -8.70264 ], [ 115.194801, -8.707148 ] ] ] ] } },
{ "type": "Feature", "properties": { "id": 375, "fid": 673, "left": 301394.84763405996, "top": 9036550.6931999996, "right": 302549.54817243916, "bottom": 9035550.6931999996, "schools": 1, "distance_to_school": 0.0, "population": 3222.0, "school_per_1000": 0.31, "access_index": 0.62, "access_status": "High Access", "interpretation": "Area has strong access to educational facilities", "norm_school": 0.073434120401986547, "norm_dist": 1.0, "norm_pop": 0.059695250905656846 }, "geometry": { "type": "MultiPolygon", "coordinates": [ [ [ [ 115.194758, -8.716189 ], [ 115.197359, -8.720722 ], [ 115.202605, -8.720747 ], [ 115.20525, -8.716239 ], [ 115.202649, -8.711706 ], [ 115.197403, -8.711681 ], [ 115.194758, -8.716189 ] ] ] ] } },
{ "type": "Feature", "properties": { "id": 376, "fid": 674, "left": 301394.84763405996, "top": 9035550.6931999996, "right": 302549.54817243916, "bottom": 9034550.6931999996, "schools": 0, "distance_to_school": 198.64, "population": 3222.0, "school_per_1000": 0.0, "access_index": 0.56, "access_status": "Moderate Access", "interpretation": "Area has moderate access with reasonable proximity", "norm_school": 0.0, "norm_dist": 0.93095236836062434, "norm_pop": 0.059695250905656846 }, "geometry": { "type": "MultiPolygon", "coordinates": [ [ [ [ 115.194715, -8.72523 ], [ 115.197316, -8.729762 ], [ 115.202562, -8.729787 ], [ 115.205207, -8.725279 ], [ 115.202605, -8.720747 ], [ 115.197359, -8.720722 ], [ 115.194715, -8.72523 ] ] ] ] } },
{ "type": "Feature", "properties": { "id": 377, "fid": 675, "left": 301394.84763405996, "top": 9034550.6931999996, "right": 302549.54817243916, "bottom": 9033550.6931999996, "schools": 0, "distance_to_school": 1198.64, "population": 1292.0, "school_per_1000": 0.0, "access_index": 0.43, "access_status": "Very Low Access", "interpretation": "Area lacks adequate access to educational facilities", "norm_school": 0.0, "norm_dist": 0.58335227029572412, "norm_pop": 0.023898520419708698 }, "geometry": { "type": "MultiPolygon", "coordinates": [ [ [ [ 115.204205, -8.73299 ], [ 115.204374, -8.732944 ], [ 115.202562, -8.729787 ], [ 115.197316, -8.729762 ], [ 115.194671, -8.73427 ], [ 115.196287, -8.737086 ], [ 115.196289, -8.737062 ], [ 115.196313, -8.736822 ], [ 115.196289, -8.736785 ], [ 115.196201, -8.736647 ], [ 115.196133, -8.736454 ], [ 115.196146, -8.736416 ], [ 115.19618, -8.736316 ], [ 115.196211, -8.736222 ], [ 115.196287, -8.735873 ], [ 115.196308, -8.735741 ], [ 115.196514, -8.73446 ], [ 115.196656, -8.7341 ], [ 115.196698, -8.733992 ], [ 115.19695, -8.733563 ], [ 115.197018, -8.733505 ], [ 115.197137, -8.733405 ], [ 115.197307, -8.733366 ], [ 115.197509, -8.733453 ], [ 115.197909, -8.73367 ], [ 115.198187, -8.733878 ], [ 115.19849, -8.734082 ], [ 115.198662, -8.734048 ], [ 115.198805, -8.733984 ], [ 115.19895, -8.733919 ], [ 115.199183, -8.733744 ], [ 115.199202, -8.733729 ], [ 115.199284, -8.733601 ], [ 115.199308, -8.73347 ], [ 115.199289, -8.73324 ], [ 115.199325, -8.733076 ], [ 115.199349, -8.733041 ], [ 115.199444, -8.732905 ], [ 115.20017, -8.732187 ], [ 115.20044, -8.732055 ], [ 115.200518, -8.732017 ], [ 115.200637, -8.731952 ], [ 115.201152, -8.73167 ], [ 115.201427, -8.731667 ], [ 115.201487, -8.731689 ], [ 115.20169, -8.731766 ], [ 115.201964, -8.73199 ], [ 115.202242, -8.732364 ], [ 115.202283, -8.732462 ], [ 115.202486, -8.732725 ], [ 115.202607, -8.73283 ], [ 115.202954, -8.732941 ], [ 115.203337, -8.732972 ], [ 115.203881, -8.732983 ], [ 115.204205, -8.73299 ] ] ], [ [ [ 115.20113, -8.738815 ], [ 115.201128, -8.738822 ], [ 115.202519, -8.738828 ], [ 115.203421, -8.737291 ], [ 115.202843, -8.737425 ], [ 115.202025, -8.737654 ], [ 115.201587, -8.737806 ], [ 115.20132, -8.738149 ], [ 115.20113, -8.738815 ] ] ] ] } },
{ "type": "Feature", "properties": { "id": 378, "fid": 676, "left": 301394.84763405996, "top": 9033550.6931999996, "right": 302549.54817243916, "bottom": 9032550.6931999996, "schools": 0, "distance_to_school": 2236.31, "population": 414.0, "school_per_1000": 0.0, "access_index": 0.29, "access_status": "Very Low Access", "interpretation": "Area lacks adequate access to educational facilities", "norm_school": 0.0, "norm_dist": 0.22265747808404673, "norm_pop": 0.0076149679766071834 }, "geometry": { "type": "MultiPolygon", "coordinates": [ [ [ [ 115.203395, -8.740909 ], [ 115.20348, -8.740503 ], [ 115.202519, -8.738828 ], [ 115.201128, -8.738822 ], [ 115.200959, -8.739367 ], [ 115.200806, -8.7399 ], [ 115.200864, -8.740509 ], [ 115.200616, -8.741023 ], [ 115.20054, -8.741423 ], [ 115.201111, -8.742108 ], [ 115.201834, -8.742432 ], [ 115.202691, -8.74287 ], [ 115.202843, -8.743212 ], [ 115.203186, -8.74325 ], [ 115.20351, -8.742794 ], [ 115.203376, -8.741918 ], [ 115.203395, -8.740909 ] ] ] ] } },
{ "type": "Feature", "properties": { "id": 382, "fid": 378, "left": 301394.84763405996, "top": 9029550.6931999996, "right": 302549.54817243916, "bottom": 9028550.6931999996, "schools": 0, "distance_to_school": 210.67, "population": 404.0, "school_per_1000": 0.0, "access_index": 0.57, "access_status": "Moderate Access", "interpretation": "Area has moderate access with reasonable proximity", "norm_school": 0.0, "norm_dist": 0.92677065289083926, "norm_pop": 0.0074424427559739289 }, "geometry": { "type": "MultiPolygon", "coordinates": [ [ [ [ 115.195479, -8.778101 ], [ 115.195333, -8.777974 ], [ 115.194453, -8.779474 ], [ 115.197055, -8.784007 ], [ 115.202302, -8.784032 ], [ 115.203514, -8.781965 ], [ 115.203438, -8.781964 ], [ 115.202874, -8.781955 ], [ 115.202594, -8.781945 ], [ 115.202334, -8.781867 ], [ 115.202119, -8.78172 ], [ 115.201766, -8.781364 ], [ 115.201574, -8.781217 ], [ 115.201518, -8.781174 ], [ 115.201425, -8.781137 ], [ 115.201295, -8.781085 ], [ 115.201105, -8.781069 ], [ 115.201035, -8.781063 ], [ 115.200797, -8.781127 ], [ 115.200396, -8.781311 ], [ 115.200379, -8.781319 ], [ 115.199998, -8.781425 ], [ 115.199796, -8.78145 ], [ 115.199679, -8.781464 ], [ 115.199643, -8.781465 ], [ 115.199611, -8.781466 ], [ 115.19914, -8.781479 ], [ 115.198821, -8.781494 ], [ 115.198487, -8.78151 ], [ 115.19821, -8.781546 ], [ 115.197539, -8.781633 ], [ 115.197501, -8.781638 ], [ 115.197453, -8.781641 ], [ 115.197278, -8.781651 ], [ 115.197123, -8.781606 ], [ 115.197008, -8.781493 ], [ 115.196959, -8.781358 ], [ 115.197229, -8.780848 ], [ 115.197506, -8.780405 ], [ 115.197522, -8.780379 ], [ 115.197527, -8.780367 ], [ 115.197595, -8.780201 ], [ 115.197593, -8.780053 ], [ 115.197475, -8.7798 ], [ 115.197177, -8.779432 ], [ 115.196819, -8.779134 ], [ 115.195479, -8.778101 ] ] ] ] } },
{ "type": "Feature", "properties": { "id": 383, "fid": 379, "left": 301394.84763405996, "top": 9028550.6931999996, "right": 302549.54817243916, "bottom": 9027550.6931999996, "schools": 4, "distance_to_school": 0.0, "population": 1231.0, "school_per_1000": 3.25, "access_index": 0.9, "access_status": "High Access", "interpretation": "Area has strong access to educational facilities", "norm_school": 0.76877379837719084, "norm_dist": 1.0, "norm_pop": 0.022772752445845205 }, "geometry": { "type": "MultiPolygon", "coordinates": [ [ [ [ 115.194409, -8.788514 ], [ 115.197011, -8.793047 ], [ 115.202258, -8.793072 ], [ 115.204903, -8.788565 ], [ 115.202302, -8.784032 ], [ 115.197055, -8.784007 ], [ 115.194409, -8.788514 ] ] ] ] } },
{ "type": "Feature", "properties": { "id": 591, "fid": 298, "left": 306591.00005676661, "top": 9054550.6931999996, "right": 307745.70059514581, "bottom": 9053550.6931999996, "schools": 1, "distance_to_school": 0.0, "population": 1941.0, "school_per_1000": 0.52, "access_index": 0.64, "access_status": "High Access", "interpretation": "Area has strong access to educational facilities", "norm_school": 0.12190968319805935, "norm_dist": 1.0, "norm_pop": 0.035935242813216438 }, "geometry": { "type": "MultiPolygon", "coordinates": [ [ [ [ 115.242727, -8.553673 ], [ 115.245328, -8.558205 ], [ 115.250572, -8.558229 ], [ 115.253215, -8.55372 ], [ 115.250613, -8.549188 ], [ 115.24537, -8.549164 ], [ 115.242727, -8.553673 ] ] ] ] } },
{ "type": "Feature", "properties": { "id": 592, "fid": 299, "left": 306591.00005676661, "top": 9053550.6931999996, "right": 307745.70059514581, "bottom": 9052550.6931999996, "schools": 0, "distance_to_school": 404.55, "population": 1886.0, "school_per_1000": 0.0, "access_index": 0.54, "access_status": "Low Access", "interpretation": "Access is limited due to fewer schools or distance", "norm_school": 0.0, "norm_dist": 0.85937898556278247, "norm_pop": 0.034918275586766016 }, "geometry": { "type": "MultiPolygon", "coordinates": [ [ [ [ 115.242685, -8.562714 ], [ 115.245287, -8.567246 ], [ 115.250531, -8.56727 ], [ 115.253174, -8.562761 ], [ 115.250572, -8.558229 ], [ 115.245328, -8.558205 ], [ 115.242685, -8.562714 ] ] ] ] } },
{ "type": "Feature", "properties": { "id": 596, "fid": 303, "left": 306591.00005676661, "top": 9049550.6931999996, "right": 307745.70059514581, "bottom": 9048550.6931999996, "schools": 0, "distance_to_school": 122.59, "population": 1937.0, "school_per_1000": 0.0, "access_index": 0.58, "access_status": "Moderate Access", "interpretation": "Area has moderate access with reasonable proximity", "norm_school": 0.0, "norm_dist": 0.95738795514132202, "norm_pop": 0.035857783345045378 }, "geometry": { "type": "MultiPolygon", "coordinates": [ [ [ [ 115.242519, -8.598878 ], [ 115.245121, -8.60341 ], [ 115.250365, -8.603434 ], [ 115.253008, -8.598925 ], [ 115.250407, -8.594393 ], [ 115.245162, -8.594369 ], [ 115.242519, -8.598878 ] ] ] ] } },
{ "type": "Feature", "properties": { "id": 384, "fid": 380, "left": 301394.84763405996, "top": 9027550.6931999996, "right": 302549.54817243916, "bottom": 9026550.6931999996, "schools": 0, "distance_to_school": 129.93, "population": 1231.0, "school_per_1000": 0.0, "access_index": 0.58, "access_status": "Moderate Access", "interpretation": "Area has moderate access with reasonable proximity", "norm_school": 0.0, "norm_dist": 0.95483760046899546, "norm_pop": 0.022772752445845205 }, "geometry": { "type": "MultiPolygon", "coordinates": [ [ [ [ 115.194365, -8.797555 ], [ 115.196967, -8.802088 ], [ 115.202214, -8.802113 ], [ 115.20486, -8.797605 ], [ 115.202258, -8.793072 ], [ 115.197011, -8.793047 ], [ 115.194365, -8.797555 ] ] ] ] } },
{ "type": "Feature", "properties": { "id": 385, "fid": 381, "left": 301394.84763405996, "top": 9026550.6931999996, "right": 302549.54817243916, "bottom": 9025550.6931999996, "schools": 0, "distance_to_school": 517.09, "population": 1231.0, "school_per_1000": 0.0, "access_index": 0.52, "access_status": "Low Access", "interpretation": "Access is limited due to fewer schools or distance", "norm_school": 0.0, "norm_dist": 0.82025912164450066, "norm_pop": 0.022772752445845205 }, "geometry": { "type": "MultiPolygon", "coordinates": [ [ [ [ 115.194322, -8.806596 ], [ 115.196923, -8.811129 ], [ 115.202171, -8.811154 ], [ 115.204816, -8.806646 ], [ 115.202214, -8.802113 ], [ 115.196967, -8.802088 ], [ 115.194322, -8.806596 ] ] ] ] } },
{ "type": "Feature", "properties": { "id": 386, "fid": 382, "left": 301394.84763405996, "top": 9025550.6931999996, "right": 302549.54817243916, "bottom": 9024550.6931999996, "schools": 0, "distance_to_school": 339.09, "population": 1231.0, "school_per_1000": 0.0, "access_index": 0.55, "access_status": "Low Access", "interpretation": "Access is limited due to fewer schools or distance", "norm_school": 0.0, "norm_dist": 0.88213311470790867, "norm_pop": 0.022772752445845205 }, "geometry": { "type": "MultiPolygon", "coordinates": [ [ [ [ 115.194278, -8.815636 ], [ 115.19688, -8.820169 ], [ 115.202127, -8.820195 ], [ 115.204773, -8.815687 ], [ 115.202171, -8.811154 ], [ 115.196923, -8.811129 ], [ 115.194278, -8.815636 ] ] ] ] } },
{ "type": "Feature", "properties": { "id": 387, "fid": 383, "left": 301394.84763405996, "top": 9024550.6931999996, "right": 302549.54817243916, "bottom": 9023550.6931999996, "schools": 0, "distance_to_school": 959.18, "population": 1231.0, "school_per_1000": 0.0, "access_index": 0.46, "access_status": "Very Low Access", "interpretation": "Area lacks adequate access to educational facilities", "norm_school": 0.0, "norm_dist": 0.66658904126124885, "norm_pop": 0.022772752445845205 }, "geometry": { "type": "MultiPolygon", "coordinates": [ [ [ [ 115.194234, -8.824677 ], [ 115.196836, -8.82921 ], [ 115.202083, -8.829235 ], [ 115.204729, -8.824727 ], [ 115.202127, -8.820195 ], [ 115.19688, -8.820169 ], [ 115.194234, -8.824677 ] ] ] ] } },
{ "type": "Feature", "properties": { "id": 388, "fid": 384, "left": 301394.84763405996, "top": 9023550.6931999996, "right": 302549.54817243916, "bottom": 9022550.6931999996, "schools": 0, "distance_to_school": 1887.86, "population": 1231.0, "school_per_1000": 0.0, "access_index": 0.33, "access_status": "Very Low Access", "interpretation": "Area lacks adequate access to educational facilities", "norm_school": 0.0, "norm_dist": 0.34377935127103798, "norm_pop": 0.022772752445845205 }, "geometry": { "type": "MultiPolygon", "coordinates": [ [ [ [ 115.19419, -8.833718 ], [ 115.196792, -8.838251 ], [ 115.20204, -8.838276 ], [ 115.204685, -8.833768 ], [ 115.202083, -8.829235 ], [ 115.196836, -8.82921 ], [ 115.19419, -8.833718 ] ] ] ] } },
{ "type": "Feature", "properties": { "id": 389, "fid": 385, "left": 301394.84763405996, "top": 9022550.6931999996, "right": 302549.54817243916, "bottom": 9021550.6931999996, "schools": 0, "distance_to_school": 2526.73, "population": 352.0, "school_per_1000": 0.0, "access_index": 0.25, "access_status": "Very Low Access", "interpretation": "Area lacks adequate access to educational facilities", "norm_school": 0.0, "norm_dist": 0.12170924022055234, "norm_pop": 0.0064610949382483988 }, "geometry": { "type": "MultiPolygon", "coordinates": [ [ [ [ 115.202717, -8.839851 ], [ 115.202845, -8.83968 ], [ 115.20204, -8.838276 ], [ 115.196792, -8.838251 ], [ 115.194454, -8.842233 ], [ 115.195595, -8.841961 ], [ 115.196572, -8.841792 ], [ 115.197138, -8.841752 ], [ 115.197237, -8.841753 ], [ 115.197623, -8.841756 ], [ 115.197838, -8.841767 ], [ 115.198286, -8.841739 ], [ 115.198523, -8.841688 ], [ 115.198901, -8.84149 ], [ 115.199295, -8.841265 ], [ 115.199929, -8.841016 ], [ 115.200253, -8.840914 ], [ 115.200668, -8.84079 ], [ 115.201079, -8.840629 ], [ 115.201826, -8.840364 ], [ 115.20221, -8.840206 ], [ 115.202516, -8.840034 ], [ 115.202717, -8.839851 ] ] ] ] } },
{ "type": "Feature", "properties": { "id": 391, "fid": 229, "left": 302260.87303784437, "top": 9060050.6931999996, "right": 303415.57357622357, "bottom": 9059050.6931999996, "schools": 0, "distance_to_school": 379.0, "population": 1720.0, "school_per_1000": 0.0, "access_index": 0.54, "access_status": "Low Access", "interpretation": "Access is limited due to fewer schools or distance", "norm_school": 0.0, "norm_dist": 0.86826128102990807, "norm_pop": 0.03183022422157282 }, "geometry": { "type": "MultiPolygon", "coordinates": [ [ [ [ 115.211927, -8.500001 ], [ 115.205838, -8.5 ], [ 115.20363, -8.503767 ], [ 115.20623, -8.5083 ], [ 115.211474, -8.508324 ], [ 115.214116, -8.503816 ], [ 115.211927, -8.500001 ] ] ] ] } },
{ "type": "Feature", "properties": { "id": 392, "fid": 230, "left": 302260.87303784437, "top": 9059050.6931999996, "right": 303415.57357622357, "bottom": 9058050.6931999996, "schools": 0, "distance_to_school": 168.81, "population": 1826.0, "school_per_1000": 0.0, "access_index": 0.57, "access_status": "Moderate Access", "interpretation": "Area has moderate access with reasonable proximity", "norm_school": 0.0, "norm_dist": 0.94132190265102222, "norm_pop": 0.033797907503180569 }, "geometry": { "type": "MultiPolygon", "coordinates": [ [ [ [ 115.203588, -8.512808 ], [ 115.206188, -8.517341 ], [ 115.211432, -8.517365 ], [ 115.214074, -8.512857 ], [ 115.211474, -8.508324 ], [ 115.20623, -8.5083 ], [ 115.203588, -8.512808 ] ] ] ] } },
{ "type": "Feature", "properties": { "id": 393, "fid": 231, "left": 302260.87303784437, "top": 9058050.6931999996, "right": 303415.57357622357, "bottom": 9057050.6931999996, "schools": 3, "distance_to_school": 0.0, "population": 1826.0, "school_per_1000": 1.64, "access_index": 0.75, "access_status": "High Access", "interpretation": "Area has strong access to educational facilities", "norm_school": 0.38881761623810723, "norm_dist": 1.0, "norm_pop": 0.033797907503180569 }, "geometry": { "type": "MultiPolygon", "coordinates": [ [ [ [ 115.203545, -8.521849 ], [ 115.206146, -8.526382 ], [ 115.21139, -8.526406 ], [ 115.214032, -8.521897 ], [ 115.211432, -8.517365 ], [ 115.206188, -8.517341 ], [ 115.203545, -8.521849 ] ] ] ] } },
{ "type": "Feature", "properties": { "id": 394, "fid": 232, "left": 302260.87303784437, "top": 9057050.6931999996, "right": 303415.57357622357, "bottom": 9056050.6931999996, "schools": 0, "distance_to_school": 130.84, "population": 1826.0, "school_per_1000": 0.0, "access_index": 0.58, "access_status": "Moderate Access", "interpretation": "Area has moderate access with reasonable proximity", "norm_school": 0.0, "norm_dist": 0.95452053910193835, "norm_pop": 0.033797907503180569 }, "geometry": { "type": "MultiPolygon", "coordinates": [ [ [ [ 115.203503, -8.53089 ], [ 115.206104, -8.535423 ], [ 115.211347, -8.535447 ], [ 115.21399, -8.530938 ], [ 115.21139, -8.526406 ], [ 115.206146, -8.526382 ], [ 115.203503, -8.53089 ] ] ] ] } },
{ "type": "Feature", "properties": { "id": 395, "fid": 233, "left": 302260.87303784437, "top": 9056050.6931999996, "right": 303415.57357622357, "bottom": 9055050.6931999996, "schools": 0, "distance_to_school": 299.04, "population": 1846.0, "school_per_1000": 0.0, "access_index": 0.55, "access_status": "Moderate Access", "interpretation": "Area has moderate access with reasonable proximity", "norm_school": 0.0, "norm_dist": 0.89605426220177775, "norm_pop": 0.034173744180500967 }, "geometry": { "type": "MultiPolygon", "coordinates": [ [ [ [ 115.203461, -8.539931 ], [ 115.206062, -8.544463 ], [ 115.211305, -8.544488 ], [ 115.213948, -8.539979 ], [ 115.211347, -8.535447 ], [ 115.206104, -8.535423 ], [ 115.203461, -8.539931 ] ] ] ] } },
{ "type": "Feature", "properties": { "id": 396, "fid": 234, "left": 302260.87303784437, "top": 9055050.6931999996, "right": 303415.57357622357, "bottom": 9054050.6931999996, "schools": 0, "distance_to_school": 105.12, "population": 1850.0, "school_per_1000": 0.0, "access_index": 0.58, "access_status": "Moderate Access", "interpretation": "Area has moderate access with reasonable proximity", "norm_school": 0.0, "norm_dist": 0.96346060946616807, "norm_pop": 0.034255685025134069 }, "geometry": { "type": "MultiPolygon", "coordinates": [ [ [ [ 115.203419, -8.548972 ], [ 115.206019, -8.553504 ], [ 115.211263, -8.553528 ], [ 115.213906, -8.54902 ], [ 115.211305, -8.544488 ], [ 115.206062, -8.544463 ], [ 115.203419, -8.548972 ] ] ] ] } },
{ "type": "Feature", "properties": { "id": 397, "fid": 235, "left": 302260.87303784437, "top": 9054050.6931999996, "right": 303415.57357622357, "bottom": 9053050.6931999996, "schools": 0, "distance_to_school": 573.56, "population": 1841.0, "school_per_1000": 0.0, "access_index": 0.51, "access_status": "Low Access", "interpretation": "Access is limited due to fewer schools or distance", "norm_school": 0.0, "norm_dist": 0.80062982090206491, "norm_pop": 0.034076626075513962 }, "geometry": { "type": "MultiPolygon", "coordinates": [ [ [ [ 115.203376, -8.558012 ], [ 115.205977, -8.562545 ], [ 115.211221, -8.562569 ], [ 115.213864, -8.558061 ], [ 115.211263, -8.553528 ], [ 115.206019, -8.553504 ], [ 115.203376, -8.558012 ] ] ] ] } },
{ "type": "Feature", "properties": { "id": 398, "fid": 236, "left": 302260.87303784437, "top": 9053050.6931999996, "right": 303415.57357622357, "bottom": 9052050.6931999996, "schools": 0, "distance_to_school": 22.34, "population": 1826.0, "school_per_1000": 0.0, "access_index": 0.59, "access_status": "Moderate Access", "interpretation": "Area has moderate access with reasonable proximity", "norm_school": 0.0, "norm_dist": 0.99223484290337161, "norm_pop": 0.033797907503180569 }, "geometry": { "type": "MultiPolygon", "coordinates": [ [ [ [ 115.203334, -8.567053 ], [ 115.205935, -8.571586 ], [ 115.211179, -8.57161 ], [ 115.213822, -8.567102 ], [ 115.211221, -8.562569 ], [ 115.205977, -8.562545 ], [ 115.203334, -8.567053 ] ] ] ] } },
{ "type": "Feature", "properties": { "id": 399, "fid": 237, "left": 302260.87303784437, "top": 9052050.6931999996, "right": 303415.57357622357, "bottom": 9051050.6931999996, "schools": 0, "distance_to_school": 598.86, "population": 1826.0, "school_per_1000": 0.0, "access_index": 0.51, "access_status": "Low Access", "interpretation": "Access is limited due to fewer schools or distance", "norm_school": 0.0, "norm_dist": 0.79183773442004335, "norm_pop": 0.033797907503180569 }, "geometry": { "type": "MultiPolygon", "coordinates": [ [ [ [ 115.203291, -8.576094 ], [ 115.205892, -8.580627 ], [ 115.211136, -8.580651 ], [ 115.21378, -8.576143 ], [ 115.211179, -8.57161 ], [ 115.205935, -8.571586 ], [ 115.203291, -8.576094 ] ] ] ] } },
{ "type": "Feature", "properties": { "id": 400, "fid": 238, "left": 302260.87303784437, "top": 9051050.6931999996, "right": 303415.57357622357, "bottom": 9050050.6931999996, "schools": 0, "distance_to_school": 261.55, "population": 1826.0, "school_per_1000": 0.0, "access_index": 0.56, "access_status": "Moderate Access", "interpretation": "Area has moderate access with reasonable proximity", "norm_school": 0.0, "norm_dist": 0.9090862696756179, "norm_pop": 0.033797907503180569 }, "geometry": { "type": "MultiPolygon", "coordinates": [ [ [ [ 115.203249, -8.585135 ], [ 115.20585, -8.589668 ], [ 115.211094, -8.589692 ], [ 115.213737, -8.585184 ], [ 115.211136, -8.580651 ], [ 115.205892, -8.580627 ], [ 115.203249, -8.585135 ] ] ] ] } },
{ "type": "Feature", "properties": { "id": 401, "fid": 239, "left": 302260.87303784437, "top": 9050050.6931999996, "right": 303415.57357622357, "bottom": 9049050.6931999996, "schools": 1, "distance_to_school": 0.0, "population": 2022.0, "school_per_1000": 0.49, "access_index": 0.64, "access_status": "High Access", "interpretation": "Area has strong access to educational facilities", "norm_school": 0.11700350890826818, "norm_dist": 1.0, "norm_pop": 0.037444508531467149 }, "geometry": { "type": "MultiPolygon", "coordinates": [ [ [ [ 115.203206, -8.594176 ], [ 115.205807, -8.598708 ], [ 115.211052, -8.598733 ], [ 115.213695, -8.594225 ], [ 115.211094, -8.589692 ], [ 115.20585, -8.589668 ], [ 115.203206, -8.594176 ] ] ] ] } },
{ "type": "Feature", "properties": { "id": 402, "fid": 240, "left": 302260.87303784437, "top": 9049050.6931999996, "right": 303415.57357622357, "bottom": 9048050.6931999996, "schools": 0, "distance_to_school": 738.45, "population": 5558.0, "school_per_1000": 0.0, "access_index": 0.48, "access_status": "Very Low Access", "interpretation": "Area lacks adequate access to educational facilities", "norm_school": 0.0, "norm_dist": 0.74331363225948188, "norm_pop": 0.10301445208599229 }, "geometry": { "type": "MultiPolygon", "coordinates": [ [ [ [ 115.203164, -8.603217 ], [ 115.205765, -8.607749 ], [ 115.211009, -8.607774 ], [ 115.213653, -8.603265 ], [ 115.211052, -8.598733 ], [ 115.205807, -8.598708 ], [ 115.203164, -8.603217 ] ] ] ] } },
{ "type": "Feature", "properties": { "id": 403, "fid": 241, "left": 302260.87303784437, "top": 9048050.6931999996, "right": 303415.57357622357, "bottom": 9047050.6931999996, "schools": 0, "distance_to_school": 852.38, "population": 6335.0, "school_per_1000": 0.0, "access_index": 0.46, "access_status": "Very Low Access", "interpretation": "Area lacks adequate access to educational facilities", "norm_school": 0.0, "norm_dist": 0.70371196525702295, "norm_pop": 0.11741321855586802 }, "geometry": { "type": "MultiPolygon", "coordinates": [ [ [ [ 115.203121, -8.612257 ], [ 115.205722, -8.61679 ], [ 115.210967, -8.616814 ], [ 115.21361, -8.612306 ], [ 115.211009, -8.607774 ], [ 115.205765, -8.607749 ], [ 115.203121, -8.612257 ] ] ] ] } },
{ "type": "Feature", "properties": { "id": 404, "fid": 242, "left": 302260.87303784437, "top": 9047050.6931999996, "right": 303415.57357622357, "bottom": 9046050.6931999996, "schools": 0, "distance_to_school": 50.94, "population": 6335.0, "school_per_1000": 0.0, "access_index": 0.57, "access_status": "Moderate Access", "interpretation": "Area has moderate access with reasonable proximity", "norm_school": 0.0, "norm_dist": 0.98229458786582502, "norm_pop": 0.11741321855586802 }, "geometry": { "type": "MultiPolygon", "coordinates": [ [ [ [ 115.203078, -8.621298 ], [ 115.205679, -8.625831 ], [ 115.210924, -8.625855 ], [ 115.213568, -8.621347 ], [ 115.210967, -8.616814 ], [ 115.205722, -8.61679 ], [ 115.203078, -8.621298 ] ] ] ] } },
{ "type": "Feature", "properties": { "id": 405, "fid": 243, "left": 302260.87303784437, "top": 9046050.6931999996, "right": 303415.57357622357, "bottom": 9045050.6931999996, "schools": 1, "distance_to_school": 0.0, "population": 6335.0, "school_per_1000": 0.16, "access_index": 0.59, "access_status": "Moderate Access", "interpretation": "Area has moderate access with reasonable proximity", "norm_school": 0.037353229201144943, "norm_dist": 1.0, "norm_pop": 0.11741321855586802 }, "geometry": { "type": "MultiPolygon", "coordinates": [ [ [ [ 115.203035, -8.630339 ], [ 115.205637, -8.634872 ], [ 115.210882, -8.634896 ], [ 115.213525, -8.630388 ], [ 115.210924, -8.625855 ], [ 115.205679, -8.625831 ], [ 115.203035, -8.630339 ] ] ] ] } },
{ "type": "Feature", "properties": { "id": 406, "fid": 244, "left": 302260.87303784437, "top": 9045050.6931999996, "right": 303415.57357622357, "bottom": 9044050.6931999996, "schools": 3, "distance_to_school": 0.0, "population": 6335.0, "school_per_1000": 0.47, "access_index": 0.62, "access_status": "High Access", "interpretation": "Area has strong access to educational facilities", "norm_school": 0.11205968760343482, "norm_dist": 1.0, "norm_pop": 0.11741321855586802 }, "geometry": { "type": "MultiPolygon", "coordinates": [ [ [ [ 115.202993, -8.63938 ], [ 115.205594, -8.643912 ], [ 115.210839, -8.643937 ], [ 115.213483, -8.639429 ], [ 115.210882, -8.634896 ], [ 115.205637, -8.634872 ], [ 115.202993, -8.63938 ] ] ] ] } },
{ "type": "Feature", "properties": { "id": 407, "fid": 245, "left": 302260.87303784437, "top": 9044050.6931999996, "right": 303415.57357622357, "bottom": 9043050.6931999996, "schools": 2, "distance_to_school": 0.0, "population": 6335.0, "school_per_1000": 0.32, "access_index": 0.61, "access_status": "Moderate Access", "interpretation": "Area has moderate access with reasonable proximity", "norm_school": 0.074706458402289885, "norm_dist": 1.0, "norm_pop": 0.11741321855586802 }, "geometry": { "type": "MultiPolygon", "coordinates": [ [ [ [ 115.20295, -8.648421 ], [ 115.205551, -8.652953 ], [ 115.210796, -8.652978 ], [ 115.21344, -8.64847 ], [ 115.210839, -8.643937 ], [ 115.205594, -8.643912 ], [ 115.20295, -8.648421 ] ] ] ] } },
{ "type": "Feature", "properties": { "id": 408, "fid": 246, "left": 302260.87303784437, "top": 9043050.6931999996, "right": 303415.57357622357, "bottom": 9042050.6931999996, "schools": 7, "distance_to_school": 0.0, "population": 9138.0, "school_per_1000": 0.77, "access_index": 0.64, "access_status": "High Access", "interpretation": "Area has strong access to educational facilities", "norm_school": 0.18126326288665282, "norm_dist": 1.0, "norm_pop": 0.16939448176463814 }, "geometry": { "type": "MultiPolygon", "coordinates": [ [ [ [ 115.202907, -8.657461 ], [ 115.205508, -8.661994 ], [ 115.210754, -8.662019 ], [ 115.213398, -8.65751 ], [ 115.210796, -8.652978 ], [ 115.205551, -8.652953 ], [ 115.202907, -8.657461 ] ] ] ] } },
{ "type": "Feature", "properties": { "id": 409, "fid": 677, "left": 302260.87303784437, "top": 9042050.6931999996, "right": 303415.57357622357, "bottom": 9041050.6931999996, "schools": 1, "distance_to_school": 0.0, "population": 9538.0, "school_per_1000": 0.1, "access_index": 0.57, "access_status": "Moderate Access", "interpretation": "Area has moderate access with reasonable proximity", "norm_school": 0.024807562546017195, "norm_dist": 1.0, "norm_pop": 0.17682072454776315 }, "geometry": { "type": "MultiPolygon", "coordinates": [ [ [ [ 115.202864, -8.666502 ], [ 115.205465, -8.671035 ], [ 115.210711, -8.671059 ], [ 115.213355, -8.666551 ], [ 115.210754, -8.662019 ], [ 115.205508, -8.661994 ], [ 115.202864, -8.666502 ] ] ] ] } },
{ "type": "Feature", "properties": { "id": 410, "fid": 678, "left": 302260.87303784437, "top": 9041050.6931999996, "right": 303415.57357622357, "bottom": 9040050.6931999996, "schools": 4, "distance_to_school": 0.0, "population": 9538.0, "school_per_1000": 0.42, "access_index": 0.6, "access_status": "Moderate Access", "interpretation": "Area has moderate access with reasonable proximity", "norm_school": 0.09923025018406878, "norm_dist": 1.0, "norm_pop": 0.17682072454776315 }, "geometry": { "type": "MultiPolygon", "coordinates": [ [ [ [ 115.202821, -8.675543 ], [ 115.205422, -8.680076 ], [ 115.210668, -8.6801 ], [ 115.213312, -8.675592 ], [ 115.210711, -8.671059 ], [ 115.205465, -8.671035 ], [ 115.202821, -8.675543 ] ] ] ] } },
{ "type": "Feature", "properties": { "id": 411, "fid": 679, "left": 302260.87303784437, "top": 9040050.6931999996, "right": 303415.57357622357, "bottom": 9039050.6931999996, "schools": 0, "distance_to_school": 232.58, "population": 4247.0, "school_per_1000": 0.0, "access_index": 0.55, "access_status": "Moderate Access", "interpretation": "Area has moderate access with reasonable proximity", "norm_school": 0.0, "norm_dist": 0.91915681680547379, "norm_pop": 0.078698685388553624 }, "geometry": { "type": "MultiPolygon", "coordinates": [ [ [ [ 115.202778, -8.684584 ], [ 115.205379, -8.689116 ], [ 115.210625, -8.689141 ], [ 115.213269, -8.684633 ], [ 115.210668, -8.6801 ], [ 115.205422, -8.680076 ], [ 115.202778, -8.684584 ] ] ] ] } },
{ "type": "Feature", "properties": { "id": 412, "fid": 680, "left": 302260.87303784437, "top": 9039050.6931999996, "right": 303415.57357622357, "bottom": 9038050.6931999996, "schools": 1, "distance_to_school": 0.0, "population": 3222.0, "school_per_1000": 0.31, "access_index": 0.62, "access_status": "High Access", "interpretation": "Area has strong access to educational facilities", "norm_school": 0.073434120401986547, "norm_dist": 1.0, "norm_pop": 0.059695250905656846 }, "geometry": { "type": "MultiPolygon", "coordinates": [ [ [ [ 115.202735, -8.693624 ], [ 115.205336, -8.698157 ], [ 115.210582, -8.698182 ], [ 115.213227, -8.693674 ], [ 115.210625, -8.689141 ], [ 115.205379, -8.689116 ], [ 115.202735, -8.693624 ] ] ] ] } },
{ "type": "Feature", "properties": { "id": 413, "fid": 681, "left": 302260.87303784437, "top": 9038050.6931999996, "right": 303415.57357622357, "bottom": 9037050.6931999996, "schools": 0, "distance_to_school": 134.34, "population": 3222.0, "school_per_1000": 0.0, "access_index": 0.57, "access_status": "Moderate Access", "interpretation": "Area has moderate access with reasonable proximity", "norm_school": 0.0, "norm_dist": 0.95330421779184582, "norm_pop": 0.059695250905656846 }, "geometry": { "type": "MultiPolygon", "coordinates": [ [ [ [ 115.202692, -8.702665 ], [ 115.205293, -8.707198 ], [ 115.210539, -8.707223 ], [ 115.213184, -8.702715 ], [ 115.210582, -8.698182 ], [ 115.205336, -8.698157 ], [ 115.202692, -8.702665 ] ] ] ] } },
{ "type": "Feature", "properties": { "id": 414, "fid": 682, "left": 302260.87303784437, "top": 9037050.6931999996, "right": 303415.57357622357, "bottom": 9036050.6931999996, "schools": 0, "distance_to_school": 157.88, "population": 3222.0, "school_per_1000": 0.0, "access_index": 0.57, "access_status": "Moderate Access", "interpretation": "Area has moderate access with reasonable proximity", "norm_school": 0.0, "norm_dist": 0.9451221395780226, "norm_pop": 0.059695250905656846 }, "geometry": { "type": "MultiPolygon", "coordinates": [ [ [ [ 115.202649, -8.711706 ], [ 115.20525, -8.716239 ], [ 115.210496, -8.716263 ], [ 115.213141, -8.711755 ], [ 115.210539, -8.707223 ], [ 115.205293, -8.707198 ], [ 115.202649, -8.711706 ] ] ] ] } },
{ "type": "Feature", "properties": { "id": 415, "fid": 683, "left": 302260.87303784437, "top": 9036050.6931999996, "right": 303415.57357622357, "bottom": 9035050.6931999996, "schools": 0, "distance_to_school": 596.5, "population": 3222.0, "school_per_1000": 0.0, "access_index": 0.51, "access_status": "Low Access", "interpretation": "Access is limited due to fewer schools or distance", "norm_school": 0.0, "norm_dist": 0.7926567594416043, "norm_pop": 0.059695250905656846 }, "geometry": { "type": "MultiPolygon", "coordinates": [ [ [ [ 115.202605, -8.720747 ], [ 115.205207, -8.725279 ], [ 115.210453, -8.725304 ], [ 115.213098, -8.720796 ], [ 115.210496, -8.716263 ], [ 115.20525, -8.716239 ], [ 115.202605, -8.720747 ] ] ] ] } },
{ "type": "Feature", "properties": { "id": 436, "fid": 253, "left": 303126.89844162884, "top": 9053550.6931999996, "right": 304281.59898000804, "bottom": 9052550.6931999996, "schools": 1, "distance_to_school": 0.0, "population": 1826.0, "school_per_1000": 0.55, "access_index": 0.65, "access_status": "High Access", "interpretation": "Area has strong access to educational facilities", "norm_school": 0.12960587207936908, "norm_dist": 1.0, "norm_pop": 0.033797907503180569 }, "geometry": { "type": "MultiPolygon", "coordinates": [ [ [ [ 115.211221, -8.562569 ], [ 115.213822, -8.567102 ], [ 115.219066, -8.567126 ], [ 115.221709, -8.562618 ], [ 115.219108, -8.558085 ], [ 115.213864, -8.558061 ], [ 115.211221, -8.562569 ] ] ] ] } },
{ "type": "Feature", "properties": { "id": 437, "fid": 254, "left": 303126.89844162884, "top": 9052550.6931999996, "right": 304281.59898000804, "bottom": 9051550.6931999996, "schools": 2, "distance_to_school": 0.0, "population": 1826.0, "school_per_1000": 1.1, "access_index": 0.7, "access_status": "High Access", "interpretation": "Area has strong access to educational facilities", "norm_school": 0.25921174415873816, "norm_dist": 1.0, "norm_pop": 0.033797907503180569 }, "geometry": { "type": "MultiPolygon", "coordinates": [ [ [ [ 115.211179, -8.57161 ], [ 115.21378, -8.576143 ], [ 115.219024, -8.576167 ], [ 115.221667, -8.571659 ], [ 115.219066, -8.567126 ], [ 115.213822, -8.567102 ], [ 115.211179, -8.57161 ] ] ] ] } },
{ "type": "Feature", "properties": { "id": 438, "fid": 255, "left": 303126.89844162884, "top": 9051550.6931999996, "right": 304281.59898000804, "bottom": 9050550.6931999996, "schools": 0, "distance_to_school": 610.96, "population": 1826.0, "school_per_1000": 0.0, "access_index": 0.51, "access_status": "Low Access", "interpretation": "Access is limited due to fewer schools or distance", "norm_school": 0.0, "norm_dist": 0.78763128455884512, "norm_pop": 0.033797907503180569 }, "geometry": { "type": "MultiPolygon", "coordinates": [ [ [ [ 115.211136, -8.580651 ], [ 115.213737, -8.585184 ], [ 115.218982, -8.585208 ], [ 115.221625, -8.5807 ], [ 115.219024, -8.576167 ], [ 115.21378, -8.576143 ], [ 115.211136, -8.580651 ] ] ] ] } },
{ "type": "Feature", "properties": { "id": 439, "fid": 256, "left": 303126.89844162884, "top": 9050550.6931999996, "right": 304281.59898000804, "bottom": 9049550.6931999996, "schools": 0, "distance_to_school": 321.01, "population": 1826.0, "school_per_1000": 0.0, "access_index": 0.55, "access_status": "Low Access", "interpretation": "Access is limited due to fewer schools or distance", "norm_school": 0.0, "norm_dist": 0.88841557903227197, "norm_pop": 0.033797907503180569 }, "geometry": { "type": "MultiPolygon", "coordinates": [ [ [ [ 115.211094, -8.589692 ], [ 115.213695, -8.594225 ], [ 115.21894, -8.594249 ], [ 115.221583, -8.58974 ], [ 115.218982, -8.585208 ], [ 115.213737, -8.585184 ], [ 115.211094, -8.589692 ] ] ] ] } },
{ "type": "Feature", "properties": { "id": 440, "fid": 257, "left": 303126.89844162884, "top": 9049550.6931999996, "right": 304281.59898000804, "bottom": 9048550.6931999996, "schools": 0, "distance_to_school": 559.47, "population": 5608.0, "school_per_1000": 0.0, "access_index": 0.5, "access_status": "Low Access", "interpretation": "Access is limited due to fewer schools or distance", "norm_school": 0.0, "norm_dist": 0.80552926032420991, "norm_pop": 0.10393836583315368 }, "geometry": { "type": "MultiPolygon", "coordinates": [ [ [ [ 115.211052, -8.598733 ], [ 115.213653, -8.603265 ], [ 115.218897, -8.60329 ], [ 115.221541, -8.598781 ], [ 115.21894, -8.594249 ], [ 115.213695, -8.594225 ], [ 115.211052, -8.598733 ] ] ] ] } },
{ "type": "Feature", "properties": { "id": 416, "fid": 684, "left": 302260.87303784437, "top": 9035050.6931999996, "right": 303415.57357622357, "bottom": 9034050.6931999996, "schools": 0, "distance_to_school": 1101.14, "population": 1871.0, "school_per_1000": 0.0, "access_index": 0.44, "access_status": "Very Low Access", "interpretation": "Area lacks adequate access to educational facilities", "norm_school": 0.0, "norm_dist": 0.61724222874621459, "norm_pop": 0.034632989948514298 }, "geometry": { "type": "MultiPolygon", "coordinates": [ [ [ [ 115.212684, -8.73047 ], [ 115.212874, -8.729522 ], [ 115.210453, -8.725304 ], [ 115.205207, -8.725279 ], [ 115.202562, -8.729787 ], [ 115.204374, -8.732944 ], [ 115.204401, -8.732937 ], [ 115.204434, -8.73291 ], [ 115.204583, -8.732791 ], [ 115.204788, -8.732477 ], [ 115.204926, -8.73223 ], [ 115.205236, -8.731973 ], [ 115.205408, -8.731842 ], [ 115.205431, -8.731813 ], [ 115.205493, -8.731736 ], [ 115.205498, -8.731701 ], [ 115.205505, -8.731654 ], [ 115.205513, -8.731604 ], [ 115.205505, -8.731591 ], [ 115.20544, -8.731475 ], [ 115.204989, -8.731525 ], [ 115.204812, -8.731539 ], [ 115.204734, -8.731506 ], [ 115.204699, -8.731491 ], [ 115.204674, -8.731481 ], [ 115.204626, -8.731409 ], [ 115.204351, -8.73099 ], [ 115.204285, -8.73084 ], [ 115.204272, -8.730811 ], [ 115.204285, -8.730766 ], [ 115.204307, -8.730684 ], [ 115.204391, -8.730386 ], [ 115.204174, -8.730202 ], [ 115.204073, -8.730129 ], [ 115.204032, -8.729993 ], [ 115.204085, -8.729799 ], [ 115.204282, -8.729677 ], [ 115.204329, -8.729648 ], [ 115.204442, -8.729561 ], [ 115.204507, -8.729435 ], [ 115.204517, -8.729211 ], [ 115.204519, -8.729154 ], [ 115.204529, -8.728929 ], [ 115.204575, -8.728819 ], [ 115.204678, -8.728797 ], [ 115.204782, -8.728832 ], [ 115.204839, -8.728852 ], [ 115.204977, -8.728965 ], [ 115.205078, -8.729086 ], [ 115.205144, -8.729165 ], [ 115.20519, -8.729187 ], [ 115.205296, -8.729237 ], [ 115.205516, -8.729226 ], [ 115.205707, -8.729153 ], [ 115.205755, -8.729135 ], [ 115.205797, -8.729111 ], [ 115.205797, -8.729111 ], [ 115.205805, -8.729114 ], [ 115.20623, -8.729107 ], [ 115.206378, -8.729126 ], [ 115.206441, -8.729134 ], [ 115.20688, -8.729278 ], [ 115.207155, -8.729401 ], [ 115.207357, -8.729556 ], [ 115.207494, -8.729681 ], [ 115.207994, -8.729777 ], [ 115.208173, -8.729893 ], [ 115.208345, -8.730024 ], [ 115.209085, -8.730102 ], [ 115.20925, -8.730124 ], [ 115.209491, -8.730371 ], [ 115.209597, -8.730485 ], [ 115.209718, -8.730545 ], [ 115.209887, -8.730527 ], [ 115.209892, -8.730525 ], [ 115.209937, -8.730505 ], [ 115.210092, -8.730437 ], [ 115.210166, -8.730391 ], [ 115.210277, -8.730322 ], [ 115.21043, -8.730304 ], [ 115.21043, -8.730304 ], [ 115.210488, -8.730327 ], [ 115.210585, -8.730364 ], [ 115.21093, -8.730787 ], [ 115.2112, -8.73106 ], [ 115.211372, -8.731264 ], [ 115.211458, -8.731435 ], [ 115.21145, -8.731633 ], [ 115.211396, -8.732293 ], [ 115.211383, -8.732451 ], [ 115.211386, -8.732682 ], [ 115.212684, -8.73047 ] ] ] ] } },
{ "type": "Feature", "properties": { "id": 417, "fid": 685, "left": 302260.87303784437, "top": 9034050.6931999996, "right": 303415.57357622357, "bottom": 9033050.6931999996, "schools": 0, "distance_to_school": 1612.77, "population": 1403.0, "school_per_1000": 0.0, "access_index": 0.37, "access_status": "Very Low Access", "interpretation": "Area lacks adequate access to educational facilities", "norm_school": 0.0, "norm_dist": 0.43940245231562436, "norm_pop": 0.025967993669855523 }, "geometry": { "type": "MultiPolygon", "coordinates": [ [ [ [ 115.206869, -8.743292 ], [ 115.206852, -8.743369 ], [ 115.210367, -8.743386 ], [ 115.213012, -8.738878 ], [ 115.211407, -8.736081 ], [ 115.2113, -8.736468 ], [ 115.211235, -8.7367 ], [ 115.211114, -8.737142 ], [ 115.210992, -8.737678 ], [ 115.210981, -8.737749 ], [ 115.210872, -8.73842 ], [ 115.210807, -8.738447 ], [ 115.210633, -8.738522 ], [ 115.210633, -8.738522 ], [ 115.210605, -8.738534 ], [ 115.210578, -8.738546 ], [ 115.210499, -8.73858 ], [ 115.210421, -8.738613 ], [ 115.210418, -8.738614 ], [ 115.210382, -8.738621 ], [ 115.210125, -8.738677 ], [ 115.209687, -8.738523 ], [ 115.208283, -8.737995 ], [ 115.208282, -8.737994 ], [ 115.208102, -8.73775 ], [ 115.208156, -8.737471 ], [ 115.208244, -8.737015 ], [ 115.208218, -8.736912 ], [ 115.20714, -8.736659 ], [ 115.206519, -8.736513 ], [ 115.206518, -8.736512 ], [ 115.206271, -8.736454 ], [ 115.206227, -8.736444 ], [ 115.205589, -8.736294 ], [ 115.20555, -8.736441 ], [ 115.205344, -8.737208 ], [ 115.204747, -8.737102 ], [ 115.203985, -8.737159 ], [ 115.203421, -8.737291 ], [ 115.202519, -8.738828 ], [ 115.20348, -8.740503 ], [ 115.203643, -8.739729 ], [ 115.204195, -8.738111 ], [ 115.20429, -8.737502 ], [ 115.204423, -8.737292 ], [ 115.204785, -8.737292 ], [ 115.205228, -8.737466 ], [ 115.205628, -8.737554 ], [ 115.206242, -8.737689 ], [ 115.20787, -8.738046 ], [ 115.207853, -8.738164 ], [ 115.20781, -8.738456 ], [ 115.207702, -8.73919 ], [ 115.207728, -8.739372 ], [ 115.207526, -8.740408 ], [ 115.207388, -8.741118 ], [ 115.207321, -8.74146 ], [ 115.206869, -8.743292 ] ] ] ] } },
{ "type": "Feature", "properties": { "id": 448, "fid": 687, "left": 303126.89844162884, "top": 9041550.6931999996, "right": 304281.59898000804, "bottom": 9040550.6931999996, "schools": 10, "distance_to_school": 0.0, "population": 9071.0, "school_per_1000": 1.1, "access_index": 0.67, "access_status": "High Access", "interpretation": "Area has strong access to educational facilities", "norm_school": 0.26085065182844958, "norm_dist": 1.0, "norm_pop": 0.16815817746368705 }, "geometry": { "type": "MultiPolygon", "coordinates": [ [ [ [ 115.210711, -8.671059 ], [ 115.213312, -8.675592 ], [ 115.218558, -8.675617 ], [ 115.221202, -8.671108 ], [ 115.2186, -8.666576 ], [ 115.213355, -8.666551 ], [ 115.210711, -8.671059 ] ] ] ] } },
{ "type": "Feature", "properties": { "id": 418, "fid": 386, "left": 302260.87303784437, "top": 9033050.6931999996, "right": 303415.57357622357, "bottom": 9032050.6931999996, "schools": 0, "distance_to_school": 1247.97, "population": 592.0, "school_per_1000": 0.0, "access_index": 0.42, "access_status": "Very Low Access", "interpretation": "Area lacks adequate access to educational facilities", "norm_school": 0.0, "norm_dist": 0.56620422810060278, "norm_pop": 0.010923378929961444 }, "geometry": { "type": "MultiPolygon", "coordinates": [ [ [ [ 115.210762, -8.744569 ], [ 115.211092, -8.744648 ], [ 115.210367, -8.743386 ], [ 115.206852, -8.743369 ], [ 115.206372, -8.745489 ], [ 115.206232, -8.74605 ], [ 115.206323, -8.746097 ], [ 115.206935, -8.746163 ], [ 115.207534, -8.746219 ], [ 115.208382, -8.746268 ], [ 115.208896, -8.746265 ], [ 115.209007, -8.746304 ], [ 115.209903, -8.74643 ], [ 115.20993, -8.746557 ], [ 115.211767, -8.746707 ], [ 115.211807, -8.746524 ], [ 115.211731, -8.746464 ], [ 115.211415, -8.746466 ], [ 115.211413, -8.746466 ], [ 115.211363, -8.746459 ], [ 115.211363, -8.746459 ], [ 115.211372, -8.746018 ], [ 115.211389, -8.745733 ], [ 115.211414, -8.745612 ], [ 115.211397, -8.745609 ], [ 115.211401, -8.745534 ], [ 115.211185, -8.745492 ], [ 115.210879, -8.745461 ], [ 115.21068, -8.745406 ], [ 115.21066, -8.745312 ], [ 115.210656, -8.745159 ], [ 115.210573, -8.74502 ], [ 115.210584, -8.744561 ], [ 115.210762, -8.744569 ] ] ] ] } },
{ "type": "Feature", "properties": { "id": 422, "fid": 387, "left": 302260.87303784437, "top": 9029050.6931999996, "right": 303415.57357622357, "bottom": 9028050.6931999996, "schools": 0, "distance_to_school": 45.98, "population": 554.0, "school_per_1000": 0.0, "access_index": 0.59, "access_status": "Moderate Access", "interpretation": "Area has moderate access with reasonable proximity", "norm_school": 0.0, "norm_dist": 0.98401720802502024, "norm_pop": 0.010222393772079117 }, "geometry": { "type": "MultiPolygon", "coordinates": [ [ [ [ 115.203669, -8.781968 ], [ 115.203514, -8.781965 ], [ 115.202302, -8.784032 ], [ 115.204903, -8.788565 ], [ 115.210151, -8.78859 ], [ 115.211659, -8.786019 ], [ 115.210526, -8.785779 ], [ 115.20979, -8.785744 ], [ 115.208995, -8.785609 ], [ 115.208524, -8.785583 ], [ 115.208296, -8.785571 ], [ 115.208276, -8.78557 ], [ 115.208135, -8.785565 ], [ 115.208088, -8.785555 ], [ 115.207934, -8.785475 ], [ 115.207829, -8.785297 ], [ 115.207789, -8.785196 ], [ 115.207787, -8.785192 ], [ 115.207078, -8.78458 ], [ 115.206309, -8.784019 ], [ 115.206115, -8.783878 ], [ 115.204502, -8.782334 ], [ 115.204294, -8.782157 ], [ 115.204085, -8.782054 ], [ 115.203739, -8.781982 ], [ 115.203669, -8.781968 ] ] ] ] } },
{ "type": "Feature", "properties": { "id": 423, "fid": 388, "left": 302260.87303784437, "top": 9028050.6931999996, "right": 303415.57357622357, "bottom": 9027050.6931999996, "schools": 0, "distance_to_school": 97.78, "population": 1231.0, "school_per_1000": 0.0, "access_index": 0.58, "access_status": "Moderate Access", "interpretation": "Area has moderate access with reasonable proximity", "norm_school": 0.0, "norm_dist": 0.96601075986417839, "norm_pop": 0.022772752445845205 }, "geometry": { "type": "MultiPolygon", "coordinates": [ [ [ [ 115.202258, -8.793072 ], [ 115.20486, -8.797605 ], [ 115.210107, -8.79763 ], [ 115.212753, -8.793122 ], [ 115.210151, -8.78859 ], [ 115.204903, -8.788565 ], [ 115.202258, -8.793072 ] ] ] ] } },
{ "type": "Feature", "properties": { "id": 424, "fid": 389, "left": 302260.87303784437, "top": 9027050.6931999996, "right": 303415.57357622357, "bottom": 9026050.6931999996, "schools": 1, "distance_to_school": 0.0, "population": 1231.0, "school_per_1000": 0.81, "access_index": 0.67, "access_status": "High Access", "interpretation": "Area has strong access to educational facilities", "norm_school": 0.19219344959429771, "norm_dist": 1.0, "norm_pop": 0.022772752445845205 }, "geometry": { "type": "MultiPolygon", "coordinates": [ [ [ [ 115.202214, -8.802113 ], [ 115.204816, -8.806646 ], [ 115.210064, -8.806671 ], [ 115.212709, -8.802163 ], [ 115.210107, -8.79763 ], [ 115.20486, -8.797605 ], [ 115.202214, -8.802113 ] ] ] ] } },
{ "type": "Feature", "properties": { "id": 425, "fid": 390, "left": 302260.87303784437, "top": 9026050.6931999996, "right": 303415.57357622357, "bottom": 9025050.6931999996, "schools": 0, "distance_to_school": 396.45, "population": 1231.0, "school_per_1000": 0.0, "access_index": 0.54, "access_status": "Low Access", "interpretation": "Access is limited due to fewer schools or distance", "norm_school": 0.0, "norm_dist": 0.86219289890855899, "norm_pop": 0.022772752445845205 }, "geometry": { "type": "MultiPolygon", "coordinates": [ [ [ [ 115.202171, -8.811154 ], [ 115.204773, -8.815687 ], [ 115.21002, -8.815712 ], [ 115.212666, -8.811204 ], [ 115.210064, -8.806671 ], [ 115.204816, -8.806646 ], [ 115.202171, -8.811154 ] ] ] ] } },
{ "type": "Feature", "properties": { "id": 426, "fid": 391, "left": 302260.87303784437, "top": 9025050.6931999996, "right": 303415.57357622357, "bottom": 9024050.6931999996, "schools": 0, "distance_to_school": 1339.09, "population": 1231.0, "school_per_1000": 0.0, "access_index": 0.41, "access_status": "Very Low Access", "interpretation": "Area lacks adequate access to educational facilities", "norm_school": 0.0, "norm_dist": 0.534533016643016, "norm_pop": 0.022772752445845205 }, "geometry": { "type": "MultiPolygon", "coordinates": [ [ [ [ 115.202127, -8.820195 ], [ 115.204729, -8.824727 ], [ 115.209977, -8.824753 ], [ 115.212622, -8.820245 ], [ 115.21002, -8.815712 ], [ 115.204773, -8.815687 ], [ 115.202127, -8.820195 ] ] ] ] } },
{ "type": "Feature", "properties": { "id": 427, "fid": 392, "left": 302260.87303784437, "top": 9024050.6931999996, "right": 303415.57357622357, "bottom": 9023050.6931999996, "schools": 0, "distance_to_school": 1896.89, "population": 1231.0, "school_per_1000": 0.0, "access_index": 0.33, "access_status": "Very Low Access", "interpretation": "Area lacks adequate access to educational facilities", "norm_school": 0.0, "norm_dist": 0.34064000308723003, "norm_pop": 0.022772752445845205 }, "geometry": { "type": "MultiPolygon", "coordinates": [ [ [ [ 115.202083, -8.829235 ], [ 115.204685, -8.833768 ], [ 115.209933, -8.833793 ], [ 115.212579, -8.829285 ], [ 115.209977, -8.824753 ], [ 115.204729, -8.824727 ], [ 115.202083, -8.829235 ] ] ] ] } },
{ "type": "Feature", "properties": { "id": 428, "fid": 393, "left": 302260.87303784437, "top": 9023050.6931999996, "right": 303415.57357622357, "bottom": 9022050.6931999996, "schools": 0, "distance_to_school": 2691.13, "population": 419.0, "school_per_1000": 0.0, "access_index": 0.22, "access_status": "Very Low Access", "interpretation": "Area lacks adequate access to educational facilities", "norm_school": 0.0, "norm_dist": 0.064562077893619507, "norm_pop": 0.0077086349497867274 }, "geometry": { "type": "MultiPolygon", "coordinates": [ [ [ [ 115.209859, -8.835877 ], [ 115.210871, -8.835427 ], [ 115.209933, -8.833793 ], [ 115.204685, -8.833768 ], [ 115.20204, -8.838276 ], [ 115.202845, -8.83968 ], [ 115.202895, -8.839614 ], [ 115.20314, -8.839149 ], [ 115.203477, -8.838711 ], [ 115.203805, -8.838348 ], [ 115.204102, -8.838121 ], [ 115.204149, -8.838086 ], [ 115.204448, -8.837927 ], [ 115.205185, -8.837679 ], [ 115.206056, -8.837375 ], [ 115.207317, -8.836894 ], [ 115.207864, -8.836664 ], [ 115.207968, -8.836619 ], [ 115.208192, -8.836524 ], [ 115.208685, -8.836378 ], [ 115.209859, -8.835877 ] ] ] ] } },
{ "type": "Feature", "properties": { "id": 560, "fid": 444, "left": 305724.97465298214, "top": 9047050.6931999996, "right": 306879.67519136134, "bottom": 9046050.6931999996, "schools": 1, "distance_to_school": 0.0, "population": 3707.0, "school_per_1000": 0.27, "access_index": 0.61, "access_status": "Moderate Access", "interpretation": "Area has moderate access with reasonable proximity", "norm_school": 0.063827557759640399, "norm_dist": 1.0, "norm_pop": 0.068688605529871868 }, "geometry": { "type": "MultiPolygon", "coordinates": [ [ [ [ 115.234547, -8.621444 ], [ 115.237149, -8.625977 ], [ 115.242394, -8.626001 ], [ 115.245037, -8.621492 ], [ 115.242436, -8.61696 ], [ 115.237191, -8.616936 ], [ 115.234547, -8.621444 ] ] ] ] } },
{ "type": "Feature", "properties": { "id": 430, "fid": 247, "left": 303126.89844162884, "top": 9059550.6931999996, "right": 304281.59898000804, "bottom": 9058550.6931999996, "schools": 1, "distance_to_school": 0.0, "population": 1826.0, "school_per_1000": 0.55, "access_index": 0.65, "access_status": "High Access", "interpretation": "Area has strong access to educational facilities", "norm_school": 0.12960587207936908, "norm_dist": 1.0, "norm_pop": 0.033797907503180569 }, "geometry": { "type": "MultiPolygon", "coordinates": [ [ [ [ 115.211474, -8.508324 ], [ 115.214074, -8.512857 ], [ 115.219318, -8.512881 ], [ 115.22196, -8.508372 ], [ 115.219359, -8.50384 ], [ 115.214116, -8.503816 ], [ 115.211474, -8.508324 ] ] ] ] } },
{ "type": "Feature", "properties": { "id": 431, "fid": 248, "left": 303126.89844162884, "top": 9058550.6931999996, "right": 304281.59898000804, "bottom": 9057550.6931999996, "schools": 0, "distance_to_school": 290.54, "population": 1826.0, "school_per_1000": 0.0, "access_index": 0.55, "access_status": "Moderate Access", "interpretation": "Area has moderate access with reasonable proximity", "norm_school": 0.0, "norm_dist": 0.89900774867384503, "norm_pop": 0.033797907503180569 }, "geometry": { "type": "MultiPolygon", "coordinates": [ [ [ [ 115.211432, -8.517365 ], [ 115.214032, -8.521897 ], [ 115.219276, -8.521922 ], [ 115.221918, -8.517413 ], [ 115.219318, -8.512881 ], [ 115.214074, -8.512857 ], [ 115.211432, -8.517365 ] ] ] ] } },
{ "type": "Feature", "properties": { "id": 432, "fid": 249, "left": 303126.89844162884, "top": 9057550.6931999996, "right": 304281.59898000804, "bottom": 9056550.6931999996, "schools": 0, "distance_to_school": 163.76, "population": 1826.0, "school_per_1000": 0.0, "access_index": 0.57, "access_status": "Moderate Access", "interpretation": "Area has moderate access with reasonable proximity", "norm_school": 0.0, "norm_dist": 0.94307684854126861, "norm_pop": 0.033797907503180569 }, "geometry": { "type": "MultiPolygon", "coordinates": [ [ [ [ 115.21139, -8.526406 ], [ 115.21399, -8.530938 ], [ 115.219234, -8.530963 ], [ 115.221877, -8.526454 ], [ 115.219276, -8.521922 ], [ 115.214032, -8.521897 ], [ 115.21139, -8.526406 ] ] ] ] } },
{ "type": "Feature", "properties": { "id": 434, "fid": 251, "left": 303126.89844162884, "top": 9055550.6931999996, "right": 304281.59898000804, "bottom": 9054550.6931999996, "schools": 2, "distance_to_school": 0.0, "population": 1826.0, "school_per_1000": 1.1, "access_index": 0.7, "access_status": "High Access", "interpretation": "Area has strong access to educational facilities", "norm_school": 0.25921174415873816, "norm_dist": 1.0, "norm_pop": 0.033797907503180569 }, "geometry": { "type": "MultiPolygon", "coordinates": [ [ [ [ 115.211305, -8.544488 ], [ 115.213906, -8.54902 ], [ 115.21915, -8.549044 ], [ 115.221793, -8.544536 ], [ 115.219192, -8.540003 ], [ 115.213948, -8.539979 ], [ 115.211305, -8.544488 ] ] ] ] } },
{ "type": "Feature", "properties": { "id": 435, "fid": 252, "left": 303126.89844162884, "top": 9054550.6931999996, "right": 304281.59898000804, "bottom": 9053550.6931999996, "schools": 0, "distance_to_school": 115.41, "population": 1826.0, "school_per_1000": 0.0, "access_index": 0.58, "access_status": "Moderate Access", "interpretation": "Area has moderate access with reasonable proximity", "norm_school": 0.0, "norm_dist": 0.95988365888561311, "norm_pop": 0.033797907503180569 }, "geometry": { "type": "MultiPolygon", "coordinates": [ [ [ [ 115.211263, -8.553528 ], [ 115.213864, -8.558061 ], [ 115.219108, -8.558085 ], [ 115.221751, -8.553577 ], [ 115.21915, -8.549044 ], [ 115.213906, -8.54902 ], [ 115.211263, -8.553528 ] ] ] ] } },
{ "type": "Feature", "properties": { "id": 441, "fid": 747, "left": 303126.89844162884, "top": 9048550.6931999996, "right": 304281.59898000804, "bottom": 9047550.6931999996, "schools": 0, "distance_to_school": 1071.12, "population": 6335.0, "school_per_1000": 0.0, "access_index": 0.43, "access_status": "Very Low Access", "interpretation": "Area lacks adequate access to educational facilities", "norm_school": 0.0, "norm_dist": 0.62767813164021413, "norm_pop": 0.11741321855586802 }, "geometry": { "type": "MultiPolygon", "coordinates": [ [ [ [ 115.211009, -8.607774 ], [ 115.21361, -8.612306 ], [ 115.218855, -8.612331 ], [ 115.221499, -8.607822 ], [ 115.218897, -8.60329 ], [ 115.213653, -8.603265 ], [ 115.211009, -8.607774 ] ] ] ] } },
{ "type": "Feature", "properties": { "id": 442, "fid": 748, "left": 303126.89844162884, "top": 9047550.6931999996, "right": 304281.59898000804, "bottom": 9046550.6931999996, "schools": 0, "distance_to_school": 911.38, "population": 6335.0, "school_per_1000": 0.0, "access_index": 0.45, "access_status": "Very Low Access", "interpretation": "Area lacks adequate access to educational facilities", "norm_school": 0.0, "norm_dist": 0.68320294708324225, "norm_pop": 0.11741321855586802 }, "geometry": { "type": "MultiPolygon", "coordinates": [ [ [ [ 115.210967, -8.616814 ], [ 115.213568, -8.621347 ], [ 115.218813, -8.621371 ], [ 115.221456, -8.616863 ], [ 115.218855, -8.612331 ], [ 115.21361, -8.612306 ], [ 115.210967, -8.616814 ] ] ] ] } },
{ "type": "Feature", "properties": { "id": 443, "fid": 749, "left": 303126.89844162884, "top": 9046550.6931999996, "right": 304281.59898000804, "bottom": 9045550.6931999996, "schools": 0, "distance_to_school": 345.04, "population": 6335.0, "school_per_1000": 0.0, "access_index": 0.53, "access_status": "Low Access", "interpretation": "Access is limited due to fewer schools or distance", "norm_school": 0.0, "norm_dist": 0.88006419904396438, "norm_pop": 0.11741321855586802 }, "geometry": { "type": "MultiPolygon", "coordinates": [ [ [ [ 115.210924, -8.625855 ], [ 115.213525, -8.630388 ], [ 115.21877, -8.630412 ], [ 115.221414, -8.625904 ], [ 115.218813, -8.621371 ], [ 115.213568, -8.621347 ], [ 115.210924, -8.625855 ] ] ] ] } },
{ "type": "Feature", "properties": { "id": 444, "fid": 750, "left": 303126.89844162884, "top": 9045550.6931999996, "right": 304281.59898000804, "bottom": 9044550.6931999996, "schools": 3, "distance_to_school": 0.0, "population": 6335.0, "school_per_1000": 0.47, "access_index": 0.62, "access_status": "High Access", "interpretation": "Area has strong access to educational facilities", "norm_school": 0.11205968760343482, "norm_dist": 1.0, "norm_pop": 0.11741321855586802 }, "geometry": { "type": "MultiPolygon", "coordinates": [ [ [ [ 115.210882, -8.634896 ], [ 115.213483, -8.639429 ], [ 115.218728, -8.639453 ], [ 115.221372, -8.634945 ], [ 115.21877, -8.630412 ], [ 115.213525, -8.630388 ], [ 115.210882, -8.634896 ] ] ] ] } },
{ "type": "Feature", "properties": { "id": 445, "fid": 751, "left": 303126.89844162884, "top": 9044550.6931999996, "right": 304281.59898000804, "bottom": 9043550.6931999996, "schools": 1, "distance_to_school": 0.0, "population": 6335.0, "school_per_1000": 0.16, "access_index": 0.59, "access_status": "Moderate Access", "interpretation": "Area has moderate access with reasonable proximity", "norm_school": 0.037353229201144943, "norm_dist": 1.0, "norm_pop": 0.11741321855586802 }, "geometry": { "type": "MultiPolygon", "coordinates": [ [ [ [ 115.210839, -8.643937 ], [ 115.21344, -8.64847 ], [ 115.218685, -8.648494 ], [ 115.221329, -8.643986 ], [ 115.218728, -8.639453 ], [ 115.213483, -8.639429 ], [ 115.210839, -8.643937 ] ] ] ] } },
{ "type": "Feature", "properties": { "id": 446, "fid": 752, "left": 303126.89844162884, "top": 9043550.6931999996, "right": 304281.59898000804, "bottom": 9042550.6931999996, "schools": 1, "distance_to_school": 0.0, "population": 6438.0, "school_per_1000": 0.16, "access_index": 0.59, "access_status": "Moderate Access", "interpretation": "Area has moderate access with reasonable proximity", "norm_school": 0.036755760809995999, "norm_dist": 1.0, "norm_pop": 0.11932272526628986 }, "geometry": { "type": "MultiPolygon", "coordinates": [ [ [ [ 115.210796, -8.652978 ], [ 115.213398, -8.65751 ], [ 115.218643, -8.657535 ], [ 115.221287, -8.653027 ], [ 115.218685, -8.648494 ], [ 115.21344, -8.64847 ], [ 115.210796, -8.652978 ] ] ] ] } },
{ "type": "Feature", "properties": { "id": 447, "fid": 686, "left": 303126.89844162884, "top": 9042550.6931999996, "right": 304281.59898000804, "bottom": 9041550.6931999996, "schools": 3, "distance_to_school": 0.0, "population": 9086.0, "school_per_1000": 0.33, "access_index": 0.6, "access_status": "Moderate Access", "interpretation": "Area has moderate access with reasonable proximity", "norm_school": 0.078126202732704986, "norm_dist": 1.0, "norm_pop": 0.1684359163597241 }, "geometry": { "type": "MultiPolygon", "coordinates": [ [ [ [ 115.210754, -8.662019 ], [ 115.213355, -8.666551 ], [ 115.2186, -8.666576 ], [ 115.221244, -8.662068 ], [ 115.218643, -8.657535 ], [ 115.213398, -8.65751 ], [ 115.210754, -8.662019 ] ] ] ] } },
{ "type": "Feature", "properties": { "id": 449, "fid": 688, "left": 303126.89844162884, "top": 9040550.6931999996, "right": 304281.59898000804, "bottom": 9039550.6931999996, "schools": 5, "distance_to_school": 0.0, "population": 5085.0, "school_per_1000": 0.98, "access_index": 0.67, "access_status": "High Access", "interpretation": "Area has strong access to educational facilities", "norm_school": 0.23268764786907239, "norm_dist": 1.0, "norm_pop": 0.094229962859301145 }, "geometry": { "type": "MultiPolygon", "coordinates": [ [ [ [ 115.210668, -8.6801 ], [ 115.213269, -8.684633 ], [ 115.218515, -8.684657 ], [ 115.221159, -8.680149 ], [ 115.218558, -8.675617 ], [ 115.213312, -8.675592 ], [ 115.210668, -8.6801 ] ] ] ] } },
{ "type": "Feature", "properties": { "id": 450, "fid": 689, "left": 303126.89844162884, "top": 9039550.6931999996, "right": 304281.59898000804, "bottom": 9038550.6931999996, "schools": 0, "distance_to_school": 40.16, "population": 3222.0, "school_per_1000": 0.0, "access_index": 0.58, "access_status": "Moderate Access", "interpretation": "Area has moderate access with reasonable proximity", "norm_school": 0.0, "norm_dist": 0.98604056781537952, "norm_pop": 0.059695250905656846 }, "geometry": { "type": "MultiPolygon", "coordinates": [ [ [ [ 115.210625, -8.689141 ], [ 115.213227, -8.693674 ], [ 115.218472, -8.693698 ], [ 115.221117, -8.68919 ], [ 115.218515, -8.684657 ], [ 115.213269, -8.684633 ], [ 115.210625, -8.689141 ] ] ] ] } },
{ "type": "Feature", "properties": { "id": 451, "fid": 690, "left": 303126.89844162884, "top": 9038550.6931999996, "right": 304281.59898000804, "bottom": 9037550.6931999996, "schools": 4, "distance_to_school": 0.0, "population": 3222.0, "school_per_1000": 1.24, "access_index": 0.71, "access_status": "High Access", "interpretation": "Area has strong access to educational facilities", "norm_school": 0.29373648160794619, "norm_dist": 1.0, "norm_pop": 0.059695250905656846 }, "geometry": { "type": "MultiPolygon", "coordinates": [ [ [ [ 115.210582, -8.698182 ], [ 115.213184, -8.702715 ], [ 115.21843, -8.702739 ], [ 115.221074, -8.698231 ], [ 115.218472, -8.693698 ], [ 115.213227, -8.693674 ], [ 115.210582, -8.698182 ] ] ] ] } },
{ "type": "Feature", "properties": { "id": 452, "fid": 691, "left": 303126.89844162884, "top": 9037550.6931999996, "right": 304281.59898000804, "bottom": 9036550.6931999996, "schools": 2, "distance_to_school": 0.0, "population": 3222.0, "school_per_1000": 0.62, "access_index": 0.65, "access_status": "High Access", "interpretation": "Area has strong access to educational facilities", "norm_school": 0.14686824080397309, "norm_dist": 1.0, "norm_pop": 0.059695250905656846 }, "geometry": { "type": "MultiPolygon", "coordinates": [ [ [ [ 115.210539, -8.707223 ], [ 115.213141, -8.711755 ], [ 115.218387, -8.71178 ], [ 115.221031, -8.707272 ], [ 115.21843, -8.702739 ], [ 115.213184, -8.702715 ], [ 115.210539, -8.707223 ] ] ] ] } },
{ "type": "Feature", "properties": { "id": 453, "fid": 692, "left": 303126.89844162884, "top": 9036550.6931999996, "right": 304281.59898000804, "bottom": 9035550.6931999996, "schools": 1, "distance_to_school": 0.0, "population": 3222.0, "school_per_1000": 0.31, "access_index": 0.62, "access_status": "High Access", "interpretation": "Area has strong access to educational facilities", "norm_school": 0.073434120401986547, "norm_dist": 1.0, "norm_pop": 0.059695250905656846 }, "geometry": { "type": "MultiPolygon", "coordinates": [ [ [ [ 115.210496, -8.716263 ], [ 115.213098, -8.720796 ], [ 115.218344, -8.720821 ], [ 115.220989, -8.716313 ], [ 115.218387, -8.71178 ], [ 115.213141, -8.711755 ], [ 115.210496, -8.716263 ] ] ] ] } },
{ "type": "Feature", "properties": { "id": 454, "fid": 693, "left": 303126.89844162884, "top": 9035550.6931999996, "right": 304281.59898000804, "bottom": 9034550.6931999996, "schools": 0, "distance_to_school": 734.06, "population": 2575.0, "school_per_1000": 0.0, "access_index": 0.49, "access_status": "Very Low Access", "interpretation": "Area lacks adequate access to educational facilities", "norm_school": 0.0, "norm_dist": 0.74484139415135242, "norm_pop": 0.047695075524532622 }, "geometry": { "type": "MultiPolygon", "coordinates": [ [ [ [ 115.220035, -8.726892 ], [ 115.220043, -8.726892 ], [ 115.220946, -8.725354 ], [ 115.218344, -8.720821 ], [ 115.213098, -8.720796 ], [ 115.210453, -8.725304 ], [ 115.212874, -8.729522 ], [ 115.213014, -8.728826 ], [ 115.213254, -8.727887 ], [ 115.213336, -8.727566 ], [ 115.213684, -8.726203 ], [ 115.213875, -8.726231 ], [ 115.213875, -8.726231 ], [ 115.214085, -8.726468 ], [ 115.214161, -8.726561 ], [ 115.214809, -8.726633 ], [ 115.215083, -8.72666 ], [ 115.215208, -8.726697 ], [ 115.215273, -8.726794 ], [ 115.215289, -8.726906 ], [ 115.215384, -8.72703 ], [ 115.215483, -8.727064 ], [ 115.21627, -8.726945 ], [ 115.216476, -8.726867 ], [ 115.216476, -8.726867 ], [ 115.216638, -8.726731 ], [ 115.216638, -8.726731 ], [ 115.216877, -8.72649 ], [ 115.217101, -8.726341 ], [ 115.217239, -8.726298 ], [ 115.217442, -8.726335 ], [ 115.217677, -8.726458 ], [ 115.217853, -8.726582 ], [ 115.218074, -8.72661 ], [ 115.218274, -8.726558 ], [ 115.218487, -8.726464 ], [ 115.218681, -8.72642 ], [ 115.218807, -8.726427 ], [ 115.219059, -8.726689 ], [ 115.219193, -8.726825 ], [ 115.21984, -8.726876 ], [ 115.220035, -8.726892 ] ] ], [ [ [ 115.213443, -8.72914 ], [ 115.213402, -8.729839 ], [ 115.218301, -8.729862 ], [ 115.218322, -8.729826 ], [ 115.218164, -8.729578 ], [ 115.217231, -8.729026 ], [ 115.216089, -8.72876 ], [ 115.214452, -8.728398 ], [ 115.213862, -8.728322 ], [ 115.213709, -8.72855 ], [ 115.213443, -8.72914 ] ] ] ] } },
{ "type": "Feature", "properties": { "id": 455, "fid": 694, "left": 303126.89844162884, "top": 9034550.6931999996, "right": 304281.59898000804, "bottom": 9033550.6931999996, "schools": 0, "distance_to_school": 1498.05, "population": 1350.0, "school_per_1000": 0.0, "access_index": 0.39, "access_status": "Very Low Access", "interpretation": "Area lacks adequate access to educational facilities", "norm_school": 0.0, "norm_dist": 0.47927888085033948, "norm_pop": 0.024985663282699515 }, "geometry": { "type": "MultiPolygon", "coordinates": [ [ [ [ 115.212447, -8.731651 ], [ 115.212684, -8.73047 ], [ 115.211386, -8.732682 ], [ 115.211386, -8.732717 ], [ 115.211575, -8.7328 ], [ 115.211699, -8.732772 ], [ 115.211741, -8.732686 ], [ 115.21177, -8.732543 ], [ 115.211856, -8.732239 ], [ 115.212074, -8.731839 ], [ 115.212131, -8.731849 ], [ 115.212299, -8.731853 ], [ 115.212421, -8.731856 ], [ 115.212438, -8.731719 ], [ 115.212447, -8.731651 ] ] ], [ [ [ 115.213272, -8.737478 ], [ 115.212872, -8.737307 ], [ 115.212659, -8.736982 ], [ 115.212852, -8.736174 ], [ 115.213119, -8.73626 ], [ 115.213728, -8.736317 ], [ 115.213957, -8.735727 ], [ 115.214338, -8.735175 ], [ 115.215023, -8.734337 ], [ 115.215689, -8.733671 ], [ 115.216355, -8.733309 ], [ 115.216812, -8.733252 ], [ 115.217364, -8.732795 ], [ 115.218164, -8.731882 ], [ 115.21902, -8.73112 ], [ 115.21902, -8.731113 ], [ 115.218301, -8.729862 ], [ 115.213402, -8.729839 ], [ 115.213386, -8.730111 ], [ 115.213024, -8.731139 ], [ 115.212834, -8.731615 ], [ 115.212777, -8.731958 ], [ 115.212701, -8.732643 ], [ 115.212605, -8.732967 ], [ 115.212301, -8.73329 ], [ 115.211814, -8.734724 ], [ 115.211645, -8.735221 ], [ 115.211591, -8.735418 ], [ 115.2115, -8.735746 ], [ 115.21145, -8.735927 ], [ 115.211407, -8.736081 ], [ 115.213012, -8.738878 ], [ 115.213318, -8.738879 ], [ 115.213397, -8.738588 ], [ 115.213518, -8.738172 ], [ 115.213688, -8.737589 ], [ 115.213665, -8.737517 ], [ 115.213558, -8.737499 ], [ 115.213272, -8.737478 ] ] ] ] } },
{ "type": "Feature", "properties": { "id": 471, "fid": 260, "left": 303992.92384541326, "top": 9058050.6931999996, "right": 305147.62438379246, "bottom": 9057050.6931999996, "schools": 0, "distance_to_school": 1046.83, "population": 1826.0, "school_per_1000": 0.0, "access_index": 0.45, "access_status": "Very Low Access", "interpretation": "Area lacks adequate access to educational facilities", "norm_school": 0.0, "norm_dist": 0.63612107257619843, "norm_pop": 0.033797907503180569 }, "geometry": { "type": "MultiPolygon", "coordinates": [ [ [ [ 115.219276, -8.521922 ], [ 115.221877, -8.526454 ], [ 115.22712, -8.526478 ], [ 115.229763, -8.52197 ], [ 115.227162, -8.517437 ], [ 115.221918, -8.517413 ], [ 115.219276, -8.521922 ] ] ] ] } },
{ "type": "Feature", "properties": { "id": 456, "fid": 695, "left": 303126.89844162884, "top": 9033550.6931999996, "right": 304281.59898000804, "bottom": 9032550.6931999996, "schools": 0, "distance_to_school": 710.87, "population": 694.0, "school_per_1000": 0.0, "access_index": 0.5, "access_status": "Low Access", "interpretation": "Access is limited due to fewer schools or distance", "norm_school": 0.0, "norm_dist": 0.75290167724199086, "norm_pop": 0.012818522297405766 }, "geometry": { "type": "MultiPolygon", "coordinates": [ [ [ [ 115.213218, -8.739248 ], [ 115.213318, -8.738879 ], [ 115.213012, -8.738878 ], [ 115.210367, -8.743386 ], [ 115.211092, -8.744648 ], [ 115.211306, -8.7447 ], [ 115.211871, -8.744807 ], [ 115.212015, -8.744835 ], [ 115.212506, -8.742704 ], [ 115.2126, -8.742261 ], [ 115.212551, -8.742216 ], [ 115.212751, -8.741143 ], [ 115.212804, -8.740856 ], [ 115.21272, -8.740801 ], [ 115.212719, -8.740801 ], [ 115.212719, -8.740801 ], [ 115.21274, -8.740622 ], [ 115.21276, -8.740444 ], [ 115.212886, -8.740104 ], [ 115.213011, -8.739764 ], [ 115.213218, -8.739248 ] ] ], [ [ [ 115.218074, -8.747744 ], [ 115.218209, -8.747943 ], [ 115.218215, -8.747943 ], [ 115.22086, -8.743435 ], [ 115.219506, -8.741077 ], [ 115.219478, -8.741283 ], [ 115.219436, -8.741471 ], [ 115.219354, -8.74184 ], [ 115.219335, -8.741926 ], [ 115.219199, -8.742281 ], [ 115.219061, -8.74264 ], [ 115.218907, -8.743008 ], [ 115.218674, -8.74373 ], [ 115.218645, -8.743821 ], [ 115.218133, -8.745412 ], [ 115.218095, -8.745549 ], [ 115.217824, -8.746506 ], [ 115.2178, -8.746911 ], [ 115.217895, -8.747315 ], [ 115.218074, -8.747744 ] ] ] ] } },
{ "type": "Feature", "properties": { "id": 457, "fid": 394, "left": 303126.89844162884, "top": 9032550.6931999996, "right": 304281.59898000804, "bottom": 9031550.6931999996, "schools": 0, "distance_to_school": 47.84, "population": 218.0, "school_per_1000": 0.0, "access_index": 0.59, "access_status": "Moderate Access", "interpretation": "Area has moderate access with reasonable proximity", "norm_school": 0.0, "norm_dist": 0.98337115973948575, "norm_pop": 0.003991170400056857 }, "geometry": { "type": "MultiPolygon", "coordinates": [ [ [ [ 115.220639, -8.75278 ], [ 115.220372, -8.752722 ], [ 115.219981, -8.752868 ], [ 115.219753, -8.752773 ], [ 115.219538, -8.752799 ], [ 115.219382, -8.752949 ], [ 115.219068, -8.752863 ], [ 115.218701, -8.752701 ], [ 115.218408, -8.75244 ], [ 115.21837, -8.752404 ], [ 115.218167, -8.752385 ], [ 115.217899, -8.752442 ], [ 115.217681, -8.752559 ], [ 115.217389, -8.752838 ], [ 115.217261, -8.753014 ], [ 115.216989, -8.753389 ], [ 115.216806, -8.753747 ], [ 115.216482, -8.754763 ], [ 115.216379, -8.755162 ], [ 115.216265, -8.755612 ], [ 115.216029, -8.756059 ], [ 115.215819, -8.756581 ], [ 115.215818, -8.756582 ], [ 115.215722, -8.756895 ], [ 115.21571, -8.756972 ], [ 115.218172, -8.756984 ], [ 115.220639, -8.75278 ] ] ], [ [ [ 115.218209, -8.747943 ], [ 115.218252, -8.748007 ], [ 115.218215, -8.747943 ], [ 115.218209, -8.747943 ] ] ] ] } },
{ "type": "Feature", "properties": { "id": 481, "fid": 753, "left": 303992.92384541326, "top": 9048050.6931999996, "right": 305147.62438379246, "bottom": 9047050.6931999996, "schools": 0, "distance_to_school": 1100.72, "population": 6335.0, "school_per_1000": 0.0, "access_index": 0.42, "access_status": "Very Low Access", "interpretation": "Area lacks adequate access to educational facilities", "norm_school": 0.0, "norm_dist": 0.6173894778228437, "norm_pop": 0.11741321855586802 }, "geometry": { "type": "MultiPolygon", "coordinates": [ [ [ [ 115.218855, -8.612331 ], [ 115.221456, -8.616863 ], [ 115.226701, -8.616887 ], [ 115.229345, -8.612379 ], [ 115.226743, -8.607847 ], [ 115.221499, -8.607822 ], [ 115.218855, -8.612331 ] ] ] ] } },
{ "type": "Feature", "properties": { "id": 482, "fid": 754, "left": 303992.92384541326, "top": 9047050.6931999996, "right": 305147.62438379246, "bottom": 9046050.6931999996, "schools": 0, "distance_to_school": 657.44, "population": 6335.0, "school_per_1000": 0.0, "access_index": 0.49, "access_status": "Very Low Access", "interpretation": "Area lacks adequate access to educational facilities", "norm_school": 0.0, "norm_dist": 0.77147424852200519, "norm_pop": 0.11741321855586802 }, "geometry": { "type": "MultiPolygon", "coordinates": [ [ [ [ 115.218813, -8.621371 ], [ 115.221414, -8.625904 ], [ 115.226659, -8.625928 ], [ 115.229302, -8.62142 ], [ 115.226701, -8.616887 ], [ 115.221456, -8.616863 ], [ 115.218813, -8.621371 ] ] ] ] } },
{ "type": "Feature", "properties": { "id": 458, "fid": 395, "left": 303126.89844162884, "top": 9031550.6931999996, "right": 304281.59898000804, "bottom": 9030550.6931999996, "schools": 0, "distance_to_school": 156.88, "population": 527.0, "school_per_1000": 0.0, "access_index": 0.58, "access_status": "Moderate Access", "interpretation": "Area has moderate access with reasonable proximity", "norm_school": 0.0, "norm_dist": 0.94546967731531106, "norm_pop": 0.0097154824667610891 }, "geometry": { "type": "MultiPolygon", "coordinates": [ [ [ [ 115.215593, -8.765854 ], [ 115.215647, -8.766013 ], [ 115.218129, -8.766025 ], [ 115.220774, -8.761517 ], [ 115.218172, -8.756984 ], [ 115.21571, -8.756972 ], [ 115.215683, -8.757154 ], [ 115.215669, -8.757247 ], [ 115.215686, -8.757333 ], [ 115.216279, -8.757527 ], [ 115.216453, -8.757577 ], [ 115.216579, -8.757683 ], [ 115.216751, -8.757932 ], [ 115.216926, -8.758575 ], [ 115.216986, -8.758796 ], [ 115.217028, -8.758952 ], [ 115.217047, -8.759009 ], [ 115.217146, -8.759305 ], [ 115.21728, -8.759635 ], [ 115.21732, -8.759811 ], [ 115.217274, -8.759944 ], [ 115.217132, -8.760083 ], [ 115.216917, -8.76018 ], [ 115.216566, -8.76022 ], [ 115.216389, -8.760234 ], [ 115.216231, -8.760319 ], [ 115.216056, -8.760528 ], [ 115.215959, -8.760781 ], [ 115.215926, -8.762339 ], [ 115.215904, -8.762812 ], [ 115.215815, -8.763277 ], [ 115.215709, -8.763812 ], [ 115.215627, -8.764492 ], [ 115.215591, -8.765457 ], [ 115.215593, -8.765827 ], [ 115.215593, -8.765854 ] ] ], [ [ [ 115.214073, -8.758541 ], [ 115.214073, -8.758544 ], [ 115.214113, -8.758786 ], [ 115.214203, -8.758907 ], [ 115.214339, -8.758976 ], [ 115.214385, -8.758974 ], [ 115.214414, -8.758823 ], [ 115.214376, -8.758584 ], [ 115.214358, -8.758195 ], [ 115.214319, -8.757316 ], [ 115.214249, -8.757213 ], [ 115.214141, -8.757159 ], [ 115.214138, -8.757159 ], [ 115.214044, -8.757174 ], [ 115.213968, -8.757243 ], [ 115.213943, -8.757378 ], [ 115.213954, -8.757749 ], [ 115.214011, -8.758069 ], [ 115.214073, -8.758541 ] ] ] ] } },
{ "type": "Feature", "properties": { "id": 459, "fid": 396, "left": 303126.89844162884, "top": 9030550.6931999996, "right": 304281.59898000804, "bottom": 9029550.6931999996, "schools": 0, "distance_to_school": 477.01, "population": 436.0, "school_per_1000": 0.0, "access_index": 0.53, "access_status": "Low Access", "interpretation": "Access is limited due to fewer schools or distance", "norm_school": 0.0, "norm_dist": 0.83419232092881435, "norm_pop": 0.0080346408492564768 }, "geometry": { "type": "MultiPolygon", "coordinates": [ [ [ [ 115.214424, -8.774912 ], [ 115.21433, -8.775048 ], [ 115.218086, -8.775066 ], [ 115.220731, -8.770558 ], [ 115.218129, -8.766025 ], [ 115.215647, -8.766013 ], [ 115.21617, -8.767556 ], [ 115.216268, -8.767862 ], [ 115.216371, -8.768181 ], [ 115.216506, -8.768622 ], [ 115.216517, -8.768643 ], [ 115.216944, -8.769448 ], [ 115.217256, -8.770078 ], [ 115.217476, -8.770764 ], [ 115.217604, -8.771397 ], [ 115.217646, -8.772249 ], [ 115.217613, -8.772596 ], [ 115.217493, -8.773 ], [ 115.217472, -8.773037 ], [ 115.217364, -8.77323 ], [ 115.217257, -8.773287 ], [ 115.21591, -8.774 ], [ 115.215769, -8.774075 ], [ 115.215213, -8.774305 ], [ 115.214943, -8.774408 ], [ 115.214723, -8.774566 ], [ 115.214424, -8.774912 ] ] ] ] } },
{ "type": "Feature", "properties": { "id": 460, "fid": 397, "left": 303126.89844162884, "top": 9029550.6931999996, "right": 304281.59898000804, "bottom": 9028550.6931999996, "schools": 0, "distance_to_school": 1338.63, "population": 657.0, "school_per_1000": 0.0, "access_index": 0.41, "access_status": "Very Low Access", "interpretation": "Area lacks adequate access to educational facilities", "norm_school": 0.0, "norm_dist": 0.53469341676238624, "norm_pop": 0.012123341399040968 }, "geometry": { "type": "MultiPolygon", "coordinates": [ [ [ [ 115.21631, -8.783376 ], [ 115.216622, -8.7841 ], [ 115.218043, -8.784106 ], [ 115.220688, -8.779598 ], [ 115.218086, -8.775066 ], [ 115.21433, -8.775048 ], [ 115.214134, -8.775331 ], [ 115.214012, -8.775575 ], [ 115.213963, -8.775824 ], [ 115.214005, -8.77629 ], [ 115.214214, -8.777246 ], [ 115.214363, -8.777709 ], [ 115.214573, -8.77808 ], [ 115.21484, -8.778431 ], [ 115.215079, -8.778962 ], [ 115.215148, -8.779115 ], [ 115.215267, -8.779497 ], [ 115.215614, -8.780614 ], [ 115.216144, -8.782802 ], [ 115.216231, -8.783102 ], [ 115.21631, -8.783376 ] ] ] ] } },
{ "type": "Feature", "properties": { "id": 461, "fid": 398, "left": 303126.89844162884, "top": 9028550.6931999996, "right": 304281.59898000804, "bottom": 9027550.6931999996, "schools": 0, "distance_to_school": 815.94, "population": 969.0, "school_per_1000": 0.0, "access_index": 0.48, "access_status": "Very Low Access", "interpretation": "Area lacks adequate access to educational facilities", "norm_school": 0.0, "norm_dist": 0.7163796313865598, "norm_pop": 0.017914653158031296 }, "geometry": { "type": "MultiPolygon", "coordinates": [ [ [ [ 115.212233, -8.78614 ], [ 115.211659, -8.786019 ], [ 115.210151, -8.78859 ], [ 115.212753, -8.793122 ], [ 115.218, -8.793147 ], [ 115.220645, -8.788639 ], [ 115.21978, -8.787133 ], [ 115.219486, -8.787114 ], [ 115.217887, -8.787092 ], [ 115.217548, -8.787157 ], [ 115.217358, -8.787184 ], [ 115.216904, -8.786976 ], [ 115.215626, -8.786396 ], [ 115.215457, -8.786342 ], [ 115.215268, -8.786347 ], [ 115.214995, -8.786445 ], [ 115.214798, -8.786577 ], [ 115.214644, -8.786858 ], [ 115.214591, -8.786938 ], [ 115.214474, -8.78702 ], [ 115.21441, -8.787048 ], [ 115.214346, -8.787062 ], [ 115.213904, -8.786861 ], [ 115.213201, -8.7866 ], [ 115.21292, -8.786464 ], [ 115.212898, -8.786454 ], [ 115.212674, -8.786348 ], [ 115.212233, -8.78614 ] ] ], [ [ [ 115.218659, -8.786248 ], [ 115.219474, -8.786599 ], [ 115.218043, -8.784106 ], [ 115.216622, -8.7841 ], [ 115.216706, -8.784295 ], [ 115.216935, -8.784718 ], [ 115.216955, -8.784744 ], [ 115.217262, -8.785144 ], [ 115.217562, -8.785436 ], [ 115.218121, -8.78587 ], [ 115.218659, -8.786248 ] ] ] ] } },
{ "type": "Feature", "properties": { "id": 462, "fid": 399, "left": 303126.89844162884, "top": 9027550.6931999996, "right": 304281.59898000804, "bottom": 9026550.6931999996, "schools": 0, "distance_to_school": 140.48, "population": 1231.0, "school_per_1000": 0.0, "access_index": 0.58, "access_status": "Moderate Access", "interpretation": "Area has moderate access with reasonable proximity", "norm_school": 0.0, "norm_dist": 0.95116804776617259, "norm_pop": 0.022772752445845205 }, "geometry": { "type": "MultiPolygon", "coordinates": [ [ [ [ 115.210107, -8.79763 ], [ 115.212709, -8.802163 ], [ 115.217957, -8.802188 ], [ 115.220602, -8.79768 ], [ 115.218, -8.793147 ], [ 115.212753, -8.793122 ], [ 115.210107, -8.79763 ] ] ] ] } },
{ "type": "Feature", "properties": { "id": 463, "fid": 400, "left": 303126.89844162884, "top": 9026550.6931999996, "right": 304281.59898000804, "bottom": 9025550.6931999996, "schools": 0, "distance_to_school": 361.47, "population": 1231.0, "school_per_1000": 0.0, "access_index": 0.55, "access_status": "Low Access", "interpretation": "Access is limited due to fewer schools or distance", "norm_school": 0.0, "norm_dist": 0.87435347232226446, "norm_pop": 0.022772752445845205 }, "geometry": { "type": "MultiPolygon", "coordinates": [ [ [ [ 115.210064, -8.806671 ], [ 115.212666, -8.811204 ], [ 115.217913, -8.811229 ], [ 115.220559, -8.806721 ], [ 115.217957, -8.802188 ], [ 115.212709, -8.802163 ], [ 115.210064, -8.806671 ] ] ] ] } },
{ "type": "Feature", "properties": { "id": 464, "fid": 401, "left": 303126.89844162884, "top": 9025550.6931999996, "right": 304281.59898000804, "bottom": 9024550.6931999996, "schools": 0, "distance_to_school": 1024.44, "population": 1231.0, "school_per_1000": 0.0, "access_index": 0.45, "access_status": "Very Low Access", "interpretation": "Area lacks adequate access to educational facilities", "norm_school": 0.0, "norm_dist": 0.64390566217450618, "norm_pop": 0.022772752445845205 }, "geometry": { "type": "MultiPolygon", "coordinates": [ [ [ [ 115.21002, -8.815712 ], [ 115.212622, -8.820245 ], [ 115.21787, -8.82027 ], [ 115.220515, -8.815762 ], [ 115.217913, -8.811229 ], [ 115.212666, -8.811204 ], [ 115.21002, -8.815712 ] ] ] ] } },
{ "type": "Feature", "properties": { "id": 465, "fid": 402, "left": 303126.89844162884, "top": 9024550.6931999996, "right": 304281.59898000804, "bottom": 9023550.6931999996, "schools": 0, "distance_to_school": 1960.2, "population": 1231.0, "school_per_1000": 0.0, "access_index": 0.32, "access_status": "Very Low Access", "interpretation": "Area lacks adequate access to educational facilities", "norm_school": 0.0, "norm_dist": 0.3186349308280601, "norm_pop": 0.022772752445845205 }, "geometry": { "type": "MultiPolygon", "coordinates": [ [ [ [ 115.209977, -8.824753 ], [ 115.212579, -8.829285 ], [ 115.217827, -8.82931 ], [ 115.220472, -8.824802 ], [ 115.21787, -8.82027 ], [ 115.212622, -8.820245 ], [ 115.209977, -8.824753 ] ] ] ] } },
{ "type": "Feature", "properties": { "id": 466, "fid": 403, "left": 303126.89844162884, "top": 9023550.6931999996, "right": 304281.59898000804, "bottom": 9022550.6931999996, "schools": 0, "distance_to_school": 2876.87, "population": 620.0, "school_per_1000": 0.0, "access_index": 0.2, "access_status": "Very Low Access", "interpretation": "Area lacks adequate access to educational facilities", "norm_school": 0.0, "norm_dist": 0.0, "norm_pop": 0.0114379179735057 }, "geometry": { "type": "MultiPolygon", "coordinates": [ [ [ [ 115.218712, -8.83168 ], [ 115.218954, -8.831274 ], [ 115.217827, -8.82931 ], [ 115.212579, -8.829285 ], [ 115.209933, -8.833793 ], [ 115.210871, -8.835427 ], [ 115.211788, -8.835018 ], [ 115.212399, -8.83483 ], [ 115.213067, -8.834666 ], [ 115.213748, -8.834495 ], [ 115.213748, -8.834495 ], [ 115.214631, -8.834247 ], [ 115.21614, -8.833806 ], [ 115.216949, -8.833524 ], [ 115.217182, -8.833408 ], [ 115.217559, -8.833119 ], [ 115.217897, -8.832791 ], [ 115.218427, -8.832127 ], [ 115.218712, -8.83168 ] ] ] ] } },
{ "type": "Feature", "properties": { "id": 469, "fid": 258, "left": 303992.92384541326, "top": 9060050.6931999996, "right": 305147.62438379246, "bottom": 9059050.6931999996, "schools": 0, "distance_to_school": 831.19, "population": 1731.0, "school_per_1000": 0.0, "access_index": 0.48, "access_status": "Very Low Access", "interpretation": "Area lacks adequate access to educational facilities", "norm_school": 0.0, "norm_dist": 0.71107799928406767, "norm_pop": 0.032037466552590217 }, "geometry": { "type": "MultiPolygon", "coordinates": [ [ [ [ 115.227615, -8.500001 ], [ 115.22161, -8.500001 ], [ 115.219359, -8.50384 ], [ 115.22196, -8.508372 ], [ 115.227203, -8.508396 ], [ 115.229846, -8.503888 ], [ 115.227615, -8.500001 ] ] ] ] } },
{ "type": "Feature", "properties": { "id": 470, "fid": 259, "left": 303992.92384541326, "top": 9059050.6931999996, "right": 305147.62438379246, "bottom": 9058050.6931999996, "schools": 0, "distance_to_school": 622.18, "population": 1826.0, "school_per_1000": 0.0, "access_index": 0.51, "access_status": "Low Access", "interpretation": "Access is limited due to fewer schools or distance", "norm_school": 0.0, "norm_dist": 0.78373188348744327, "norm_pop": 0.033797907503180569 }, "geometry": { "type": "MultiPolygon", "coordinates": [ [ [ [ 115.219318, -8.512881 ], [ 115.221918, -8.517413 ], [ 115.227162, -8.517437 ], [ 115.229804, -8.512929 ], [ 115.227203, -8.508396 ], [ 115.22196, -8.508372 ], [ 115.219318, -8.512881 ] ] ] ] } },
{ "type": "Feature", "properties": { "id": 472, "fid": 261, "left": 303992.92384541326, "top": 9057050.6931999996, "right": 305147.62438379246, "bottom": 9056050.6931999996, "schools": 0, "distance_to_school": 1163.76, "population": 1826.0, "school_per_1000": 0.0, "access_index": 0.43, "access_status": "Very Low Access", "interpretation": "Area lacks adequate access to educational facilities", "norm_school": 0.0, "norm_dist": 0.59547675047637594, "norm_pop": 0.033797907503180569 }, "geometry": { "type": "MultiPolygon", "coordinates": [ [ [ [ 115.219234, -8.530963 ], [ 115.221835, -8.535495 ], [ 115.227078, -8.535519 ], [ 115.229721, -8.531011 ], [ 115.22712, -8.526478 ], [ 115.221877, -8.526454 ], [ 115.219234, -8.530963 ] ] ] ] } },
{ "type": "Feature", "properties": { "id": 473, "fid": 262, "left": 303992.92384541326, "top": 9056050.6931999996, "right": 305147.62438379246, "bottom": 9055050.6931999996, "schools": 0, "distance_to_school": 590.77, "population": 1826.0, "school_per_1000": 0.0, "access_index": 0.51, "access_status": "Low Access", "interpretation": "Access is limited due to fewer schools or distance", "norm_school": 0.0, "norm_dist": 0.79464700635958263, "norm_pop": 0.033797907503180569 }, "geometry": { "type": "MultiPolygon", "coordinates": [ [ [ [ 115.219192, -8.540003 ], [ 115.221793, -8.544536 ], [ 115.227037, -8.54456 ], [ 115.229679, -8.540051 ], [ 115.227078, -8.535519 ], [ 115.221835, -8.535495 ], [ 115.219192, -8.540003 ] ] ] ] } },
{ "type": "Feature", "properties": { "id": 474, "fid": 263, "left": 303992.92384541326, "top": 9055050.6931999996, "right": 305147.62438379246, "bottom": 9054050.6931999996, "schools": 2, "distance_to_school": 0.0, "population": 1826.0, "school_per_1000": 1.1, "access_index": 0.7, "access_status": "High Access", "interpretation": "Area has strong access to educational facilities", "norm_school": 0.25921174415873816, "norm_dist": 1.0, "norm_pop": 0.033797907503180569 }, "geometry": { "type": "MultiPolygon", "coordinates": [ [ [ [ 115.21915, -8.549044 ], [ 115.221751, -8.553577 ], [ 115.226995, -8.553601 ], [ 115.229638, -8.549092 ], [ 115.227037, -8.54456 ], [ 115.221793, -8.544536 ], [ 115.21915, -8.549044 ] ] ] ] } },
{ "type": "Feature", "properties": { "id": 475, "fid": 264, "left": 303992.92384541326, "top": 9054050.6931999996, "right": 305147.62438379246, "bottom": 9053050.6931999996, "schools": 0, "distance_to_school": 309.23, "population": 1826.0, "school_per_1000": 0.0, "access_index": 0.55, "access_status": "Moderate Access", "interpretation": "Area has moderate access with reasonable proximity", "norm_school": 0.0, "norm_dist": 0.89251077267896095, "norm_pop": 0.033797907503180569 }, "geometry": { "type": "MultiPolygon", "coordinates": [ [ [ [ 115.219108, -8.558085 ], [ 115.221709, -8.562618 ], [ 115.226953, -8.562642 ], [ 115.229596, -8.558133 ], [ 115.226995, -8.553601 ], [ 115.221751, -8.553577 ], [ 115.219108, -8.558085 ] ] ] ] } },
{ "type": "Feature", "properties": { "id": 477, "fid": 266, "left": 303992.92384541326, "top": 9052050.6931999996, "right": 305147.62438379246, "bottom": 9051050.6931999996, "schools": 0, "distance_to_school": 187.25, "population": 1826.0, "school_per_1000": 0.0, "access_index": 0.57, "access_status": "Moderate Access", "interpretation": "Area has moderate access with reasonable proximity", "norm_school": 0.0, "norm_dist": 0.93491262318540724, "norm_pop": 0.033797907503180569 }, "geometry": { "type": "MultiPolygon", "coordinates": [ [ [ [ 115.219024, -8.576167 ], [ 115.221625, -8.5807 ], [ 115.226869, -8.580724 ], [ 115.229512, -8.576215 ], [ 115.226911, -8.571683 ], [ 115.221667, -8.571659 ], [ 115.219024, -8.576167 ] ] ] ] } },
{ "type": "Feature", "properties": { "id": 478, "fid": 267, "left": 303992.92384541326, "top": 9051050.6931999996, "right": 305147.62438379246, "bottom": 9050050.6931999996, "schools": 0, "distance_to_school": 899.72, "population": 1826.0, "school_per_1000": 0.0, "access_index": 0.47, "access_status": "Very Low Access", "interpretation": "Area lacks adequate access to educational facilities", "norm_school": 0.0, "norm_dist": 0.68725664391676466, "norm_pop": 0.033797907503180569 }, "geometry": { "type": "MultiPolygon", "coordinates": [ [ [ [ 115.218982, -8.585208 ], [ 115.221583, -8.58974 ], [ 115.226827, -8.589765 ], [ 115.22947, -8.585256 ], [ 115.226869, -8.580724 ], [ 115.221625, -8.5807 ], [ 115.218982, -8.585208 ] ] ] ] } },
{ "type": "Feature", "properties": { "id": 479, "fid": 268, "left": 303992.92384541326, "top": 9050050.6931999996, "right": 305147.62438379246, "bottom": 9049050.6931999996, "schools": 1, "distance_to_school": 0.0, "population": 3394.0, "school_per_1000": 0.29, "access_index": 0.62, "access_status": "High Access", "interpretation": "Area has strong access to educational facilities", "norm_school": 0.069721609102488591, "norm_dist": 1.0, "norm_pop": 0.062876973481967025 }, "geometry": { "type": "MultiPolygon", "coordinates": [ [ [ [ 115.21894, -8.594249 ], [ 115.221541, -8.598781 ], [ 115.226785, -8.598806 ], [ 115.229429, -8.594297 ], [ 115.226827, -8.589765 ], [ 115.221583, -8.58974 ], [ 115.21894, -8.594249 ] ] ] ] } },
{ "type": "Feature", "properties": { "id": 480, "fid": 269, "left": 303992.92384541326, "top": 9049050.6931999996, "right": 305147.62438379246, "bottom": 9048050.6931999996, "schools": 0, "distance_to_school": 102.68, "population": 6335.0, "school_per_1000": 0.0, "access_index": 0.56, "access_status": "Moderate Access", "interpretation": "Area has moderate access with reasonable proximity", "norm_school": 0.0, "norm_dist": 0.96430993061491033, "norm_pop": 0.11741321855586802 }, "geometry": { "type": "MultiPolygon", "coordinates": [ [ [ [ 115.218897, -8.60329 ], [ 115.221499, -8.607822 ], [ 115.226743, -8.607847 ], [ 115.229387, -8.603338 ], [ 115.226785, -8.598806 ], [ 115.221541, -8.598781 ], [ 115.218897, -8.60329 ] ] ] ] } },
{ "type": "Feature", "properties": { "id": 483, "fid": 755, "left": 303992.92384541326, "top": 9046050.6931999996, "right": 305147.62438379246, "bottom": 9045050.6931999996, "schools": 3, "distance_to_school": 0.0, "population": 6335.0, "school_per_1000": 0.47, "access_index": 0.62, "access_status": "High Access", "interpretation": "Area has strong access to educational facilities", "norm_school": 0.11205968760343482, "norm_dist": 1.0, "norm_pop": 0.11741321855586802 }, "geometry": { "type": "MultiPolygon", "coordinates": [ [ [ [ 115.21877, -8.630412 ], [ 115.221372, -8.634945 ], [ 115.226617, -8.634969 ], [ 115.22926, -8.630461 ], [ 115.226659, -8.625928 ], [ 115.221414, -8.625904 ], [ 115.21877, -8.630412 ] ] ] ] } },
{ "type": "Feature", "properties": { "id": 484, "fid": 756, "left": 303992.92384541326, "top": 9045050.6931999996, "right": 305147.62438379246, "bottom": 9044050.6931999996, "schools": 3, "distance_to_school": 0.0, "population": 6335.0, "school_per_1000": 0.47, "access_index": 0.62, "access_status": "High Access", "interpretation": "Area has strong access to educational facilities", "norm_school": 0.11205968760343482, "norm_dist": 1.0, "norm_pop": 0.11741321855586802 }, "geometry": { "type": "MultiPolygon", "coordinates": [ [ [ [ 115.218728, -8.639453 ], [ 115.221329, -8.643986 ], [ 115.226574, -8.64401 ], [ 115.229218, -8.639502 ], [ 115.226617, -8.634969 ], [ 115.221372, -8.634945 ], [ 115.218728, -8.639453 ] ] ] ] } },
{ "type": "Feature", "properties": { "id": 485, "fid": 757, "left": 303992.92384541326, "top": 9044050.6931999996, "right": 305147.62438379246, "bottom": 9043050.6931999996, "schools": 6, "distance_to_school": 0.0, "population": 5888.0, "school_per_1000": 1.02, "access_index": 0.67, "access_status": "High Access", "interpretation": "Area has strong access to educational facilities", "norm_school": 0.24111021766010329, "norm_dist": 1.0, "norm_pop": 0.10913511281890675 }, "geometry": { "type": "MultiPolygon", "coordinates": [ [ [ [ 115.218685, -8.648494 ], [ 115.221287, -8.653027 ], [ 115.226532, -8.653051 ], [ 115.229176, -8.648543 ], [ 115.226574, -8.64401 ], [ 115.221329, -8.643986 ], [ 115.218685, -8.648494 ] ] ] ] } },
{ "type": "Feature", "properties": { "id": 486, "fid": 758, "left": 303992.92384541326, "top": 9043050.6931999996, "right": 305147.62438379246, "bottom": 9042050.6931999996, "schools": 9, "distance_to_school": 0.0, "population": 4312.0, "school_per_1000": 2.09, "access_index": 0.78, "access_status": "High Access", "interpretation": "Area has strong access to educational facilities", "norm_school": 0.49383894258346778, "norm_dist": 1.0, "norm_pop": 0.079910087413343503 }, "geometry": { "type": "MultiPolygon", "coordinates": [ [ [ [ 115.218643, -8.657535 ], [ 115.221244, -8.662068 ], [ 115.22649, -8.662092 ], [ 115.229134, -8.657584 ], [ 115.226532, -8.653051 ], [ 115.221287, -8.653027 ], [ 115.218643, -8.657535 ] ] ] ] } },
{ "type": "Feature", "properties": { "id": 487, "fid": 696, "left": 303992.92384541326, "top": 9042050.6931999996, "right": 305147.62438379246, "bottom": 9041050.6931999996, "schools": 2, "distance_to_school": 0.0, "population": 4502.0, "school_per_1000": 0.44, "access_index": 0.63, "access_status": "High Access", "interpretation": "Area has strong access to educational facilities", "norm_school": 0.10512212453855539, "norm_dist": 1.0, "norm_pop": 0.083424493473249386 }, "geometry": { "type": "MultiPolygon", "coordinates": [ [ [ [ 115.2186, -8.666576 ], [ 115.221202, -8.671108 ], [ 115.226447, -8.671133 ], [ 115.229091, -8.666625 ], [ 115.22649, -8.662092 ], [ 115.221244, -8.662068 ], [ 115.2186, -8.666576 ] ] ] ] } },
{ "type": "Feature", "properties": { "id": 488, "fid": 697, "left": 303992.92384541326, "top": 9041050.6931999996, "right": 305147.62438379246, "bottom": 9040050.6931999996, "schools": 8, "distance_to_school": 0.0, "population": 3380.0, "school_per_1000": 2.37, "access_index": 0.81, "access_status": "High Access", "interpretation": "Area has strong access to educational facilities", "norm_school": 0.56007099974977759, "norm_dist": 1.0, "norm_pop": 0.062618733579574676 }, "geometry": { "type": "MultiPolygon", "coordinates": [ [ [ [ 115.218558, -8.675617 ], [ 115.221159, -8.680149 ], [ 115.226405, -8.680174 ], [ 115.229049, -8.675665 ], [ 115.226447, -8.671133 ], [ 115.221202, -8.671108 ], [ 115.218558, -8.675617 ] ] ] ] } },
{ "type": "Feature", "properties": { "id": 489, "fid": 698, "left": 303992.92384541326, "top": 9040050.6931999996, "right": 305147.62438379246, "bottom": 9039050.6931999996, "schools": 3, "distance_to_school": 0.0, "population": 3222.0, "school_per_1000": 0.93, "access_index": 0.68, "access_status": "High Access", "interpretation": "Area has strong access to educational facilities", "norm_school": 0.22030236120595964, "norm_dist": 1.0, "norm_pop": 0.059695250905656846 }, "geometry": { "type": "MultiPolygon", "coordinates": [ [ [ [ 115.218515, -8.684657 ], [ 115.221117, -8.68919 ], [ 115.226363, -8.689215 ], [ 115.229007, -8.684706 ], [ 115.226405, -8.680174 ], [ 115.221159, -8.680149 ], [ 115.218515, -8.684657 ] ] ] ] } },
{ "type": "Feature", "properties": { "id": 490, "fid": 699, "left": 303992.92384541326, "top": 9039050.6931999996, "right": 305147.62438379246, "bottom": 9038050.6931999996, "schools": 1, "distance_to_school": 0.0, "population": 3222.0, "school_per_1000": 0.31, "access_index": 0.62, "access_status": "High Access", "interpretation": "Area has strong access to educational facilities", "norm_school": 0.073434120401986547, "norm_dist": 1.0, "norm_pop": 0.059695250905656846 }, "geometry": { "type": "MultiPolygon", "coordinates": [ [ [ [ 115.218472, -8.693698 ], [ 115.221074, -8.698231 ], [ 115.22632, -8.698255 ], [ 115.228964, -8.693747 ], [ 115.226363, -8.689215 ], [ 115.221117, -8.68919 ], [ 115.218472, -8.693698 ] ] ] ] } },
{ "type": "Feature", "properties": { "id": 491, "fid": 700, "left": 303992.92384541326, "top": 9038050.6931999996, "right": 305147.62438379246, "bottom": 9037050.6931999996, "schools": 3, "distance_to_school": 0.0, "population": 3222.0, "school_per_1000": 0.93, "access_index": 0.68, "access_status": "High Access", "interpretation": "Area has strong access to educational facilities", "norm_school": 0.22030236120595964, "norm_dist": 1.0, "norm_pop": 0.059695250905656846 }, "geometry": { "type": "MultiPolygon", "coordinates": [ [ [ [ 115.21843, -8.702739 ], [ 115.221031, -8.707272 ], [ 115.226277, -8.707296 ], [ 115.228922, -8.702788 ], [ 115.22632, -8.698255 ], [ 115.221074, -8.698231 ], [ 115.21843, -8.702739 ] ] ] ] } },
{ "type": "Feature", "properties": { "id": 492, "fid": 701, "left": 303992.92384541326, "top": 9037050.6931999996, "right": 305147.62438379246, "bottom": 9036050.6931999996, "schools": 1, "distance_to_school": 0.0, "population": 3222.0, "school_per_1000": 0.31, "access_index": 0.62, "access_status": "High Access", "interpretation": "Area has strong access to educational facilities", "norm_school": 0.073434120401986547, "norm_dist": 1.0, "norm_pop": 0.059695250905656846 }, "geometry": { "type": "MultiPolygon", "coordinates": [ [ [ [ 115.218387, -8.71178 ], [ 115.220989, -8.716313 ], [ 115.226235, -8.716337 ], [ 115.228879, -8.711829 ], [ 115.226277, -8.707296 ], [ 115.221031, -8.707272 ], [ 115.218387, -8.71178 ] ] ] ] } },
{ "type": "Feature", "properties": { "id": 505, "fid": 413, "left": 303992.92384541326, "top": 9024050.6931999996, "right": 305147.62438379246, "bottom": 9023050.6931999996, "schools": 0, "distance_to_school": 2697.5, "population": 165.0, "school_per_1000": 0.0, "access_index": 0.22, "access_status": "Very Low Access", "interpretation": "Area lacks adequate access to educational facilities", "norm_school": 0.0, "norm_dist": 0.062349288058021424, "norm_pop": 0.0030023593583824327 }, "geometry": { "type": "MultiPolygon", "coordinates": [ [ [ [ 115.221517, -8.825184 ], [ 115.221724, -8.824808 ], [ 115.220472, -8.824802 ], [ 115.217827, -8.82931 ], [ 115.218954, -8.831274 ], [ 115.219017, -8.831167 ], [ 115.219385, -8.830616 ], [ 115.220005, -8.82938 ], [ 115.220005, -8.82938 ], [ 115.220005, -8.82938 ], [ 115.220236, -8.828776 ], [ 115.220664, -8.827105 ], [ 115.22077, -8.826713 ], [ 115.221517, -8.825184 ] ] ] ] } },
{ "type": "Feature", "properties": { "id": 493, "fid": 702, "left": 303992.92384541326, "top": 9036050.6931999996, "right": 305147.62438379246, "bottom": 9035050.6931999996, "schools": 0, "distance_to_school": 488.82, "population": 2675.0, "school_per_1000": 0.0, "access_index": 0.52, "access_status": "Low Access", "interpretation": "Access is limited due to fewer schools or distance", "norm_school": 0.0, "norm_dist": 0.83008566871247957, "norm_pop": 0.049545250945083774 }, "geometry": { "type": "MultiPolygon", "coordinates": [ [ [ [ 115.227914, -8.719694 ], [ 115.228144, -8.719664 ], [ 115.226235, -8.716337 ], [ 115.220989, -8.716313 ], [ 115.218344, -8.720821 ], [ 115.220946, -8.725354 ], [ 115.223781, -8.725367 ], [ 115.223843, -8.725353 ], [ 115.224071, -8.725231 ], [ 115.224072, -8.72523 ], [ 115.224072, -8.72523 ], [ 115.22419, -8.725369 ], [ 115.226192, -8.725378 ], [ 115.22643, -8.724972 ], [ 115.226099, -8.724812 ], [ 115.225778, -8.72461 ], [ 115.225266, -8.724336 ], [ 115.22486, -8.723981 ], [ 115.224849, -8.723928 ], [ 115.224828, -8.723832 ], [ 115.224541, -8.723731 ], [ 115.22443, -8.723698 ], [ 115.224352, -8.723611 ], [ 115.224336, -8.723473 ], [ 115.224437, -8.723237 ], [ 115.224526, -8.723095 ], [ 115.224331, -8.722833 ], [ 115.224258, -8.722748 ], [ 115.224253, -8.722334 ], [ 115.224417, -8.722201 ], [ 115.225301, -8.721736 ], [ 115.22599, -8.721193 ], [ 115.226163, -8.721028 ], [ 115.226339, -8.720966 ], [ 115.226889, -8.720573 ], [ 115.227241, -8.720369 ], [ 115.227429, -8.720258 ], [ 115.227529, -8.720144 ], [ 115.227675, -8.719899 ], [ 115.227808, -8.719755 ], [ 115.227914, -8.719694 ], [ 115.227914, -8.719694 ] ] ] ] } },
{ "type": "Feature", "properties": { "id": 748, "fid": 507, "left": 310055.10167190433, "top": 9053550.6931999996, "right": 311209.80221028352, "bottom": 9052550.6931999996, "schools": 0, "distance_to_school": 219.16, "population": 1951.0, "school_per_1000": 0.0, "access_index": 0.56, "access_status": "Moderate Access", "interpretation": "Area has moderate access with reasonable proximity", "norm_school": 0.0, "norm_dist": 0.92381922860881449, "norm_pop": 0.03613015765260072 }, "geometry": { "type": "MultiPolygon", "coordinates": [ [ [ [ 115.27415, -8.562855 ], [ 115.276752, -8.567388 ], [ 115.281996, -8.567411 ], [ 115.284639, -8.562902 ], [ 115.282037, -8.55837 ], [ 115.276793, -8.558347 ], [ 115.27415, -8.562855 ] ] ] ] } },
{ "type": "Feature", "properties": { "id": 749, "fid": 508, "left": 310055.10167190433, "top": 9052550.6931999996, "right": 311209.80221028352, "bottom": 9051550.6931999996, "schools": 0, "distance_to_school": 173.6, "population": 1942.0, "school_per_1000": 0.0, "access_index": 0.57, "access_status": "Moderate Access", "interpretation": "Area has moderate access with reasonable proximity", "norm_school": 0.0, "norm_dist": 0.93965524580508075, "norm_pop": 0.03594690152460793 }, "geometry": { "type": "MultiPolygon", "coordinates": [ [ [ [ 115.27411, -8.571897 ], [ 115.276711, -8.576429 ], [ 115.281956, -8.576452 ], [ 115.284598, -8.571943 ], [ 115.281996, -8.567411 ], [ 115.276752, -8.567388 ], [ 115.27411, -8.571897 ] ] ] ] } },
{ "type": "Feature", "properties": { "id": 750, "fid": 509, "left": 310055.10167190433, "top": 9051550.6931999996, "right": 311209.80221028352, "bottom": 9050550.6931999996, "schools": 0, "distance_to_school": 625.96, "population": 1942.0, "school_per_1000": 0.0, "access_index": 0.51, "access_status": "Low Access", "interpretation": "Access is limited due to fewer schools or distance", "norm_school": 0.0, "norm_dist": 0.78241571967014667, "norm_pop": 0.03594690152460793 }, "geometry": { "type": "MultiPolygon", "coordinates": [ [ [ [ 115.274069, -8.580938 ], [ 115.276671, -8.58547 ], [ 115.281915, -8.585494 ], [ 115.284558, -8.580985 ], [ 115.281956, -8.576452 ], [ 115.276711, -8.576429 ], [ 115.274069, -8.580938 ] ] ] ] } },
{ "type": "Feature", "properties": { "id": 494, "fid": 703, "left": 303992.92384541326, "top": 9035050.6931999996, "right": 305147.62438379246, "bottom": 9034050.6931999996, "schools": 0, "distance_to_school": 498.13, "population": 1435.0, "school_per_1000": 0.0, "access_index": 0.53, "access_status": "Low Access", "interpretation": "Access is limited due to fewer schools or distance", "norm_school": 0.0, "norm_dist": 0.82684961192689344, "norm_pop": 0.026560028865972172 }, "geometry": { "type": "MultiPolygon", "coordinates": [ [ [ [ 115.22667, -8.726739 ], [ 115.226861, -8.726544 ], [ 115.226192, -8.725378 ], [ 115.22419, -8.725369 ], [ 115.22424, -8.725427 ], [ 115.224576, -8.725823 ], [ 115.22529, -8.726489 ], [ 115.225945, -8.726799 ], [ 115.226385, -8.726811 ], [ 115.22667, -8.726739 ] ] ], [ [ [ 115.223589, -8.72541 ], [ 115.223781, -8.725367 ], [ 115.220946, -8.725354 ], [ 115.220043, -8.726892 ], [ 115.220456, -8.726889 ], [ 115.221013, -8.726661 ], [ 115.221321, -8.726473 ], [ 115.221695, -8.726203 ], [ 115.222035, -8.725879 ], [ 115.222223, -8.7257 ], [ 115.222439, -8.725587 ], [ 115.222999, -8.725483 ], [ 115.223589, -8.72541 ] ] ], [ [ [ 115.218602, -8.730263 ], [ 115.218322, -8.729826 ], [ 115.218301, -8.729862 ], [ 115.21902, -8.731113 ], [ 115.218982, -8.730739 ], [ 115.218602, -8.730263 ] ] ], [ [ [ 115.222353, -8.734395 ], [ 115.222349, -8.734401 ], [ 115.226149, -8.734419 ], [ 115.228794, -8.729911 ], [ 115.227349, -8.727393 ], [ 115.22733, -8.727427 ], [ 115.227203, -8.727652 ], [ 115.227107, -8.727821 ], [ 115.22697, -8.727925 ], [ 115.226386, -8.728371 ], [ 115.226288, -8.728423 ], [ 115.225803, -8.728682 ], [ 115.225451, -8.72887 ], [ 115.225131, -8.729024 ], [ 115.225065, -8.729056 ], [ 115.225008, -8.729097 ], [ 115.224651, -8.729356 ], [ 115.224437, -8.729584 ], [ 115.224316, -8.729718 ], [ 115.224259, -8.729782 ], [ 115.224237, -8.729805 ], [ 115.224123, -8.730034 ], [ 115.224059, -8.730162 ], [ 115.224052, -8.730426 ], [ 115.224049, -8.730477 ], [ 115.224037, -8.730755 ], [ 115.22402, -8.730897 ], [ 115.224016, -8.730926 ], [ 115.224014, -8.730929 ], [ 115.223895, -8.731126 ], [ 115.223734, -8.731287 ], [ 115.223723, -8.731297 ], [ 115.223552, -8.731369 ], [ 115.223288, -8.731426 ], [ 115.223102, -8.731404 ], [ 115.22296, -8.73133 ], [ 115.222938, -8.731319 ], [ 115.222774, -8.731269 ], [ 115.222722, -8.731271 ], [ 115.222581, -8.731276 ], [ 115.222317, -8.731326 ], [ 115.222166, -8.731398 ], [ 115.222139, -8.731412 ], [ 115.222104, -8.731454 ], [ 115.222079, -8.731484 ], [ 115.22191, -8.73169 ], [ 115.22186, -8.731787 ], [ 115.221801, -8.731904 ], [ 115.221767, -8.731968 ], [ 115.221725, -8.732325 ], [ 115.221785, -8.732462 ], [ 115.221801, -8.732498 ], [ 115.221803, -8.732504 ], [ 115.221917, -8.732725 ], [ 115.221993, -8.732842 ], [ 115.221993, -8.732842 ], [ 115.22206, -8.732946 ], [ 115.222196, -8.733225 ], [ 115.222218, -8.733317 ], [ 115.222288, -8.733617 ], [ 115.22236, -8.733903 ], [ 115.222375, -8.734021 ], [ 115.222388, -8.734131 ], [ 115.222353, -8.734395 ] ] ] ] } },
{ "type": "Feature", "properties": { "id": 710, "fid": 492, "left": 309189.07626811991, "top": 9053050.6931999996, "right": 310343.77680649911, "bottom": 9052050.6931999996, "schools": 1, "distance_to_school": 0.0, "population": 1946.0, "school_per_1000": 0.51, "access_index": 0.64, "access_status": "High Access", "interpretation": "Area has strong access to educational facilities", "norm_school": 0.12159029467007447, "norm_dist": 1.0, "norm_pop": 0.036029788565849659 }, "geometry": { "type": "MultiPolygon", "coordinates": [ [ [ [ 115.266264, -8.567341 ], [ 115.268865, -8.571873 ], [ 115.27411, -8.571897 ], [ 115.276752, -8.567388 ], [ 115.27415, -8.562855 ], [ 115.268906, -8.562832 ], [ 115.266264, -8.567341 ] ] ] ] } },
{ "type": "Feature", "properties": { "id": 711, "fid": 493, "left": 309189.07626811991, "top": 9052050.6931999996, "right": 310343.77680649911, "bottom": 9051050.6931999996, "schools": 0, "distance_to_school": 350.14, "population": 1946.0, "school_per_1000": 0.0, "access_index": 0.54, "access_status": "Low Access", "interpretation": "Access is limited due to fewer schools or distance", "norm_school": 0.0, "norm_dist": 0.87829168529627766, "norm_pop": 0.036027195936206277 }, "geometry": { "type": "MultiPolygon", "coordinates": [ [ [ [ 115.266223, -8.576382 ], [ 115.268824, -8.580914 ], [ 115.274069, -8.580938 ], [ 115.276711, -8.576429 ], [ 115.27411, -8.571897 ], [ 115.268865, -8.571873 ], [ 115.266223, -8.576382 ] ] ] ] } },
{ "type": "Feature", "properties": { "id": 712, "fid": 494, "left": 309189.07626811991, "top": 9051050.6931999996, "right": 310343.77680649911, "bottom": 9050050.6931999996, "schools": 0, "distance_to_school": 660.76, "population": 1942.0, "school_per_1000": 0.0, "access_index": 0.5, "access_status": "Low Access", "interpretation": "Access is limited due to fewer schools or distance", "norm_school": 0.0, "norm_dist": 0.77031980380409715, "norm_pop": 0.03594690152460793 }, "geometry": { "type": "MultiPolygon", "coordinates": [ [ [ [ 115.266182, -8.585423 ], [ 115.268783, -8.589955 ], [ 115.274028, -8.589979 ], [ 115.276671, -8.58547 ], [ 115.274069, -8.580938 ], [ 115.268824, -8.580914 ], [ 115.266182, -8.585423 ] ] ] ] } },
{ "type": "Feature", "properties": { "id": 713, "fid": 495, "left": 309189.07626811991, "top": 9050050.6931999996, "right": 310343.77680649911, "bottom": 9049050.6931999996, "schools": 0, "distance_to_school": 333.27, "population": 1942.0, "school_per_1000": 0.0, "access_index": 0.55, "access_status": "Low Access", "interpretation": "Access is limited due to fewer schools or distance", "norm_school": 0.0, "norm_dist": 0.88415411864145022, "norm_pop": 0.03594690152460793 }, "geometry": { "type": "MultiPolygon", "coordinates": [ [ [ [ 115.26614, -8.594464 ], [ 115.268742, -8.598997 ], [ 115.273987, -8.59902 ], [ 115.27663, -8.594511 ], [ 115.274028, -8.589979 ], [ 115.268783, -8.589955 ], [ 115.26614, -8.594464 ] ] ] ] } },
{ "type": "Feature", "properties": { "id": 714, "fid": 496, "left": 309189.07626811991, "top": 9049050.6931999996, "right": 310343.77680649911, "bottom": 9048050.6931999996, "schools": 0, "distance_to_school": 534.75, "population": 1942.0, "school_per_1000": 0.0, "access_index": 0.52, "access_status": "Low Access", "interpretation": "Access is limited due to fewer schools or distance", "norm_school": 0.0, "norm_dist": 0.81412041035555827, "norm_pop": 0.03594690152460793 }, "geometry": { "type": "MultiPolygon", "coordinates": [ [ [ [ 115.266099, -8.603505 ], [ 115.268701, -8.608038 ], [ 115.273946, -8.608061 ], [ 115.276589, -8.603552 ], [ 115.273987, -8.59902 ], [ 115.268742, -8.598997 ], [ 115.266099, -8.603505 ] ] ] ] } },
{ "type": "Feature", "properties": { "id": 715, "fid": 497, "left": 309189.07626811991, "top": 9048050.6931999996, "right": 310343.77680649911, "bottom": 9047050.6931999996, "schools": 1, "distance_to_school": 0.0, "population": 1942.0, "school_per_1000": 0.52, "access_index": 0.64, "access_status": "High Access", "interpretation": "Area has strong access to educational facilities", "norm_school": 0.12187020780330336, "norm_dist": 1.0, "norm_pop": 0.03594690152460793 }, "geometry": { "type": "MultiPolygon", "coordinates": [ [ [ [ 115.266058, -8.612546 ], [ 115.26866, -8.617079 ], [ 115.273905, -8.617102 ], [ 115.276548, -8.612594 ], [ 115.273946, -8.608061 ], [ 115.268701, -8.608038 ], [ 115.266058, -8.612546 ] ] ] ] } },
{ "type": "Feature", "properties": { "id": 716, "fid": 498, "left": 309189.07626811991, "top": 9047050.6931999996, "right": 310343.77680649911, "bottom": 9046050.6931999996, "schools": 3, "distance_to_school": 0.0, "population": 1942.0, "school_per_1000": 1.55, "access_index": 0.74, "access_status": "High Access", "interpretation": "Area has strong access to educational facilities", "norm_school": 0.36561062340991007, "norm_dist": 1.0, "norm_pop": 0.03594690152460793 }, "geometry": { "type": "MultiPolygon", "coordinates": [ [ [ [ 115.266017, -8.621588 ], [ 115.268619, -8.62612 ], [ 115.273864, -8.626144 ], [ 115.276507, -8.621635 ], [ 115.273905, -8.617102 ], [ 115.26866, -8.617079 ], [ 115.266017, -8.621588 ] ] ] ] } },
{ "type": "Feature", "properties": { "id": 717, "fid": 499, "left": 309189.07626811991, "top": 9046050.6931999996, "right": 310343.77680649911, "bottom": 9045050.6931999996, "schools": 2, "distance_to_school": 0.0, "population": 1942.0, "school_per_1000": 1.03, "access_index": 0.69, "access_status": "High Access", "interpretation": "Area has strong access to educational facilities", "norm_school": 0.24374041560660673, "norm_dist": 1.0, "norm_pop": 0.03594690152460793 }, "geometry": { "type": "MultiPolygon", "coordinates": [ [ [ [ 115.265976, -8.630629 ], [ 115.268578, -8.635161 ], [ 115.273823, -8.635185 ], [ 115.276466, -8.630676 ], [ 115.273864, -8.626144 ], [ 115.268619, -8.62612 ], [ 115.265976, -8.630629 ] ] ] ] } },
{ "type": "Feature", "properties": { "id": 718, "fid": 500, "left": 309189.07626811991, "top": 9045050.6931999996, "right": 310343.77680649911, "bottom": 9044050.6931999996, "schools": 1, "distance_to_school": 0.0, "population": 2230.0, "school_per_1000": 0.45, "access_index": 0.63, "access_status": "High Access", "interpretation": "Area has strong access to educational facilities", "norm_school": 0.10609430056666744, "norm_dist": 1.0, "norm_pop": 0.041300731346567816 }, "geometry": { "type": "MultiPolygon", "coordinates": [ [ [ [ 115.265934, -8.63967 ], [ 115.268536, -8.644202 ], [ 115.273782, -8.644226 ], [ 115.276425, -8.639717 ], [ 115.273823, -8.635185 ], [ 115.268578, -8.635161 ], [ 115.265934, -8.63967 ] ] ] ] } },
{ "type": "Feature", "properties": { "id": 719, "fid": 501, "left": 309189.07626811991, "top": 9044050.6931999996, "right": 310343.77680649911, "bottom": 9043050.6931999996, "schools": 1, "distance_to_school": 0.0, "population": 3152.0, "school_per_1000": 0.32, "access_index": 0.62, "access_status": "High Access", "interpretation": "Area has strong access to educational facilities", "norm_school": 0.075060816013606563, "norm_dist": 1.0, "norm_pop": 0.058400295119180642 }, "geometry": { "type": "MultiPolygon", "coordinates": [ [ [ [ 115.275684, -8.649786 ], [ 115.275871, -8.649633 ], [ 115.276384, -8.648758 ], [ 115.273782, -8.644226 ], [ 115.268536, -8.644202 ], [ 115.265893, -8.648711 ], [ 115.268495, -8.653243 ], [ 115.271279, -8.653256 ], [ 115.271442, -8.653162 ], [ 115.271902, -8.652829 ], [ 115.272789, -8.652063 ], [ 115.273385, -8.651548 ], [ 115.273385, -8.651548 ], [ 115.273635, -8.651333 ], [ 115.2741, -8.651019 ], [ 115.274705, -8.650588 ], [ 115.274881, -8.650443 ], [ 115.275684, -8.649786 ] ] ] ] } },
{ "type": "Feature", "properties": { "id": 720, "fid": 761, "left": 309189.07626811991, "top": 9043050.6931999996, "right": 310343.77680649911, "bottom": 9042050.6931999996, "schools": 0, "distance_to_school": 354.68, "population": 341.0, "school_per_1000": 0.0, "access_index": 0.55, "access_status": "Low Access", "interpretation": "Access is limited due to fewer schools or distance", "norm_school": 0.0, "norm_dist": 0.87671291032033516, "norm_pop": 0.0062747166564783045 }, "geometry": { "type": "MultiPolygon", "coordinates": [ [ [ [ 115.271056, -8.653384 ], [ 115.271279, -8.653256 ], [ 115.268495, -8.653243 ], [ 115.265852, -8.657752 ], [ 115.266061, -8.658116 ], [ 115.266423, -8.657694 ], [ 115.267975, -8.656088 ], [ 115.268938, -8.655156 ], [ 115.269916, -8.654113 ], [ 115.270264, -8.653847 ], [ 115.270846, -8.653505 ], [ 115.271056, -8.653384 ] ] ] ] } },
{ "type": "Feature", "properties": { "id": 724, "fid": 746, "left": 309189.07626811991, "top": 9039050.6931999996, "right": 310343.77680649911, "bottom": 9038050.6931999996, "schools": 0, "distance_to_school": 850.54, "population": 96.0, "school_per_1000": 0.0, "access_index": 0.48, "access_status": "Very Low Access", "interpretation": "Area lacks adequate access to educational facilities", "norm_school": 0.0, "norm_dist": 0.70435280516207388, "norm_pop": 0.0017198276425587167 }, "geometry": { "type": "MultiPolygon", "coordinates": [ [ [ [ 115.266902, -8.692149 ], [ 115.266872, -8.691893 ], [ 115.265686, -8.693916 ], [ 115.266602, -8.695511 ], [ 115.266646, -8.695148 ], [ 115.26678, -8.694268 ], [ 115.266896, -8.693025 ], [ 115.266902, -8.692149 ] ] ] ] } },
{ "type": "Feature", "properties": { "id": 742, "fid": 663, "left": 310055.10167190433, "top": 9059550.6931999996, "right": 311209.80221028352, "bottom": 9058550.6931999996, "schools": 1, "distance_to_school": 0.0, "population": 4566.0, "school_per_1000": 0.22, "access_index": 0.6, "access_status": "Moderate Access", "interpretation": "Area has moderate access with reasonable proximity", "norm_school": 0.051819362185859988, "norm_dist": 1.0, "norm_pop": 0.084619394557169547 }, "geometry": { "type": "MultiPolygon", "coordinates": [ [ [ [ 115.274394, -8.508608 ], [ 115.276996, -8.513141 ], [ 115.282239, -8.513164 ], [ 115.284881, -8.508655 ], [ 115.282279, -8.504123 ], [ 115.277036, -8.504099 ], [ 115.274394, -8.508608 ] ] ] ] } },
{ "type": "Feature", "properties": { "id": 743, "fid": 502, "left": 310055.10167190433, "top": 9058550.6931999996, "right": 311209.80221028352, "bottom": 9057550.6931999996, "schools": 0, "distance_to_school": 866.71, "population": 3721.0, "school_per_1000": 0.0, "access_index": 0.47, "access_status": "Very Low Access", "interpretation": "Area lacks adequate access to educational facilities", "norm_school": 0.0, "norm_dist": 0.69873282134862835, "norm_pop": 0.068941950582026623 }, "geometry": { "type": "MultiPolygon", "coordinates": [ [ [ [ 115.274354, -8.51765 ], [ 115.276955, -8.522182 ], [ 115.282199, -8.522205 ], [ 115.284841, -8.517696 ], [ 115.282239, -8.513164 ], [ 115.276996, -8.513141 ], [ 115.274354, -8.51765 ] ] ] ] } },
{ "type": "Feature", "properties": { "id": 744, "fid": 503, "left": 310055.10167190433, "top": 9057550.6931999996, "right": 311209.80221028352, "bottom": 9056550.6931999996, "schools": 0, "distance_to_school": 926.62, "population": 1962.0, "school_per_1000": 0.0, "access_index": 0.46, "access_status": "Very Low Access", "interpretation": "Area lacks adequate access to educational facilities", "norm_school": 0.0, "norm_dist": 0.67790573822482181, "norm_pop": 0.036327222371865767 }, "geometry": { "type": "MultiPolygon", "coordinates": [ [ [ [ 115.274313, -8.526691 ], [ 115.276915, -8.531223 ], [ 115.282158, -8.531246 ], [ 115.2848, -8.526737 ], [ 115.282199, -8.522205 ], [ 115.276955, -8.522182 ], [ 115.274313, -8.526691 ] ] ] ] } },
{ "type": "Feature", "properties": { "id": 745, "fid": 504, "left": 310055.10167190433, "top": 9056550.6931999996, "right": 311209.80221028352, "bottom": 9055550.6931999996, "schools": 0, "distance_to_school": 803.91, "population": 1960.0, "school_per_1000": 0.0, "access_index": 0.48, "access_status": "Very Low Access", "interpretation": "Area lacks adequate access to educational facilities", "norm_school": 0.0, "norm_dist": 0.7205599538958195, "norm_pop": 0.036282520537018678 }, "geometry": { "type": "MultiPolygon", "coordinates": [ [ [ [ 115.274272, -8.535732 ], [ 115.276874, -8.540264 ], [ 115.282118, -8.540288 ], [ 115.28476, -8.535779 ], [ 115.282158, -8.531246 ], [ 115.276915, -8.531223 ], [ 115.274272, -8.535732 ] ] ] ] } },
{ "type": "Feature", "properties": { "id": 746, "fid": 505, "left": 310055.10167190433, "top": 9055550.6931999996, "right": 311209.80221028352, "bottom": 9054550.6931999996, "schools": 0, "distance_to_school": 1120.28, "population": 1959.0, "school_per_1000": 0.0, "access_index": 0.44, "access_status": "Very Low Access", "interpretation": "Area lacks adequate access to educational facilities", "norm_school": 0.0, "norm_dist": 0.61059061302280071, "norm_pop": 0.036275683092812538 }, "geometry": { "type": "MultiPolygon", "coordinates": [ [ [ [ 115.274232, -8.544773 ], [ 115.276833, -8.549305 ], [ 115.282077, -8.549329 ], [ 115.28472, -8.54482 ], [ 115.282118, -8.540288 ], [ 115.276874, -8.540264 ], [ 115.274232, -8.544773 ] ] ] ] } },
{ "type": "Feature", "properties": { "id": 747, "fid": 506, "left": 310055.10167190433, "top": 9054550.6931999996, "right": 311209.80221028352, "bottom": 9053550.6931999996, "schools": 0, "distance_to_school": 894.85, "population": 1972.0, "school_per_1000": 0.0, "access_index": 0.47, "access_status": "Very Low Access", "interpretation": "Area lacks adequate access to educational facilities", "norm_school": 0.0, "norm_dist": 0.68894851317690076, "norm_pop": 0.036506257352897607 }, "geometry": { "type": "MultiPolygon", "coordinates": [ [ [ [ 115.274191, -8.553814 ], [ 115.276793, -8.558347 ], [ 115.282037, -8.55837 ], [ 115.284679, -8.553861 ], [ 115.282077, -8.549329 ], [ 115.276833, -8.549305 ], [ 115.274191, -8.553814 ] ] ] ] } },
{ "type": "Feature", "properties": { "id": 751, "fid": 510, "left": 310055.10167190433, "top": 9050550.6931999996, "right": 311209.80221028352, "bottom": 9049550.6931999996, "schools": 0, "distance_to_school": 923.21, "population": 1942.0, "school_per_1000": 0.0, "access_index": 0.46, "access_status": "Very Low Access", "interpretation": "Area lacks adequate access to educational facilities", "norm_school": 0.0, "norm_dist": 0.67909279571895087, "norm_pop": 0.03594690152460793 }, "geometry": { "type": "MultiPolygon", "coordinates": [ [ [ [ 115.274028, -8.589979 ], [ 115.27663, -8.594511 ], [ 115.281874, -8.594535 ], [ 115.284517, -8.590026 ], [ 115.281915, -8.585494 ], [ 115.276671, -8.58547 ], [ 115.274028, -8.589979 ] ] ] ] } },
{ "type": "Feature", "properties": { "id": 752, "fid": 511, "left": 310055.10167190433, "top": 9049550.6931999996, "right": 311209.80221028352, "bottom": 9048550.6931999996, "schools": 0, "distance_to_school": 554.46, "population": 1942.0, "school_per_1000": 0.0, "access_index": 0.52, "access_status": "Low Access", "interpretation": "Access is limited due to fewer schools or distance", "norm_school": 0.0, "norm_dist": 0.80727006853472683, "norm_pop": 0.03594690152460793 }, "geometry": { "type": "MultiPolygon", "coordinates": [ [ [ [ 115.273987, -8.59902 ], [ 115.276589, -8.603552 ], [ 115.281834, -8.603576 ], [ 115.284476, -8.599067 ], [ 115.281874, -8.594535 ], [ 115.27663, -8.594511 ], [ 115.273987, -8.59902 ] ] ] ] } },
{ "type": "Feature", "properties": { "id": 753, "fid": 512, "left": 310055.10167190433, "top": 9048550.6931999996, "right": 311209.80221028352, "bottom": 9047550.6931999996, "schools": 0, "distance_to_school": 34.78, "population": 1942.0, "school_per_1000": 0.0, "access_index": 0.59, "access_status": "Moderate Access", "interpretation": "Area has moderate access with reasonable proximity", "norm_school": 0.0, "norm_dist": 0.98790999282218384, "norm_pop": 0.03594690152460793 }, "geometry": { "type": "MultiPolygon", "coordinates": [ [ [ [ 115.273946, -8.608061 ], [ 115.276548, -8.612594 ], [ 115.281793, -8.612617 ], [ 115.284436, -8.608108 ], [ 115.281834, -8.603576 ], [ 115.276589, -8.603552 ], [ 115.273946, -8.608061 ] ] ] ] } },
{ "type": "Feature", "properties": { "id": 754, "fid": 513, "left": 310055.10167190433, "top": 9047550.6931999996, "right": 311209.80221028352, "bottom": 9046550.6931999996, "schools": 0, "distance_to_school": 123.46, "population": 1942.0, "school_per_1000": 0.0, "access_index": 0.58, "access_status": "Moderate Access", "interpretation": "Area has moderate access with reasonable proximity", "norm_school": 0.0, "norm_dist": 0.95708673258763977, "norm_pop": 0.03594690152460793 }, "geometry": { "type": "MultiPolygon", "coordinates": [ [ [ [ 115.273905, -8.617102 ], [ 115.276507, -8.621635 ], [ 115.281752, -8.621658 ], [ 115.284395, -8.617149 ], [ 115.281793, -8.612617 ], [ 115.276548, -8.612594 ], [ 115.273905, -8.617102 ] ] ] ] } },
{ "type": "Feature", "properties": { "id": 755, "fid": 514, "left": 310055.10167190433, "top": 9046550.6931999996, "right": 311209.80221028352, "bottom": 9045550.6931999996, "schools": 0, "distance_to_school": 37.53, "population": 1942.0, "school_per_1000": 0.0, "access_index": 0.59, "access_status": "Moderate Access", "interpretation": "Area has moderate access with reasonable proximity", "norm_school": 0.0, "norm_dist": 0.98695340052000191, "norm_pop": 0.03594690152460793 }, "geometry": { "type": "MultiPolygon", "coordinates": [ [ [ [ 115.273864, -8.626144 ], [ 115.276466, -8.630676 ], [ 115.281711, -8.630699 ], [ 115.284354, -8.626191 ], [ 115.281752, -8.621658 ], [ 115.276507, -8.621635 ], [ 115.273864, -8.626144 ] ] ] ] } },
{ "type": "Feature", "properties": { "id": 756, "fid": 515, "left": 310055.10167190433, "top": 9045550.6931999996, "right": 311209.80221028352, "bottom": 9044550.6931999996, "schools": 0, "distance_to_school": 109.8, "population": 1942.0, "school_per_1000": 0.0, "access_index": 0.58, "access_status": "Moderate Access", "interpretation": "Area has moderate access with reasonable proximity", "norm_school": 0.0, "norm_dist": 0.9618332920715561, "norm_pop": 0.03594690152460793 }, "geometry": { "type": "MultiPolygon", "coordinates": [ [ [ [ 115.273823, -8.635185 ], [ 115.276425, -8.639717 ], [ 115.28167, -8.639741 ], [ 115.284313, -8.635232 ], [ 115.281711, -8.630699 ], [ 115.276466, -8.630676 ], [ 115.273823, -8.635185 ] ] ] ] } },
{ "type": "Feature", "properties": { "id": 664, "fid": 661, "left": 308323.05086433544, "top": 9059550.6931999996, "right": 309477.75140271464, "bottom": 9058550.6931999996, "schools": 1, "distance_to_school": 0.0, "population": 1980.0, "school_per_1000": 0.5, "access_index": 0.64, "access_status": "High Access", "interpretation": "Area has strong access to educational facilities", "norm_school": 0.11948134806920184, "norm_dist": 1.0, "norm_pop": 0.036666769425698666 }, "geometry": { "type": "MultiPolygon", "coordinates": [ [ [ [ 115.258664, -8.508538 ], [ 115.261265, -8.513071 ], [ 115.266509, -8.513094 ], [ 115.269151, -8.508585 ], [ 115.266549, -8.504053 ], [ 115.261306, -8.504029 ], [ 115.258664, -8.508538 ] ] ] ] } },
{ "type": "Feature", "properties": { "id": 514, "fid": 276, "left": 304858.94924919773, "top": 9053550.6931999996, "right": 306013.64978757693, "bottom": 9052550.6931999996, "schools": 0, "distance_to_school": 391.16, "population": 1826.0, "school_per_1000": 0.0, "access_index": 0.54, "access_status": "Low Access", "interpretation": "Access is limited due to fewer schools or distance", "norm_school": 0.0, "norm_dist": 0.86403103367170797, "norm_pop": 0.033797907503180569 }, "geometry": { "type": "MultiPolygon", "coordinates": [ [ [ [ 115.226953, -8.562642 ], [ 115.229554, -8.567174 ], [ 115.234798, -8.567198 ], [ 115.237441, -8.56269 ], [ 115.23484, -8.558157 ], [ 115.229596, -8.558133 ], [ 115.226953, -8.562642 ] ] ] ] } },
{ "type": "Feature", "properties": { "id": 515, "fid": 277, "left": 304858.94924919773, "top": 9052550.6931999996, "right": 306013.64978757693, "bottom": 9051550.6931999996, "schools": 1, "distance_to_school": 0.0, "population": 1826.0, "school_per_1000": 0.55, "access_index": 0.65, "access_status": "High Access", "interpretation": "Area has strong access to educational facilities", "norm_school": 0.12960587207936908, "norm_dist": 1.0, "norm_pop": 0.033797907503180569 }, "geometry": { "type": "MultiPolygon", "coordinates": [ [ [ [ 115.226911, -8.571683 ], [ 115.229512, -8.576215 ], [ 115.234757, -8.576239 ], [ 115.2374, -8.571731 ], [ 115.234798, -8.567198 ], [ 115.229554, -8.567174 ], [ 115.226911, -8.571683 ] ] ] ] } },
{ "type": "Feature", "properties": { "id": 495, "fid": 704, "left": 303992.92384541326, "top": 9034050.6931999996, "right": 305147.62438379246, "bottom": 9033050.6931999996, "schools": 0, "distance_to_school": 1166.94, "population": 2842.0, "school_per_1000": 0.0, "access_index": 0.43, "access_status": "Very Low Access", "interpretation": "Area lacks adequate access to educational facilities", "norm_school": 0.0, "norm_dist": 0.59437185899245837, "norm_pop": 0.052643580475268244 }, "geometry": { "type": "MultiPolygon", "coordinates": [ [ [ [ 115.228445, -8.738424 ], [ 115.228447, -8.738421 ], [ 115.226149, -8.734419 ], [ 115.222349, -8.734401 ], [ 115.222246, -8.734581 ], [ 115.222205, -8.734635 ], [ 115.222097, -8.734779 ], [ 115.222096, -8.734781 ], [ 115.222061, -8.734809 ], [ 115.221946, -8.734902 ], [ 115.221801, -8.734927 ], [ 115.221489, -8.734981 ], [ 115.221196, -8.735009 ], [ 115.221128, -8.735042 ], [ 115.220989, -8.735109 ], [ 115.220911, -8.735223 ], [ 115.220886, -8.735304 ], [ 115.220775, -8.735659 ], [ 115.22076, -8.735726 ], [ 115.220654, -8.736201 ], [ 115.220602, -8.736507 ], [ 115.220575, -8.736666 ], [ 115.220568, -8.736708 ], [ 115.220575, -8.737075 ], [ 115.220575, -8.737108 ], [ 115.22063, -8.737512 ], [ 115.220639, -8.737572 ], [ 115.220681, -8.737885 ], [ 115.220682, -8.737893 ], [ 115.220685, -8.737908 ], [ 115.220739, -8.738172 ], [ 115.220834, -8.738583 ], [ 115.220822, -8.738725 ], [ 115.220817, -8.738731 ], [ 115.220739, -8.738821 ], [ 115.220683, -8.738853 ], [ 115.220596, -8.738904 ], [ 115.220519, -8.738933 ], [ 115.220215, -8.739047 ], [ 115.220205, -8.739052 ], [ 115.220001, -8.739154 ], [ 115.219932, -8.739265 ], [ 115.219787, -8.739499 ], [ 115.219735, -8.739692 ], [ 115.219704, -8.739808 ], [ 115.219691, -8.739881 ], [ 115.219683, -8.739931 ], [ 115.21966, -8.740065 ], [ 115.219585, -8.74051 ], [ 115.219529, -8.740913 ], [ 115.219506, -8.741077 ], [ 115.22086, -8.743435 ], [ 115.226107, -8.74346 ], [ 115.227068, -8.741822 ], [ 115.226993, -8.741755 ], [ 115.227198, -8.7416 ], [ 115.228104, -8.740055 ], [ 115.228076, -8.739833 ], [ 115.228043, -8.739565 ], [ 115.228043, -8.739536 ], [ 115.228043, -8.739313 ], [ 115.228139, -8.738958 ], [ 115.228316, -8.738564 ], [ 115.228445, -8.738424 ] ] ] ] } },
{ "type": "Feature", "properties": { "id": 520, "fid": 438, "left": 304858.94924919773, "top": 9047550.6931999996, "right": 306013.64978757693, "bottom": 9046550.6931999996, "schools": 0, "distance_to_school": 691.45, "population": 5930.0, "school_per_1000": 0.0, "access_index": 0.48, "access_status": "Very Low Access", "interpretation": "Area lacks adequate access to educational facilities", "norm_school": 0.0, "norm_dist": 0.75965276363194834, "norm_pop": 0.10990430105117915 }, "geometry": { "type": "MultiPolygon", "coordinates": [ [ [ [ 115.226701, -8.616887 ], [ 115.229302, -8.62142 ], [ 115.234547, -8.621444 ], [ 115.237191, -8.616936 ], [ 115.234589, -8.612403 ], [ 115.229345, -8.612379 ], [ 115.226701, -8.616887 ] ] ] ] } },
{ "type": "Feature", "properties": { "id": 496, "fid": 404, "left": 303992.92384541326, "top": 9033050.6931999996, "right": 305147.62438379246, "bottom": 9032050.6931999996, "schools": 0, "distance_to_school": 508.97, "population": 2412.0, "school_per_1000": 0.0, "access_index": 0.52, "access_status": "Low Access", "interpretation": "Access is limited due to fewer schools or distance", "norm_school": 0.0, "norm_dist": 0.82308148219507238, "norm_pop": 0.044664401113336971 }, "geometry": { "type": "MultiPolygon", "coordinates": [ [ [ [ 115.226545, -8.750849 ], [ 115.226879, -8.751112 ], [ 115.228709, -8.747992 ], [ 115.226107, -8.74346 ], [ 115.22086, -8.743435 ], [ 115.218215, -8.747943 ], [ 115.218252, -8.748007 ], [ 115.218371, -8.748184 ], [ 115.218728, -8.748457 ], [ 115.219014, -8.748587 ], [ 115.220192, -8.749124 ], [ 115.221143, -8.749421 ], [ 115.222595, -8.74973 ], [ 115.224023, -8.75004 ], [ 115.225902, -8.750539 ], [ 115.226545, -8.750849 ] ] ] ] } },
{ "type": "Feature", "properties": { "id": 497, "fid": 405, "left": 303992.92384541326, "top": 9032050.6931999996, "right": 305147.62438379246, "bottom": 9031050.6931999996, "schools": 2, "distance_to_school": 0.0, "population": 473.0, "school_per_1000": 4.23, "access_index": 1.0, "access_status": "High Access", "interpretation": "Area has strong access to educational facilities", "norm_school": 1.0, "norm_dist": 1.0, "norm_pop": 0.0087178092118376342 }, "geometry": { "type": "MultiPolygon", "coordinates": [ [ [ [ 115.220748, -8.752804 ], [ 115.220639, -8.75278 ], [ 115.218172, -8.756984 ], [ 115.220774, -8.761517 ], [ 115.224114, -8.761533 ], [ 115.22387, -8.760828 ], [ 115.223618, -8.760277 ], [ 115.223069, -8.759423 ], [ 115.222882, -8.759058 ], [ 115.222796, -8.758796 ], [ 115.222622, -8.758265 ], [ 115.222391, -8.757133 ], [ 115.222353, -8.75653 ], [ 115.222349, -8.755492 ], [ 115.222349, -8.755444 ], [ 115.222294, -8.75515 ], [ 115.222025, -8.754404 ], [ 115.221392, -8.753454 ], [ 115.22127, -8.753262 ], [ 115.22107, -8.752966 ], [ 115.220748, -8.752804 ] ] ] ] } },
{ "type": "Feature", "properties": { "id": 498, "fid": 406, "left": 303992.92384541326, "top": 9031050.6931999996, "right": 305147.62438379246, "bottom": 9030050.6931999996, "schools": 1, "distance_to_school": 0.0, "population": 696.0, "school_per_1000": 1.44, "access_index": 0.73, "access_status": "High Access", "interpretation": "Area has strong access to educational facilities", "norm_school": 0.33996323648237736, "norm_dist": 1.0, "norm_pop": 0.012849022568440688 }, "geometry": { "type": "MultiPolygon", "coordinates": [ [ [ [ 115.224191, -8.761755 ], [ 115.224114, -8.761533 ], [ 115.220774, -8.761517 ], [ 115.218129, -8.766025 ], [ 115.220731, -8.770558 ], [ 115.224123, -8.770574 ], [ 115.223918, -8.770019 ], [ 115.223813, -8.768931 ], [ 115.223809, -8.76867 ], [ 115.223797, -8.768003 ], [ 115.223696, -8.767387 ], [ 115.223684, -8.767211 ], [ 115.223666, -8.766964 ], [ 115.223744, -8.766395 ], [ 115.22364, -8.765641 ], [ 115.2236, -8.765326 ], [ 115.223657, -8.764969 ], [ 115.223747, -8.764687 ], [ 115.224077, -8.763662 ], [ 115.224219, -8.763115 ], [ 115.224263, -8.762602 ], [ 115.224246, -8.762105 ], [ 115.224191, -8.761755 ] ] ] ] } },
{ "type": "Feature", "properties": { "id": 499, "fid": 407, "left": 303992.92384541326, "top": 9030050.6931999996, "right": 305147.62438379246, "bottom": 9029050.6931999996, "schools": 0, "distance_to_school": 782.19, "population": 893.0, "school_per_1000": 0.0, "access_index": 0.49, "access_status": "Very Low Access", "interpretation": "Area lacks adequate access to educational facilities", "norm_school": 0.0, "norm_dist": 0.72810993003517854, "norm_pop": 0.016499300435665023 }, "geometry": { "type": "MultiPolygon", "coordinates": [ [ [ [ 115.224191, -8.770756 ], [ 115.224123, -8.770574 ], [ 115.220731, -8.770558 ], [ 115.218086, -8.775066 ], [ 115.220688, -8.779598 ], [ 115.225935, -8.779623 ], [ 115.226373, -8.778876 ], [ 115.226244, -8.778386 ], [ 115.225997, -8.77745 ], [ 115.225933, -8.777119 ], [ 115.225859, -8.776742 ], [ 115.225485, -8.77679 ], [ 115.225276, -8.776685 ], [ 115.225171, -8.776485 ], [ 115.225067, -8.776076 ], [ 115.225019, -8.775562 ], [ 115.225007, -8.77486 ], [ 115.224915, -8.77472 ], [ 115.224679, -8.774221 ], [ 115.224631, -8.774055 ], [ 115.224533, -8.773712 ], [ 115.224405, -8.773184 ], [ 115.224338, -8.77229 ], [ 115.224299, -8.771263 ], [ 115.224191, -8.770756 ] ] ] ] } },
{ "type": "Feature", "properties": { "id": 500, "fid": 408, "left": 303992.92384541326, "top": 9029050.6931999996, "right": 305147.62438379246, "bottom": 9028050.6931999996, "schools": 0, "distance_to_school": 1281.81, "population": 1147.0, "school_per_1000": 0.0, "access_index": 0.42, "access_status": "Very Low Access", "interpretation": "Area lacks adequate access to educational facilities", "norm_school": 0.0, "norm_dist": 0.55444284807756428, "norm_pop": 0.021208577872395599 }, "geometry": { "type": "MultiPolygon", "coordinates": [ [ [ [ 115.22662, -8.781291 ], [ 115.226649, -8.780867 ], [ 115.225935, -8.779623 ], [ 115.220688, -8.779598 ], [ 115.218043, -8.784106 ], [ 115.219474, -8.786599 ], [ 115.219567, -8.786639 ], [ 115.219901, -8.78679 ], [ 115.220111, -8.786951 ], [ 115.220223, -8.787082 ], [ 115.220226, -8.787132 ], [ 115.220034, -8.787149 ], [ 115.21978, -8.787133 ], [ 115.220645, -8.788639 ], [ 115.225892, -8.788664 ], [ 115.227693, -8.785595 ], [ 115.227654, -8.785595 ], [ 115.227549, -8.785672 ], [ 115.227454, -8.785776 ], [ 115.227283, -8.785757 ], [ 115.227033, -8.785573 ], [ 115.227033, -8.785573 ], [ 115.226921, -8.78499 ], [ 115.226919, -8.784982 ], [ 115.226853, -8.784721 ], [ 115.226772, -8.784439 ], [ 115.226753, -8.784374 ], [ 115.226713, -8.783015 ], [ 115.226763, -8.782305 ], [ 115.226782, -8.781815 ], [ 115.226708, -8.781519 ], [ 115.22662, -8.781291 ] ] ] ] } },
{ "type": "Feature", "properties": { "id": 501, "fid": 409, "left": 303992.92384541326, "top": 9028050.6931999996, "right": 305147.62438379246, "bottom": 9027050.6931999996, "schools": 0, "distance_to_school": 281.81, "population": 1231.0, "school_per_1000": 0.0, "access_index": 0.56, "access_status": "Moderate Access", "interpretation": "Area has moderate access with reasonable proximity", "norm_school": 0.0, "norm_dist": 0.90204283209857339, "norm_pop": 0.022772752445845205 }, "geometry": { "type": "MultiPolygon", "coordinates": [ [ [ [ 115.218, -8.793147 ], [ 115.220602, -8.79768 ], [ 115.225849, -8.797705 ], [ 115.228494, -8.793197 ], [ 115.225892, -8.788664 ], [ 115.220645, -8.788639 ], [ 115.218, -8.793147 ] ] ] ] } },
{ "type": "Feature", "properties": { "id": 502, "fid": 410, "left": 303992.92384541326, "top": 9027050.6931999996, "right": 305147.62438379246, "bottom": 9026050.6931999996, "schools": 2, "distance_to_school": 0.0, "population": 1231.0, "school_per_1000": 1.62, "access_index": 0.75, "access_status": "High Access", "interpretation": "Area has strong access to educational facilities", "norm_school": 0.38438689918859542, "norm_dist": 1.0, "norm_pop": 0.022772752445845205 }, "geometry": { "type": "MultiPolygon", "coordinates": [ [ [ [ 115.217957, -8.802188 ], [ 115.220559, -8.806721 ], [ 115.225806, -8.806746 ], [ 115.228451, -8.802238 ], [ 115.225849, -8.797705 ], [ 115.220602, -8.79768 ], [ 115.217957, -8.802188 ] ] ] ] } },
{ "type": "Feature", "properties": { "id": 503, "fid": 411, "left": 303992.92384541326, "top": 9026050.6931999996, "right": 305147.62438379246, "bottom": 9025050.6931999996, "schools": 0, "distance_to_school": 695.5, "population": 1231.0, "school_per_1000": 0.0, "access_index": 0.5, "access_status": "Low Access", "interpretation": "Access is limited due to fewer schools or distance", "norm_school": 0.0, "norm_dist": 0.75824256341162966, "norm_pop": 0.022772752445845205 }, "geometry": { "type": "MultiPolygon", "coordinates": [ [ [ [ 115.217913, -8.811229 ], [ 115.220515, -8.815762 ], [ 115.225763, -8.815786 ], [ 115.228408, -8.811278 ], [ 115.225806, -8.806746 ], [ 115.220559, -8.806721 ], [ 115.217913, -8.811229 ] ] ] ] } },
{ "type": "Feature", "properties": { "id": 504, "fid": 412, "left": 303992.92384541326, "top": 9025050.6931999996, "right": 305147.62438379246, "bottom": 9024050.6931999996, "schools": 0, "distance_to_school": 1695.5, "population": 762.0, "school_per_1000": 0.0, "access_index": 0.36, "access_status": "Very Low Access", "interpretation": "Area lacks adequate access to educational facilities", "norm_school": 0.0, "norm_dist": 0.41064246534672938, "norm_pop": 0.014081105988863222 }, "geometry": { "type": "MultiPolygon", "coordinates": [ [ [ [ 115.225585, -8.816959 ], [ 115.226137, -8.816438 ], [ 115.225763, -8.815786 ], [ 115.220515, -8.815762 ], [ 115.21787, -8.82027 ], [ 115.220472, -8.824802 ], [ 115.221724, -8.824808 ], [ 115.221997, -8.824312 ], [ 115.221997, -8.824311 ], [ 115.222212, -8.823904 ], [ 115.222427, -8.823238 ], [ 115.222615, -8.822727 ], [ 115.222947, -8.822117 ], [ 115.223255, -8.821661 ], [ 115.22369, -8.821014 ], [ 115.223884, -8.820779 ], [ 115.224695, -8.820216 ], [ 115.22488, -8.820084 ], [ 115.22503, -8.819884 ], [ 115.225177, -8.819507 ], [ 115.225254, -8.819194 ], [ 115.225159, -8.818573 ], [ 115.225005, -8.818558 ], [ 115.224905, -8.818451 ], [ 115.224763, -8.818258 ], [ 115.224691, -8.818087 ], [ 115.224656, -8.817865 ], [ 115.224679, -8.817762 ], [ 115.224841, -8.817587 ], [ 115.22507, -8.817387 ], [ 115.22532, -8.817234 ], [ 115.22532, -8.817234 ], [ 115.22532, -8.817234 ], [ 115.225585, -8.816959 ] ] ] ] } },
{ "type": "Feature", "properties": { "id": 508, "fid": 270, "left": 304858.94924919773, "top": 9059550.6931999996, "right": 306013.64978757693, "bottom": 9058550.6931999996, "schools": 0, "distance_to_school": 1431.6, "population": 1829.0, "school_per_1000": 0.0, "access_index": 0.39, "access_status": "Very Low Access", "interpretation": "Area lacks adequate access to educational facilities", "norm_school": 0.0, "norm_dist": 0.50237511137018687, "norm_pop": 0.033860688508519532 }, "geometry": { "type": "MultiPolygon", "coordinates": [ [ [ [ 115.227203, -8.508396 ], [ 115.229804, -8.512929 ], [ 115.235048, -8.512952 ], [ 115.23769, -8.508444 ], [ 115.235089, -8.503911 ], [ 115.229846, -8.503888 ], [ 115.227203, -8.508396 ] ] ] ] } },
{ "type": "Feature", "properties": { "id": 509, "fid": 271, "left": 304858.94924919773, "top": 9058550.6931999996, "right": 306013.64978757693, "bottom": 9057550.6931999996, "schools": 0, "distance_to_school": 1147.1, "population": 1920.0, "school_per_1000": 0.0, "access_index": 0.43, "access_status": "Very Low Access", "interpretation": "Area lacks adequate access to educational facilities", "norm_school": 0.0, "norm_dist": 0.60126675994968148, "norm_pop": 0.035555731168488383 }, "geometry": { "type": "MultiPolygon", "coordinates": [ [ [ [ 115.227162, -8.517437 ], [ 115.229763, -8.52197 ], [ 115.235006, -8.521993 ], [ 115.237649, -8.517485 ], [ 115.235048, -8.512952 ], [ 115.229804, -8.512929 ], [ 115.227162, -8.517437 ] ] ] ] } },
{ "type": "Feature", "properties": { "id": 510, "fid": 272, "left": 304858.94924919773, "top": 9057550.6931999996, "right": 306013.64978757693, "bottom": 9056550.6931999996, "schools": 0, "distance_to_school": 661.82, "population": 1920.0, "school_per_1000": 0.0, "access_index": 0.5, "access_status": "Low Access", "interpretation": "Access is limited due to fewer schools or distance", "norm_school": 0.0, "norm_dist": 0.76994973658384114, "norm_pop": 0.035545233127710865 }, "geometry": { "type": "MultiPolygon", "coordinates": [ [ [ [ 115.22712, -8.526478 ], [ 115.229721, -8.531011 ], [ 115.234965, -8.531034 ], [ 115.237607, -8.526526 ], [ 115.235006, -8.521993 ], [ 115.229763, -8.52197 ], [ 115.22712, -8.526478 ] ] ] ] } },
{ "type": "Feature", "properties": { "id": 511, "fid": 273, "left": 304858.94924919773, "top": 9056550.6931999996, "right": 306013.64978757693, "bottom": 9055550.6931999996, "schools": 0, "distance_to_school": 964.38, "population": 1896.0, "school_per_1000": 0.0, "access_index": 0.46, "access_status": "Very Low Access", "interpretation": "Area lacks adequate access to educational facilities", "norm_school": 0.0, "norm_dist": 0.66478074258642605, "norm_pop": 0.035104578263406593 }, "geometry": { "type": "MultiPolygon", "coordinates": [ [ [ [ 115.227078, -8.535519 ], [ 115.229679, -8.540051 ], [ 115.234923, -8.540075 ], [ 115.237566, -8.535567 ], [ 115.234965, -8.531034 ], [ 115.229721, -8.531011 ], [ 115.227078, -8.535519 ] ] ] ] } },
{ "type": "Feature", "properties": { "id": 512, "fid": 274, "left": 304858.94924919773, "top": 9055550.6931999996, "right": 306013.64978757693, "bottom": 9054550.6931999996, "schools": 0, "distance_to_school": 520.18, "population": 1852.0, "school_per_1000": 0.0, "access_index": 0.52, "access_status": "Low Access", "interpretation": "Access is limited due to fewer schools or distance", "norm_school": 0.0, "norm_dist": 0.81918704212799298, "norm_pop": 0.034293178563990334 }, "geometry": { "type": "MultiPolygon", "coordinates": [ [ [ [ 115.227037, -8.54456 ], [ 115.229638, -8.549092 ], [ 115.234882, -8.549116 ], [ 115.237524, -8.544608 ], [ 115.234923, -8.540075 ], [ 115.229679, -8.540051 ], [ 115.227037, -8.54456 ] ] ] ] } },
{ "type": "Feature", "properties": { "id": 513, "fid": 275, "left": 304858.94924919773, "top": 9054550.6931999996, "right": 306013.64978757693, "bottom": 9053550.6931999996, "schools": 0, "distance_to_school": 329.41, "population": 1826.0, "school_per_1000": 0.0, "access_index": 0.55, "access_status": "Low Access", "interpretation": "Access is limited due to fewer schools or distance", "norm_school": 0.0, "norm_dist": 0.88549786383939932, "norm_pop": 0.033797907503180569 }, "geometry": { "type": "MultiPolygon", "coordinates": [ [ [ [ 115.226995, -8.553601 ], [ 115.229596, -8.558133 ], [ 115.23484, -8.558157 ], [ 115.237483, -8.553649 ], [ 115.234882, -8.549116 ], [ 115.229638, -8.549092 ], [ 115.226995, -8.553601 ] ] ] ] } },
{ "type": "Feature", "properties": { "id": 516, "fid": 278, "left": 304858.94924919773, "top": 9051550.6931999996, "right": 306013.64978757693, "bottom": 9050550.6931999996, "schools": 0, "distance_to_school": 305.9, "population": 1826.0, "school_per_1000": 0.0, "access_index": 0.55, "access_status": "Moderate Access", "interpretation": "Area has moderate access with reasonable proximity", "norm_school": 0.0, "norm_dist": 0.89366872454983037, "norm_pop": 0.033797907503180569 }, "geometry": { "type": "MultiPolygon", "coordinates": [ [ [ [ 115.226869, -8.580724 ], [ 115.22947, -8.585256 ], [ 115.234715, -8.58528 ], [ 115.237358, -8.580772 ], [ 115.234757, -8.576239 ], [ 115.229512, -8.576215 ], [ 115.226869, -8.580724 ] ] ] ] } },
{ "type": "Feature", "properties": { "id": 517, "fid": 279, "left": 304858.94924919773, "top": 9050550.6931999996, "right": 306013.64978757693, "bottom": 9049550.6931999996, "schools": 0, "distance_to_school": 480.91, "population": 2203.0, "school_per_1000": 0.0, "access_index": 0.52, "access_status": "Low Access", "interpretation": "Access is limited due to fewer schools or distance", "norm_school": 0.0, "norm_dist": 0.8328354060133647, "norm_pop": 0.040789160312571363 }, "geometry": { "type": "MultiPolygon", "coordinates": [ [ [ [ 115.226827, -8.589765 ], [ 115.229429, -8.594297 ], [ 115.234673, -8.594321 ], [ 115.237316, -8.589813 ], [ 115.234715, -8.58528 ], [ 115.22947, -8.585256 ], [ 115.226827, -8.589765 ] ] ] ] } },
{ "type": "Feature", "properties": { "id": 518, "fid": 280, "left": 304858.94924919773, "top": 9049550.6931999996, "right": 306013.64978757693, "bottom": 9048550.6931999996, "schools": 0, "distance_to_school": 32.14, "population": 4648.0, "school_per_1000": 0.0, "access_index": 0.58, "access_status": "Moderate Access", "interpretation": "Area has moderate access with reasonable proximity", "norm_school": 0.0, "norm_dist": 0.98882733626227282, "norm_pop": 0.086134757685701696 }, "geometry": { "type": "MultiPolygon", "coordinates": [ [ [ [ 115.226785, -8.598806 ], [ 115.229387, -8.603338 ], [ 115.234631, -8.603362 ], [ 115.237274, -8.598854 ], [ 115.234673, -8.594321 ], [ 115.229429, -8.594297 ], [ 115.226785, -8.598806 ] ] ] ] } },
{ "type": "Feature", "properties": { "id": 519, "fid": 437, "left": 304858.94924919773, "top": 9048550.6931999996, "right": 306013.64978757693, "bottom": 9047550.6931999996, "schools": 0, "distance_to_school": 657.51, "population": 6107.0, "school_per_1000": 0.0, "access_index": 0.49, "access_status": "Very Low Access", "interpretation": "Area lacks adequate access to educational facilities", "norm_school": 0.0, "norm_dist": 0.77144977808815829, "norm_pop": 0.11318545481805112 }, "geometry": { "type": "MultiPolygon", "coordinates": [ [ [ [ 115.226743, -8.607847 ], [ 115.229345, -8.612379 ], [ 115.234589, -8.612403 ], [ 115.237233, -8.607895 ], [ 115.234631, -8.603362 ], [ 115.229387, -8.603338 ], [ 115.226743, -8.607847 ] ] ] ] } },
{ "type": "Feature", "properties": { "id": 521, "fid": 439, "left": 304858.94924919773, "top": 9046550.6931999996, "right": 306013.64978757693, "bottom": 9045550.6931999996, "schools": 0, "distance_to_school": 532.19, "population": 5440.0, "school_per_1000": 0.0, "access_index": 0.51, "access_status": "Low Access", "interpretation": "Access is limited due to fewer schools or distance", "norm_school": 0.0, "norm_dist": 0.81500988097101457, "norm_pop": 0.10081584060739139 }, "geometry": { "type": "MultiPolygon", "coordinates": [ [ [ [ 115.226659, -8.625928 ], [ 115.22926, -8.630461 ], [ 115.234505, -8.630485 ], [ 115.237149, -8.625977 ], [ 115.234547, -8.621444 ], [ 115.229302, -8.62142 ], [ 115.226659, -8.625928 ] ] ] ] } },
{ "type": "Feature", "properties": { "id": 522, "fid": 440, "left": 304858.94924919773, "top": 9045550.6931999996, "right": 306013.64978757693, "bottom": 9044550.6931999996, "schools": 0, "distance_to_school": 4.21, "population": 5137.0, "school_per_1000": 0.0, "access_index": 0.58, "access_status": "Moderate Access", "interpretation": "Area has moderate access with reasonable proximity", "norm_school": 0.0, "norm_dist": 0.99853603733881902, "norm_pop": 0.095203492773433276 }, "geometry": { "type": "MultiPolygon", "coordinates": [ [ [ [ 115.226617, -8.634969 ], [ 115.229218, -8.639502 ], [ 115.234463, -8.639526 ], [ 115.237107, -8.635018 ], [ 115.234505, -8.630485 ], [ 115.22926, -8.630461 ], [ 115.226617, -8.634969 ] ] ] ] } },
{ "type": "Feature", "properties": { "id": 523, "fid": 441, "left": 304858.94924919773, "top": 9044550.6931999996, "right": 306013.64978757693, "bottom": 9043550.6931999996, "schools": 2, "distance_to_school": 0.0, "population": 3982.0, "school_per_1000": 0.5, "access_index": 0.63, "access_status": "High Access", "interpretation": "Area has strong access to educational facilities", "norm_school": 0.11883296107201675, "norm_dist": 1.0, "norm_pop": 0.073792354844070041 }, "geometry": { "type": "MultiPolygon", "coordinates": [ [ [ [ 115.226574, -8.64401 ], [ 115.229176, -8.648543 ], [ 115.234421, -8.648567 ], [ 115.237065, -8.644059 ], [ 115.234463, -8.639526 ], [ 115.229218, -8.639502 ], [ 115.226574, -8.64401 ] ] ] ] } },
{ "type": "Feature", "properties": { "id": 524, "fid": 442, "left": 304858.94924919773, "top": 9043550.6931999996, "right": 306013.64978757693, "bottom": 9042550.6931999996, "schools": 2, "distance_to_school": 0.0, "population": 3717.0, "school_per_1000": 0.54, "access_index": 0.64, "access_status": "High Access", "interpretation": "Area has strong access to educational facilities", "norm_school": 0.12731243709114295, "norm_dist": 1.0, "norm_pop": 0.068873646344341372 }, "geometry": { "type": "MultiPolygon", "coordinates": [ [ [ [ 115.226532, -8.653051 ], [ 115.229134, -8.657584 ], [ 115.234379, -8.657608 ], [ 115.237023, -8.6531 ], [ 115.234421, -8.648567 ], [ 115.229176, -8.648543 ], [ 115.226532, -8.653051 ] ] ] ] } },
{ "type": "Feature", "properties": { "id": 525, "fid": 705, "left": 304858.94924919773, "top": 9042550.6931999996, "right": 306013.64978757693, "bottom": 9041550.6931999996, "schools": 3, "distance_to_school": 0.0, "population": 3696.0, "school_per_1000": 0.81, "access_index": 0.66, "access_status": "High Access", "interpretation": "Area has strong access to educational facilities", "norm_school": 0.19205205223854127, "norm_dist": 1.0, "norm_pop": 0.068484791507934434 }, "geometry": { "type": "MultiPolygon", "coordinates": [ [ [ [ 115.22649, -8.662092 ], [ 115.229091, -8.666625 ], [ 115.234337, -8.666649 ], [ 115.236981, -8.66214 ], [ 115.234379, -8.657608 ], [ 115.229134, -8.657584 ], [ 115.22649, -8.662092 ] ] ] ] } },
{ "type": "Feature", "properties": { "id": 526, "fid": 706, "left": 304858.94924919773, "top": 9041550.6931999996, "right": 306013.64978757693, "bottom": 9040550.6931999996, "schools": 0, "distance_to_school": 267.74, "population": 3662.0, "school_per_1000": 0.0, "access_index": 0.55, "access_status": "Low Access", "interpretation": "Access is limited due to fewer schools or distance", "norm_school": 0.0, "norm_dist": 0.90693232041766558, "norm_pop": 0.06785249419181251 }, "geometry": { "type": "MultiPolygon", "coordinates": [ [ [ [ 115.226447, -8.671133 ], [ 115.229049, -8.675665 ], [ 115.234295, -8.67569 ], [ 115.236939, -8.671181 ], [ 115.234337, -8.666649 ], [ 115.229091, -8.666625 ], [ 115.226447, -8.671133 ] ] ] ] } },
{ "type": "Feature", "properties": { "id": 527, "fid": 707, "left": 304858.94924919773, "top": 9040550.6931999996, "right": 306013.64978757693, "bottom": 9039550.6931999996, "schools": 1, "distance_to_school": 0.0, "population": 3222.0, "school_per_1000": 0.31, "access_index": 0.62, "access_status": "High Access", "interpretation": "Area has strong access to educational facilities", "norm_school": 0.073434120401986547, "norm_dist": 1.0, "norm_pop": 0.059695250905656846 }, "geometry": { "type": "MultiPolygon", "coordinates": [ [ [ [ 115.226405, -8.680174 ], [ 115.229007, -8.684706 ], [ 115.234252, -8.684731 ], [ 115.236896, -8.680222 ], [ 115.234295, -8.67569 ], [ 115.229049, -8.675665 ], [ 115.226405, -8.680174 ] ] ] ] } },
{ "type": "Feature", "properties": { "id": 528, "fid": 708, "left": 304858.94924919773, "top": 9039550.6931999996, "right": 306013.64978757693, "bottom": 9038550.6931999996, "schools": 1, "distance_to_school": 0.0, "population": 3222.0, "school_per_1000": 0.31, "access_index": 0.62, "access_status": "High Access", "interpretation": "Area has strong access to educational facilities", "norm_school": 0.073434120401986547, "norm_dist": 1.0, "norm_pop": 0.059695250905656846 }, "geometry": { "type": "MultiPolygon", "coordinates": [ [ [ [ 115.226363, -8.689215 ], [ 115.228964, -8.693747 ], [ 115.23421, -8.693772 ], [ 115.236854, -8.689263 ], [ 115.234252, -8.684731 ], [ 115.229007, -8.684706 ], [ 115.226363, -8.689215 ] ] ] ] } },
{ "type": "Feature", "properties": { "id": 529, "fid": 709, "left": 304858.94924919773, "top": 9038550.6931999996, "right": 306013.64978757693, "bottom": 9037550.6931999996, "schools": 1, "distance_to_school": 0.0, "population": 3222.0, "school_per_1000": 0.31, "access_index": 0.62, "access_status": "High Access", "interpretation": "Area has strong access to educational facilities", "norm_school": 0.073434120401986547, "norm_dist": 1.0, "norm_pop": 0.059695250905656846 }, "geometry": { "type": "MultiPolygon", "coordinates": [ [ [ [ 115.22632, -8.698255 ], [ 115.228922, -8.702788 ], [ 115.234168, -8.702813 ], [ 115.236812, -8.698304 ], [ 115.23421, -8.693772 ], [ 115.228964, -8.693747 ], [ 115.22632, -8.698255 ] ] ] ] } },
{ "type": "Feature", "properties": { "id": 530, "fid": 710, "left": 304858.94924919773, "top": 9037550.6931999996, "right": 306013.64978757693, "bottom": 9036550.6931999996, "schools": 1, "distance_to_school": 0.0, "population": 3222.0, "school_per_1000": 0.31, "access_index": 0.62, "access_status": "High Access", "interpretation": "Area has strong access to educational facilities", "norm_school": 0.073434120401986547, "norm_dist": 1.0, "norm_pop": 0.059695250905656846 }, "geometry": { "type": "MultiPolygon", "coordinates": [ [ [ [ 115.226277, -8.707296 ], [ 115.228879, -8.711829 ], [ 115.234125, -8.711853 ], [ 115.23677, -8.707345 ], [ 115.234168, -8.702813 ], [ 115.228922, -8.702788 ], [ 115.226277, -8.707296 ] ] ] ] } },
{ "type": "Feature", "properties": { "id": 563, "fid": 447, "left": 305724.97465298214, "top": 9044050.6931999996, "right": 306879.67519136134, "bottom": 9043050.6931999996, "schools": 3, "distance_to_school": 0.0, "population": 3696.0, "school_per_1000": 0.81, "access_index": 0.66, "access_status": "High Access", "interpretation": "Area has strong access to educational facilities", "norm_school": 0.19205205223854127, "norm_dist": 1.0, "norm_pop": 0.068484791507934434 }, "geometry": { "type": "MultiPolygon", "coordinates": [ [ [ [ 115.234421, -8.648567 ], [ 115.237023, -8.6531 ], [ 115.242268, -8.653124 ], [ 115.244912, -8.648615 ], [ 115.24231, -8.644083 ], [ 115.237065, -8.644059 ], [ 115.234421, -8.648567 ] ] ] ] } },
{ "type": "Feature", "properties": { "id": 531, "fid": 711, "left": 304858.94924919773, "top": 9036550.6931999996, "right": 306013.64978757693, "bottom": 9035550.6931999996, "schools": 0, "distance_to_school": 368.63, "population": 2689.0, "school_per_1000": 0.0, "access_index": 0.54, "access_status": "Low Access", "interpretation": "Access is limited due to fewer schools or distance", "norm_school": 0.0, "norm_dist": 0.87186347502601202, "norm_pop": 0.04980334380020341 }, "geometry": { "type": "MultiPolygon", "coordinates": [ [ [ [ 115.235701, -8.717639 ], [ 115.235994, -8.717636 ], [ 115.236727, -8.716386 ], [ 115.234125, -8.711853 ], [ 115.228879, -8.711829 ], [ 115.226235, -8.716337 ], [ 115.228144, -8.719664 ], [ 115.229438, -8.719492 ], [ 115.229698, -8.719502 ], [ 115.229975, -8.719523 ], [ 115.230153, -8.719519 ], [ 115.230382, -8.719556 ], [ 115.231173, -8.719469 ], [ 115.231495, -8.719414 ], [ 115.231495, -8.719414 ], [ 115.231682, -8.719385 ], [ 115.231682, -8.719385 ], [ 115.231725, -8.719388 ], [ 115.232094, -8.719374 ], [ 115.23275, -8.719128 ], [ 115.233473, -8.718619 ], [ 115.233669, -8.718478 ], [ 115.233961, -8.718278 ], [ 115.234033, -8.718221 ], [ 115.23422, -8.718041 ], [ 115.234803, -8.71791 ], [ 115.235022, -8.717862 ], [ 115.235157, -8.717766 ], [ 115.23531, -8.717685 ], [ 115.235521, -8.71765 ], [ 115.235701, -8.717639 ] ] ] ] } },
{ "type": "Feature", "properties": { "id": 542, "fid": 419, "left": 304858.94924919773, "top": 9025550.6931999996, "right": 306013.64978757693, "bottom": 9024550.6931999996, "schools": 0, "distance_to_school": 1348.84, "population": 191.0, "school_per_1000": 0.0, "access_index": 0.41, "access_status": "Very Low Access", "interpretation": "Area lacks adequate access to educational facilities", "norm_school": 0.0, "norm_dist": 0.53114238255294477, "norm_pop": 0.0034758292120837361 }, "geometry": { "type": "MultiPolygon", "coordinates": [ [ [ [ 115.231423, -8.81148 ], [ 115.231538, -8.811293 ], [ 115.228408, -8.811278 ], [ 115.225763, -8.815786 ], [ 115.226137, -8.816438 ], [ 115.226528, -8.816069 ], [ 115.227748, -8.815127 ], [ 115.228257, -8.814715 ], [ 115.228899, -8.814173 ], [ 115.229534, -8.81365 ], [ 115.230118, -8.812945 ], [ 115.230461, -8.812531 ], [ 115.231074, -8.811919 ], [ 115.231423, -8.81148 ] ] ] ] } },
{ "type": "Feature", "properties": { "id": 547, "fid": 281, "left": 305724.97465298214, "top": 9060050.6931999996, "right": 306879.67519136134, "bottom": 9059050.6931999996, "schools": 0, "distance_to_school": 1541.17, "population": 1850.0, "school_per_1000": 0.0, "access_index": 0.38, "access_status": "Very Low Access", "interpretation": "Area lacks adequate access to educational facilities", "norm_school": 0.0, "norm_dist": 0.46428785700647857, "norm_pop": 0.034254885580447564 }, "geometry": { "type": "MultiPolygon", "coordinates": [ [ [ [ 115.240578, -8.5 ], [ 115.237381, -8.5 ], [ 115.235089, -8.503911 ], [ 115.23769, -8.508444 ], [ 115.242934, -8.508468 ], [ 115.245576, -8.503959 ], [ 115.243304, -8.5 ], [ 115.240578, -8.5 ] ] ] ] } },
{ "type": "Feature", "properties": { "id": 548, "fid": 282, "left": 305724.97465298214, "top": 9059050.6931999996, "right": 306879.67519136134, "bottom": 9058050.6931999996, "schools": 0, "distance_to_school": 1177.74, "population": 1973.0, "school_per_1000": 0.0, "access_index": 0.43, "access_status": "Very Low Access", "interpretation": "Area lacks adequate access to educational facilities", "norm_school": 0.0, "norm_dist": 0.59061587772596624, "norm_pop": 0.03652583008421309 }, "geometry": { "type": "MultiPolygon", "coordinates": [ [ [ [ 115.235048, -8.512952 ], [ 115.237649, -8.517485 ], [ 115.242892, -8.517509 ], [ 115.245535, -8.513 ], [ 115.242934, -8.508468 ], [ 115.23769, -8.508444 ], [ 115.235048, -8.512952 ] ] ] ] } },
{ "type": "Feature", "properties": { "id": 549, "fid": 283, "left": 305724.97465298214, "top": 9058050.6931999996, "right": 306879.67519136134, "bottom": 9057050.6931999996, "schools": 0, "distance_to_school": 186.31, "population": 1980.0, "school_per_1000": 0.0, "access_index": 0.57, "access_status": "Moderate Access", "interpretation": "Area has moderate access with reasonable proximity", "norm_school": 0.0, "norm_dist": 0.93523759878775758, "norm_pop": 0.036666769425698666 }, "geometry": { "type": "MultiPolygon", "coordinates": [ [ [ [ 115.235006, -8.521993 ], [ 115.237607, -8.526526 ], [ 115.242851, -8.52655 ], [ 115.245493, -8.522041 ], [ 115.242892, -8.517509 ], [ 115.237649, -8.517485 ], [ 115.235006, -8.521993 ] ] ] ] } },
{ "type": "Feature", "properties": { "id": 550, "fid": 284, "left": 305724.97465298214, "top": 9057050.6931999996, "right": 306879.67519136134, "bottom": 9056050.6931999996, "schools": 1, "distance_to_school": 0.0, "population": 1980.0, "school_per_1000": 0.51, "access_index": 0.64, "access_status": "High Access", "interpretation": "Area has strong access to educational facilities", "norm_school": 0.1195223406775475, "norm_dist": 1.0, "norm_pop": 0.036654173903609095 }, "geometry": { "type": "MultiPolygon", "coordinates": [ [ [ [ 115.234965, -8.531034 ], [ 115.237566, -8.535567 ], [ 115.24281, -8.535591 ], [ 115.245452, -8.531082 ], [ 115.242851, -8.52655 ], [ 115.237607, -8.526526 ], [ 115.234965, -8.531034 ] ] ] ] } },
{ "type": "Feature", "properties": { "id": 757, "fid": 516, "left": 310055.10167190433, "top": 9044550.6931999996, "right": 311209.80221028352, "bottom": 9043550.6931999996, "schools": 1, "distance_to_school": 0.0, "population": 1571.0, "school_per_1000": 0.64, "access_index": 0.65, "access_status": "High Access", "interpretation": "Area has strong access to educational facilities", "norm_school": 0.15065539184687085, "norm_dist": 1.0, "norm_pop": 0.029067564225301178 }, "geometry": { "type": "MultiPolygon", "coordinates": [ [ [ [ 115.283803, -8.643838 ], [ 115.283969, -8.643745 ], [ 115.28167, -8.639741 ], [ 115.276425, -8.639717 ], [ 115.273782, -8.644226 ], [ 115.276384, -8.648758 ], [ 115.277017, -8.648761 ], [ 115.27716, -8.64866 ], [ 115.277556, -8.648367 ], [ 115.279284, -8.646951 ], [ 115.279786, -8.646618 ], [ 115.280333, -8.646272 ], [ 115.280378, -8.646244 ], [ 115.281183, -8.645658 ], [ 115.281183, -8.645658 ], [ 115.282204, -8.644916 ], [ 115.282555, -8.644694 ], [ 115.283114, -8.644323 ], [ 115.283803, -8.643838 ] ] ] ] } },
{ "type": "Feature", "properties": { "id": 829, "fid": 541, "left": 311787.15247947321, "top": 9050550.6931999996, "right": 312941.85301785241, "bottom": 9049550.6931999996, "schools": 2, "distance_to_school": 0.0, "population": 1688.0, "school_per_1000": 1.18, "access_index": 0.71, "access_status": "High Access", "interpretation": "Area has strong access to educational facilities", "norm_school": 0.28033447366785191, "norm_dist": 1.0, "norm_pop": 0.031246917976639095 }, "geometry": { "type": "MultiPolygon", "coordinates": [ [ [ [ 115.289762, -8.590049 ], [ 115.292364, -8.594581 ], [ 115.297608, -8.594605 ], [ 115.300251, -8.590096 ], [ 115.297649, -8.585563 ], [ 115.292404, -8.58554 ], [ 115.289762, -8.590049 ] ] ] ] } },
{ "type": "Feature", "properties": { "id": 830, "fid": 542, "left": 311787.15247947321, "top": 9049550.6931999996, "right": 312941.85301785241, "bottom": 9048550.6931999996, "schools": 0, "distance_to_school": 25.62, "population": 1885.0, "school_per_1000": 0.0, "access_index": 0.59, "access_status": "Moderate Access", "interpretation": "Area has moderate access with reasonable proximity", "norm_school": 0.0, "norm_dist": 0.99109595295647235, "norm_pop": 0.034893110052028026 }, "geometry": { "type": "MultiPolygon", "coordinates": [ [ [ [ 115.289721, -8.59909 ], [ 115.292323, -8.603623 ], [ 115.297568, -8.603646 ], [ 115.300211, -8.599137 ], [ 115.297608, -8.594605 ], [ 115.292364, -8.594581 ], [ 115.289721, -8.59909 ] ] ] ] } },
{ "type": "Feature", "properties": { "id": 593, "fid": 300, "left": 306591.00005676661, "top": 9052550.6931999996, "right": 307745.70059514581, "bottom": 9051550.6931999996, "schools": 0, "distance_to_school": 694.1, "population": 1864.0, "school_per_1000": 0.0, "access_index": 0.5, "access_status": "Low Access", "interpretation": "Access is limited due to fewer schools or distance", "norm_school": 0.0, "norm_dist": 0.75873117738525941, "norm_pop": 0.034504568268277816 }, "geometry": { "type": "MultiPolygon", "coordinates": [ [ [ [ 115.242644, -8.571755 ], [ 115.245245, -8.576287 ], [ 115.25049, -8.576311 ], [ 115.253132, -8.571802 ], [ 115.250531, -8.56727 ], [ 115.245287, -8.567246 ], [ 115.242644, -8.571755 ] ] ] ] } },
{ "type": "Feature", "properties": { "id": 541, "fid": 418, "left": 304858.94924919773, "top": 9026550.6931999996, "right": 306013.64978757693, "bottom": 9025550.6931999996, "schools": 0, "distance_to_school": 638.68, "population": 948.0, "school_per_1000": 0.0, "access_index": 0.51, "access_status": "Low Access", "interpretation": "Access is limited due to fewer schools or distance", "norm_school": 0.0, "norm_dist": 0.77799316687323405, "norm_pop": 0.017526808999767562 }, "geometry": { "type": "MultiPolygon", "coordinates": [ [ [ [ 115.235051, -8.804639 ], [ 115.235058, -8.80463 ], [ 115.233699, -8.802262 ], [ 115.228451, -8.802238 ], [ 115.225806, -8.806746 ], [ 115.228408, -8.811278 ], [ 115.231538, -8.811293 ], [ 115.23173, -8.810983 ], [ 115.231803, -8.810617 ], [ 115.2319, -8.809424 ], [ 115.231974, -8.808959 ], [ 115.232252, -8.808226 ], [ 115.23262, -8.807466 ], [ 115.232901, -8.807012 ], [ 115.23356, -8.806252 ], [ 115.235051, -8.804639 ] ] ] ] } },
{ "type": "Feature", "properties": { "id": 551, "fid": 285, "left": 305724.97465298214, "top": 9056050.6931999996, "right": 306879.67519136134, "bottom": 9055050.6931999996, "schools": 0, "distance_to_school": 826.04, "population": 1959.0, "school_per_1000": 0.0, "access_index": 0.48, "access_status": "Very Low Access", "interpretation": "Area lacks adequate access to educational facilities", "norm_school": 0.0, "norm_dist": 0.71286826368210976, "norm_pop": 0.036271723914427491 }, "geometry": { "type": "MultiPolygon", "coordinates": [ [ [ [ 115.234923, -8.540075 ], [ 115.237524, -8.544608 ], [ 115.242768, -8.544632 ], [ 115.245411, -8.540123 ], [ 115.24281, -8.535591 ], [ 115.237566, -8.535567 ], [ 115.234923, -8.540075 ] ] ] ] } },
{ "type": "Feature", "properties": { "id": 552, "fid": 286, "left": 305724.97465298214, "top": 9055050.6931999996, "right": 306879.67519136134, "bottom": 9054050.6931999996, "schools": 0, "distance_to_school": 405.79, "population": 1897.0, "school_per_1000": 0.0, "access_index": 0.54, "access_status": "Low Access", "interpretation": "Access is limited due to fewer schools or distance", "norm_school": 0.0, "norm_dist": 0.85894618306054127, "norm_pop": 0.03511367298813281 }, "geometry": { "type": "MultiPolygon", "coordinates": [ [ [ [ 115.234882, -8.549116 ], [ 115.237483, -8.553649 ], [ 115.242727, -8.553673 ], [ 115.24537, -8.549164 ], [ 115.242768, -8.544632 ], [ 115.237524, -8.544608 ], [ 115.234882, -8.549116 ] ] ] ] } },
{ "type": "Feature", "properties": { "id": 553, "fid": 287, "left": 305724.97465298214, "top": 9054050.6931999996, "right": 306879.67519136134, "bottom": 9053050.6931999996, "schools": 0, "distance_to_school": 597.48, "population": 1840.0, "school_per_1000": 0.0, "access_index": 0.51, "access_status": "Low Access", "interpretation": "Access is limited due to fewer schools or distance", "norm_school": 0.0, "norm_dist": 0.79231482929808061, "norm_pop": 0.034062201872922346 }, "geometry": { "type": "MultiPolygon", "coordinates": [ [ [ [ 115.23484, -8.558157 ], [ 115.237441, -8.56269 ], [ 115.242685, -8.562714 ], [ 115.245328, -8.558205 ], [ 115.242727, -8.553673 ], [ 115.237483, -8.553649 ], [ 115.23484, -8.558157 ] ] ] ] } },
{ "type": "Feature", "properties": { "id": 554, "fid": 288, "left": 305724.97465298214, "top": 9053050.6931999996, "right": 306879.67519136134, "bottom": 9052050.6931999996, "schools": 0, "distance_to_school": 520.96, "population": 1826.0, "school_per_1000": 0.0, "access_index": 0.52, "access_status": "Low Access", "interpretation": "Access is limited due to fewer schools or distance", "norm_school": 0.0, "norm_dist": 0.81891597229082957, "norm_pop": 0.033797907503180569 }, "geometry": { "type": "MultiPolygon", "coordinates": [ [ [ [ 115.234798, -8.567198 ], [ 115.2374, -8.571731 ], [ 115.242644, -8.571755 ], [ 115.245287, -8.567246 ], [ 115.242685, -8.562714 ], [ 115.237441, -8.56269 ], [ 115.234798, -8.567198 ] ] ] ] } },
{ "type": "Feature", "properties": { "id": 532, "fid": 712, "left": 304858.94924919773, "top": 9035550.6931999996, "right": 306013.64978757693, "bottom": 9034550.6931999996, "schools": 1, "distance_to_school": 0.0, "population": 1935.0, "school_per_1000": 0.52, "access_index": 0.64, "access_status": "High Access", "interpretation": "Area has strong access to educational facilities", "norm_school": 0.12229798450843068, "norm_dist": 1.0, "norm_pop": 0.035820962564249763 }, "geometry": { "type": "MultiPolygon", "coordinates": [ [ [ [ 115.226468, -8.72499 ], [ 115.22643, -8.724972 ], [ 115.226192, -8.725378 ], [ 115.226861, -8.726544 ], [ 115.227182, -8.726216 ], [ 115.227277, -8.726013 ], [ 115.227218, -8.725871 ], [ 115.226992, -8.725668 ], [ 115.226873, -8.725419 ], [ 115.226718, -8.725228 ], [ 115.226468, -8.72499 ] ] ], [ [ [ 115.227392, -8.727316 ], [ 115.227349, -8.727393 ], [ 115.228794, -8.729911 ], [ 115.23404, -8.729935 ], [ 115.236685, -8.725427 ], [ 115.234983, -8.722463 ], [ 115.234927, -8.722515 ], [ 115.234787, -8.722647 ], [ 115.234618, -8.722805 ], [ 115.234465, -8.722948 ], [ 115.234463, -8.72295 ], [ 115.234088, -8.723409 ], [ 115.234082, -8.723416 ], [ 115.233866, -8.723755 ], [ 115.233827, -8.723816 ], [ 115.23374, -8.723954 ], [ 115.233666, -8.724068 ], [ 115.233664, -8.724073 ], [ 115.233651, -8.724101 ], [ 115.233593, -8.724236 ], [ 115.23354, -8.724359 ], [ 115.233528, -8.724456 ], [ 115.233492, -8.724739 ], [ 115.233387, -8.724977 ], [ 115.233144, -8.725172 ], [ 115.233102, -8.725206 ], [ 115.232893, -8.725282 ], [ 115.232636, -8.72531 ], [ 115.232445, -8.725253 ], [ 115.232293, -8.725139 ], [ 115.232207, -8.725021 ], [ 115.23217, -8.72497 ], [ 115.232065, -8.724825 ], [ 115.231836, -8.724473 ], [ 115.231617, -8.724149 ], [ 115.231322, -8.723835 ], [ 115.231254, -8.723767 ], [ 115.231056, -8.723569 ], [ 115.230856, -8.723473 ], [ 115.230761, -8.723559 ], [ 115.230675, -8.723711 ], [ 115.230666, -8.723764 ], [ 115.23065, -8.723868 ], [ 115.230649, -8.723868 ], [ 115.230649, -8.723868 ], [ 115.230633, -8.723871 ], [ 115.230475, -8.723896 ], [ 115.230142, -8.724089 ], [ 115.229622, -8.724526 ], [ 115.229477, -8.724688 ], [ 115.229431, -8.72474 ], [ 115.229286, -8.72502 ], [ 115.229265, -8.725212 ], [ 115.22934, -8.725411 ], [ 115.2297, -8.725673 ], [ 115.229737, -8.7257 ], [ 115.229883, -8.725828 ], [ 115.229968, -8.725988 ], [ 115.229958, -8.726222 ], [ 115.229885, -8.726419 ], [ 115.229818, -8.726576 ], [ 115.229815, -8.72664 ], [ 115.229806, -8.726863 ], [ 115.229852, -8.727091 ], [ 115.229855, -8.727105 ], [ 115.229897, -8.72724 ], [ 115.229834, -8.727441 ], [ 115.229696, -8.727412 ], [ 115.229515, -8.727212 ], [ 115.229412, -8.727092 ], [ 115.229334, -8.727002 ], [ 115.228991, -8.726736 ], [ 115.228849, -8.726641 ], [ 115.228601, -8.726593 ], [ 115.228574, -8.726657 ], [ 115.228516, -8.726793 ], [ 115.228373, -8.726802 ], [ 115.228097, -8.726637 ], [ 115.227944, -8.726546 ], [ 115.227802, -8.726536 ], [ 115.227697, -8.726622 ], [ 115.227573, -8.726841 ], [ 115.227519, -8.726984 ], [ 115.227392, -8.727316 ] ] ], [ [ [ 115.232353, -8.724333 ], [ 115.232593, -8.724296 ], [ 115.232861, -8.724198 ], [ 115.233224, -8.723996 ], [ 115.23359, -8.723732 ], [ 115.233801, -8.723537 ], [ 115.233896, -8.723374 ], [ 115.233905, -8.723233 ], [ 115.233844, -8.723168 ], [ 115.233714, -8.723128 ], [ 115.232569, -8.723423 ], [ 115.232322, -8.72349 ], [ 115.231957, -8.723504 ], [ 115.231841, -8.723495 ], [ 115.231838, -8.723499 ], [ 115.231615, -8.72367 ], [ 115.231597, -8.723761 ], [ 115.231665, -8.72392 ], [ 115.231904, -8.72415 ], [ 115.232091, -8.724278 ], [ 115.232353, -8.724333 ] ] ] ] } },
{ "type": "Feature", "properties": { "id": 564, "fid": 759, "left": 305724.97465298214, "top": 9043050.6931999996, "right": 306879.67519136134, "bottom": 9042050.6931999996, "schools": 2, "distance_to_school": 0.0, "population": 3696.0, "school_per_1000": 0.54, "access_index": 0.64, "access_status": "High Access", "interpretation": "Area has strong access to educational facilities", "norm_school": 0.12803470149236088, "norm_dist": 1.0, "norm_pop": 0.068484791507934434 }, "geometry": { "type": "MultiPolygon", "coordinates": [ [ [ [ 115.234379, -8.657608 ], [ 115.236981, -8.66214 ], [ 115.242226, -8.662165 ], [ 115.24487, -8.657656 ], [ 115.242268, -8.653124 ], [ 115.237023, -8.6531 ], [ 115.234379, -8.657608 ] ] ] ] } },
{ "type": "Feature", "properties": { "id": 533, "fid": 713, "left": 304858.94924919773, "top": 9034550.6931999996, "right": 306013.64978757693, "bottom": 9033550.6931999996, "schools": 0, "distance_to_school": 612.49, "population": 3116.0, "school_per_1000": 0.0, "access_index": 0.5, "access_status": "Low Access", "interpretation": "Access is limited due to fewer schools or distance", "norm_school": 0.0, "norm_dist": 0.78709764441571339, "norm_pop": 0.057717140269434024 }, "geometry": { "type": "MultiPolygon", "coordinates": [ [ [ [ 115.230667, -8.738799 ], [ 115.230891, -8.738962 ], [ 115.233998, -8.738976 ], [ 115.236642, -8.734468 ], [ 115.23404, -8.729935 ], [ 115.228794, -8.729911 ], [ 115.226149, -8.734419 ], [ 115.228447, -8.738421 ], [ 115.228674, -8.738173 ], [ 115.228975, -8.737863 ], [ 115.229023, -8.737792 ], [ 115.229285, -8.73741 ], [ 115.229332, -8.737299 ], [ 115.22936, -8.737233 ], [ 115.229392, -8.736889 ], [ 115.229388, -8.73686 ], [ 115.229354, -8.736528 ], [ 115.229213, -8.736088 ], [ 115.229198, -8.736041 ], [ 115.229132, -8.735799 ], [ 115.229155, -8.735527 ], [ 115.229327, -8.735099 ], [ 115.229402, -8.734934 ], [ 115.229404, -8.73493 ], [ 115.22952, -8.734844 ], [ 115.229649, -8.734814 ], [ 115.229728, -8.734862 ], [ 115.229728, -8.734862 ], [ 115.229743, -8.734943 ], [ 115.22973, -8.734963 ], [ 115.22961, -8.735141 ], [ 115.229483, -8.735279 ], [ 115.229463, -8.735356 ], [ 115.229395, -8.735624 ], [ 115.229395, -8.735641 ], [ 115.229396, -8.735802 ], [ 115.229523, -8.73611 ], [ 115.229703, -8.736433 ], [ 115.229952, -8.736936 ], [ 115.229982, -8.73715 ], [ 115.229952, -8.737435 ], [ 115.229732, -8.73797 ], [ 115.229724, -8.737984 ], [ 115.229546, -8.738285 ], [ 115.229418, -8.738443 ], [ 115.229182, -8.738582 ], [ 115.228977, -8.738688 ], [ 115.228845, -8.73883 ], [ 115.228808, -8.738952 ], [ 115.229459, -8.738955 ], [ 115.229585, -8.738901 ], [ 115.229854, -8.738785 ], [ 115.230135, -8.738661 ], [ 115.230434, -8.738586 ], [ 115.23049, -8.738572 ], [ 115.230641, -8.738765 ], [ 115.230667, -8.738799 ] ] ] ] } },
{ "type": "Feature", "properties": { "id": 534, "fid": 714, "left": 304858.94924919773, "top": 9033550.6931999996, "right": 306013.64978757693, "bottom": 9032550.6931999996, "schools": 0, "distance_to_school": 1125.2, "population": 1762.0, "school_per_1000": 0.0, "access_index": 0.44, "access_status": "Very Low Access", "interpretation": "Area lacks adequate access to educational facilities", "norm_school": 0.0, "norm_dist": 0.60888132777021964, "norm_pop": 0.032610230212471378 }, "geometry": { "type": "MultiPolygon", "coordinates": [ [ [ [ 115.236392, -8.743817 ], [ 115.236415, -8.743823 ], [ 115.2366, -8.743509 ], [ 115.233998, -8.738976 ], [ 115.230891, -8.738962 ], [ 115.230902, -8.73897 ], [ 115.231167, -8.73912 ], [ 115.231309, -8.739291 ], [ 115.231502, -8.73937 ], [ 115.231659, -8.739391 ], [ 115.231752, -8.739391 ], [ 115.23191, -8.739433 ], [ 115.231916, -8.739434 ], [ 115.231918, -8.739436 ], [ 115.232037, -8.739555 ], [ 115.23218, -8.739684 ], [ 115.232302, -8.739798 ], [ 115.232627, -8.739923 ], [ 115.232637, -8.739927 ], [ 115.232669, -8.739963 ], [ 115.23273, -8.740034 ], [ 115.232944, -8.740291 ], [ 115.233044, -8.740405 ], [ 115.233101, -8.740533 ], [ 115.233165, -8.740626 ], [ 115.233253, -8.7407 ], [ 115.233304, -8.740744 ], [ 115.233308, -8.740747 ], [ 115.233594, -8.740897 ], [ 115.233843, -8.740976 ], [ 115.234001, -8.741126 ], [ 115.234005, -8.741138 ], [ 115.234093, -8.741361 ], [ 115.234136, -8.741668 ], [ 115.234172, -8.741925 ], [ 115.234265, -8.742147 ], [ 115.234583, -8.742468 ], [ 115.235057, -8.742946 ], [ 115.23545, -8.743296 ], [ 115.236392, -8.743817 ] ] ], [ [ [ 115.229198, -8.739067 ], [ 115.229459, -8.738955 ], [ 115.228808, -8.738952 ], [ 115.228804, -8.738965 ], [ 115.228833, -8.739051 ], [ 115.228843, -8.739081 ], [ 115.228915, -8.73912 ], [ 115.229198, -8.739067 ] ] ], [ [ [ 115.228152, -8.740442 ], [ 115.228104, -8.740055 ], [ 115.227198, -8.7416 ], [ 115.227212, -8.741589 ], [ 115.227252, -8.741576 ], [ 115.227529, -8.741484 ], [ 115.227994, -8.74133 ], [ 115.22817, -8.741215 ], [ 115.228356, -8.741094 ], [ 115.228409, -8.741034 ], [ 115.228424, -8.741018 ], [ 115.228467, -8.740969 ], [ 115.228522, -8.740824 ], [ 115.228449, -8.740781 ], [ 115.228363, -8.740729 ], [ 115.228318, -8.740702 ], [ 115.228229, -8.740649 ], [ 115.228172, -8.740495 ], [ 115.228152, -8.740442 ] ] ], [ [ [ 115.228234, -8.742854 ], [ 115.227068, -8.741822 ], [ 115.226107, -8.74346 ], [ 115.228709, -8.747992 ], [ 115.233955, -8.748017 ], [ 115.234721, -8.746711 ], [ 115.234635, -8.746042 ], [ 115.234445, -8.745519 ], [ 115.234183, -8.74509 ], [ 115.233812, -8.744736 ], [ 115.233636, -8.744567 ], [ 115.233088, -8.744186 ], [ 115.232549, -8.744007 ], [ 115.232517, -8.743996 ], [ 115.232473, -8.743994 ], [ 115.231851, -8.743972 ], [ 115.231399, -8.744162 ], [ 115.230947, -8.744329 ], [ 115.230019, -8.743972 ], [ 115.229555, -8.743729 ], [ 115.228972, -8.743425 ], [ 115.228234, -8.742854 ] ] ] ] } },
{ "type": "Feature", "properties": { "id": 535, "fid": 414, "left": 304858.94924919773, "top": 9032550.6931999996, "right": 306013.64978757693, "bottom": 9031550.6931999996, "schools": 0, "distance_to_school": 776.17, "population": 597.0, "school_per_1000": 0.0, "access_index": 0.49, "access_status": "Low Access", "interpretation": "Access is limited due to fewer schools or distance", "norm_school": 0.0, "norm_dist": 0.73020280446435315, "norm_pop": 0.011012844252745284 }, "geometry": { "type": "MultiPolygon", "coordinates": [ [ [ [ 115.233973, -8.748246 ], [ 115.234044, -8.748171 ], [ 115.233955, -8.748017 ], [ 115.228709, -8.747992 ], [ 115.226879, -8.751112 ], [ 115.22733, -8.751467 ], [ 115.228023, -8.751969 ], [ 115.228072, -8.752004 ], [ 115.228448, -8.752276 ], [ 115.229115, -8.752372 ], [ 115.229448, -8.752276 ], [ 115.229852, -8.752062 ], [ 115.229888, -8.752013 ], [ 115.230043, -8.751801 ], [ 115.230185, -8.751158 ], [ 115.23009, -8.750706 ], [ 115.229947, -8.75023 ], [ 115.230138, -8.749897 ], [ 115.230852, -8.749421 ], [ 115.231121, -8.749247 ], [ 115.23202, -8.748665 ], [ 115.232065, -8.748636 ], [ 115.232435, -8.748384 ], [ 115.23266, -8.748231 ], [ 115.232712, -8.748277 ], [ 115.232787, -8.748344 ], [ 115.232874, -8.748422 ], [ 115.233068, -8.74844 ], [ 115.233374, -8.748469 ], [ 115.233897, -8.748327 ], [ 115.233973, -8.748246 ] ] ] ] } },
{ "type": "Feature", "properties": { "id": 538, "fid": 415, "left": 304858.94924919773, "top": 9029550.6931999996, "right": 306013.64978757693, "bottom": 9028550.6931999996, "schools": 0, "distance_to_school": 1779.88, "population": 12.0, "school_per_1000": 0.0, "access_index": 0.35, "access_status": "Very Low Access", "interpretation": "Area lacks adequate access to educational facilities", "norm_school": 0.0, "norm_dist": 0.38131254528511443, "norm_pop": 0.0001578719754790988 }, "geometry": { "type": "MultiPolygon", "coordinates": [ [ [ [ 115.226423, -8.779065 ], [ 115.226373, -8.778876 ], [ 115.225935, -8.779623 ], [ 115.226649, -8.780867 ], [ 115.226668, -8.780593 ], [ 115.226696, -8.780207 ], [ 115.226504, -8.779449 ], [ 115.226423, -8.779065 ] ] ] ] } },
{ "type": "Feature", "properties": { "id": 594, "fid": 301, "left": 306591.00005676661, "top": 9051550.6931999996, "right": 307745.70059514581, "bottom": 9050550.6931999996, "schools": 0, "distance_to_school": 485.92, "population": 1861.0, "school_per_1000": 0.0, "access_index": 0.53, "access_status": "Low Access", "interpretation": "Access is limited due to fewer schools or distance", "norm_school": 0.0, "norm_dist": 0.83109282706984378, "norm_pop": 0.034456368178774288 }, "geometry": { "type": "MultiPolygon", "coordinates": [ [ [ [ 115.242602, -8.580796 ], [ 115.245204, -8.585328 ], [ 115.250448, -8.585352 ], [ 115.253091, -8.580843 ], [ 115.25049, -8.576311 ], [ 115.245245, -8.576287 ], [ 115.242602, -8.580796 ] ] ] ] } },
{ "type": "Feature", "properties": { "id": 539, "fid": 416, "left": 304858.94924919773, "top": 9028550.6931999996, "right": 306013.64978757693, "bottom": 9027550.6931999996, "schools": 0, "distance_to_school": 1018.51, "population": 468.0, "school_per_1000": 0.0, "access_index": 0.46, "access_status": "Very Low Access", "interpretation": "Area lacks adequate access to educational facilities", "norm_school": 0.0, "norm_dist": 0.64596682765108016, "norm_pop": 0.0086197444225535342 }, "geometry": { "type": "MultiPolygon", "coordinates": [ [ [ [ 115.227787, -8.785595 ], [ 115.227693, -8.785595 ], [ 115.225892, -8.788664 ], [ 115.228494, -8.793197 ], [ 115.232434, -8.793215 ], [ 115.23243, -8.793182 ], [ 115.232321, -8.792939 ], [ 115.232333, -8.792861 ], [ 115.232488, -8.792611 ], [ 115.232631, -8.792492 ], [ 115.232631, -8.792397 ], [ 115.232571, -8.79232 ], [ 115.232452, -8.792355 ], [ 115.232363, -8.792409 ], [ 115.232298, -8.792415 ], [ 115.232232, -8.792367 ], [ 115.232143, -8.792219 ], [ 115.232072, -8.791963 ], [ 115.23203, -8.791808 ], [ 115.232, -8.791624 ], [ 115.231976, -8.79138 ], [ 115.231964, -8.791207 ], [ 115.231929, -8.791017 ], [ 115.231863, -8.790868 ], [ 115.231744, -8.790737 ], [ 115.231608, -8.790666 ], [ 115.231477, -8.790613 ], [ 115.231399, -8.79054 ], [ 115.231358, -8.790373 ], [ 115.231393, -8.790302 ], [ 115.231459, -8.790171 ], [ 115.231459, -8.790022 ], [ 115.231447, -8.789892 ], [ 115.231376, -8.78979 ], [ 115.231322, -8.789761 ], [ 115.231252, -8.789783 ], [ 115.231166, -8.789859 ], [ 115.2311, -8.789917 ], [ 115.231033, -8.789926 ], [ 115.230947, -8.789897 ], [ 115.230843, -8.78984 ], [ 115.230728, -8.789736 ], [ 115.230578, -8.789391 ], [ 115.230539, -8.789184 ], [ 115.230515, -8.789007 ], [ 115.230483, -8.788783 ], [ 115.230412, -8.788539 ], [ 115.230346, -8.788309 ], [ 115.230276, -8.788178 ], [ 115.230077, -8.788067 ], [ 115.229927, -8.788 ], [ 115.229771, -8.787847 ], [ 115.229657, -8.787618 ], [ 115.229579, -8.787389 ], [ 115.22947, -8.787245 ], [ 115.22947, -8.787245 ], [ 115.22947, -8.787245 ], [ 115.22952, -8.786976 ], [ 115.229529, -8.786728 ], [ 115.229424, -8.786585 ], [ 115.229282, -8.786557 ], [ 115.229215, -8.786671 ], [ 115.229205, -8.78688 ], [ 115.229129, -8.787042 ], [ 115.228806, -8.787109 ], [ 115.228463, -8.787023 ], [ 115.228244, -8.786719 ], [ 115.228082, -8.786452 ], [ 115.227921, -8.786119 ], [ 115.227854, -8.785767 ], [ 115.227787, -8.785595 ] ] ] ] } },
{ "type": "Feature", "properties": { "id": 540, "fid": 417, "left": 304858.94924919773, "top": 9027550.6931999996, "right": 306013.64978757693, "bottom": 9026550.6931999996, "schools": 0, "distance_to_school": 443.18, "population": 1047.0, "school_per_1000": 0.0, "access_index": 0.53, "access_status": "Low Access", "interpretation": "Access is limited due to fewer schools or distance", "norm_school": 0.0, "norm_dist": 0.84595055442914957, "norm_pop": 0.019351190428287528 }, "geometry": { "type": "MultiPolygon", "coordinates": [ [ [ [ 115.232468, -8.793473 ], [ 115.232434, -8.793215 ], [ 115.228494, -8.793197 ], [ 115.225849, -8.797705 ], [ 115.228451, -8.802238 ], [ 115.233699, -8.802262 ], [ 115.236344, -8.797754 ], [ 115.236023, -8.797196 ], [ 115.235987, -8.797231 ], [ 115.235987, -8.797855 ], [ 115.235987, -8.797857 ], [ 115.2359, -8.798226 ], [ 115.235778, -8.798446 ], [ 115.235651, -8.798576 ], [ 115.235642, -8.798577 ], [ 115.23517, -8.798619 ], [ 115.234856, -8.798582 ], [ 115.234611, -8.798497 ], [ 115.234264, -8.798258 ], [ 115.233779, -8.797628 ], [ 115.233387, -8.796959 ], [ 115.23322, -8.796603 ], [ 115.23304, -8.795936 ], [ 115.232639, -8.794467 ], [ 115.232545, -8.794066 ], [ 115.232468, -8.793473 ] ] ] ] } },
{ "type": "Feature", "properties": { "id": 831, "fid": 543, "left": 311787.15247947321, "top": 9048550.6931999996, "right": 312941.85301785241, "bottom": 9047550.6931999996, "schools": 0, "distance_to_school": 505.74, "population": 1942.0, "school_per_1000": 0.0, "access_index": 0.52, "access_status": "Low Access", "interpretation": "Access is limited due to fewer schools or distance", "norm_school": 0.0, "norm_dist": 0.82420591860912762, "norm_pop": 0.03594690152460793 }, "geometry": { "type": "MultiPolygon", "coordinates": [ [ [ [ 115.289681, -8.608132 ], [ 115.292283, -8.612664 ], [ 115.297528, -8.612687 ], [ 115.30017, -8.608178 ], [ 115.297568, -8.603646 ], [ 115.292323, -8.603623 ], [ 115.289681, -8.608132 ] ] ] ] } },
{ "type": "Feature", "properties": { "id": 555, "fid": 289, "left": 305724.97465298214, "top": 9052050.6931999996, "right": 306879.67519136134, "bottom": 9051050.6931999996, "schools": 1, "distance_to_school": 0.0, "population": 1826.0, "school_per_1000": 0.55, "access_index": 0.65, "access_status": "High Access", "interpretation": "Area has strong access to educational facilities", "norm_school": 0.12960587207936908, "norm_dist": 1.0, "norm_pop": 0.033797907503180569 }, "geometry": { "type": "MultiPolygon", "coordinates": [ [ [ [ 115.234757, -8.576239 ], [ 115.237358, -8.580772 ], [ 115.242602, -8.580796 ], [ 115.245245, -8.576287 ], [ 115.242644, -8.571755 ], [ 115.2374, -8.571731 ], [ 115.234757, -8.576239 ] ] ] ] } },
{ "type": "Feature", "properties": { "id": 556, "fid": 290, "left": 305724.97465298214, "top": 9051050.6931999996, "right": 306879.67519136134, "bottom": 9050050.6931999996, "schools": 0, "distance_to_school": 291.83, "population": 1826.0, "school_per_1000": 0.0, "access_index": 0.55, "access_status": "Moderate Access", "interpretation": "Area has moderate access with reasonable proximity", "norm_school": 0.0, "norm_dist": 0.89856160065213952, "norm_pop": 0.033797907503180569 }, "geometry": { "type": "MultiPolygon", "coordinates": [ [ [ [ 115.234715, -8.58528 ], [ 115.237316, -8.589813 ], [ 115.242561, -8.589837 ], [ 115.245204, -8.585328 ], [ 115.242602, -8.580796 ], [ 115.237358, -8.580772 ], [ 115.234715, -8.58528 ] ] ] ] } },
{ "type": "Feature", "properties": { "id": 557, "fid": 291, "left": 305724.97465298214, "top": 9050050.6931999996, "right": 306879.67519136134, "bottom": 9049050.6931999996, "schools": 0, "distance_to_school": 934.76, "population": 2038.0, "school_per_1000": 0.0, "access_index": 0.46, "access_status": "Very Low Access", "interpretation": "Area lacks adequate access to educational facilities", "norm_school": 0.0, "norm_dist": 0.67507593995525483, "norm_pop": 0.037731783581390392 }, "geometry": { "type": "MultiPolygon", "coordinates": [ [ [ [ 115.234673, -8.594321 ], [ 115.237274, -8.598854 ], [ 115.242519, -8.598878 ], [ 115.245162, -8.594369 ], [ 115.242561, -8.589837 ], [ 115.237316, -8.589813 ], [ 115.234673, -8.594321 ] ] ] ] } },
{ "type": "Feature", "properties": { "id": 561, "fid": 445, "left": 305724.97465298214, "top": 9046050.6931999996, "right": 306879.67519136134, "bottom": 9045050.6931999996, "schools": 2, "distance_to_school": 0.0, "population": 3696.0, "school_per_1000": 0.54, "access_index": 0.64, "access_status": "High Access", "interpretation": "Area has strong access to educational facilities", "norm_school": 0.12803470149236088, "norm_dist": 1.0, "norm_pop": 0.068484791507934434 }, "geometry": { "type": "MultiPolygon", "coordinates": [ [ [ [ 115.234505, -8.630485 ], [ 115.237107, -8.635018 ], [ 115.242352, -8.635042 ], [ 115.244995, -8.630533 ], [ 115.242394, -8.626001 ], [ 115.237149, -8.625977 ], [ 115.234505, -8.630485 ] ] ] ] } },
{ "type": "Feature", "properties": { "id": 562, "fid": 446, "left": 305724.97465298214, "top": 9045050.6931999996, "right": 306879.67519136134, "bottom": 9044050.6931999996, "schools": 1, "distance_to_school": 0.0, "population": 3696.0, "school_per_1000": 0.27, "access_index": 0.61, "access_status": "High Access", "interpretation": "Area has strong access to educational facilities", "norm_school": 0.064017350746180438, "norm_dist": 1.0, "norm_pop": 0.068484791507934434 }, "geometry": { "type": "MultiPolygon", "coordinates": [ [ [ [ 115.234463, -8.639526 ], [ 115.237065, -8.644059 ], [ 115.24231, -8.644083 ], [ 115.244954, -8.639574 ], [ 115.242352, -8.635042 ], [ 115.237107, -8.635018 ], [ 115.234463, -8.639526 ] ] ] ] } },
{ "type": "Feature", "properties": { "id": 565, "fid": 715, "left": 305724.97465298214, "top": 9042050.6931999996, "right": 306879.67519136134, "bottom": 9041050.6931999996, "schools": 2, "distance_to_school": 0.0, "population": 3696.0, "school_per_1000": 0.54, "access_index": 0.64, "access_status": "High Access", "interpretation": "Area has strong access to educational facilities", "norm_school": 0.12803470149236088, "norm_dist": 1.0, "norm_pop": 0.068484791507934434 }, "geometry": { "type": "MultiPolygon", "coordinates": [ [ [ [ 115.234337, -8.666649 ], [ 115.236939, -8.671181 ], [ 115.242184, -8.671206 ], [ 115.244828, -8.666697 ], [ 115.242226, -8.662165 ], [ 115.236981, -8.66214 ], [ 115.234337, -8.666649 ] ] ] ] } },
{ "type": "Feature", "properties": { "id": 569, "fid": 719, "left": 305724.97465298214, "top": 9038050.6931999996, "right": 306879.67519136134, "bottom": 9037050.6931999996, "schools": 0, "distance_to_school": 179.01, "population": 3222.0, "school_per_1000": 0.0, "access_index": 0.56, "access_status": "Moderate Access", "interpretation": "Area has moderate access with reasonable proximity", "norm_school": 0.0, "norm_dist": 0.93777586993641049, "norm_pop": 0.059695250905656846 }, "geometry": { "type": "MultiPolygon", "coordinates": [ [ [ [ 115.234168, -8.702813 ], [ 115.23677, -8.707345 ], [ 115.242016, -8.707369 ], [ 115.24466, -8.702861 ], [ 115.242058, -8.698328 ], [ 115.236812, -8.698304 ], [ 115.234168, -8.702813 ] ] ] ] } },
{ "type": "Feature", "properties": { "id": 570, "fid": 720, "left": 305724.97465298214, "top": 9037050.6931999996, "right": 306879.67519136134, "bottom": 9036050.6931999996, "schools": 0, "distance_to_school": 750.61, "population": 3011.0, "school_per_1000": 0.0, "access_index": 0.48, "access_status": "Very Low Access", "interpretation": "Area lacks adequate access to educational facilities", "norm_school": 0.0, "norm_dist": 0.73908882535754339, "norm_pop": 0.055782099624674751 }, "geometry": { "type": "MultiPolygon", "coordinates": [ [ [ [ 115.243531, -8.713307 ], [ 115.243865, -8.713185 ], [ 115.244618, -8.711902 ], [ 115.242016, -8.707369 ], [ 115.23677, -8.707345 ], [ 115.234125, -8.711853 ], [ 115.236727, -8.716386 ], [ 115.239639, -8.7164 ], [ 115.239835, -8.716166 ], [ 115.240225, -8.71567 ], [ 115.240225, -8.71567 ], [ 115.24034, -8.715658 ], [ 115.240346, -8.715657 ], [ 115.240346, -8.715657 ], [ 115.240415, -8.7156 ], [ 115.240416, -8.715599 ], [ 115.240469, -8.715555 ], [ 115.240474, -8.715545 ], [ 115.240474, -8.715545 ], [ 115.240594, -8.715278 ], [ 115.240671, -8.71513 ], [ 115.240671, -8.71513 ], [ 115.241025, -8.714927 ], [ 115.241154, -8.714871 ], [ 115.241493, -8.714724 ], [ 115.242013, -8.714453 ], [ 115.242234, -8.714338 ], [ 115.242494, -8.714142 ], [ 115.242609, -8.714055 ], [ 115.242937, -8.713662 ], [ 115.243008, -8.713576 ], [ 115.243531, -8.713307 ] ] ] ] } },
{ "type": "Feature", "properties": { "id": 571, "fid": 721, "left": 305724.97465298214, "top": 9036050.6931999996, "right": 306879.67519136134, "bottom": 9035050.6931999996, "schools": 0, "distance_to_school": 503.72, "population": 1184.0, "school_per_1000": 0.0, "access_index": 0.53, "access_status": "Low Access", "interpretation": "Access is limited due to fewer schools or distance", "norm_school": 0.0, "norm_dist": 0.82490751974051735, "norm_pop": 0.021894378762888193 }, "geometry": { "type": "MultiPolygon", "coordinates": [ [ [ [ 115.239535, -8.716523 ], [ 115.239639, -8.7164 ], [ 115.236727, -8.716386 ], [ 115.235994, -8.717636 ], [ 115.236124, -8.717635 ], [ 115.236616, -8.717538 ], [ 115.236879, -8.717451 ], [ 115.236973, -8.71738 ], [ 115.23702, -8.717275 ], [ 115.237283, -8.717253 ], [ 115.237571, -8.717203 ], [ 115.237629, -8.717202 ], [ 115.237789, -8.717281 ], [ 115.237902, -8.717301 ], [ 115.23798, -8.717252 ], [ 115.238078, -8.717141 ], [ 115.238241, -8.717139 ], [ 115.238382, -8.717134 ], [ 115.238382, -8.717134 ], [ 115.238522, -8.717136 ], [ 115.238691, -8.717179 ], [ 115.239034, -8.717097 ], [ 115.239169, -8.717037 ], [ 115.239233, -8.717008 ], [ 115.239269, -8.716974 ], [ 115.239338, -8.71691 ], [ 115.239362, -8.716838 ], [ 115.239362, -8.716838 ], [ 115.239375, -8.716799 ], [ 115.239535, -8.716523 ] ] ], [ [ [ 115.240763, -8.722259 ], [ 115.240716, -8.722194 ], [ 115.240573, -8.721997 ], [ 115.240347, -8.721902 ], [ 115.240073, -8.721855 ], [ 115.239799, -8.721676 ], [ 115.239514, -8.721402 ], [ 115.239157, -8.7212 ], [ 115.238847, -8.721176 ], [ 115.238514, -8.721236 ], [ 115.238385, -8.72128 ], [ 115.238, -8.72141 ], [ 115.237899, -8.721456 ], [ 115.237858, -8.721474 ], [ 115.237623, -8.721581 ], [ 115.237622, -8.721582 ], [ 115.236931, -8.721452 ], [ 115.236927, -8.721451 ], [ 115.236723, -8.7214 ], [ 115.236528, -8.721351 ], [ 115.236328, -8.721408 ], [ 115.236319, -8.721416 ], [ 115.236195, -8.721522 ], [ 115.235967, -8.72176 ], [ 115.235812, -8.7219 ], [ 115.235767, -8.721941 ], [ 115.235605, -8.722131 ], [ 115.235415, -8.722208 ], [ 115.235301, -8.722266 ], [ 115.235063, -8.722388 ], [ 115.234983, -8.722463 ], [ 115.236685, -8.725427 ], [ 115.241931, -8.725451 ], [ 115.24252, -8.724448 ], [ 115.242417, -8.724305 ], [ 115.24225, -8.723853 ], [ 115.24219, -8.723613 ], [ 115.242084, -8.723187 ], [ 115.242012, -8.72302 ], [ 115.241834, -8.722866 ], [ 115.241641, -8.722802 ], [ 115.241584, -8.722783 ], [ 115.241275, -8.722675 ], [ 115.240965, -8.722473 ], [ 115.240763, -8.722259 ] ] ] ] } },
{ "type": "Feature", "properties": { "id": 595, "fid": 302, "left": 306591.00005676661, "top": 9050550.6931999996, "right": 307745.70059514581, "bottom": 9049550.6931999996, "schools": 0, "distance_to_school": 478.13, "population": 1902.0, "school_per_1000": 0.0, "access_index": 0.53, "access_status": "Low Access", "interpretation": "Access is limited due to fewer schools or distance", "norm_school": 0.0, "norm_dist": 0.83380068318827094, "norm_pop": 0.03520468597925322 }, "geometry": { "type": "MultiPolygon", "coordinates": [ [ [ [ 115.242561, -8.589837 ], [ 115.245162, -8.594369 ], [ 115.250407, -8.594393 ], [ 115.25305, -8.589884 ], [ 115.250448, -8.585352 ], [ 115.245204, -8.585328 ], [ 115.242561, -8.589837 ] ] ] ] } },
{ "type": "Feature", "properties": { "id": 598, "fid": 449, "left": 306591.00005676661, "top": 9047550.6931999996, "right": 307745.70059514581, "bottom": 9046550.6931999996, "schools": 1, "distance_to_school": 0.0, "population": 2781.0, "school_per_1000": 0.36, "access_index": 0.62, "access_status": "High Access", "interpretation": "Area has strong access to educational facilities", "norm_school": 0.085086737611968027, "norm_dist": 1.0, "norm_pop": 0.051512043949384217 }, "geometry": { "type": "MultiPolygon", "coordinates": [ [ [ [ 115.242436, -8.61696 ], [ 115.245037, -8.621492 ], [ 115.250282, -8.621516 ], [ 115.252925, -8.617008 ], [ 115.250324, -8.612475 ], [ 115.245079, -8.612451 ], [ 115.242436, -8.61696 ] ] ] ] } },
{ "type": "Feature", "properties": { "id": 599, "fid": 450, "left": 306591.00005676661, "top": 9046550.6931999996, "right": 307745.70059514581, "bottom": 9045550.6931999996, "schools": 0, "distance_to_school": 308.55, "population": 3696.0, "school_per_1000": 0.0, "access_index": 0.54, "access_status": "Low Access", "interpretation": "Access is limited due to fewer schools or distance", "norm_school": 0.0, "norm_dist": 0.89274713830314145, "norm_pop": 0.068484791507934434 }, "geometry": { "type": "MultiPolygon", "coordinates": [ [ [ [ 115.242394, -8.626001 ], [ 115.244995, -8.630533 ], [ 115.25024, -8.630557 ], [ 115.252884, -8.626049 ], [ 115.250282, -8.621516 ], [ 115.245037, -8.621492 ], [ 115.242394, -8.626001 ] ] ] ] } },
{ "type": "Feature", "properties": { "id": 600, "fid": 451, "left": 306591.00005676661, "top": 9045550.6931999996, "right": 307745.70059514581, "bottom": 9044550.6931999996, "schools": 0, "distance_to_school": 29.7, "population": 3696.0, "school_per_1000": 0.0, "access_index": 0.58, "access_status": "Moderate Access", "interpretation": "Area has moderate access with reasonable proximity", "norm_school": 0.0, "norm_dist": 0.98967707491500945, "norm_pop": 0.068484791507934434 }, "geometry": { "type": "MultiPolygon", "coordinates": [ [ [ [ 115.242352, -8.635042 ], [ 115.244954, -8.639574 ], [ 115.250199, -8.639598 ], [ 115.252842, -8.63509 ], [ 115.25024, -8.630557 ], [ 115.244995, -8.630533 ], [ 115.242352, -8.635042 ] ] ] ] } },
{ "type": "Feature", "properties": { "id": 601, "fid": 452, "left": 306591.00005676661, "top": 9044550.6931999996, "right": 307745.70059514581, "bottom": 9043550.6931999996, "schools": 2, "distance_to_school": 0.0, "population": 3696.0, "school_per_1000": 0.54, "access_index": 0.64, "access_status": "High Access", "interpretation": "Area has strong access to educational facilities", "norm_school": 0.12803470149236088, "norm_dist": 1.0, "norm_pop": 0.068484791507934434 }, "geometry": { "type": "MultiPolygon", "coordinates": [ [ [ [ 115.24231, -8.644083 ], [ 115.244912, -8.648615 ], [ 115.250157, -8.648639 ], [ 115.252801, -8.644131 ], [ 115.250199, -8.639598 ], [ 115.244954, -8.639574 ], [ 115.24231, -8.644083 ] ] ] ] } },
{ "type": "Feature", "properties": { "id": 602, "fid": 453, "left": 306591.00005676661, "top": 9043550.6931999996, "right": 307745.70059514581, "bottom": 9042550.6931999996, "schools": 1, "distance_to_school": 0.0, "population": 3696.0, "school_per_1000": 0.27, "access_index": 0.61, "access_status": "High Access", "interpretation": "Area has strong access to educational facilities", "norm_school": 0.064017350746180438, "norm_dist": 1.0, "norm_pop": 0.068484791507934434 }, "geometry": { "type": "MultiPolygon", "coordinates": [ [ [ [ 115.242268, -8.653124 ], [ 115.24487, -8.657656 ], [ 115.250115, -8.65768 ], [ 115.252759, -8.653172 ], [ 115.250157, -8.648639 ], [ 115.244912, -8.648615 ], [ 115.242268, -8.653124 ] ] ] ] } },
{ "type": "Feature", "properties": { "id": 572, "fid": 722, "left": 305724.97465298214, "top": 9035050.6931999996, "right": 306879.67519136134, "bottom": 9034050.6931999996, "schools": 0, "distance_to_school": 614.45, "population": 2204.0, "school_per_1000": 0.0, "access_index": 0.51, "access_status": "Low Access", "interpretation": "Access is limited due to fewer schools or distance", "norm_school": 0.0, "norm_dist": 0.78641861646813738, "norm_pop": 0.040806653092641927 }, "geometry": { "type": "MultiPolygon", "coordinates": [ [ [ [ 115.244261, -8.72979 ], [ 115.244402, -8.729755 ], [ 115.241931, -8.725451 ], [ 115.236685, -8.725427 ], [ 115.23404, -8.729935 ], [ 115.236642, -8.734468 ], [ 115.239336, -8.73448 ], [ 115.23934, -8.734478 ], [ 115.239435, -8.734411 ], [ 115.239578, -8.734382 ], [ 115.239702, -8.734325 ], [ 115.239724, -8.734218 ], [ 115.239736, -8.734158 ], [ 115.239749, -8.734097 ], [ 115.239797, -8.73383 ], [ 115.239677, -8.733583 ], [ 115.239645, -8.733516 ], [ 115.239593, -8.733426 ], [ 115.23953, -8.733316 ], [ 115.239407, -8.733126 ], [ 115.239308, -8.732901 ], [ 115.239302, -8.732888 ], [ 115.239304, -8.73287 ], [ 115.239348, -8.732549 ], [ 115.239359, -8.732469 ], [ 115.239383, -8.732396 ], [ 115.239404, -8.732332 ], [ 115.239484, -8.732087 ], [ 115.239502, -8.732031 ], [ 115.239626, -8.73187 ], [ 115.239795, -8.731803 ], [ 115.239844, -8.731784 ], [ 115.239917, -8.731732 ], [ 115.240073, -8.731622 ], [ 115.24032, -8.731451 ], [ 115.240634, -8.731527 ], [ 115.241044, -8.731613 ], [ 115.241305, -8.731697 ], [ 115.241367, -8.731717 ], [ 115.241662, -8.731689 ], [ 115.241783, -8.731534 ], [ 115.241796, -8.731518 ], [ 115.2419, -8.731175 ], [ 115.241883, -8.731056 ], [ 115.241862, -8.730918 ], [ 115.241786, -8.730499 ], [ 115.241615, -8.730271 ], [ 115.241508, -8.730184 ], [ 115.241301, -8.730014 ], [ 115.24112, -8.729938 ], [ 115.240815, -8.729909 ], [ 115.240641, -8.729892 ], [ 115.240443, -8.729872 ], [ 115.240435, -8.729871 ], [ 115.240054, -8.72969 ], [ 115.239945, -8.72959 ], [ 115.239664, -8.729328 ], [ 115.239283, -8.729005 ], [ 115.239064, -8.728662 ], [ 115.239026, -8.728358 ], [ 115.239026, -8.72811 ], [ 115.239188, -8.72772 ], [ 115.23934, -8.727434 ], [ 115.239597, -8.727196 ], [ 115.239968, -8.727035 ], [ 115.240116, -8.726993 ], [ 115.240405, -8.726912 ], [ 115.240577, -8.726863 ], [ 115.240768, -8.726825 ], [ 115.241101, -8.726844 ], [ 115.241482, -8.726949 ], [ 115.241672, -8.727111 ], [ 115.241786, -8.727225 ], [ 115.241957, -8.727549 ], [ 115.242053, -8.727748 ], [ 115.2421, -8.727865 ], [ 115.242243, -8.728215 ], [ 115.242291, -8.728383 ], [ 115.242319, -8.728481 ], [ 115.242376, -8.728624 ], [ 115.242445, -8.728731 ], [ 115.242458, -8.728752 ], [ 115.242548, -8.728891 ], [ 115.242709, -8.729033 ], [ 115.242716, -8.729036 ], [ 115.242952, -8.729112 ], [ 115.243297, -8.729421 ], [ 115.243426, -8.729466 ], [ 115.243492, -8.729489 ], [ 115.243639, -8.729539 ], [ 115.243916, -8.729635 ], [ 115.244261, -8.72979 ] ] ] ] } },
{ "type": "Feature", "properties": { "id": 607, "fid": 728, "left": 306591.00005676661, "top": 9038550.6931999996, "right": 307745.70059514581, "bottom": 9037550.6931999996, "schools": 0, "distance_to_school": 179.02, "population": 3222.0, "school_per_1000": 0.0, "access_index": 0.56, "access_status": "Moderate Access", "interpretation": "Area has moderate access with reasonable proximity", "norm_school": 0.0, "norm_dist": 0.93777358368568942, "norm_pop": 0.059695250905656846 }, "geometry": { "type": "MultiPolygon", "coordinates": [ [ [ [ 115.242058, -8.698328 ], [ 115.24466, -8.702861 ], [ 115.249906, -8.702885 ], [ 115.25255, -8.698377 ], [ 115.249948, -8.693844 ], [ 115.244702, -8.69382 ], [ 115.242058, -8.698328 ] ] ] ] } },
{ "type": "Feature", "properties": { "id": 608, "fid": 729, "left": 306591.00005676661, "top": 9037550.6931999996, "right": 307745.70059514581, "bottom": 9036550.6931999996, "schools": 0, "distance_to_school": 448.03, "population": 3222.0, "school_per_1000": 0.0, "access_index": 0.53, "access_status": "Low Access", "interpretation": "Access is limited due to fewer schools or distance", "norm_school": 0.0, "norm_dist": 0.84426564644997271, "norm_pop": 0.059695250905656846 }, "geometry": { "type": "MultiPolygon", "coordinates": [ [ [ [ 115.242016, -8.707369 ], [ 115.244618, -8.711902 ], [ 115.249864, -8.711926 ], [ 115.252508, -8.707418 ], [ 115.249906, -8.702885 ], [ 115.24466, -8.702861 ], [ 115.242016, -8.707369 ] ] ] ] } },
{ "type": "Feature", "properties": { "id": 573, "fid": 723, "left": 305724.97465298214, "top": 9034050.6931999996, "right": 306879.67519136134, "bottom": 9033050.6931999996, "schools": 0, "distance_to_school": 1285.72, "population": 2500.0, "school_per_1000": 0.0, "access_index": 0.41, "access_status": "Very Low Access", "interpretation": "Area lacks adequate access to educational facilities", "norm_school": 0.0, "norm_dist": 0.55308197238501955, "norm_pop": 0.046301731731578255 }, "geometry": { "type": "MultiPolygon", "coordinates": [ [ [ [ 115.239216, -8.734573 ], [ 115.239336, -8.73448 ], [ 115.236642, -8.734468 ], [ 115.233998, -8.738976 ], [ 115.2366, -8.743509 ], [ 115.237785, -8.743514 ], [ 115.237894, -8.743459 ], [ 115.237905, -8.743453 ], [ 115.238169, -8.74341 ], [ 115.238555, -8.743389 ], [ 115.238783, -8.743431 ], [ 115.239183, -8.743424 ], [ 115.239354, -8.743396 ], [ 115.239438, -8.743376 ], [ 115.239504, -8.74336 ], [ 115.239676, -8.743224 ], [ 115.239754, -8.743025 ], [ 115.239797, -8.74281 ], [ 115.239797, -8.742705 ], [ 115.239797, -8.742546 ], [ 115.239894, -8.742512 ], [ 115.239897, -8.742511 ], [ 115.240054, -8.742446 ], [ 115.240268, -8.742361 ], [ 115.240475, -8.742247 ], [ 115.240675, -8.742039 ], [ 115.240803, -8.741832 ], [ 115.241025, -8.741511 ], [ 115.241091, -8.741436 ], [ 115.241396, -8.74109 ], [ 115.241443, -8.741008 ], [ 115.241532, -8.740855 ], [ 115.241739, -8.740626 ], [ 115.242017, -8.740326 ], [ 115.242077, -8.740259 ], [ 115.242345, -8.739955 ], [ 115.242402, -8.739869 ], [ 115.242588, -8.739591 ], [ 115.242788, -8.739769 ], [ 115.242922, -8.739885 ], [ 115.242938, -8.739898 ], [ 115.243145, -8.739919 ], [ 115.243273, -8.739884 ], [ 115.24338, -8.739841 ], [ 115.243447, -8.739814 ], [ 115.243487, -8.739798 ], [ 115.243622, -8.739611 ], [ 115.243652, -8.73957 ], [ 115.243773, -8.739391 ], [ 115.243816, -8.739278 ], [ 115.243817, -8.739275 ], [ 115.24383, -8.739241 ], [ 115.24388, -8.739077 ], [ 115.243886, -8.739049 ], [ 115.24393, -8.73882 ], [ 115.243965, -8.738541 ], [ 115.243973, -8.738477 ], [ 115.243973, -8.738185 ], [ 115.243974, -8.738125 ], [ 115.242209, -8.735049 ], [ 115.242055, -8.735025 ], [ 115.241855, -8.734993 ], [ 115.241774, -8.73498 ], [ 115.241329, -8.734882 ], [ 115.241089, -8.73483 ], [ 115.240975, -8.73483 ], [ 115.240893, -8.734877 ], [ 115.240886, -8.734881 ], [ 115.240839, -8.734908 ], [ 115.240625, -8.735072 ], [ 115.240435, -8.735236 ], [ 115.240363, -8.735299 ], [ 115.240254, -8.735394 ], [ 115.240061, -8.735594 ], [ 115.239802, -8.735802 ], [ 115.239697, -8.735886 ], [ 115.23944, -8.736086 ], [ 115.239311, -8.736193 ], [ 115.239126, -8.7363 ], [ 115.238933, -8.736357 ], [ 115.23879, -8.736443 ], [ 115.238669, -8.736536 ], [ 115.238605, -8.736671 ], [ 115.238505, -8.736864 ], [ 115.238501, -8.736868 ], [ 115.238248, -8.737114 ], [ 115.238012, -8.737378 ], [ 115.237881, -8.737471 ], [ 115.23782, -8.737514 ], [ 115.23764, -8.737579 ], [ 115.237527, -8.737621 ], [ 115.237338, -8.737607 ], [ 115.237327, -8.737607 ], [ 115.237191, -8.737585 ], [ 115.237149, -8.737543 ], [ 115.237113, -8.737507 ], [ 115.236977, -8.737378 ], [ 115.236756, -8.737185 ], [ 115.236673, -8.737136 ], [ 115.236613, -8.7371 ], [ 115.23642, -8.737 ], [ 115.236299, -8.736836 ], [ 115.236249, -8.736621 ], [ 115.236237, -8.736476 ], [ 115.236256, -8.736343 ], [ 115.236323, -8.736276 ], [ 115.236466, -8.7362 ], [ 115.236532, -8.736077 ], [ 115.23656, -8.736017 ], [ 115.236589, -8.735953 ], [ 115.236694, -8.735953 ], [ 115.236808, -8.736 ], [ 115.236903, -8.735953 ], [ 115.236922, -8.735839 ], [ 115.237046, -8.735848 ], [ 115.237151, -8.73581 ], [ 115.23717, -8.735629 ], [ 115.237284, -8.735439 ], [ 115.237332, -8.735315 ], [ 115.237465, -8.735163 ], [ 115.237579, -8.735163 ], [ 115.237721, -8.735208 ], [ 115.237817, -8.735239 ], [ 115.238046, -8.73522 ], [ 115.238237, -8.735171 ], [ 115.238379, -8.735134 ], [ 115.23859, -8.735056 ], [ 115.23874, -8.735001 ], [ 115.238778, -8.734934 ], [ 115.238781, -8.734911 ], [ 115.238788, -8.73483 ], [ 115.238864, -8.734763 ], [ 115.238969, -8.734744 ], [ 115.238969, -8.734658 ], [ 115.239026, -8.734573 ], [ 115.239026, -8.734573 ], [ 115.239216, -8.734573 ] ] ] ] } },
{ "type": "Feature", "properties": { "id": 574, "fid": 420, "left": 305724.97465298214, "top": 9033050.6931999996, "right": 306879.67519136134, "bottom": 9032050.6931999996, "schools": 0, "distance_to_school": 1626.79, "population": 26.0, "school_per_1000": 0.0, "access_index": 0.37, "access_status": "Very Low Access", "interpretation": "Area lacks adequate access to educational facilities", "norm_school": 0.0, "norm_dist": 0.43452872639717738, "norm_pop": 0.00043300179082642455 }, "geometry": { "type": "MultiPolygon", "coordinates": [ [ [ [ 115.237627, -8.743596 ], [ 115.237785, -8.743514 ], [ 115.2366, -8.743509 ], [ 115.236415, -8.743823 ], [ 115.236713, -8.743903 ], [ 115.236999, -8.743867 ], [ 115.237377, -8.743696 ], [ 115.237392, -8.74369 ], [ 115.237627, -8.743596 ] ] ], [ [ [ 115.23473, -8.74678 ], [ 115.234721, -8.746711 ], [ 115.233955, -8.748017 ], [ 115.234044, -8.748171 ], [ 115.234302, -8.747898 ], [ 115.234332, -8.747834 ], [ 115.234587, -8.74728 ], [ 115.23473, -8.74678 ] ] ] ] } },
{ "type": "Feature", "properties": { "id": 579, "fid": 421, "left": 305724.97465298214, "top": 9028050.6931999996, "right": 306879.67519136134, "bottom": 9027050.6931999996, "schools": 0, "distance_to_school": 1500.42, "population": 13.0, "school_per_1000": 0.0, "access_index": 0.39, "access_status": "Very Low Access", "interpretation": "Area lacks adequate access to educational facilities", "norm_school": 0.0, "norm_dist": 0.47845272897790225, "norm_pop": 0.00018968612183349455 }, "geometry": { "type": "MultiPolygon", "coordinates": [ [ [ [ 115.236109, -8.797112 ], [ 115.236023, -8.797196 ], [ 115.236344, -8.797754 ], [ 115.23758, -8.79776 ], [ 115.23753, -8.79764 ], [ 115.237474, -8.797387 ], [ 115.237434, -8.797287 ], [ 115.237296, -8.797209 ], [ 115.236788, -8.797193 ], [ 115.2364, -8.797116 ], [ 115.236212, -8.797086 ], [ 115.236109, -8.797112 ] ] ] ] } },
{ "type": "Feature", "properties": { "id": 580, "fid": 422, "left": 305724.97465298214, "top": 9027050.6931999996, "right": 306879.67519136134, "bottom": 9026050.6931999996, "schools": 0, "distance_to_school": 1217.76, "population": 326.0, "school_per_1000": 0.0, "access_index": 0.43, "access_status": "Very Low Access", "interpretation": "Area lacks adequate access to educational facilities", "norm_school": 0.0, "norm_dist": 0.57670610241452058, "norm_pop": 0.0059893367375658405 }, "geometry": { "type": "MultiPolygon", "coordinates": [ [ [ [ 115.237603, -8.797815 ], [ 115.23758, -8.79776 ], [ 115.236344, -8.797754 ], [ 115.233699, -8.802262 ], [ 115.235058, -8.80463 ], [ 115.235399, -8.804221 ], [ 115.235685, -8.803817 ], [ 115.236603, -8.802951 ], [ 115.236854, -8.802752 ], [ 115.237017, -8.802697 ], [ 115.237498, -8.802809 ], [ 115.237537, -8.802823 ], [ 115.237511, -8.803307 ], [ 115.23757, -8.803692 ], [ 115.237614, -8.803813 ], [ 115.237615, -8.803815 ], [ 115.237692, -8.803882 ], [ 115.237911, -8.803914 ], [ 115.23833, -8.803803 ], [ 115.238612, -8.803752 ], [ 115.238747, -8.803774 ], [ 115.238781, -8.803816 ], [ 115.238402, -8.804118 ], [ 115.238271, -8.804227 ], [ 115.23822, -8.804322 ], [ 115.238241, -8.804421 ], [ 115.238418, -8.804523 ], [ 115.238794, -8.804576 ], [ 115.239051, -8.804558 ], [ 115.239296, -8.80447 ], [ 115.239583, -8.804295 ], [ 115.239866, -8.804093 ], [ 115.239996, -8.804004 ], [ 115.240129, -8.803792 ], [ 115.240169, -8.803381 ], [ 115.240223, -8.803156 ], [ 115.240267, -8.802968 ], [ 115.240058, -8.802347 ], [ 115.239934, -8.802023 ], [ 115.239927, -8.801847 ], [ 115.239947, -8.801676 ], [ 115.239907, -8.801562 ], [ 115.239579, -8.801213 ], [ 115.239447, -8.801133 ], [ 115.239287, -8.801104 ], [ 115.239092, -8.801169 ], [ 115.238914, -8.801271 ], [ 115.238666, -8.80117 ], [ 115.238543, -8.801117 ], [ 115.238459, -8.801143 ], [ 115.238228, -8.801466 ], [ 115.238227, -8.801467 ], [ 115.237921, -8.801844 ], [ 115.237752, -8.801989 ], [ 115.237578, -8.802057 ], [ 115.237428, -8.802056 ], [ 115.237181, -8.801919 ], [ 115.236938, -8.801691 ], [ 115.236934, -8.801687 ], [ 115.236595, -8.801192 ], [ 115.236093, -8.800019 ], [ 115.236022, -8.79974 ], [ 115.236008, -8.799464 ], [ 115.236067, -8.799068 ], [ 115.236068, -8.799067 ], [ 115.236117, -8.798962 ], [ 115.236339, -8.798926 ], [ 115.236535, -8.798922 ], [ 115.236677, -8.798873 ], [ 115.236859, -8.798593 ], [ 115.237192, -8.798441 ], [ 115.23728, -8.79838 ], [ 115.237559, -8.797934 ], [ 115.237603, -8.797815 ] ] ] ] } },
{ "type": "Feature", "properties": { "id": 590, "fid": 297, "left": 306591.00005676661, "top": 9055550.6931999996, "right": 307745.70059514581, "bottom": 9054550.6931999996, "schools": 0, "distance_to_school": 308.31, "population": 1962.0, "school_per_1000": 0.0, "access_index": 0.55, "access_status": "Moderate Access", "interpretation": "Area has moderate access with reasonable proximity", "norm_school": 0.0, "norm_dist": 0.89283130473001537, "norm_pop": 0.036326428533145369 }, "geometry": { "type": "MultiPolygon", "coordinates": [ [ [ [ 115.242768, -8.544632 ], [ 115.24537, -8.549164 ], [ 115.250613, -8.549188 ], [ 115.253256, -8.544679 ], [ 115.250655, -8.540147 ], [ 115.245411, -8.540123 ], [ 115.242768, -8.544632 ] ] ] ] } },
{ "type": "Feature", "properties": { "id": 597, "fid": 448, "left": 306591.00005676661, "top": 9048550.6931999996, "right": 307745.70059514581, "bottom": 9047550.6931999996, "schools": 0, "distance_to_school": 274.16, "population": 1961.0, "school_per_1000": 0.0, "access_index": 0.55, "access_status": "Moderate Access", "interpretation": "Area has moderate access with reasonable proximity", "norm_school": 0.0, "norm_dist": 0.90470276531453098, "norm_pop": 0.036311082598112783 }, "geometry": { "type": "MultiPolygon", "coordinates": [ [ [ [ 115.242477, -8.607919 ], [ 115.245079, -8.612451 ], [ 115.250324, -8.612475 ], [ 115.252967, -8.607967 ], [ 115.250365, -8.603434 ], [ 115.245121, -8.60341 ], [ 115.242477, -8.607919 ] ] ] ] } },
{ "type": "Feature", "properties": { "id": 603, "fid": 724, "left": 306591.00005676661, "top": 9042550.6931999996, "right": 307745.70059514581, "bottom": 9041550.6931999996, "schools": 0, "distance_to_school": 468.02, "population": 3696.0, "school_per_1000": 0.0, "access_index": 0.52, "access_status": "Low Access", "interpretation": "Access is limited due to fewer schools or distance", "norm_school": 0.0, "norm_dist": 0.83731460463002749, "norm_pop": 0.068484791507934434 }, "geometry": { "type": "MultiPolygon", "coordinates": [ [ [ [ 115.242226, -8.662165 ], [ 115.244828, -8.666697 ], [ 115.250074, -8.666721 ], [ 115.252717, -8.662213 ], [ 115.250115, -8.65768 ], [ 115.24487, -8.657656 ], [ 115.242226, -8.662165 ] ] ] ] } },
{ "type": "Feature", "properties": { "id": 604, "fid": 725, "left": 306591.00005676661, "top": 9041550.6931999996, "right": 307745.70059514581, "bottom": 9040550.6931999996, "schools": 0, "distance_to_school": 40.33, "population": 3530.0, "school_per_1000": 0.0, "access_index": 0.58, "access_status": "Moderate Access", "interpretation": "Area has moderate access with reasonable proximity", "norm_school": 0.0, "norm_dist": 0.98598046406475892, "norm_pop": 0.065396570852717273 }, "geometry": { "type": "MultiPolygon", "coordinates": [ [ [ [ 115.242184, -8.671206 ], [ 115.244786, -8.675738 ], [ 115.250032, -8.675762 ], [ 115.252675, -8.671254 ], [ 115.250074, -8.666721 ], [ 115.244828, -8.666697 ], [ 115.242184, -8.671206 ] ] ] ] } },
{ "type": "Feature", "properties": { "id": 605, "fid": 726, "left": 306591.00005676661, "top": 9040550.6931999996, "right": 307745.70059514581, "bottom": 9039550.6931999996, "schools": 2, "distance_to_school": 0.0, "population": 3222.0, "school_per_1000": 0.62, "access_index": 0.65, "access_status": "High Access", "interpretation": "Area has strong access to educational facilities", "norm_school": 0.14686824080397309, "norm_dist": 1.0, "norm_pop": 0.059695250905656846 }, "geometry": { "type": "MultiPolygon", "coordinates": [ [ [ [ 115.242142, -8.680247 ], [ 115.244744, -8.684779 ], [ 115.24999, -8.684803 ], [ 115.252634, -8.680295 ], [ 115.250032, -8.675762 ], [ 115.244786, -8.675738 ], [ 115.242142, -8.680247 ] ] ] ] } },
{ "type": "Feature", "properties": { "id": 606, "fid": 727, "left": 306591.00005676661, "top": 9039550.6931999996, "right": 307745.70059514581, "bottom": 9038550.6931999996, "schools": 0, "distance_to_school": 406.76, "population": 3222.0, "school_per_1000": 0.0, "access_index": 0.53, "access_status": "Low Access", "interpretation": "Access is limited due to fewer schools or distance", "norm_school": 0.0, "norm_dist": 0.85861142733414608, "norm_pop": 0.059695250905656846 }, "geometry": { "type": "MultiPolygon", "coordinates": [ [ [ [ 115.2421, -8.689288 ], [ 115.244702, -8.69382 ], [ 115.249948, -8.693844 ], [ 115.252592, -8.689336 ], [ 115.24999, -8.684803 ], [ 115.244744, -8.684779 ], [ 115.2421, -8.689288 ] ] ] ] } },
{ "type": "Feature", "properties": { "id": 609, "fid": 730, "left": 306591.00005676661, "top": 9036550.6931999996, "right": 307745.70059514581, "bottom": 9035550.6931999996, "schools": 0, "distance_to_school": 1316.46, "population": 289.0, "school_per_1000": 0.0, "access_index": 0.42, "access_status": "Very Low Access", "interpretation": "Area lacks adequate access to educational facilities", "norm_school": 0.0, "norm_dist": 0.5423967874481902, "norm_pop": 0.0053037197637523219 }, "geometry": { "type": "MultiPolygon", "coordinates": [ [ [ [ 115.250755, -8.713485 ], [ 115.25076, -8.713487 ], [ 115.250752, -8.713474 ], [ 115.250755, -8.713485 ] ] ], [ [ [ 115.250202, -8.713384 ], [ 115.250685, -8.713356 ], [ 115.249864, -8.711926 ], [ 115.244618, -8.711902 ], [ 115.243865, -8.713185 ], [ 115.243924, -8.713164 ], [ 115.244474, -8.713012 ], [ 115.244826, -8.712888 ], [ 115.245302, -8.712717 ], [ 115.245749, -8.712593 ], [ 115.246016, -8.712545 ], [ 115.246606, -8.712536 ], [ 115.247453, -8.712555 ], [ 115.247824, -8.712717 ], [ 115.247924, -8.712908 ], [ 115.248108, -8.713093 ], [ 115.248126, -8.713449 ], [ 115.24815, -8.713658 ], [ 115.248221, -8.713723 ], [ 115.248382, -8.713729 ], [ 115.248596, -8.71364 ], [ 115.248763, -8.713521 ], [ 115.248905, -8.713432 ], [ 115.248995, -8.713408 ], [ 115.249601, -8.713384 ], [ 115.250202, -8.713384 ] ] ] ] } },
{ "type": "Feature", "properties": { "id": 610, "fid": 731, "left": 306591.00005676661, "top": 9035550.6931999996, "right": 307745.70059514581, "bottom": 9034550.6931999996, "schools": 0, "distance_to_school": 1227.07, "population": 603.0, "school_per_1000": 0.0, "access_index": 0.43, "access_status": "Very Low Access", "interpretation": "Area lacks adequate access to educational facilities", "norm_school": 0.0, "norm_dist": 0.57347003677796204, "norm_pop": 0.011122340765774234 }, "geometry": { "type": "MultiPolygon", "coordinates": [ [ [ [ 115.242636, -8.724608 ], [ 115.24252, -8.724448 ], [ 115.241931, -8.725451 ], [ 115.244402, -8.729755 ], [ 115.244499, -8.729731 ], [ 115.244554, -8.729656 ], [ 115.244665, -8.729504 ], [ 115.244669, -8.729494 ], [ 115.244679, -8.729462 ], [ 115.244808, -8.729052 ], [ 115.244813, -8.728684 ], [ 115.244817, -8.728395 ], [ 115.24482, -8.72822 ], [ 115.244756, -8.727635 ], [ 115.244741, -8.727495 ], [ 115.244653, -8.726685 ], [ 115.244511, -8.725376 ], [ 115.244415, -8.725162 ], [ 115.244088, -8.725009 ], [ 115.24359, -8.724776 ], [ 115.243499, -8.724734 ], [ 115.243333, -8.724734 ], [ 115.243239, -8.72478 ], [ 115.243166, -8.724817 ], [ 115.243066, -8.724817 ], [ 115.243009, -8.724817 ], [ 115.242964, -8.724817 ], [ 115.242719, -8.72468 ], [ 115.242667, -8.72465 ], [ 115.242636, -8.724608 ] ] ], [ [ [ 115.246236, -8.729597 ], [ 115.24586, -8.72999 ], [ 115.24978, -8.730008 ], [ 115.25021, -8.729274 ], [ 115.249926, -8.729069 ], [ 115.249427, -8.728748 ], [ 115.249013, -8.728491 ], [ 115.248591, -8.728305 ], [ 115.24832, -8.728248 ], [ 115.248042, -8.728198 ], [ 115.247785, -8.72822 ], [ 115.247556, -8.728305 ], [ 115.247278, -8.728448 ], [ 115.24695, -8.728805 ], [ 115.246521, -8.729283 ], [ 115.246236, -8.729597 ] ] ] ] } },
{ "type": "Feature", "properties": { "id": 10, "fid": 63, "left": 293600.619, "top": 9051050.6931999996, "right": 294755.3195383792, "bottom": 9050050.6931999996, "schools": 1, "distance_to_school": 0.0, "population": 2715.0, "school_per_1000": 0.37, "access_index": 0.62, "access_status": "High Access", "interpretation": "Area has strong access to educational facilities", "norm_school": 0.087156199534897644, "norm_dist": 1.0, "norm_pop": 0.050287548691734643 }, "geometry": { "type": "MultiPolygon", "coordinates": [ [ [ [ 115.125, -8.584054 ], [ 115.125, -8.585483 ], [ 115.127186, -8.589293 ], [ 115.13243, -8.589319 ], [ 115.135074, -8.584811 ], [ 115.132474, -8.580278 ], [ 115.12723, -8.580253 ], [ 115.125, -8.584054 ] ] ] ] } },
{ "type": "Feature", "properties": { "id": 11, "fid": 64, "left": 293600.619, "top": 9050050.6931999996, "right": 294755.3195383792, "bottom": 9049050.6931999996, "schools": 0, "distance_to_school": 436.82, "population": 2712.0, "school_per_1000": 0.0, "access_index": 0.53, "access_status": "Low Access", "interpretation": "Access is limited due to fewer schools or distance", "norm_school": 0.0, "norm_dist": 0.84816152392753497, "norm_pop": 0.050240069622953409 }, "geometry": { "type": "MultiPolygon", "coordinates": [ [ [ [ 115.125, -8.593019 ], [ 115.125, -8.5946 ], [ 115.127141, -8.598334 ], [ 115.132386, -8.598359 ], [ 115.13503, -8.593852 ], [ 115.13243, -8.589319 ], [ 115.127186, -8.589293 ], [ 115.125, -8.593019 ] ] ] ] } },
{ "type": "Feature", "properties": { "id": 12, "fid": 65, "left": 293600.619, "top": 9049050.6931999996, "right": 294755.3195383792, "bottom": 9048050.6931999996, "schools": 0, "distance_to_school": 814.33, "population": 2710.0, "school_per_1000": 0.0, "access_index": 0.48, "access_status": "Very Low Access", "interpretation": "Area lacks adequate access to educational facilities", "norm_school": 0.0, "norm_dist": 0.7169378711463007, "norm_pop": 0.050187764154322662 }, "geometry": { "type": "MultiPolygon", "coordinates": [ [ [ [ 115.125, -8.601984 ], [ 115.125, -8.603718 ], [ 115.127097, -8.607374 ], [ 115.132341, -8.6074 ], [ 115.134986, -8.602892 ], [ 115.132386, -8.598359 ], [ 115.127141, -8.598334 ], [ 115.125, -8.601984 ] ] ] ] } },
{ "type": "Feature", "properties": { "id": 611, "fid": 732, "left": 306591.00005676661, "top": 9034550.6931999996, "right": 307745.70059514581, "bottom": 9033550.6931999996, "schools": 0, "distance_to_school": 1697.58, "population": 1068.0, "school_per_1000": 0.0, "access_index": 0.36, "access_status": "Very Low Access", "interpretation": "Area lacks adequate access to educational facilities", "norm_school": 0.0, "norm_dist": 0.40992216520396568, "norm_pop": 0.019738505213747169 }, "geometry": { "type": "MultiPolygon", "coordinates": [ [ [ [ 115.242352, -8.735072 ], [ 115.242209, -8.735049 ], [ 115.243974, -8.738125 ], [ 115.24398, -8.737928 ], [ 115.243944, -8.737564 ], [ 115.243923, -8.737414 ], [ 115.24388, -8.737157 ], [ 115.243802, -8.736936 ], [ 115.24388, -8.736857 ], [ 115.24403, -8.736757 ], [ 115.244084, -8.736723 ], [ 115.244187, -8.736657 ], [ 115.244458, -8.736422 ], [ 115.244751, -8.736129 ], [ 115.245044, -8.7359 ], [ 115.245162, -8.735853 ], [ 115.245222, -8.735829 ], [ 115.245372, -8.735851 ], [ 115.245539, -8.73601 ], [ 115.245543, -8.736015 ], [ 115.245865, -8.736222 ], [ 115.245986, -8.736279 ], [ 115.246214, -8.736322 ], [ 115.246314, -8.7363 ], [ 115.246436, -8.736229 ], [ 115.246509, -8.736107 ], [ 115.246521, -8.736086 ], [ 115.246628, -8.735929 ], [ 115.246668, -8.735866 ], [ 115.246678, -8.735851 ], [ 115.246743, -8.735686 ], [ 115.246788, -8.735591 ], [ 115.246871, -8.735415 ], [ 115.246942, -8.735222 ], [ 115.247114, -8.734851 ], [ 115.247192, -8.734694 ], [ 115.247235, -8.734509 ], [ 115.247299, -8.734052 ], [ 115.247321, -8.733616 ], [ 115.247292, -8.733245 ], [ 115.247221, -8.732938 ], [ 115.247241, -8.732821 ], [ 115.247256, -8.732731 ], [ 115.247314, -8.732702 ], [ 115.247414, -8.732653 ], [ 115.247606, -8.732481 ], [ 115.247785, -8.73231 ], [ 115.248027, -8.732031 ], [ 115.248313, -8.731703 ], [ 115.248627, -8.731261 ], [ 115.248755, -8.731205 ], [ 115.248905, -8.731139 ], [ 115.248955, -8.731146 ], [ 115.249074, -8.731241 ], [ 115.249175, -8.731321 ], [ 115.249234, -8.731368 ], [ 115.24949, -8.731412 ], [ 115.249562, -8.731425 ], [ 115.249855, -8.731432 ], [ 115.249918, -8.73141 ], [ 115.250061, -8.73136 ], [ 115.250183, -8.731318 ], [ 115.250442, -8.731213 ], [ 115.250466, -8.731203 ], [ 115.24978, -8.730008 ], [ 115.24586, -8.72999 ], [ 115.245465, -8.730404 ], [ 115.244851, -8.730946 ], [ 115.244701, -8.731103 ], [ 115.244615, -8.731296 ], [ 115.244587, -8.73136 ], [ 115.244594, -8.731518 ], [ 115.244708, -8.731653 ], [ 115.244851, -8.731796 ], [ 115.24494, -8.731968 ], [ 115.244944, -8.731974 ], [ 115.244945, -8.731979 ], [ 115.245022, -8.732331 ], [ 115.245065, -8.732531 ], [ 115.245054, -8.732692 ], [ 115.245051, -8.732745 ], [ 115.244965, -8.733074 ], [ 115.244744, -8.733581 ], [ 115.24468, -8.733752 ], [ 115.244651, -8.733902 ], [ 115.244537, -8.734087 ], [ 115.24443, -8.734144 ], [ 115.244094, -8.734309 ], [ 115.243915, -8.734437 ], [ 115.243766, -8.734544 ], [ 115.243573, -8.734737 ], [ 115.24343, -8.734808 ], [ 115.243266, -8.734844 ], [ 115.243131, -8.734901 ], [ 115.243129, -8.734902 ], [ 115.243059, -8.734937 ], [ 115.242824, -8.734951 ], [ 115.242811, -8.734952 ], [ 115.242588, -8.734972 ], [ 115.242568, -8.73499 ], [ 115.242517, -8.735037 ], [ 115.242352, -8.735072 ] ] ] ] } },
{ "type": "Feature", "properties": { "id": 625, "fid": 660, "left": 307457.02546055103, "top": 9060050.6931999996, "right": 308611.72599893023, "bottom": 9059050.6931999996, "schools": 1, "distance_to_school": 0.0, "population": 53928.0, "school_per_1000": 0.02, "access_index": 0.4, "access_status": "Very Low Access", "interpretation": "Area lacks adequate access to educational facilities", "norm_school": 0.0043876766292212229, "norm_dist": 1.0, "norm_pop": 1.0 }, "geometry": { "type": "MultiPolygon", "coordinates": [ [ [ [ 115.254136, -8.5 ], [ 115.253153, -8.5 ], [ 115.250819, -8.503982 ], [ 115.25342, -8.508515 ], [ 115.258664, -8.508538 ], [ 115.261306, -8.504029 ], [ 115.258993, -8.5 ], [ 115.255673, -8.5 ], [ 115.255673, -8.5 ], [ 115.254136, -8.5 ] ] ] ] } },
{ "type": "Feature", "properties": { "id": 626, "fid": 454, "left": 307457.02546055103, "top": 9059050.6931999996, "right": 308611.72599893023, "bottom": 9058050.6931999996, "schools": 0, "distance_to_school": 181.93, "population": 1980.0, "school_per_1000": 0.0, "access_index": 0.57, "access_status": "Moderate Access", "interpretation": "Area has moderate access with reasonable proximity", "norm_school": 0.0, "norm_dist": 0.93675998904740132, "norm_pop": 0.036666769425698666 }, "geometry": { "type": "MultiPolygon", "coordinates": [ [ [ [ 115.250778, -8.513024 ], [ 115.253379, -8.517556 ], [ 115.258623, -8.517579 ], [ 115.261265, -8.513071 ], [ 115.258664, -8.508538 ], [ 115.25342, -8.508515 ], [ 115.250778, -8.513024 ] ] ] ] } },
{ "type": "Feature", "properties": { "id": 627, "fid": 455, "left": 307457.02546055103, "top": 9058050.6931999996, "right": 308611.72599893023, "bottom": 9057050.6931999996, "schools": 0, "distance_to_school": 927.4, "population": 1980.0, "school_per_1000": 0.0, "access_index": 0.46, "access_status": "Very Low Access", "interpretation": "Area lacks adequate access to educational facilities", "norm_school": 0.0, "norm_dist": 0.6776353094619979, "norm_pop": 0.036666769425698666 }, "geometry": { "type": "MultiPolygon", "coordinates": [ [ [ [ 115.250737, -8.522065 ], [ 115.253338, -8.526597 ], [ 115.258582, -8.526621 ], [ 115.261224, -8.522112 ], [ 115.258623, -8.517579 ], [ 115.253379, -8.517556 ], [ 115.250737, -8.522065 ] ] ] ] } },
{ "type": "Feature", "properties": { "id": 628, "fid": 456, "left": 307457.02546055103, "top": 9057050.6931999996, "right": 308611.72599893023, "bottom": 9056050.6931999996, "schools": 0, "distance_to_school": 868.09, "population": 1980.0, "school_per_1000": 0.0, "access_index": 0.47, "access_status": "Very Low Access", "interpretation": "Area lacks adequate access to educational facilities", "norm_school": 0.0, "norm_dist": 0.69825209719041414, "norm_pop": 0.036666769425698666 }, "geometry": { "type": "MultiPolygon", "coordinates": [ [ [ [ 115.250696, -8.531106 ], [ 115.253297, -8.535638 ], [ 115.258541, -8.535662 ], [ 115.261183, -8.531153 ], [ 115.258582, -8.526621 ], [ 115.253338, -8.526597 ], [ 115.250696, -8.531106 ] ] ] ] } },
{ "type": "Feature", "properties": { "id": 629, "fid": 457, "left": 307457.02546055103, "top": 9056050.6931999996, "right": 308611.72599893023, "bottom": 9055050.6931999996, "schools": 0, "distance_to_school": 747.01, "population": 1980.0, "school_per_1000": 0.0, "access_index": 0.49, "access_status": "Very Low Access", "interpretation": "Area lacks adequate access to educational facilities", "norm_school": 0.0, "norm_dist": 0.74033893999970413, "norm_pop": 0.036666769425698666 }, "geometry": { "type": "MultiPolygon", "coordinates": [ [ [ [ 115.250655, -8.540147 ], [ 115.253256, -8.544679 ], [ 115.2585, -8.544703 ], [ 115.261142, -8.540194 ], [ 115.258541, -8.535662 ], [ 115.253297, -8.535638 ], [ 115.250655, -8.540147 ] ] ] ] } },
{ "type": "Feature", "properties": { "id": 630, "fid": 458, "left": 307457.02546055103, "top": 9055050.6931999996, "right": 308611.72599893023, "bottom": 9054050.6931999996, "schools": 0, "distance_to_school": 184.2, "population": 1977.0, "school_per_1000": 0.0, "access_index": 0.57, "access_status": "Moderate Access", "interpretation": "Area has moderate access with reasonable proximity", "norm_school": 0.0, "norm_dist": 0.93597154274581651, "norm_pop": 0.036598918749948653 }, "geometry": { "type": "MultiPolygon", "coordinates": [ [ [ [ 115.250613, -8.549188 ], [ 115.253215, -8.55372 ], [ 115.258459, -8.553744 ], [ 115.261101, -8.549235 ], [ 115.2585, -8.544703 ], [ 115.253256, -8.544679 ], [ 115.250613, -8.549188 ] ] ] ] } },
{ "type": "Feature", "properties": { "id": 631, "fid": 459, "left": 307457.02546055103, "top": 9054050.6931999996, "right": 308611.72599893023, "bottom": 9053050.6931999996, "schools": 1, "distance_to_school": 0.0, "population": 1964.0, "school_per_1000": 0.51, "access_index": 0.64, "access_status": "High Access", "interpretation": "Area has strong access to educational facilities", "norm_school": 0.12048264331463557, "norm_dist": 1.0, "norm_pop": 0.0363615603967491 }, "geometry": { "type": "MultiPolygon", "coordinates": [ [ [ [ 115.250572, -8.558229 ], [ 115.253174, -8.562761 ], [ 115.258418, -8.562785 ], [ 115.26106, -8.558276 ], [ 115.258459, -8.553744 ], [ 115.253215, -8.55372 ], [ 115.250572, -8.558229 ] ] ] ] } },
{ "type": "Feature", "properties": { "id": 632, "fid": 460, "left": 307457.02546055103, "top": 9053050.6931999996, "right": 308611.72599893023, "bottom": 9052050.6931999996, "schools": 0, "distance_to_school": 649.86, "population": 1955.0, "school_per_1000": 0.0, "access_index": 0.5, "access_status": "Low Access", "interpretation": "Access is limited due to fewer schools or distance", "norm_school": 0.0, "norm_dist": 0.77410821663881224, "norm_pop": 0.036195711447420044 }, "geometry": { "type": "MultiPolygon", "coordinates": [ [ [ [ 115.250531, -8.56727 ], [ 115.253132, -8.571802 ], [ 115.258377, -8.571826 ], [ 115.261019, -8.567317 ], [ 115.258418, -8.562785 ], [ 115.253174, -8.562761 ], [ 115.250531, -8.56727 ] ] ] ] } },
{ "type": "Feature", "properties": { "id": 633, "fid": 461, "left": 307457.02546055103, "top": 9052050.6931999996, "right": 308611.72599893023, "bottom": 9051050.6931999996, "schools": 0, "distance_to_school": 431.0, "population": 1942.0, "school_per_1000": 0.0, "access_index": 0.53, "access_status": "Low Access", "interpretation": "Access is limited due to fewer schools or distance", "norm_school": 0.0, "norm_dist": 0.85018470536467261, "norm_pop": 0.035951080767061043 }, "geometry": { "type": "MultiPolygon", "coordinates": [ [ [ [ 115.25049, -8.576311 ], [ 115.253091, -8.580843 ], [ 115.258335, -8.580867 ], [ 115.260978, -8.576358 ], [ 115.258377, -8.571826 ], [ 115.253132, -8.571802 ], [ 115.25049, -8.576311 ] ] ] ] } },
{ "type": "Feature", "properties": { "id": 634, "fid": 462, "left": 307457.02546055103, "top": 9051050.6931999996, "right": 308611.72599893023, "bottom": 9050050.6931999996, "schools": 0, "distance_to_school": 335.14, "population": 1942.0, "school_per_1000": 0.0, "access_index": 0.55, "access_status": "Low Access", "interpretation": "Access is limited due to fewer schools or distance", "norm_school": 0.0, "norm_dist": 0.8835059143661107, "norm_pop": 0.03594690152460793 }, "geometry": { "type": "MultiPolygon", "coordinates": [ [ [ [ 115.250448, -8.585352 ], [ 115.25305, -8.589884 ], [ 115.258294, -8.589908 ], [ 115.260937, -8.585399 ], [ 115.258335, -8.580867 ], [ 115.253091, -8.580843 ], [ 115.250448, -8.585352 ] ] ] ] } },
{ "type": "Feature", "properties": { "id": 635, "fid": 463, "left": 307457.02546055103, "top": 9050050.6931999996, "right": 308611.72599893023, "bottom": 9049050.6931999996, "schools": 2, "distance_to_school": 0.0, "population": 1942.0, "school_per_1000": 1.03, "access_index": 0.69, "access_status": "High Access", "interpretation": "Area has strong access to educational facilities", "norm_school": 0.24374041560660673, "norm_dist": 1.0, "norm_pop": 0.03594690152460793 }, "geometry": { "type": "MultiPolygon", "coordinates": [ [ [ [ 115.250407, -8.594393 ], [ 115.253008, -8.598925 ], [ 115.258253, -8.598949 ], [ 115.260896, -8.594441 ], [ 115.258294, -8.589908 ], [ 115.25305, -8.589884 ], [ 115.250407, -8.594393 ] ] ] ] } },
{ "type": "Feature", "properties": { "id": 636, "fid": 464, "left": 307457.02546055103, "top": 9049050.6931999996, "right": 308611.72599893023, "bottom": 9048050.6931999996, "schools": 1, "distance_to_school": 0.0, "population": 1942.0, "school_per_1000": 0.52, "access_index": 0.64, "access_status": "High Access", "interpretation": "Area has strong access to educational facilities", "norm_school": 0.12187020780330336, "norm_dist": 1.0, "norm_pop": 0.03594690152460793 }, "geometry": { "type": "MultiPolygon", "coordinates": [ [ [ [ 115.250365, -8.603434 ], [ 115.252967, -8.607967 ], [ 115.258212, -8.60799 ], [ 115.260855, -8.603482 ], [ 115.258253, -8.598949 ], [ 115.253008, -8.598925 ], [ 115.250365, -8.603434 ] ] ] ] } },
{ "type": "Feature", "properties": { "id": 637, "fid": 465, "left": 307457.02546055103, "top": 9048050.6931999996, "right": 308611.72599893023, "bottom": 9047050.6931999996, "schools": 4, "distance_to_school": 0.0, "population": 1942.0, "school_per_1000": 2.06, "access_index": 0.79, "access_status": "High Access", "interpretation": "Area has strong access to educational facilities", "norm_school": 0.48748083121321345, "norm_dist": 1.0, "norm_pop": 0.03594690152460793 }, "geometry": { "type": "MultiPolygon", "coordinates": [ [ [ [ 115.250324, -8.612475 ], [ 115.252925, -8.617008 ], [ 115.25817, -8.617031 ], [ 115.260813, -8.612523 ], [ 115.258212, -8.60799 ], [ 115.252967, -8.607967 ], [ 115.250324, -8.612475 ] ] ] ] } },
{ "type": "Feature", "properties": { "id": 638, "fid": 466, "left": 307457.02546055103, "top": 9047050.6931999996, "right": 308611.72599893023, "bottom": 9046050.6931999996, "schools": 0, "distance_to_school": 666.35, "population": 2382.0, "school_per_1000": 0.0, "access_index": 0.5, "access_status": "Low Access", "interpretation": "Access is limited due to fewer schools or distance", "norm_school": 0.0, "norm_dist": 0.76837566002584234, "norm_pop": 0.044120947209455065 }, "geometry": { "type": "MultiPolygon", "coordinates": [ [ [ [ 115.250282, -8.621516 ], [ 115.252884, -8.626049 ], [ 115.258129, -8.626072 ], [ 115.260772, -8.621564 ], [ 115.25817, -8.617031 ], [ 115.252925, -8.617008 ], [ 115.250282, -8.621516 ] ] ] ] } },
{ "type": "Feature", "properties": { "id": 639, "fid": 467, "left": 307457.02546055103, "top": 9046050.6931999996, "right": 308611.72599893023, "bottom": 9045050.6931999996, "schools": 0, "distance_to_school": 539.26, "population": 3077.0, "school_per_1000": 0.0, "access_index": 0.51, "access_status": "Low Access", "interpretation": "Access is limited due to fewer schools or distance", "norm_school": 0.0, "norm_dist": 0.81255432898555791, "norm_pop": 0.056993918858635841 }, "geometry": { "type": "MultiPolygon", "coordinates": [ [ [ [ 115.25024, -8.630557 ], [ 115.252842, -8.63509 ], [ 115.258087, -8.635114 ], [ 115.260731, -8.630605 ], [ 115.258129, -8.626072 ], [ 115.252884, -8.626049 ], [ 115.25024, -8.630557 ] ] ] ] } },
{ "type": "Feature", "properties": { "id": 640, "fid": 468, "left": 307457.02546055103, "top": 9045050.6931999996, "right": 308611.72599893023, "bottom": 9044050.6931999996, "schools": 1, "distance_to_school": 0.0, "population": 3696.0, "school_per_1000": 0.27, "access_index": 0.61, "access_status": "High Access", "interpretation": "Area has strong access to educational facilities", "norm_school": 0.064017350746180438, "norm_dist": 1.0, "norm_pop": 0.068484791507934434 }, "geometry": { "type": "MultiPolygon", "coordinates": [ [ [ [ 115.250199, -8.639598 ], [ 115.252801, -8.644131 ], [ 115.258046, -8.644155 ], [ 115.260689, -8.639646 ], [ 115.258087, -8.635114 ], [ 115.252842, -8.63509 ], [ 115.250199, -8.639598 ] ] ] ] } },
{ "type": "Feature", "properties": { "id": 641, "fid": 469, "left": 307457.02546055103, "top": 9044050.6931999996, "right": 308611.72599893023, "bottom": 9043050.6931999996, "schools": 0, "distance_to_school": 165.28, "population": 3696.0, "school_per_1000": 0.0, "access_index": 0.56, "access_status": "Moderate Access", "interpretation": "Area has moderate access with reasonable proximity", "norm_school": 0.0, "norm_dist": 0.94254848587316165, "norm_pop": 0.068484791507934434 }, "geometry": { "type": "MultiPolygon", "coordinates": [ [ [ [ 115.250157, -8.648639 ], [ 115.252759, -8.653172 ], [ 115.258004, -8.653196 ], [ 115.260648, -8.648687 ], [ 115.258046, -8.644155 ], [ 115.252801, -8.644131 ], [ 115.250157, -8.648639 ] ] ] ] } },
{ "type": "Feature", "properties": { "id": 642, "fid": 760, "left": 307457.02546055103, "top": 9043050.6931999996, "right": 308611.72599893023, "bottom": 9042050.6931999996, "schools": 0, "distance_to_school": 479.21, "population": 3696.0, "school_per_1000": 0.0, "access_index": 0.52, "access_status": "Low Access", "interpretation": "Access is limited due to fewer schools or distance", "norm_school": 0.0, "norm_dist": 0.83342706203926431, "norm_pop": 0.068484791507934434 }, "geometry": { "type": "MultiPolygon", "coordinates": [ [ [ [ 115.250115, -8.65768 ], [ 115.252717, -8.662213 ], [ 115.257963, -8.662237 ], [ 115.260606, -8.657728 ], [ 115.258004, -8.653196 ], [ 115.252759, -8.653172 ], [ 115.250115, -8.65768 ] ] ] ] } },
{ "type": "Feature", "properties": { "id": 643, "fid": 733, "left": 307457.02546055103, "top": 9042050.6931999996, "right": 308611.72599893023, "bottom": 9041050.6931999996, "schools": 0, "distance_to_school": 184.66, "population": 3478.0, "school_per_1000": 0.0, "access_index": 0.56, "access_status": "Moderate Access", "interpretation": "Area has moderate access with reasonable proximity", "norm_school": 0.0, "norm_dist": 0.93581109358950254, "norm_pop": 0.064441254226265052 }, "geometry": { "type": "MultiPolygon", "coordinates": [ [ [ [ 115.250074, -8.666721 ], [ 115.252675, -8.671254 ], [ 115.257921, -8.671278 ], [ 115.260565, -8.666769 ], [ 115.257963, -8.662237 ], [ 115.252717, -8.662213 ], [ 115.250074, -8.666721 ] ] ] ] } },
{ "type": "Feature", "properties": { "id": 644, "fid": 734, "left": 307457.02546055103, "top": 9041050.6931999996, "right": 308611.72599893023, "bottom": 9040050.6931999996, "schools": 3, "distance_to_school": 0.0, "population": 3222.0, "school_per_1000": 0.93, "access_index": 0.68, "access_status": "High Access", "interpretation": "Area has strong access to educational facilities", "norm_school": 0.22030236120595964, "norm_dist": 1.0, "norm_pop": 0.059695250905656846 }, "geometry": { "type": "MultiPolygon", "coordinates": [ [ [ [ 115.250032, -8.675762 ], [ 115.252634, -8.680295 ], [ 115.257879, -8.680319 ], [ 115.260523, -8.67581 ], [ 115.257921, -8.671278 ], [ 115.252675, -8.671254 ], [ 115.250032, -8.675762 ] ] ] ] } },
{ "type": "Feature", "properties": { "id": 645, "fid": 735, "left": 307457.02546055103, "top": 9040050.6931999996, "right": 308611.72599893023, "bottom": 9039050.6931999996, "schools": 2, "distance_to_school": 0.0, "population": 3222.0, "school_per_1000": 0.62, "access_index": 0.65, "access_status": "High Access", "interpretation": "Area has strong access to educational facilities", "norm_school": 0.14686824080397309, "norm_dist": 1.0, "norm_pop": 0.059695250905656846 }, "geometry": { "type": "MultiPolygon", "coordinates": [ [ [ [ 115.24999, -8.684803 ], [ 115.252592, -8.689336 ], [ 115.257838, -8.68936 ], [ 115.260481, -8.684851 ], [ 115.257879, -8.680319 ], [ 115.252634, -8.680295 ], [ 115.24999, -8.684803 ] ] ] ] } },
{ "type": "Feature", "properties": { "id": 671, "fid": 476, "left": 308323.05086433544, "top": 9052550.6931999996, "right": 309477.75140271464, "bottom": 9051550.6931999996, "schools": 1, "distance_to_school": 0.0, "population": 1979.0, "school_per_1000": 0.51, "access_index": 0.64, "access_status": "High Access", "interpretation": "Area has strong access to educational facilities", "norm_school": 0.1195958006886735, "norm_dist": 1.0, "norm_pop": 0.036631623942682323 }, "geometry": { "type": "MultiPolygon", "coordinates": [ [ [ [ 115.258377, -8.571826 ], [ 115.260978, -8.576358 ], [ 115.266223, -8.576382 ], [ 115.268865, -8.571873 ], [ 115.266264, -8.567341 ], [ 115.261019, -8.567317 ], [ 115.258377, -8.571826 ] ] ] ] } },
{ "type": "Feature", "properties": { "id": 672, "fid": 477, "left": 308323.05086433544, "top": 9051550.6931999996, "right": 309477.75140271464, "bottom": 9050550.6931999996, "schools": 0, "distance_to_school": 281.14, "population": 1946.0, "school_per_1000": 0.0, "access_index": 0.55, "access_status": "Moderate Access", "interpretation": "Area has moderate access with reasonable proximity", "norm_school": 0.0, "norm_dist": 0.90227643969341575, "norm_pop": 0.036034573712899039 }, "geometry": { "type": "MultiPolygon", "coordinates": [ [ [ [ 115.258335, -8.580867 ], [ 115.260937, -8.585399 ], [ 115.266182, -8.585423 ], [ 115.268824, -8.580914 ], [ 115.266223, -8.576382 ], [ 115.260978, -8.576358 ], [ 115.258335, -8.580867 ] ] ] ] } },
{ "type": "Feature", "properties": { "id": 673, "fid": 478, "left": 308323.05086433544, "top": 9050550.6931999996, "right": 309477.75140271464, "bottom": 9049550.6931999996, "schools": 1, "distance_to_school": 0.0, "population": 1942.0, "school_per_1000": 0.52, "access_index": 0.64, "access_status": "High Access", "interpretation": "Area has strong access to educational facilities", "norm_school": 0.12187020780330336, "norm_dist": 1.0, "norm_pop": 0.03594690152460793 }, "geometry": { "type": "MultiPolygon", "coordinates": [ [ [ [ 115.258294, -8.589908 ], [ 115.260896, -8.594441 ], [ 115.26614, -8.594464 ], [ 115.268783, -8.589955 ], [ 115.266182, -8.585423 ], [ 115.260937, -8.585399 ], [ 115.258294, -8.589908 ] ] ] ] } },
{ "type": "Feature", "properties": { "id": 832, "fid": 544, "left": 311787.15247947321, "top": 9047550.6931999996, "right": 312941.85301785241, "bottom": 9046550.6931999996, "schools": 0, "distance_to_school": 335.7, "population": 1942.0, "school_per_1000": 0.0, "access_index": 0.55, "access_status": "Low Access", "interpretation": "Access is limited due to fewer schools or distance", "norm_school": 0.0, "norm_dist": 0.88330981943778497, "norm_pop": 0.03594690152460793 }, "geometry": { "type": "MultiPolygon", "coordinates": [ [ [ [ 115.28964, -8.617173 ], [ 115.292242, -8.621705 ], [ 115.297487, -8.621728 ], [ 115.30013, -8.617219 ], [ 115.297528, -8.612687 ], [ 115.292283, -8.612664 ], [ 115.28964, -8.617173 ] ] ] ] } },
{ "type": "Feature", "properties": { "id": 833, "fid": 545, "left": 311787.15247947321, "top": 9046550.6931999996, "right": 312941.85301785241, "bottom": 9045550.6931999996, "schools": 0, "distance_to_school": 697.86, "population": 1942.0, "school_per_1000": 0.0, "access_index": 0.5, "access_status": "Low Access", "interpretation": "Access is limited due to fewer schools or distance", "norm_school": 0.0, "norm_dist": 0.75742333192473299, "norm_pop": 0.03594690152460793 }, "geometry": { "type": "MultiPolygon", "coordinates": [ [ [ [ 115.289599, -8.626214 ], [ 115.292202, -8.630746 ], [ 115.297447, -8.63077 ], [ 115.30009, -8.626261 ], [ 115.297487, -8.621728 ], [ 115.292242, -8.621705 ], [ 115.289599, -8.626214 ] ] ] ] } },
{ "type": "Feature", "properties": { "id": 834, "fid": 546, "left": 311787.15247947321, "top": 9045550.6931999996, "right": 312941.85301785241, "bottom": 9044550.6931999996, "schools": 0, "distance_to_school": 676.18, "population": 727.0, "school_per_1000": 0.0, "access_index": 0.5, "access_status": "Low Access", "interpretation": "Access is limited due to fewer schools or distance", "norm_school": 0.0, "norm_dist": 0.76496120037526472, "norm_pop": 0.013428565786566593 }, "geometry": { "type": "MultiPolygon", "coordinates": [ [ [ [ 115.297993, -8.631917 ], [ 115.298081, -8.631875 ], [ 115.297447, -8.63077 ], [ 115.292202, -8.630746 ], [ 115.289559, -8.635255 ], [ 115.291046, -8.637846 ], [ 115.291076, -8.637784 ], [ 115.291147, -8.637591 ], [ 115.291212, -8.63742 ], [ 115.291226, -8.63727 ], [ 115.291233, -8.637149 ], [ 115.29129, -8.637013 ], [ 115.291462, -8.636856 ], [ 115.291554, -8.636835 ], [ 115.291661, -8.636728 ], [ 115.291683, -8.636635 ], [ 115.291726, -8.636563 ], [ 115.29184, -8.636414 ], [ 115.291997, -8.636264 ], [ 115.292104, -8.636128 ], [ 115.292197, -8.636035 ], [ 115.292318, -8.635978 ], [ 115.292432, -8.635964 ], [ 115.292532, -8.635828 ], [ 115.292668, -8.635624 ], [ 115.292746, -8.635507 ], [ 115.292939, -8.635378 ], [ 115.293046, -8.635157 ], [ 115.29331, -8.635014 ], [ 115.293546, -8.6349 ], [ 115.293717, -8.634886 ], [ 115.293889, -8.634879 ], [ 115.294105, -8.634805 ], [ 115.294206, -8.63474 ], [ 115.294276, -8.634729 ], [ 115.294309, -8.634707 ], [ 115.294314, -8.634704 ], [ 115.294617, -8.6345 ], [ 115.294702, -8.634451 ], [ 115.294759, -8.634336 ], [ 115.294745, -8.634151 ], [ 115.294752, -8.633979 ], [ 115.29485, -8.633856 ], [ 115.294851, -8.633856 ], [ 115.294945, -8.633737 ], [ 115.295074, -8.633708 ], [ 115.295209, -8.633722 ], [ 115.295316, -8.633687 ], [ 115.295352, -8.633515 ], [ 115.295416, -8.633351 ], [ 115.295552, -8.633158 ], [ 115.29583, -8.632837 ], [ 115.29603, -8.632687 ], [ 115.296148, -8.632624 ], [ 115.296333, -8.632538 ], [ 115.296576, -8.632449 ], [ 115.296772, -8.632322 ], [ 115.297055, -8.632183 ], [ 115.297207, -8.632109 ], [ 115.297276, -8.631992 ], [ 115.297411, -8.631953 ], [ 115.297537, -8.631947 ], [ 115.297708, -8.631953 ], [ 115.297993, -8.631917 ] ] ] ] } },
{ "type": "Feature", "properties": { "id": 859, "fid": 625, "left": 312653.17788325768, "top": 9060050.6931999996, "right": 313807.87842163688, "bottom": 9059050.6931999996, "schools": 0, "distance_to_school": 900.04, "population": 5697.0, "school_per_1000": 0.0, "access_index": 0.45, "access_status": "Very Low Access", "interpretation": "Area lacks adequate access to educational facilities", "norm_school": 0.0, "norm_dist": 0.68714683719551573, "norm_pop": 0.1055865868345074 }, "geometry": { "type": "MultiPolygon", "coordinates": [ [ [ [ 115.306064, -8.5 ], [ 115.300465, -8.5 ], [ 115.29801, -8.504192 ], [ 115.300612, -8.508724 ], [ 115.305855, -8.508747 ], [ 115.308497, -8.504237 ], [ 115.306064, -8.5 ] ] ] ] } },
{ "type": "Feature", "properties": { "id": 860, "fid": 547, "left": 312653.17788325768, "top": 9059050.6931999996, "right": 313807.87842163688, "bottom": 9058050.6931999996, "schools": 0, "distance_to_school": 477.63, "population": 5159.0, "school_per_1000": 0.0, "access_index": 0.51, "access_status": "Low Access", "interpretation": "Access is limited due to fewer schools or distance", "norm_school": 0.0, "norm_dist": 0.83397589657488103, "norm_pop": 0.095612608770577409 }, "geometry": { "type": "MultiPolygon", "coordinates": [ [ [ [ 115.29797, -8.513233 ], [ 115.300572, -8.517765 ], [ 115.305815, -8.517788 ], [ 115.308457, -8.513279 ], [ 115.305855, -8.508747 ], [ 115.300612, -8.508724 ], [ 115.29797, -8.513233 ] ] ] ] } },
{ "type": "Feature", "properties": { "id": 861, "fid": 548, "left": 312653.17788325768, "top": 9058050.6931999996, "right": 313807.87842163688, "bottom": 9057050.6931999996, "schools": 0, "distance_to_school": 304.17, "population": 4438.0, "school_per_1000": 0.0, "access_index": 0.54, "access_status": "Low Access", "interpretation": "Access is limited due to fewer schools or distance", "norm_school": 0.0, "norm_dist": 0.89427210136456292, "norm_pop": 0.082247953682881195 }, "geometry": { "type": "MultiPolygon", "coordinates": [ [ [ [ 115.29793, -8.522274 ], [ 115.300532, -8.526806 ], [ 115.305775, -8.526829 ], [ 115.308417, -8.52232 ], [ 115.305815, -8.517788 ], [ 115.300572, -8.517765 ], [ 115.29793, -8.522274 ] ] ] ] } },
{ "type": "Feature", "properties": { "id": 862, "fid": 549, "left": 312653.17788325768, "top": 9057050.6931999996, "right": 313807.87842163688, "bottom": 9056050.6931999996, "schools": 0, "distance_to_school": 167.27, "population": 1687.0, "school_per_1000": 0.0, "access_index": 0.57, "access_status": "Moderate Access", "interpretation": "Area has moderate access with reasonable proximity", "norm_school": 0.0, "norm_dist": 0.94185836517859478, "norm_pop": 0.031220212429231509 }, "geometry": { "type": "MultiPolygon", "coordinates": [ [ [ [ 115.29789, -8.531316 ], [ 115.300492, -8.535848 ], [ 115.305736, -8.535871 ], [ 115.308378, -8.531362 ], [ 115.305775, -8.526829 ], [ 115.300532, -8.526806 ], [ 115.29789, -8.531316 ] ] ] ] } },
{ "type": "Feature", "properties": { "id": 863, "fid": 550, "left": 312653.17788325768, "top": 9056050.6931999996, "right": 313807.87842163688, "bottom": 9055050.6931999996, "schools": 0, "distance_to_school": 872.14, "population": 1687.0, "school_per_1000": 0.0, "access_index": 0.47, "access_status": "Very Low Access", "interpretation": "Area lacks adequate access to educational facilities", "norm_school": 0.0, "norm_dist": 0.69684283383013534, "norm_pop": 0.031220212019432429 }, "geometry": { "type": "MultiPolygon", "coordinates": [ [ [ [ 115.29785, -8.540357 ], [ 115.300452, -8.544889 ], [ 115.305696, -8.544912 ], [ 115.308338, -8.540403 ], [ 115.305736, -8.535871 ], [ 115.300492, -8.535848 ], [ 115.29785, -8.540357 ] ] ] ] } },
{ "type": "Feature", "properties": { "id": 9, "fid": 62, "left": 293600.619, "top": 9052050.6931999996, "right": 294755.3195383792, "bottom": 9051050.6931999996, "schools": 0, "distance_to_school": 91.7, "population": 2717.0, "school_per_1000": 0.0, "access_index": 0.58, "access_status": "Moderate Access", "interpretation": "Area has moderate access with reasonable proximity", "norm_school": 0.0, "norm_dist": 0.96812552884480563, "norm_pop": 0.050330201360664184 }, "geometry": { "type": "MultiPolygon", "coordinates": [ [ [ [ 115.125, -8.575089 ], [ 115.125, -8.576365 ], [ 115.12723, -8.580253 ], [ 115.132474, -8.580278 ], [ 115.135118, -8.575771 ], [ 115.132518, -8.571238 ], [ 115.127274, -8.571212 ], [ 115.125, -8.575089 ] ] ] ] } },
{ "type": "Feature", "properties": { "id": 864, "fid": 551, "left": 312653.17788325768, "top": 9055050.6931999996, "right": 313807.87842163688, "bottom": 9054050.6931999996, "schools": 0, "distance_to_school": 854.16, "population": 1687.0, "school_per_1000": 0.0, "access_index": 0.47, "access_status": "Very Low Access", "interpretation": "Area lacks adequate access to educational facilities", "norm_school": 0.0, "norm_dist": 0.70309480364722166, "norm_pop": 0.031220212019432429 }, "geometry": { "type": "MultiPolygon", "coordinates": [ [ [ [ 115.29781, -8.549398 ], [ 115.300412, -8.55393 ], [ 115.305656, -8.553953 ], [ 115.308298, -8.549444 ], [ 115.305696, -8.544912 ], [ 115.300452, -8.544889 ], [ 115.29781, -8.549398 ] ] ] ] } },
{ "type": "Feature", "properties": { "id": 865, "fid": 552, "left": 312653.17788325768, "top": 9054050.6931999996, "right": 313807.87842163688, "bottom": 9053050.6931999996, "schools": 2, "distance_to_school": 0.0, "population": 1687.0, "school_per_1000": 1.19, "access_index": 0.71, "access_status": "High Access", "interpretation": "Area has strong access to educational facilities", "norm_school": 0.28057382838705514, "norm_dist": 1.0, "norm_pop": 0.031220212019432429 }, "geometry": { "type": "MultiPolygon", "coordinates": [ [ [ [ 115.297769, -8.55844 ], [ 115.300372, -8.562972 ], [ 115.305616, -8.562995 ], [ 115.308258, -8.558486 ], [ 115.305656, -8.553953 ], [ 115.300412, -8.55393 ], [ 115.297769, -8.55844 ] ] ] ] } },
{ "type": "Feature", "properties": { "id": 866, "fid": 553, "left": 312653.17788325768, "top": 9053050.6931999996, "right": 313807.87842163688, "bottom": 9052050.6931999996, "schools": 1, "distance_to_school": 0.0, "population": 1687.0, "school_per_1000": 0.59, "access_index": 0.65, "access_status": "High Access", "interpretation": "Area has strong access to educational facilities", "norm_school": 0.14028691419352757, "norm_dist": 1.0, "norm_pop": 0.031220212019432429 }, "geometry": { "type": "MultiPolygon", "coordinates": [ [ [ [ 115.297729, -8.567481 ], [ 115.300331, -8.572013 ], [ 115.305576, -8.572036 ], [ 115.308218, -8.567527 ], [ 115.305616, -8.562995 ], [ 115.300372, -8.562972 ], [ 115.297729, -8.567481 ] ] ] ] } },
{ "type": "Feature", "properties": { "id": 867, "fid": 554, "left": 312653.17788325768, "top": 9052050.6931999996, "right": 313807.87842163688, "bottom": 9051050.6931999996, "schools": 0, "distance_to_school": 79.38, "population": 1687.0, "school_per_1000": 0.0, "access_index": 0.58, "access_status": "Moderate Access", "interpretation": "Area has moderate access with reasonable proximity", "norm_school": 0.0, "norm_dist": 0.97240850047869098, "norm_pop": 0.031220212019432429 }, "geometry": { "type": "MultiPolygon", "coordinates": [ [ [ [ 115.297689, -8.576522 ], [ 115.300291, -8.581054 ], [ 115.305536, -8.581077 ], [ 115.308178, -8.576568 ], [ 115.305576, -8.572036 ], [ 115.300331, -8.572013 ], [ 115.297689, -8.576522 ] ] ] ] } },
{ "type": "Feature", "properties": { "id": 868, "fid": 555, "left": 312653.17788325768, "top": 9051050.6931999996, "right": 313807.87842163688, "bottom": 9050050.6931999996, "schools": 0, "distance_to_school": 183.37, "population": 1687.0, "school_per_1000": 0.0, "access_index": 0.57, "access_status": "Moderate Access", "interpretation": "Area has moderate access with reasonable proximity", "norm_school": 0.0, "norm_dist": 0.9362618959849055, "norm_pop": 0.031220212019432429 }, "geometry": { "type": "MultiPolygon", "coordinates": [ [ [ [ 115.297649, -8.585563 ], [ 115.300251, -8.590096 ], [ 115.305496, -8.590119 ], [ 115.308138, -8.58561 ], [ 115.305536, -8.581077 ], [ 115.300291, -8.581054 ], [ 115.297649, -8.585563 ] ] ] ] } },
{ "type": "Feature", "properties": { "id": 869, "fid": 556, "left": 312653.17788325768, "top": 9050050.6931999996, "right": 313807.87842163688, "bottom": 9049050.6931999996, "schools": 0, "distance_to_school": 253.29, "population": 1687.0, "school_per_1000": 0.0, "access_index": 0.56, "access_status": "Moderate Access", "interpretation": "Area has moderate access with reasonable proximity", "norm_school": 0.0, "norm_dist": 0.91195534197471795, "norm_pop": 0.031220212019432429 }, "geometry": { "type": "MultiPolygon", "coordinates": [ [ [ [ 115.297608, -8.594605 ], [ 115.300211, -8.599137 ], [ 115.305455, -8.59916 ], [ 115.308098, -8.594651 ], [ 115.305496, -8.590119 ], [ 115.300251, -8.590096 ], [ 115.297608, -8.594605 ] ] ] ] } },
{ "type": "Feature", "properties": { "id": 870, "fid": 557, "left": 312653.17788325768, "top": 9049050.6931999996, "right": 313807.87842163688, "bottom": 9048050.6931999996, "schools": 0, "distance_to_school": 922.91, "population": 1791.0, "school_per_1000": 0.0, "access_index": 0.47, "access_status": "Very Low Access", "interpretation": "Area lacks adequate access to educational facilities", "norm_school": 0.0, "norm_dist": 0.67919782409993257, "norm_pop": 0.033161467274093845 }, "geometry": { "type": "MultiPolygon", "coordinates": [ [ [ [ 115.297568, -8.603646 ], [ 115.30017, -8.608178 ], [ 115.305415, -8.608201 ], [ 115.308058, -8.603692 ], [ 115.305455, -8.59916 ], [ 115.300211, -8.599137 ], [ 115.297568, -8.603646 ] ] ] ] } },
{ "type": "Feature", "properties": { "id": 871, "fid": 558, "left": 312653.17788325768, "top": 9048050.6931999996, "right": 313807.87842163688, "bottom": 9047050.6931999996, "schools": 0, "distance_to_school": 1076.67, "population": 1942.0, "school_per_1000": 0.0, "access_index": 0.44, "access_status": "Very Low Access", "interpretation": "Area lacks adequate access to educational facilities", "norm_school": 0.0, "norm_dist": 0.62575061736004267, "norm_pop": 0.03594690152460793 }, "geometry": { "type": "MultiPolygon", "coordinates": [ [ [ [ 115.297528, -8.612687 ], [ 115.30013, -8.617219 ], [ 115.305375, -8.617243 ], [ 115.308018, -8.612733 ], [ 115.305415, -8.608201 ], [ 115.30017, -8.608178 ], [ 115.297528, -8.612687 ] ] ] ] } },
{ "type": "Feature", "properties": { "id": 872, "fid": 559, "left": 312653.17788325768, "top": 9047050.6931999996, "right": 313807.87842163688, "bottom": 9046050.6931999996, "schools": 0, "distance_to_school": 1335.7, "population": 1542.0, "school_per_1000": 0.0, "access_index": 0.41, "access_status": "Very Low Access", "interpretation": "Area lacks adequate access to educational facilities", "norm_school": 0.0, "norm_dist": 0.53570972137287476, "norm_pop": 0.028529152129829708 }, "geometry": { "type": "MultiPolygon", "coordinates": [ [ [ [ 115.307167, -8.620942 ], [ 115.307396, -8.620763 ], [ 115.305375, -8.617243 ], [ 115.30013, -8.617219 ], [ 115.297487, -8.621728 ], [ 115.30009, -8.626261 ], [ 115.302, -8.626269 ], [ 115.302106, -8.625852 ], [ 115.302293, -8.625162 ], [ 115.302389, -8.625 ], [ 115.302472, -8.62486 ], [ 115.302801, -8.624457 ], [ 115.303451, -8.623833 ], [ 115.303891, -8.62355 ], [ 115.304464, -8.623183 ], [ 115.304831, -8.622901 ], [ 115.305021, -8.622754 ], [ 115.306731, -8.62133 ], [ 115.307167, -8.620942 ] ] ] ] } },
{ "type": "Feature", "properties": { "id": 873, "fid": 560, "left": 312653.17788325768, "top": 9046050.6931999996, "right": 313807.87842163688, "bottom": 9045050.6931999996, "schools": 0, "distance_to_school": 1495.87, "population": 251.0, "school_per_1000": 0.0, "access_index": 0.39, "access_status": "Very Low Access", "interpretation": "Area lacks adequate access to educational facilities", "norm_school": 0.0, "norm_dist": 0.48003712551660793, "norm_pop": 0.0046034385619675971 }, "geometry": { "type": "MultiPolygon", "coordinates": [ [ [ [ 115.301854, -8.626848 ], [ 115.302, -8.626269 ], [ 115.30009, -8.626261 ], [ 115.297447, -8.63077 ], [ 115.298081, -8.631875 ], [ 115.298082, -8.631874 ], [ 115.298129, -8.631814 ], [ 115.298186, -8.631757 ], [ 115.298244, -8.631591 ], [ 115.298244, -8.631591 ], [ 115.298402, -8.631136 ], [ 115.298573, -8.630741 ], [ 115.298797, -8.630533 ], [ 115.299294, -8.630233 ], [ 115.299371, -8.630195 ], [ 115.299371, -8.630195 ], [ 115.299519, -8.630122 ], [ 115.299556, -8.630114 ], [ 115.299596, -8.630071 ], [ 115.299851, -8.629728 ], [ 115.30018, -8.629064 ], [ 115.300321, -8.62878 ], [ 115.300534, -8.628569 ], [ 115.300831, -8.628363 ], [ 115.30126, -8.628091 ], [ 115.301564, -8.62782 ], [ 115.301663, -8.627653 ], [ 115.301694, -8.6276 ], [ 115.301766, -8.627354 ], [ 115.301854, -8.626848 ], [ 115.301854, -8.626848 ] ] ] ] } },
{ "type": "Feature", "properties": { "id": 898, "fid": 626, "left": 313519.2032870421, "top": 9059550.6931999996, "right": 314673.90382542129, "bottom": 9058550.6931999996, "schools": 0, "distance_to_school": 340.45, "population": 2272.0, "school_per_1000": 0.0, "access_index": 0.54, "access_status": "Low Access", "interpretation": "Access is limited due to fewer schools or distance", "norm_school": 0.0, "norm_dist": 0.88165972349006483, "norm_pop": 0.042070375461163149 }, "geometry": { "type": "MultiPolygon", "coordinates": [ [ [ [ 115.305855, -8.508747 ], [ 115.308457, -8.513279 ], [ 115.313701, -8.513302 ], [ 115.316342, -8.508792 ], [ 115.31374, -8.50426 ], [ 115.308497, -8.504237 ], [ 115.305855, -8.508747 ] ] ] ] } },
{ "type": "Feature", "properties": { "id": 899, "fid": 561, "left": 313519.2032870421, "top": 9058550.6931999996, "right": 314673.90382542129, "bottom": 9057550.6931999996, "schools": 0, "distance_to_school": 488.85, "population": 2495.0, "school_per_1000": 0.0, "access_index": 0.52, "access_status": "Low Access", "interpretation": "Access is limited due to fewer schools or distance", "norm_school": 0.0, "norm_dist": 0.83007512769603808, "norm_pop": 0.046201446349761206 }, "geometry": { "type": "MultiPolygon", "coordinates": [ [ [ [ 115.305815, -8.517788 ], [ 115.308417, -8.52232 ], [ 115.313661, -8.522343 ], [ 115.316303, -8.517834 ], [ 115.313701, -8.513302 ], [ 115.308457, -8.513279 ], [ 115.305815, -8.517788 ] ] ] ] } },
{ "type": "Feature", "properties": { "id": 900, "fid": 562, "left": 313519.2032870421, "top": 9057550.6931999996, "right": 314673.90382542129, "bottom": 9056550.6931999996, "schools": 1, "distance_to_school": 0.0, "population": 2252.0, "school_per_1000": 0.44, "access_index": 0.63, "access_status": "High Access", "interpretation": "Area has strong access to educational facilities", "norm_school": 0.10507288624672799, "norm_dist": 1.0, "norm_pop": 0.04170278040596595 }, "geometry": { "type": "MultiPolygon", "coordinates": [ [ [ [ 115.305775, -8.526829 ], [ 115.308378, -8.531362 ], [ 115.313621, -8.531384 ], [ 115.316263, -8.526875 ], [ 115.313661, -8.522343 ], [ 115.308417, -8.52232 ], [ 115.305775, -8.526829 ] ] ] ] } },
{ "type": "Feature", "properties": { "id": 901, "fid": 563, "left": 313519.2032870421, "top": 9056550.6931999996, "right": 314673.90382542129, "bottom": 9055550.6931999996, "schools": 0, "distance_to_school": 511.15, "population": 2006.0, "school_per_1000": 0.0, "access_index": 0.52, "access_status": "Low Access", "interpretation": "Access is limited due to fewer schools or distance", "norm_school": 0.0, "norm_dist": 0.82232477423906158, "norm_pop": 0.037148845407283776 }, "geometry": { "type": "MultiPolygon", "coordinates": [ [ [ [ 115.305736, -8.535871 ], [ 115.308338, -8.540403 ], [ 115.313582, -8.540426 ], [ 115.316224, -8.535916 ], [ 115.313621, -8.531384 ], [ 115.308378, -8.531362 ], [ 115.305736, -8.535871 ] ] ] ] } },
{ "type": "Feature", "properties": { "id": 902, "fid": 564, "left": 313519.2032870421, "top": 9055550.6931999996, "right": 314673.90382542129, "bottom": 9054550.6931999996, "schools": 0, "distance_to_school": 320.74, "population": 1836.0, "school_per_1000": 0.0, "access_index": 0.55, "access_status": "Low Access", "interpretation": "Access is limited due to fewer schools or distance", "norm_school": 0.0, "norm_dist": 0.88850943748587974, "norm_pop": 0.03398999692850832 }, "geometry": { "type": "MultiPolygon", "coordinates": [ [ [ [ 115.305696, -8.544912 ], [ 115.308298, -8.549444 ], [ 115.313542, -8.549467 ], [ 115.316184, -8.544958 ], [ 115.313582, -8.540426 ], [ 115.308338, -8.540403 ], [ 115.305696, -8.544912 ] ] ] ] } },
{ "type": "Feature", "properties": { "id": 903, "fid": 565, "left": 313519.2032870421, "top": 9054550.6931999996, "right": 314673.90382542129, "bottom": 9053550.6931999996, "schools": 0, "distance_to_school": 827.13, "population": 1687.0, "school_per_1000": 0.0, "access_index": 0.48, "access_status": "Very Low Access", "interpretation": "Area lacks adequate access to educational facilities", "norm_school": 0.0, "norm_dist": 0.71249018988924684, "norm_pop": 0.031220212019432429 }, "geometry": { "type": "MultiPolygon", "coordinates": [ [ [ [ 115.305656, -8.553953 ], [ 115.308258, -8.558486 ], [ 115.313502, -8.558508 ], [ 115.316144, -8.553999 ], [ 115.313542, -8.549467 ], [ 115.308298, -8.549444 ], [ 115.305656, -8.553953 ] ] ] ] } },
{ "type": "Feature", "properties": { "id": 904, "fid": 566, "left": 313519.2032870421, "top": 9053550.6931999996, "right": 314673.90382542129, "bottom": 9052550.6931999996, "schools": 0, "distance_to_school": 234.07, "population": 1687.0, "school_per_1000": 0.0, "access_index": 0.56, "access_status": "Moderate Access", "interpretation": "Area has moderate access with reasonable proximity", "norm_school": 0.0, "norm_dist": 0.9186361258188861, "norm_pop": 0.031220212019432429 }, "geometry": { "type": "MultiPolygon", "coordinates": [ [ [ [ 115.305616, -8.562995 ], [ 115.308218, -8.567527 ], [ 115.313462, -8.56755 ], [ 115.316104, -8.563041 ], [ 115.313502, -8.558508 ], [ 115.308258, -8.558486 ], [ 115.305616, -8.562995 ] ] ] ] } },
{ "type": "Feature", "properties": { "id": 905, "fid": 567, "left": 313519.2032870421, "top": 9052550.6931999996, "right": 314673.90382542129, "bottom": 9051550.6931999996, "schools": 0, "distance_to_school": 419.63, "population": 1687.0, "school_per_1000": 0.0, "access_index": 0.54, "access_status": "Low Access", "interpretation": "Access is limited due to fewer schools or distance", "norm_school": 0.0, "norm_dist": 0.85413617387542118, "norm_pop": 0.031220212019432429 }, "geometry": { "type": "MultiPolygon", "coordinates": [ [ [ [ 115.305576, -8.572036 ], [ 115.308178, -8.576568 ], [ 115.313422, -8.576591 ], [ 115.316065, -8.572082 ], [ 115.313462, -8.56755 ], [ 115.308218, -8.567527 ], [ 115.305576, -8.572036 ] ] ] ] } },
{ "type": "Feature", "properties": { "id": 906, "fid": 568, "left": 313519.2032870421, "top": 9051550.6931999996, "right": 314673.90382542129, "bottom": 9050550.6931999996, "schools": 1, "distance_to_school": 0.0, "population": 1687.0, "school_per_1000": 0.59, "access_index": 0.65, "access_status": "High Access", "interpretation": "Area has strong access to educational facilities", "norm_school": 0.14028691419352757, "norm_dist": 1.0, "norm_pop": 0.031220212019432429 }, "geometry": { "type": "MultiPolygon", "coordinates": [ [ [ [ 115.305536, -8.581077 ], [ 115.308138, -8.58561 ], [ 115.313383, -8.585633 ], [ 115.316025, -8.581123 ], [ 115.313422, -8.576591 ], [ 115.308178, -8.576568 ], [ 115.305536, -8.581077 ] ] ] ] } },
{ "type": "Feature", "properties": { "id": 907, "fid": 569, "left": 313519.2032870421, "top": 9050550.6931999996, "right": 314673.90382542129, "bottom": 9049550.6931999996, "schools": 0, "distance_to_school": 618.88, "population": 1687.0, "school_per_1000": 0.0, "access_index": 0.51, "access_status": "Low Access", "interpretation": "Access is limited due to fewer schools or distance", "norm_school": 0.0, "norm_dist": 0.78487725104650896, "norm_pop": 0.031220212019432429 }, "geometry": { "type": "MultiPolygon", "coordinates": [ [ [ [ 115.305496, -8.590119 ], [ 115.308098, -8.594651 ], [ 115.313343, -8.594674 ], [ 115.315985, -8.590165 ], [ 115.313383, -8.585633 ], [ 115.308138, -8.58561 ], [ 115.305496, -8.590119 ] ] ] ] } },
{ "type": "Feature", "properties": { "id": 908, "fid": 570, "left": 313519.2032870421, "top": 9049550.6931999996, "right": 314673.90382542129, "bottom": 9048550.6931999996, "schools": 0, "distance_to_school": 1253.29, "population": 1687.0, "school_per_1000": 0.0, "access_index": 0.42, "access_status": "Very Low Access", "interpretation": "Area lacks adequate access to educational facilities", "norm_school": 0.0, "norm_dist": 0.56435524390982539, "norm_pop": 0.031220212019432429 }, "geometry": { "type": "MultiPolygon", "coordinates": [ [ [ [ 115.305455, -8.59916 ], [ 115.308058, -8.603692 ], [ 115.313303, -8.603715 ], [ 115.315945, -8.599206 ], [ 115.313343, -8.594674 ], [ 115.308098, -8.594651 ], [ 115.305455, -8.59916 ] ] ] ] } },
{ "type": "Feature", "properties": { "id": 909, "fid": 571, "left": 313519.2032870421, "top": 9048550.6931999996, "right": 314673.90382542129, "bottom": 9047550.6931999996, "schools": 0, "distance_to_school": 1832.58, "population": 1770.0, "school_per_1000": 0.0, "access_index": 0.34, "access_status": "Very Low Access", "interpretation": "Area lacks adequate access to educational facilities", "norm_school": 0.0, "norm_dist": 0.36299579598010451, "norm_pop": 0.032762243143669822 }, "geometry": { "type": "MultiPolygon", "coordinates": [ [ [ [ 115.305415, -8.608201 ], [ 115.308018, -8.612733 ], [ 115.313263, -8.612757 ], [ 115.315905, -8.608247 ], [ 115.313303, -8.603715 ], [ 115.308058, -8.603692 ], [ 115.305415, -8.608201 ] ] ] ] } },
{ "type": "Feature", "properties": { "id": 985, "fid": 593, "left": 315251.25409461098, "top": 9050550.6931999996, "right": 316405.95463299018, "bottom": 9049550.6931999996, "schools": 0, "distance_to_school": 284.17, "population": 1687.0, "school_per_1000": 0.0, "access_index": 0.55, "access_status": "Moderate Access", "interpretation": "Area has moderate access with reasonable proximity", "norm_school": 0.0, "norm_dist": 0.90122104933352254, "norm_pop": 0.031220212019432429 }, "geometry": { "type": "MultiPolygon", "coordinates": [ [ [ [ 115.32123, -8.590188 ], [ 115.323832, -8.59472 ], [ 115.329077, -8.594742 ], [ 115.331719, -8.590233 ], [ 115.329117, -8.585701 ], [ 115.323872, -8.585678 ], [ 115.32123, -8.590188 ] ] ] ] } },
{ "type": "Feature", "properties": { "id": 910, "fid": 572, "left": 313519.2032870421, "top": 9047550.6931999996, "right": 314673.90382542129, "bottom": 9046550.6931999996, "schools": 0, "distance_to_school": 1957.2, "population": 1327.0, "school_per_1000": 0.0, "access_index": 0.32, "access_status": "Very Low Access", "interpretation": "Area lacks adequate access to educational facilities", "norm_school": 0.0, "norm_dist": 0.31967853688927583, "norm_pop": 0.024552361041793088 }, "geometry": { "type": "MultiPolygon", "coordinates": [ [ [ [ 115.315059, -8.616866 ], [ 115.315519, -8.616686 ], [ 115.313263, -8.612757 ], [ 115.308018, -8.612733 ], [ 115.305375, -8.617243 ], [ 115.307396, -8.620763 ], [ 115.307563, -8.620633 ], [ 115.307982, -8.620407 ], [ 115.307992, -8.620401 ], [ 115.307992, -8.620401 ], [ 115.308088, -8.620304 ], [ 115.308223, -8.620183 ], [ 115.308516, -8.619983 ], [ 115.309037, -8.619633 ], [ 115.309565, -8.619398 ], [ 115.309979, -8.619126 ], [ 115.310657, -8.618777 ], [ 115.311214, -8.618481 ], [ 115.311262, -8.618455 ], [ 115.311957, -8.618122 ], [ 115.312537, -8.617837 ], [ 115.313175, -8.617456 ], [ 115.313441, -8.617342 ], [ 115.314136, -8.617123 ], [ 115.314717, -8.616932 ], [ 115.315059, -8.616866 ] ] ] ] } },
{ "type": "Feature", "properties": { "id": 937, "fid": 627, "left": 314385.22869082657, "top": 9060050.6931999996, "right": 315539.92922920577, "bottom": 9059050.6931999996, "schools": 1, "distance_to_school": 0.0, "population": 2231.0, "school_per_1000": 0.45, "access_index": 0.63, "access_status": "High Access", "interpretation": "Area has strong access to educational facilities", "norm_school": 0.10606597471644771, "norm_dist": 1.0, "norm_pop": 0.041311776573348426 }, "geometry": { "type": "MultiPolygon", "coordinates": [ [ [ [ 115.321755, -8.5 ], [ 115.316236, -8.5 ], [ 115.31374, -8.50426 ], [ 115.316342, -8.508792 ], [ 115.321586, -8.508815 ], [ 115.324227, -8.504306 ], [ 115.321755, -8.5 ] ] ] ] } },
{ "type": "Feature", "properties": { "id": 938, "fid": 573, "left": 314385.22869082657, "top": 9059050.6931999996, "right": 315539.92922920577, "bottom": 9058050.6931999996, "schools": 0, "distance_to_school": 141.4, "population": 2272.0, "school_per_1000": 0.0, "access_index": 0.57, "access_status": "Moderate Access", "interpretation": "Area has moderate access with reasonable proximity", "norm_school": 0.0, "norm_dist": 0.95085025760276254, "norm_pop": 0.042070375461163149 }, "geometry": { "type": "MultiPolygon", "coordinates": [ [ [ [ 115.313701, -8.513302 ], [ 115.316303, -8.517834 ], [ 115.321546, -8.517856 ], [ 115.324188, -8.513347 ], [ 115.321586, -8.508815 ], [ 115.316342, -8.508792 ], [ 115.313701, -8.513302 ] ] ] ] } },
{ "type": "Feature", "properties": { "id": 939, "fid": 574, "left": 314385.22869082657, "top": 9058050.6931999996, "right": 315539.92922920577, "bottom": 9057050.6931999996, "schools": 0, "distance_to_school": 91.06, "population": 2272.0, "school_per_1000": 0.0, "access_index": 0.58, "access_status": "Moderate Access", "interpretation": "Area has moderate access with reasonable proximity", "norm_school": 0.0, "norm_dist": 0.96834823822562643, "norm_pop": 0.042070375461163149 }, "geometry": { "type": "MultiPolygon", "coordinates": [ [ [ [ 115.313661, -8.522343 ], [ 115.316263, -8.526875 ], [ 115.321507, -8.526898 ], [ 115.324149, -8.522388 ], [ 115.321546, -8.517856 ], [ 115.316303, -8.517834 ], [ 115.313661, -8.522343 ] ] ] ] } },
{ "type": "Feature", "properties": { "id": 940, "fid": 575, "left": 314385.22869082657, "top": 9057050.6931999996, "right": 315539.92922920577, "bottom": 9056050.6931999996, "schools": 1, "distance_to_school": 0.0, "population": 2272.0, "school_per_1000": 0.44, "access_index": 0.63, "access_status": "High Access", "interpretation": "Area has strong access to educational facilities", "norm_school": 0.10415606417706054, "norm_dist": 1.0, "norm_pop": 0.042070375461163149 }, "geometry": { "type": "MultiPolygon", "coordinates": [ [ [ [ 115.313621, -8.531384 ], [ 115.316224, -8.535916 ], [ 115.321467, -8.535939 ], [ 115.324109, -8.53143 ], [ 115.321507, -8.526898 ], [ 115.316263, -8.526875 ], [ 115.313621, -8.531384 ] ] ] ] } },
{ "type": "Feature", "properties": { "id": 941, "fid": 576, "left": 314385.22869082657, "top": 9056050.6931999996, "right": 315539.92922920577, "bottom": 9055050.6931999996, "schools": 4, "distance_to_school": 0.0, "population": 2272.0, "school_per_1000": 1.76, "access_index": 0.76, "access_status": "High Access", "interpretation": "Area has strong access to educational facilities", "norm_school": 0.41662425670824216, "norm_dist": 1.0, "norm_pop": 0.042070375461163149 }, "geometry": { "type": "MultiPolygon", "coordinates": [ [ [ [ 115.313582, -8.540426 ], [ 115.316184, -8.544958 ], [ 115.321428, -8.544981 ], [ 115.32407, -8.540471 ], [ 115.321467, -8.535939 ], [ 115.316224, -8.535916 ], [ 115.313582, -8.540426 ] ] ] ] } },
{ "type": "Feature", "properties": { "id": 942, "fid": 577, "left": 314385.22869082657, "top": 9055050.6931999996, "right": 315539.92922920577, "bottom": 9054050.6931999996, "schools": 0, "distance_to_school": 68.21, "population": 2144.0, "school_per_1000": 0.0, "access_index": 0.58, "access_status": "Moderate Access", "interpretation": "Area has moderate access with reasonable proximity", "norm_school": 0.0, "norm_dist": 0.97628928545164517, "norm_pop": 0.039698453217326304 }, "geometry": { "type": "MultiPolygon", "coordinates": [ [ [ [ 115.313542, -8.549467 ], [ 115.316144, -8.553999 ], [ 115.321388, -8.554022 ], [ 115.32403, -8.549513 ], [ 115.321428, -8.544981 ], [ 115.316184, -8.544958 ], [ 115.313542, -8.549467 ] ] ] ] } },
{ "type": "Feature", "properties": { "id": 943, "fid": 578, "left": 314385.22869082657, "top": 9054050.6931999996, "right": 315539.92922920577, "bottom": 9053050.6931999996, "schools": 0, "distance_to_school": 793.11, "population": 1688.0, "school_per_1000": 0.0, "access_index": 0.48, "access_status": "Very Low Access", "interpretation": "Area lacks adequate access to educational facilities", "norm_school": 0.0, "norm_dist": 0.72431635262190597, "norm_pop": 0.031253435791726632 }, "geometry": { "type": "MultiPolygon", "coordinates": [ [ [ [ 115.313502, -8.558508 ], [ 115.316104, -8.563041 ], [ 115.321349, -8.563063 ], [ 115.323991, -8.558554 ], [ 115.321388, -8.554022 ], [ 115.316144, -8.553999 ], [ 115.313502, -8.558508 ] ] ] ] } },
{ "type": "Feature", "properties": { "id": 944, "fid": 579, "left": 314385.22869082657, "top": 9053050.6931999996, "right": 315539.92922920577, "bottom": 9052050.6931999996, "schools": 0, "distance_to_school": 1066.41, "population": 1687.0, "school_per_1000": 0.0, "access_index": 0.45, "access_status": "Very Low Access", "interpretation": "Area lacks adequate access to educational facilities", "norm_school": 0.0, "norm_dist": 0.62931424649007683, "norm_pop": 0.031220212019432429 }, "geometry": { "type": "MultiPolygon", "coordinates": [ [ [ [ 115.313462, -8.56755 ], [ 115.316065, -8.572082 ], [ 115.321309, -8.572105 ], [ 115.323951, -8.567595 ], [ 115.321349, -8.563063 ], [ 115.316104, -8.563041 ], [ 115.313462, -8.56755 ] ] ] ] } },
{ "type": "Feature", "properties": { "id": 945, "fid": 580, "left": 314385.22869082657, "top": 9052050.6931999996, "right": 315539.92922920577, "bottom": 9051050.6931999996, "schools": 0, "distance_to_school": 412.25, "population": 1687.0, "school_per_1000": 0.0, "access_index": 0.54, "access_status": "Low Access", "interpretation": "Access is limited due to fewer schools or distance", "norm_school": 0.0, "norm_dist": 0.85670255154008068, "norm_pop": 0.031220212019432429 }, "geometry": { "type": "MultiPolygon", "coordinates": [ [ [ [ 115.313422, -8.576591 ], [ 115.316025, -8.581123 ], [ 115.321269, -8.581146 ], [ 115.323912, -8.576637 ], [ 115.321309, -8.572105 ], [ 115.316065, -8.572082 ], [ 115.313422, -8.576591 ] ] ] ] } },
{ "type": "Feature", "properties": { "id": 946, "fid": 581, "left": 314385.22869082657, "top": 9051050.6931999996, "right": 315539.92922920577, "bottom": 9050050.6931999996, "schools": 1, "distance_to_school": 0.0, "population": 1687.0, "school_per_1000": 0.59, "access_index": 0.65, "access_status": "High Access", "interpretation": "Area has strong access to educational facilities", "norm_school": 0.14028691419352757, "norm_dist": 1.0, "norm_pop": 0.031220212019432429 }, "geometry": { "type": "MultiPolygon", "coordinates": [ [ [ [ 115.313383, -8.585633 ], [ 115.315985, -8.590165 ], [ 115.32123, -8.590188 ], [ 115.323872, -8.585678 ], [ 115.321269, -8.581146 ], [ 115.316025, -8.581123 ], [ 115.313383, -8.585633 ] ] ] ] } },
{ "type": "Feature", "properties": { "id": 947, "fid": 582, "left": 314385.22869082657, "top": 9050050.6931999996, "right": 315539.92922920577, "bottom": 9049050.6931999996, "schools": 0, "distance_to_school": 588.02, "population": 1687.0, "school_per_1000": 0.0, "access_index": 0.51, "access_status": "Low Access", "interpretation": "Access is limited due to fewer schools or distance", "norm_school": 0.0, "norm_dist": 0.79560589092281986, "norm_pop": 0.031220212019432429 }, "geometry": { "type": "MultiPolygon", "coordinates": [ [ [ [ 115.313343, -8.594674 ], [ 115.315945, -8.599206 ], [ 115.32119, -8.599229 ], [ 115.323832, -8.59472 ], [ 115.32123, -8.590188 ], [ 115.315985, -8.590165 ], [ 115.313343, -8.594674 ] ] ] ] } },
{ "type": "Feature", "properties": { "id": 948, "fid": 583, "left": 314385.22869082657, "top": 9049050.6931999996, "right": 315539.92922920577, "bottom": 9048050.6931999996, "schools": 0, "distance_to_school": 1587.95, "population": 1687.0, "school_per_1000": 0.0, "access_index": 0.37, "access_status": "Very Low Access", "interpretation": "Area lacks adequate access to educational facilities", "norm_school": 0.0, "norm_dist": 0.44802952862925566, "norm_pop": 0.031220212019432429 }, "geometry": { "type": "MultiPolygon", "coordinates": [ [ [ [ 115.313303, -8.603715 ], [ 115.315905, -8.608247 ], [ 115.32115, -8.60827 ], [ 115.323792, -8.603761 ], [ 115.32119, -8.599229 ], [ 115.315945, -8.599206 ], [ 115.313303, -8.603715 ] ] ] ] } },
{ "type": "Feature", "properties": { "id": 949, "fid": 584, "left": 314385.22869082657, "top": 9048050.6931999996, "right": 315539.92922920577, "bottom": 9047050.6931999996, "schools": 0, "distance_to_school": 2587.93, "population": 1320.0, "school_per_1000": 0.0, "access_index": 0.24, "access_status": "Very Low Access", "interpretation": "Area lacks adequate access to educational facilities", "norm_school": 0.0, "norm_dist": 0.10043482334269632, "norm_pop": 0.024412665380750743 }, "geometry": { "type": "MultiPolygon", "coordinates": [ [ [ [ 115.322464, -8.611497 ], [ 115.322663, -8.610905 ], [ 115.32115, -8.60827 ], [ 115.315905, -8.608247 ], [ 115.313263, -8.612757 ], [ 115.315519, -8.616686 ], [ 115.315668, -8.616628 ], [ 115.316054, -8.616502 ], [ 115.316487, -8.616361 ], [ 115.316528, -8.616349 ], [ 115.31653, -8.616348 ], [ 115.317248, -8.616123 ], [ 115.31801, -8.615771 ], [ 115.319225, -8.615384 ], [ 115.319331, -8.615308 ], [ 115.319423, -8.615243 ], [ 115.319537, -8.615162 ], [ 115.319767, -8.614998 ], [ 115.320979, -8.614115 ], [ 115.321741, -8.61362 ], [ 115.322141, -8.613354 ], [ 115.322459, -8.612749 ], [ 115.32245, -8.612416 ], [ 115.322447, -8.612028 ], [ 115.322445, -8.611807 ], [ 115.322464, -8.611497 ] ] ] ] } },
{ "type": "Feature", "properties": { "id": 976, "fid": 628, "left": 315251.25409461098, "top": 9059550.6931999996, "right": 316405.95463299018, "bottom": 9058550.6931999996, "schools": 0, "distance_to_school": 302.71, "population": 4939.0, "school_per_1000": 0.0, "access_index": 0.54, "access_status": "Low Access", "interpretation": "Access is limited due to fewer schools or distance", "norm_school": 0.0, "norm_dist": 0.89477923963417672, "norm_pop": 0.091529585502333935 }, "geometry": { "type": "MultiPolygon", "coordinates": [ [ [ [ 115.321586, -8.508815 ], [ 115.324188, -8.513347 ], [ 115.329432, -8.51337 ], [ 115.332073, -8.50886 ], [ 115.329471, -8.504328 ], [ 115.324227, -8.504306 ], [ 115.321586, -8.508815 ] ] ] ] } },
{ "type": "Feature", "properties": { "id": 977, "fid": 585, "left": 315251.25409461098, "top": 9058550.6931999996, "right": 316405.95463299018, "bottom": 9057550.6931999996, "schools": 0, "distance_to_school": 688.04, "population": 2272.0, "school_per_1000": 0.0, "access_index": 0.5, "access_status": "Low Access", "interpretation": "Access is limited due to fewer schools or distance", "norm_school": 0.0, "norm_dist": 0.76083668004753413, "norm_pop": 0.042070375461163149 }, "geometry": { "type": "MultiPolygon", "coordinates": [ [ [ [ 115.321546, -8.517856 ], [ 115.324149, -8.522388 ], [ 115.329392, -8.522411 ], [ 115.332034, -8.517902 ], [ 115.329432, -8.51337 ], [ 115.324188, -8.513347 ], [ 115.321546, -8.517856 ] ] ] ] } },
{ "type": "Feature", "properties": { "id": 978, "fid": 586, "left": 315251.25409461098, "top": 9057550.6931999996, "right": 316405.95463299018, "bottom": 9056550.6931999996, "schools": 2, "distance_to_school": 0.0, "population": 2272.0, "school_per_1000": 0.88, "access_index": 0.67, "access_status": "High Access", "interpretation": "Area has strong access to educational facilities", "norm_school": 0.20831212835412108, "norm_dist": 1.0, "norm_pop": 0.042070375461163149 }, "geometry": { "type": "MultiPolygon", "coordinates": [ [ [ [ 115.321507, -8.526898 ], [ 115.324109, -8.53143 ], [ 115.329353, -8.531452 ], [ 115.331995, -8.526943 ], [ 115.329392, -8.522411 ], [ 115.324149, -8.522388 ], [ 115.321507, -8.526898 ] ] ] ] } },
{ "type": "Feature", "properties": { "id": 979, "fid": 587, "left": 315251.25409461098, "top": 9056550.6931999996, "right": 316405.95463299018, "bottom": 9055550.6931999996, "schools": 3, "distance_to_school": 0.0, "population": 2272.0, "school_per_1000": 1.32, "access_index": 0.72, "access_status": "High Access", "interpretation": "Area has strong access to educational facilities", "norm_school": 0.31246819253118163, "norm_dist": 1.0, "norm_pop": 0.042070375461163149 }, "geometry": { "type": "MultiPolygon", "coordinates": [ [ [ [ 115.321467, -8.535939 ], [ 115.32407, -8.540471 ], [ 115.329314, -8.540494 ], [ 115.331955, -8.535984 ], [ 115.329353, -8.531452 ], [ 115.324109, -8.53143 ], [ 115.321467, -8.535939 ] ] ] ] } },
{ "type": "Feature", "properties": { "id": 980, "fid": 588, "left": 315251.25409461098, "top": 9055550.6931999996, "right": 316405.95463299018, "bottom": 9054550.6931999996, "schools": 5, "distance_to_school": 0.0, "population": 2272.0, "school_per_1000": 2.2, "access_index": 0.8, "access_status": "High Access", "interpretation": "Area has strong access to educational facilities", "norm_school": 0.52078032088530268, "norm_dist": 1.0, "norm_pop": 0.042070375461163149 }, "geometry": { "type": "MultiPolygon", "coordinates": [ [ [ [ 115.321428, -8.544981 ], [ 115.32403, -8.549513 ], [ 115.329274, -8.549535 ], [ 115.331916, -8.545026 ], [ 115.329314, -8.540494 ], [ 115.32407, -8.540471 ], [ 115.321428, -8.544981 ] ] ] ] } },
{ "type": "Feature", "properties": { "id": 981, "fid": 589, "left": 315251.25409461098, "top": 9054550.6931999996, "right": 316405.95463299018, "bottom": 9053550.6931999996, "schools": 0, "distance_to_school": 70.01, "population": 2253.0, "school_per_1000": 0.0, "access_index": 0.58, "access_status": "Moderate Access", "interpretation": "Area has moderate access with reasonable proximity", "norm_school": 0.0, "norm_dist": 0.97566609879874888, "norm_pop": 0.041725105235024845 }, "geometry": { "type": "MultiPolygon", "coordinates": [ [ [ [ 115.321388, -8.554022 ], [ 115.323991, -8.558554 ], [ 115.329235, -8.558577 ], [ 115.331877, -8.554067 ], [ 115.329274, -8.549535 ], [ 115.32403, -8.549513 ], [ 115.321388, -8.554022 ] ] ] ] } },
{ "type": "Feature", "properties": { "id": 982, "fid": 590, "left": 315251.25409461098, "top": 9053550.6931999996, "right": 316405.95463299018, "bottom": 9052550.6931999996, "schools": 0, "distance_to_school": 408.48, "population": 2068.0, "school_per_1000": 0.0, "access_index": 0.54, "access_status": "Low Access", "interpretation": "Access is limited due to fewer schools or distance", "norm_school": 0.0, "norm_dist": 0.85801295062412219, "norm_pop": 0.038296938251996933 }, "geometry": { "type": "MultiPolygon", "coordinates": [ [ [ [ 115.321349, -8.563063 ], [ 115.323951, -8.567595 ], [ 115.329196, -8.567618 ], [ 115.331837, -8.563109 ], [ 115.329235, -8.558577 ], [ 115.323991, -8.558554 ], [ 115.321349, -8.563063 ] ] ] ] } },
{ "type": "Feature", "properties": { "id": 983, "fid": 591, "left": 315251.25409461098, "top": 9052550.6931999996, "right": 316405.95463299018, "bottom": 9051550.6931999996, "schools": 0, "distance_to_school": 916.42, "population": 1786.0, "school_per_1000": 0.0, "access_index": 0.47, "access_status": "Very Low Access", "interpretation": "Area lacks adequate access to educational facilities", "norm_school": 0.0, "norm_dist": 0.68145063871226175, "norm_pop": 0.033064878491223616 }, "geometry": { "type": "MultiPolygon", "coordinates": [ [ [ [ 115.321309, -8.572105 ], [ 115.323912, -8.576637 ], [ 115.329156, -8.57666 ], [ 115.331798, -8.57215 ], [ 115.329196, -8.567618 ], [ 115.323951, -8.567595 ], [ 115.321309, -8.572105 ] ] ] ] } },
{ "type": "Feature", "properties": { "id": 984, "fid": 592, "left": 315251.25409461098, "top": 9051550.6931999996, "right": 316405.95463299018, "bottom": 9050550.6931999996, "schools": 0, "distance_to_school": 196.27, "population": 1687.0, "school_per_1000": 0.0, "access_index": 0.57, "access_status": "Moderate Access", "interpretation": "Area has moderate access with reasonable proximity", "norm_school": 0.0, "norm_dist": 0.93177741742517251, "norm_pop": 0.031220212019432429 }, "geometry": { "type": "MultiPolygon", "coordinates": [ [ [ [ 115.321269, -8.581146 ], [ 115.323872, -8.585678 ], [ 115.329117, -8.585701 ], [ 115.331759, -8.581192 ], [ 115.329156, -8.57666 ], [ 115.323912, -8.576637 ], [ 115.321269, -8.581146 ] ] ] ] } },
{ "type": "Feature", "properties": { "id": 986, "fid": 594, "left": 315251.25409461098, "top": 9049550.6931999996, "right": 316405.95463299018, "bottom": 9048550.6931999996, "schools": 0, "distance_to_school": 1122.71, "population": 1687.0, "school_per_1000": 0.0, "access_index": 0.44, "access_status": "Very Low Access", "interpretation": "Area lacks adequate access to educational facilities", "norm_school": 0.0, "norm_dist": 0.60974518974009606, "norm_pop": 0.031220212019432429 }, "geometry": { "type": "MultiPolygon", "coordinates": [ [ [ [ 115.32119, -8.599229 ], [ 115.323792, -8.603761 ], [ 115.329037, -8.603784 ], [ 115.33168, -8.599275 ], [ 115.329077, -8.594742 ], [ 115.323832, -8.59472 ], [ 115.32119, -8.599229 ] ] ] ] } },
{ "type": "Feature", "properties": { "id": 987, "fid": 595, "left": 315251.25409461098, "top": 9048550.6931999996, "right": 316405.95463299018, "bottom": 9047550.6931999996, "schools": 0, "distance_to_school": 2106.25, "population": 592.0, "school_per_1000": 0.0, "access_index": 0.3, "access_status": "Very Low Access", "interpretation": "Area lacks adequate access to educational facilities", "norm_school": 0.0, "norm_dist": 0.26786675082638867, "norm_pop": 0.01091915836239407 }, "geometry": { "type": "MultiPolygon", "coordinates": [ [ [ [ 115.328871, -8.60432 ], [ 115.329218, -8.604098 ], [ 115.329037, -8.603784 ], [ 115.323792, -8.603761 ], [ 115.32115, -8.60827 ], [ 115.322663, -8.610905 ], [ 115.322664, -8.610903 ], [ 115.322797, -8.610631 ], [ 115.322916, -8.610322 ], [ 115.323107, -8.610075 ], [ 115.323109, -8.610072 ], [ 115.323254, -8.609922 ], [ 115.323464, -8.609737 ], [ 115.323816, -8.609503 ], [ 115.324097, -8.609346 ], [ 115.324239, -8.609299 ], [ 115.324363, -8.609246 ], [ 115.324582, -8.609185 ], [ 115.324663, -8.609151 ], [ 115.324729, -8.608998 ], [ 115.324887, -8.608487 ], [ 115.324978, -8.608193 ], [ 115.325036, -8.608076 ], [ 115.325204, -8.607742 ], [ 115.325582, -8.607171 ], [ 115.325922, -8.606782 ], [ 115.326523, -8.606182 ], [ 115.327292, -8.605568 ], [ 115.32818, -8.604868 ], [ 115.328871, -8.60432 ] ] ] ] } },
{ "type": "Feature", "properties": { "id": 1015, "fid": 629, "left": 316117.27949839539, "top": 9060050.6931999996, "right": 317271.98003677459, "bottom": 9059050.6931999996, "schools": 0, "distance_to_school": 1189.04, "population": 23634.0, "school_per_1000": 0.0, "access_index": 0.35, "access_status": "Very Low Access", "interpretation": "Area lacks adequate access to educational facilities", "norm_school": 0.0, "norm_dist": 0.58668876564000694, "norm_pop": 0.43820845107146622 }, "geometry": { "type": "MultiPolygon", "coordinates": [ [ [ [ 115.337447, -8.5 ], [ 115.332006, -8.5 ], [ 115.329471, -8.504328 ], [ 115.332073, -8.50886 ], [ 115.337317, -8.508883 ], [ 115.339958, -8.504373 ], [ 115.337447, -8.5 ] ] ] ] } },
{ "type": "Feature", "properties": { "id": 1016, "fid": 630, "left": 316117.27949839539, "top": 9059050.6931999996, "right": 317271.98003677459, "bottom": 9058050.6931999996, "schools": 0, "distance_to_school": 1050.44, "population": 16288.0, "school_per_1000": 0.0, "access_index": 0.39, "access_status": "Very Low Access", "interpretation": "Area lacks adequate access to educational facilities", "norm_school": 0.0, "norm_dist": 0.63486799483565048, "norm_pop": 0.30199302615289259 }, "geometry": { "type": "MultiPolygon", "coordinates": [ [ [ [ 115.329432, -8.51337 ], [ 115.332034, -8.517902 ], [ 115.337278, -8.517924 ], [ 115.339919, -8.513414 ], [ 115.337317, -8.508883 ], [ 115.332073, -8.50886 ], [ 115.329432, -8.51337 ] ] ] ] } },
{ "type": "Feature", "properties": { "id": 1017, "fid": 596, "left": 316117.27949839539, "top": 9058050.6931999996, "right": 317271.98003677459, "bottom": 9057050.6931999996, "schools": 0, "distance_to_school": 50.44, "population": 4288.0, "school_per_1000": 0.0, "access_index": 0.58, "access_status": "Moderate Access", "interpretation": "Area has moderate access with reasonable proximity", "norm_school": 0.0, "norm_dist": 0.9824680929005507, "norm_pop": 0.07945752390290399 }, "geometry": { "type": "MultiPolygon", "coordinates": [ [ [ [ 115.329392, -8.522411 ], [ 115.331995, -8.526943 ], [ 115.337239, -8.526966 ], [ 115.33988, -8.522456 ], [ 115.337278, -8.517924 ], [ 115.332034, -8.517902 ], [ 115.329392, -8.522411 ] ] ] ] } },
{ "type": "Feature", "properties": { "id": 1018, "fid": 597, "left": 316117.27949839539, "top": 9057050.6931999996, "right": 317271.98003677459, "bottom": 9056050.6931999996, "schools": 2, "distance_to_school": 0.0, "population": 2272.0, "school_per_1000": 0.88, "access_index": 0.67, "access_status": "High Access", "interpretation": "Area has strong access to educational facilities", "norm_school": 0.20831212835412108, "norm_dist": 1.0, "norm_pop": 0.042070375461163149 }, "geometry": { "type": "MultiPolygon", "coordinates": [ [ [ [ 115.329353, -8.531452 ], [ 115.331955, -8.535984 ], [ 115.337199, -8.536007 ], [ 115.339841, -8.531497 ], [ 115.337239, -8.526966 ], [ 115.331995, -8.526943 ], [ 115.329353, -8.531452 ] ] ] ] } },
{ "type": "Feature", "properties": { "id": 1019, "fid": 598, "left": 316117.27949839539, "top": 9056050.6931999996, "right": 317271.98003677459, "bottom": 9055050.6931999996, "schools": 1, "distance_to_school": 0.0, "population": 2272.0, "school_per_1000": 0.44, "access_index": 0.63, "access_status": "High Access", "interpretation": "Area has strong access to educational facilities", "norm_school": 0.10415606417706054, "norm_dist": 1.0, "norm_pop": 0.042070375461163149 }, "geometry": { "type": "MultiPolygon", "coordinates": [ [ [ [ 115.329314, -8.540494 ], [ 115.331916, -8.545026 ], [ 115.33716, -8.545048 ], [ 115.339802, -8.540539 ], [ 115.337199, -8.536007 ], [ 115.331955, -8.535984 ], [ 115.329314, -8.540494 ] ] ] ] } },
{ "type": "Feature", "properties": { "id": 1020, "fid": 599, "left": 316117.27949839539, "top": 9055050.6931999996, "right": 317271.98003677459, "bottom": 9054050.6931999996, "schools": 1, "distance_to_school": 0.0, "population": 2272.0, "school_per_1000": 0.44, "access_index": 0.63, "access_status": "High Access", "interpretation": "Area has strong access to educational facilities", "norm_school": 0.10415606417706054, "norm_dist": 1.0, "norm_pop": 0.042070375461163149 }, "geometry": { "type": "MultiPolygon", "coordinates": [ [ [ [ 115.329274, -8.549535 ], [ 115.331877, -8.554067 ], [ 115.337121, -8.55409 ], [ 115.339763, -8.54958 ], [ 115.33716, -8.545048 ], [ 115.331916, -8.545026 ], [ 115.329274, -8.549535 ] ] ] ] } },
{ "type": "Feature", "properties": { "id": 1021, "fid": 600, "left": 316117.27949839539, "top": 9054050.6931999996, "right": 317271.98003677459, "bottom": 9053050.6931999996, "schools": 1, "distance_to_school": 0.0, "population": 2272.0, "school_per_1000": 0.44, "access_index": 0.63, "access_status": "High Access", "interpretation": "Area has strong access to educational facilities", "norm_school": 0.10415606417706054, "norm_dist": 1.0, "norm_pop": 0.042070375461163149 }, "geometry": { "type": "MultiPolygon", "coordinates": [ [ [ [ 115.329235, -8.558577 ], [ 115.331837, -8.563109 ], [ 115.337082, -8.563131 ], [ 115.339724, -8.558622 ], [ 115.337121, -8.55409 ], [ 115.331877, -8.554067 ], [ 115.329235, -8.558577 ] ] ] ] } },
{ "type": "Feature", "properties": { "id": 1022, "fid": 601, "left": 316117.27949839539, "top": 9053050.6931999996, "right": 317271.98003677459, "bottom": 9052050.6931999996, "schools": 1, "distance_to_school": 0.0, "population": 2173.0, "school_per_1000": 0.46, "access_index": 0.64, "access_status": "High Access", "interpretation": "Area has strong access to educational facilities", "norm_school": 0.10889272382238029, "norm_dist": 1.0, "norm_pop": 0.040237856057548989 }, "geometry": { "type": "MultiPolygon", "coordinates": [ [ [ [ 115.329196, -8.567618 ], [ 115.331798, -8.57215 ], [ 115.337043, -8.572173 ], [ 115.339684, -8.567663 ], [ 115.337082, -8.563131 ], [ 115.331837, -8.563109 ], [ 115.329196, -8.567618 ] ] ] ] } },
{ "type": "Feature", "properties": { "id": 1023, "fid": 602, "left": 316117.27949839539, "top": 9052050.6931999996, "right": 317271.98003677459, "bottom": 9051050.6931999996, "schools": 0, "distance_to_school": 991.53, "population": 1689.0, "school_per_1000": 0.0, "access_index": 0.46, "access_status": "Very Low Access", "interpretation": "Area lacks adequate access to educational facilities", "norm_school": 0.0, "norm_dist": 0.65534535747397182, "norm_pop": 0.0312563678534215 }, "geometry": { "type": "MultiPolygon", "coordinates": [ [ [ [ 115.329156, -8.57666 ], [ 115.331759, -8.581192 ], [ 115.337003, -8.581214 ], [ 115.339645, -8.576705 ], [ 115.337043, -8.572173 ], [ 115.331798, -8.57215 ], [ 115.329156, -8.57666 ] ] ] ] } },
{ "type": "Feature", "properties": { "id": 1024, "fid": 603, "left": 316117.27949839539, "top": 9051050.6931999996, "right": 317271.98003677459, "bottom": 9050050.6931999996, "schools": 0, "distance_to_school": 859.24, "population": 1687.0, "school_per_1000": 0.0, "access_index": 0.47, "access_status": "Very Low Access", "interpretation": "Area lacks adequate access to educational facilities", "norm_school": 0.0, "norm_dist": 0.7013274290934064, "norm_pop": 0.031220212019432429 }, "geometry": { "type": "MultiPolygon", "coordinates": [ [ [ [ 115.329117, -8.585701 ], [ 115.331719, -8.590233 ], [ 115.336964, -8.590256 ], [ 115.339606, -8.585746 ], [ 115.337003, -8.581214 ], [ 115.331759, -8.581192 ], [ 115.329117, -8.585701 ] ] ] ] } },
{ "type": "Feature", "properties": { "id": 1025, "fid": 604, "left": 316117.27949839539, "top": 9050050.6931999996, "right": 317271.98003677459, "bottom": 9049050.6931999996, "schools": 0, "distance_to_school": 1284.17, "population": 1687.0, "school_per_1000": 0.0, "access_index": 0.42, "access_status": "Very Low Access", "interpretation": "Area lacks adequate access to educational facilities", "norm_school": 0.0, "norm_dist": 0.55362095126862987, "norm_pop": 0.031220212019432429 }, "geometry": { "type": "MultiPolygon", "coordinates": [ [ [ [ 115.329077, -8.594742 ], [ 115.33168, -8.599275 ], [ 115.336924, -8.599297 ], [ 115.339567, -8.594788 ], [ 115.336964, -8.590256 ], [ 115.331719, -8.590233 ], [ 115.329077, -8.594742 ] ] ] ] } },
{ "type": "Feature", "properties": { "id": 1026, "fid": 605, "left": 316117.27949839539, "top": 9049050.6931999996, "right": 317271.98003677459, "bottom": 9048050.6931999996, "schools": 0, "distance_to_school": 1956.74, "population": 353.0, "school_per_1000": 0.0, "access_index": 0.33, "access_status": "Very Low Access", "interpretation": "Area lacks adequate access to educational facilities", "norm_school": 0.0, "norm_dist": 0.31983706425792829, "norm_pop": 0.0064871769553685333 }, "geometry": { "type": "MultiPolygon", "coordinates": [ [ [ [ 115.33651, -8.600158 ], [ 115.337195, -8.599768 ], [ 115.336924, -8.599297 ], [ 115.33168, -8.599275 ], [ 115.329037, -8.603784 ], [ 115.329218, -8.604098 ], [ 115.329434, -8.603959 ], [ 115.329434, -8.603959 ], [ 115.329519, -8.603913 ], [ 115.330829, -8.603136 ], [ 115.331678, -8.602618 ], [ 115.332093, -8.602364 ], [ 115.332093, -8.602364 ], [ 115.332744, -8.601948 ], [ 115.334076, -8.601184 ], [ 115.335371, -8.600594 ], [ 115.33651, -8.600158 ] ] ] ] } },
{ "type": "Feature", "properties": { "id": 1054, "fid": 631, "left": 316983.30490217987, "top": 9059550.6931999996, "right": 318138.00544055906, "bottom": 9058550.6931999996, "schools": 0, "distance_to_school": 1615.6, "population": 11686.0, "school_per_1000": 0.0, "access_index": 0.33, "access_status": "Very Low Access", "interpretation": "Area lacks adequate access to educational facilities", "norm_school": 0.0, "norm_dist": 0.43841655474141045, "norm_pop": 0.21664389927691097 }, "geometry": { "type": "MultiPolygon", "coordinates": [ [ [ [ 115.337317, -8.508883 ], [ 115.339919, -8.513414 ], [ 115.345163, -8.513437 ], [ 115.347804, -8.508927 ], [ 115.345202, -8.504395 ], [ 115.339958, -8.504373 ], [ 115.337317, -8.508883 ] ] ] ] } },
{ "type": "Feature", "properties": { "id": 1055, "fid": 606, "left": 316983.30490217987, "top": 9058550.6931999996, "right": 318138.00544055906, "bottom": 9057550.6931999996, "schools": 0, "distance_to_school": 780.64, "population": 9069.0, "school_per_1000": 0.0, "access_index": 0.46, "access_status": "Very Low Access", "interpretation": "Area lacks adequate access to educational facilities", "norm_school": 0.0, "norm_dist": 0.72865081654039765, "norm_pop": 0.16812120065144354 }, "geometry": { "type": "MultiPolygon", "coordinates": [ [ [ [ 115.337278, -8.517924 ], [ 115.33988, -8.522456 ], [ 115.345124, -8.522478 ], [ 115.347765, -8.517969 ], [ 115.345163, -8.513437 ], [ 115.339919, -8.513414 ], [ 115.337278, -8.517924 ] ] ] ] } },
{ "type": "Feature", "properties": { "id": 1056, "fid": 607, "left": 316983.30490217987, "top": 9057550.6931999996, "right": 318138.00544055906, "bottom": 9056550.6931999996, "schools": 0, "distance_to_school": 269.63, "population": 3411.0, "school_per_1000": 0.0, "access_index": 0.55, "access_status": "Moderate Access", "interpretation": "Area has moderate access with reasonable proximity", "norm_school": 0.0, "norm_dist": 0.90627691958718393, "norm_pop": 0.063199299965682867 }, "geometry": { "type": "MultiPolygon", "coordinates": [ [ [ [ 115.337239, -8.526966 ], [ 115.339841, -8.531497 ], [ 115.345085, -8.53152 ], [ 115.347726, -8.52701 ], [ 115.345124, -8.522478 ], [ 115.33988, -8.522456 ], [ 115.337239, -8.526966 ] ] ] ] } },
{ "type": "Feature", "properties": { "id": 1057, "fid": 608, "left": 316983.30490217987, "top": 9056550.6931999996, "right": 318138.00544055906, "bottom": 9055550.6931999996, "schools": 1, "distance_to_school": 0.0, "population": 2272.0, "school_per_1000": 0.44, "access_index": 0.63, "access_status": "High Access", "interpretation": "Area has strong access to educational facilities", "norm_school": 0.10415606417706054, "norm_dist": 1.0, "norm_pop": 0.042070375461163149 }, "geometry": { "type": "MultiPolygon", "coordinates": [ [ [ [ 115.337199, -8.536007 ], [ 115.339802, -8.540539 ], [ 115.345046, -8.540561 ], [ 115.347687, -8.536052 ], [ 115.345085, -8.53152 ], [ 115.339841, -8.531497 ], [ 115.337199, -8.536007 ] ] ] ] } },
{ "type": "Feature", "properties": { "id": 1058, "fid": 609, "left": 316983.30490217987, "top": 9055550.6931999996, "right": 318138.00544055906, "bottom": 9054550.6931999996, "schools": 0, "distance_to_school": 1.07, "population": 2272.0, "school_per_1000": 0.0, "access_index": 0.59, "access_status": "Moderate Access", "interpretation": "Area has moderate access with reasonable proximity", "norm_school": 0.0, "norm_dist": 0.99962908593867095, "norm_pop": 0.042070375461163149 }, "geometry": { "type": "MultiPolygon", "coordinates": [ [ [ [ 115.33716, -8.545048 ], [ 115.339763, -8.54958 ], [ 115.345007, -8.549603 ], [ 115.347649, -8.545093 ], [ 115.345046, -8.540561 ], [ 115.339802, -8.540539 ], [ 115.33716, -8.545048 ] ] ] ] } },
{ "type": "Feature", "properties": { "id": 1059, "fid": 610, "left": 316983.30490217987, "top": 9054550.6931999996, "right": 318138.00544055906, "bottom": 9053550.6931999996, "schools": 0, "distance_to_school": 597.72, "population": 2272.0, "school_per_1000": 0.0, "access_index": 0.51, "access_status": "Low Access", "interpretation": "Access is limited due to fewer schools or distance", "norm_school": 0.0, "norm_dist": 0.79223107530917258, "norm_pop": 0.042070375461163149 }, "geometry": { "type": "MultiPolygon", "coordinates": [ [ [ [ 115.337121, -8.55409 ], [ 115.339724, -8.558622 ], [ 115.344968, -8.558644 ], [ 115.34761, -8.554135 ], [ 115.345007, -8.549603 ], [ 115.339763, -8.54958 ], [ 115.337121, -8.55409 ] ] ] ] } },
{ "type": "Feature", "properties": { "id": 1060, "fid": 611, "left": 316983.30490217987, "top": 9053550.6931999996, "right": 318138.00544055906, "bottom": 9052550.6931999996, "schools": 1, "distance_to_school": 0.0, "population": 2272.0, "school_per_1000": 0.44, "access_index": 0.63, "access_status": "High Access", "interpretation": "Area has strong access to educational facilities", "norm_school": 0.10415606417706054, "norm_dist": 1.0, "norm_pop": 0.042070375461163149 }, "geometry": { "type": "MultiPolygon", "coordinates": [ [ [ [ 115.337082, -8.563131 ], [ 115.339684, -8.567663 ], [ 115.344929, -8.567686 ], [ 115.347571, -8.563176 ], [ 115.344968, -8.558644 ], [ 115.339724, -8.558622 ], [ 115.337082, -8.563131 ] ] ] ] } },
{ "type": "Feature", "properties": { "id": 1061, "fid": 612, "left": 316983.30490217987, "top": 9052550.6931999996, "right": 318138.00544055906, "bottom": 9051550.6931999996, "schools": 0, "distance_to_school": 179.63, "population": 2266.0, "school_per_1000": 0.0, "access_index": 0.57, "access_status": "Moderate Access", "interpretation": "Area has moderate access with reasonable proximity", "norm_school": 0.0, "norm_dist": 0.93755961160487189, "norm_pop": 0.04195718224568272 }, "geometry": { "type": "MultiPolygon", "coordinates": [ [ [ [ 115.337043, -8.572173 ], [ 115.339645, -8.576705 ], [ 115.34489, -8.576727 ], [ 115.347532, -8.572218 ], [ 115.344929, -8.567686 ], [ 115.339684, -8.567663 ], [ 115.337043, -8.572173 ] ] ] ] } },
{ "type": "Feature", "properties": { "id": 1062, "fid": 613, "left": 316983.30490217987, "top": 9051550.6931999996, "right": 318138.00544055906, "bottom": 9050550.6931999996, "schools": 0, "distance_to_school": 767.3, "population": 1958.0, "school_per_1000": 0.0, "access_index": 0.49, "access_status": "Very Low Access", "interpretation": "Area lacks adequate access to educational facilities", "norm_school": 0.0, "norm_dist": 0.73328512989933192, "norm_pop": 0.036251871011043817 }, "geometry": { "type": "MultiPolygon", "coordinates": [ [ [ [ 115.337003, -8.581214 ], [ 115.339606, -8.585746 ], [ 115.344851, -8.585769 ], [ 115.347492, -8.581259 ], [ 115.34489, -8.576727 ], [ 115.339645, -8.576705 ], [ 115.337003, -8.581214 ] ] ] ] } },
{ "type": "Feature", "properties": { "id": 1063, "fid": 614, "left": 316983.30490217987, "top": 9050550.6931999996, "right": 318138.00544055906, "bottom": 9049550.6931999996, "schools": 0, "distance_to_school": 1698.61, "population": 1687.0, "school_per_1000": 0.0, "access_index": 0.36, "access_status": "Very Low Access", "interpretation": "Area lacks adequate access to educational facilities", "norm_school": 0.0, "norm_dist": 0.40956199164002172, "norm_pop": 0.031220212019432429 }, "geometry": { "type": "MultiPolygon", "coordinates": [ [ [ [ 115.336964, -8.590256 ], [ 115.339567, -8.594788 ], [ 115.344811, -8.59481 ], [ 115.347453, -8.590301 ], [ 115.344851, -8.585769 ], [ 115.339606, -8.585746 ], [ 115.336964, -8.590256 ] ] ] ] } },
{ "type": "Feature", "properties": { "id": 1064, "fid": 615, "left": 316983.30490217987, "top": 9049550.6931999996, "right": 318138.00544055906, "bottom": 9048550.6931999996, "schools": 0, "distance_to_school": 2284.17, "population": 311.0, "school_per_1000": 0.0, "access_index": 0.28, "access_status": "Very Low Access", "interpretation": "Area lacks adequate access to educational facilities", "norm_school": 0.0, "norm_dist": 0.20602085320371968, "norm_pop": 0.0057103221309452792 }, "geometry": { "type": "MultiPolygon", "coordinates": [ [ [ [ 115.34495, -8.595226 ], [ 115.345028, -8.595187 ], [ 115.344811, -8.59481 ], [ 115.339567, -8.594788 ], [ 115.336924, -8.599297 ], [ 115.337195, -8.599768 ], [ 115.337833, -8.599405 ], [ 115.3383, -8.599032 ], [ 115.339131, -8.598301 ], [ 115.339451, -8.597909 ], [ 115.33967, -8.597717 ], [ 115.3403, -8.59721 ], [ 115.340716, -8.59694 ], [ 115.341311, -8.596708 ], [ 115.341688, -8.596523 ], [ 115.342041, -8.596301 ], [ 115.342819, -8.59595 ], [ 115.343946, -8.595485 ], [ 115.344501, -8.595375 ], [ 115.34495, -8.595226 ] ] ] ] } },
{ "type": "Feature", "properties": { "id": 1093, "fid": 632, "left": 317849.33030596428, "top": 9060050.6931999996, "right": 319004.03084434348, "bottom": 9059050.6931999996, "schools": 0, "distance_to_school": 1290.44, "population": 8999.0, "school_per_1000": 0.0, "access_index": 0.39, "access_status": "Very Low Access", "interpretation": "Area lacks adequate access to educational facilities", "norm_school": 0.0, "norm_dist": 0.55144163161820525, "norm_pop": 0.16682593076123192 }, "geometry": { "type": "MultiPolygon", "coordinates": [ [ [ [ 115.353139, -8.5 ], [ 115.347776, -8.5 ], [ 115.345202, -8.504395 ], [ 115.347804, -8.508927 ], [ 115.353048, -8.508949 ], [ 115.355689, -8.50444 ], [ 115.353139, -8.5 ] ] ] ] } },
{ "type": "Feature", "properties": { "id": 1094, "fid": 633, "left": 317849.33030596428, "top": 9059050.6931999996, "right": 319004.03084434348, "bottom": 9058050.6931999996, "schools": 0, "distance_to_school": 787.54, "population": 9023.0, "school_per_1000": 0.0, "access_index": 0.46, "access_status": "Very Low Access", "interpretation": "Area lacks adequate access to educational facilities", "norm_school": 0.0, "norm_dist": 0.72624953183515784, "norm_pop": 0.16726712760531251 }, "geometry": { "type": "MultiPolygon", "coordinates": [ [ [ [ 115.345163, -8.513437 ], [ 115.347765, -8.517969 ], [ 115.353009, -8.517991 ], [ 115.35565, -8.513481 ], [ 115.353048, -8.508949 ], [ 115.347804, -8.508927 ], [ 115.345163, -8.513437 ] ] ] ] } },
{ "type": "Feature", "properties": { "id": 1095, "fid": 616, "left": 317849.33030596428, "top": 9058050.6931999996, "right": 319004.03084434348, "bottom": 9057050.6931999996, "schools": 1, "distance_to_school": 0.0, "population": 6116.0, "school_per_1000": 0.16, "access_index": 0.59, "access_status": "Moderate Access", "interpretation": "Area has moderate access with reasonable proximity", "norm_school": 0.038690427239459826, "norm_dist": 1.0, "norm_pop": 0.11335323871741475 }, "geometry": { "type": "MultiPolygon", "coordinates": [ [ [ [ 115.345124, -8.522478 ], [ 115.347726, -8.52701 ], [ 115.35297, -8.527033 ], [ 115.355612, -8.522523 ], [ 115.353009, -8.517991 ], [ 115.347765, -8.517969 ], [ 115.345124, -8.522478 ] ] ] ] } },
{ "type": "Feature", "properties": { "id": 1096, "fid": 617, "left": 317849.33030596428, "top": 9057050.6931999996, "right": 319004.03084434348, "bottom": 9056050.6931999996, "schools": 0, "distance_to_school": 79.84, "population": 2272.0, "school_per_1000": 0.0, "access_index": 0.58, "access_status": "Moderate Access", "interpretation": "Area has moderate access with reasonable proximity", "norm_school": 0.0, "norm_dist": 0.97224795225243132, "norm_pop": 0.042070375461163149 }, "geometry": { "type": "MultiPolygon", "coordinates": [ [ [ [ 115.345085, -8.53152 ], [ 115.347687, -8.536052 ], [ 115.352932, -8.536074 ], [ 115.355573, -8.531564 ], [ 115.35297, -8.527033 ], [ 115.347726, -8.52701 ], [ 115.345085, -8.53152 ] ] ] ] } },
{ "type": "Feature", "properties": { "id": 1097, "fid": 618, "left": 317849.33030596428, "top": 9056050.6931999996, "right": 319004.03084434348, "bottom": 9055050.6931999996, "schools": 3, "distance_to_school": 0.0, "population": 2272.0, "school_per_1000": 1.32, "access_index": 0.72, "access_status": "High Access", "interpretation": "Area has strong access to educational facilities", "norm_school": 0.31246819253118163, "norm_dist": 1.0, "norm_pop": 0.042070375461163149 }, "geometry": { "type": "MultiPolygon", "coordinates": [ [ [ [ 115.345046, -8.540561 ], [ 115.347649, -8.545093 ], [ 115.352893, -8.545116 ], [ 115.355534, -8.540606 ], [ 115.352932, -8.536074 ], [ 115.347687, -8.536052 ], [ 115.345046, -8.540561 ] ] ] ] } },
{ "type": "Feature", "properties": { "id": 1098, "fid": 619, "left": 317849.33030596428, "top": 9055050.6931999996, "right": 319004.03084434348, "bottom": 9054050.6931999996, "schools": 1, "distance_to_school": 0.0, "population": 2272.0, "school_per_1000": 0.44, "access_index": 0.63, "access_status": "High Access", "interpretation": "Area has strong access to educational facilities", "norm_school": 0.10415606417706054, "norm_dist": 1.0, "norm_pop": 0.042070375461163149 }, "geometry": { "type": "MultiPolygon", "coordinates": [ [ [ [ 115.345007, -8.549603 ], [ 115.34761, -8.554135 ], [ 115.352854, -8.554157 ], [ 115.355495, -8.549648 ], [ 115.352893, -8.545116 ], [ 115.347649, -8.545093 ], [ 115.345007, -8.549603 ] ] ] ] } },
{ "type": "Feature", "properties": { "id": 1099, "fid": 620, "left": 317849.33030596428, "top": 9054050.6931999996, "right": 319004.03084434348, "bottom": 9053050.6931999996, "schools": 0, "distance_to_school": 558.82, "population": 2272.0, "school_per_1000": 0.0, "access_index": 0.51, "access_status": "Low Access", "interpretation": "Access is limited due to fewer schools or distance", "norm_school": 0.0, "norm_dist": 0.80575536134433334, "norm_pop": 0.042070375461163149 }, "geometry": { "type": "MultiPolygon", "coordinates": [ [ [ [ 115.344968, -8.558644 ], [ 115.347571, -8.563176 ], [ 115.352815, -8.563199 ], [ 115.355457, -8.558689 ], [ 115.352854, -8.554157 ], [ 115.34761, -8.554135 ], [ 115.344968, -8.558644 ] ] ] ] } },
{ "type": "Feature", "properties": { "id": 1100, "fid": 621, "left": 317849.33030596428, "top": 9053050.6931999996, "right": 319004.03084434348, "bottom": 9052050.6931999996, "schools": 2, "distance_to_school": 0.0, "population": 2272.0, "school_per_1000": 0.88, "access_index": 0.67, "access_status": "High Access", "interpretation": "Area has strong access to educational facilities", "norm_school": 0.20831212835412108, "norm_dist": 1.0, "norm_pop": 0.042070375461163149 }, "geometry": { "type": "MultiPolygon", "coordinates": [ [ [ [ 115.344929, -8.567686 ], [ 115.347532, -8.572218 ], [ 115.352776, -8.57224 ], [ 115.355418, -8.567731 ], [ 115.352815, -8.563199 ], [ 115.347571, -8.563176 ], [ 115.344929, -8.567686 ] ] ] ] } },
{ "type": "Feature", "properties": { "id": 1101, "fid": 622, "left": 317849.33030596428, "top": 9052050.6931999996, "right": 319004.03084434348, "bottom": 9051050.6931999996, "schools": 0, "distance_to_school": 148.27, "population": 2272.0, "school_per_1000": 0.0, "access_index": 0.57, "access_status": "Moderate Access", "interpretation": "Area has moderate access with reasonable proximity", "norm_school": 0.0, "norm_dist": 0.94846295551513993, "norm_pop": 0.042070375461163149 }, "geometry": { "type": "MultiPolygon", "coordinates": [ [ [ [ 115.34489, -8.576727 ], [ 115.347492, -8.581259 ], [ 115.352737, -8.581282 ], [ 115.355379, -8.576772 ], [ 115.352776, -8.57224 ], [ 115.347532, -8.572218 ], [ 115.34489, -8.576727 ] ] ] ] } },
{ "type": "Feature", "properties": { "id": 1102, "fid": 623, "left": 317849.33030596428, "top": 9051050.6931999996, "right": 319004.03084434348, "bottom": 9050050.6931999996, "schools": 0, "distance_to_school": 1148.27, "population": 1307.0, "school_per_1000": 0.0, "access_index": 0.44, "access_status": "Very Low Access", "interpretation": "Area lacks adequate access to educational facilities", "norm_school": 0.0, "norm_dist": 0.60086285745023971, "norm_pop": 0.024175464812770216 }, "geometry": { "type": "MultiPolygon", "coordinates": [ [ [ [ 115.353455, -8.583179 ], [ 115.353668, -8.582902 ], [ 115.352737, -8.581282 ], [ 115.347492, -8.581259 ], [ 115.344851, -8.585769 ], [ 115.347453, -8.590301 ], [ 115.350236, -8.590313 ], [ 115.350266, -8.590288 ], [ 115.350409, -8.590228 ], [ 115.350593, -8.590151 ], [ 115.350677, -8.590032 ], [ 115.350671, -8.589925 ], [ 115.350623, -8.58986 ], [ 115.350665, -8.589633 ], [ 115.350671, -8.589461 ], [ 115.350635, -8.589342 ], [ 115.350486, -8.589271 ], [ 115.350389, -8.589187 ], [ 115.350293, -8.589104 ], [ 115.350293, -8.589104 ], [ 115.3501, -8.588902 ], [ 115.35006, -8.588713 ], [ 115.350089, -8.588361 ], [ 115.350113, -8.588175 ], [ 115.350256, -8.587838 ], [ 115.350365, -8.587567 ], [ 115.350546, -8.587119 ], [ 115.351036, -8.586391 ], [ 115.351144, -8.586208 ], [ 115.35131, -8.585927 ], [ 115.351399, -8.585766 ], [ 115.351376, -8.585662 ], [ 115.351455, -8.585533 ], [ 115.351523, -8.585422 ], [ 115.351565, -8.585357 ], [ 115.351856, -8.584913 ], [ 115.351941, -8.584799 ], [ 115.352241, -8.584464 ], [ 115.352627, -8.584049 ], [ 115.352934, -8.583728 ], [ 115.353169, -8.583586 ], [ 115.353241, -8.583521 ], [ 115.353283, -8.583364 ], [ 115.353455, -8.583179 ] ] ] ] } },
{ "type": "Feature", "properties": { "id": 1103, "fid": 624, "left": 317849.33030596428, "top": 9050050.6931999996, "right": 319004.03084434348, "bottom": 9049050.6931999996, "schools": 0, "distance_to_school": 2148.27, "population": 212.0, "school_per_1000": 0.0, "access_index": 0.3, "access_status": "Very Low Access", "interpretation": "Area lacks adequate access to educational facilities", "norm_school": 0.0, "norm_dist": 0.2532627593853396, "norm_pop": 0.0038763861988677182 }, "geometry": { "type": "MultiPolygon", "coordinates": [ [ [ [ 115.350106, -8.590419 ], [ 115.350236, -8.590313 ], [ 115.347453, -8.590301 ], [ 115.344811, -8.59481 ], [ 115.345028, -8.595187 ], [ 115.345378, -8.595012 ], [ 115.346161, -8.594578 ], [ 115.346735, -8.594194 ], [ 115.346947, -8.593971 ], [ 115.347072, -8.593766 ], [ 115.347155, -8.593629 ], [ 115.347274, -8.593418 ], [ 115.34731, -8.593392 ], [ 115.347538, -8.593226 ], [ 115.347731, -8.593069 ], [ 115.347802, -8.592905 ], [ 115.347763, -8.592667 ], [ 115.347763, -8.592666 ], [ 115.347763, -8.592666 ], [ 115.347766, -8.592477 ], [ 115.347824, -8.592413 ], [ 115.348023, -8.592249 ], [ 115.348138, -8.592134 ], [ 115.348367, -8.591963 ], [ 115.348571, -8.591856 ], [ 115.34888, -8.591727 ], [ 115.349047, -8.591656 ], [ 115.349291, -8.591448 ], [ 115.349416, -8.591317 ], [ 115.349776, -8.590877 ], [ 115.349777, -8.590877 ], [ 115.349864, -8.59065 ], [ 115.349865, -8.590649 ], [ 115.350106, -8.590419 ] ] ] ] } },
{ "type": "Feature", "properties": { "id": 1132, "fid": 634, "left": 318715.35570974875, "top": 9059550.6931999996, "right": 319870.05624812795, "bottom": 9058550.6931999996, "schools": 0, "distance_to_school": 651.88, "population": 3750.0, "school_per_1000": 0.0, "access_index": 0.5, "access_status": "Low Access", "interpretation": "Access is limited due to fewer schools or distance", "norm_school": 0.0, "norm_dist": 0.7734060769260509, "norm_pop": 0.069486005547742868 }, "geometry": { "type": "MultiPolygon", "coordinates": [ [ [ [ 115.353048, -8.508949 ], [ 115.35565, -8.513481 ], [ 115.360894, -8.513504 ], [ 115.363535, -8.508994 ], [ 115.360932, -8.504462 ], [ 115.355689, -8.50444 ], [ 115.353048, -8.508949 ] ] ] ] } },
{ "type": "Feature", "properties": { "id": 1133, "fid": 635, "left": 318715.35570974875, "top": 9058550.6931999996, "right": 319870.05624812795, "bottom": 9057550.6931999996, "schools": 1, "distance_to_school": 0.0, "population": 4881.0, "school_per_1000": 0.2, "access_index": 0.6, "access_status": "Moderate Access", "interpretation": "Area has moderate access with reasonable proximity", "norm_school": 0.048477212941205577, "norm_dist": 1.0, "norm_pop": 0.090457285224718922 }, "geometry": { "type": "MultiPolygon", "coordinates": [ [ [ [ 115.353009, -8.517991 ], [ 115.355612, -8.522523 ], [ 115.360855, -8.522545 ], [ 115.363497, -8.518035 ], [ 115.360894, -8.513504 ], [ 115.35565, -8.513481 ], [ 115.353009, -8.517991 ] ] ] ] } },
{ "type": "Feature", "properties": { "id": 1134, "fid": 636, "left": 318715.35570974875, "top": 9057550.6931999996, "right": 319870.05624812795, "bottom": 9056550.6931999996, "schools": 1, "distance_to_school": 0.0, "population": 2537.0, "school_per_1000": 0.39, "access_index": 0.63, "access_status": "High Access", "interpretation": "Area has strong access to educational facilities", "norm_school": 0.093262673927400647, "norm_dist": 1.0, "norm_pop": 0.046991115965437459 }, "geometry": { "type": "MultiPolygon", "coordinates": [ [ [ [ 115.35297, -8.527033 ], [ 115.355573, -8.531564 ], [ 115.360817, -8.531587 ], [ 115.363458, -8.527077 ], [ 115.360855, -8.522545 ], [ 115.355612, -8.522523 ], [ 115.35297, -8.527033 ] ] ] ] } },
{ "type": "Feature", "properties": { "id": 1135, "fid": 637, "left": 318715.35570974875, "top": 9056550.6931999996, "right": 319870.05624812795, "bottom": 9055550.6931999996, "schools": 2, "distance_to_school": 0.0, "population": 2281.0, "school_per_1000": 0.88, "access_index": 0.67, "access_status": "High Access", "interpretation": "Area has strong access to educational facilities", "norm_school": 0.20746498048850434, "norm_dist": 1.0, "norm_pop": 0.042242399715958966 }, "geometry": { "type": "MultiPolygon", "coordinates": [ [ [ [ 115.352932, -8.536074 ], [ 115.355534, -8.540606 ], [ 115.360778, -8.540628 ], [ 115.36342, -8.536119 ], [ 115.360817, -8.531587 ], [ 115.355573, -8.531564 ], [ 115.352932, -8.536074 ] ] ] ] } },
{ "type": "Feature", "properties": { "id": 1136, "fid": 638, "left": 318715.35570974875, "top": 9055550.6931999996, "right": 319870.05624812795, "bottom": 9054550.6931999996, "schools": 1, "distance_to_school": 0.0, "population": 2292.0, "school_per_1000": 0.44, "access_index": 0.63, "access_status": "High Access", "interpretation": "Area has strong access to educational facilities", "norm_school": 0.10321602826919818, "norm_dist": 1.0, "norm_pop": 0.042454058466764796 }, "geometry": { "type": "MultiPolygon", "coordinates": [ [ [ [ 115.352893, -8.545116 ], [ 115.355495, -8.549648 ], [ 115.36074, -8.54967 ], [ 115.363381, -8.54516 ], [ 115.360778, -8.540628 ], [ 115.355534, -8.540606 ], [ 115.352893, -8.545116 ] ] ] ] } },
{ "type": "Feature", "properties": { "id": 1137, "fid": 639, "left": 318715.35570974875, "top": 9054550.6931999996, "right": 319870.05624812795, "bottom": 9053550.6931999996, "schools": 2, "distance_to_school": 0.0, "population": 2272.0, "school_per_1000": 0.88, "access_index": 0.67, "access_status": "High Access", "interpretation": "Area has strong access to educational facilities", "norm_school": 0.20831212835412108, "norm_dist": 1.0, "norm_pop": 0.042070375461163149 }, "geometry": { "type": "MultiPolygon", "coordinates": [ [ [ [ 115.352854, -8.554157 ], [ 115.355457, -8.558689 ], [ 115.360701, -8.558711 ], [ 115.363343, -8.554202 ], [ 115.36074, -8.54967 ], [ 115.355495, -8.549648 ], [ 115.352854, -8.554157 ] ] ] ] } },
{ "type": "Feature", "properties": { "id": 1138, "fid": 640, "left": 318715.35570974875, "top": 9053550.6931999996, "right": 319870.05624812795, "bottom": 9052550.6931999996, "schools": 0, "distance_to_school": 142.0, "population": 2272.0, "school_per_1000": 0.0, "access_index": 0.57, "access_status": "Moderate Access", "interpretation": "Area has moderate access with reasonable proximity", "norm_school": 0.0, "norm_dist": 0.95064034203903847, "norm_pop": 0.042070375461163149 }, "geometry": { "type": "MultiPolygon", "coordinates": [ [ [ [ 115.352815, -8.563199 ], [ 115.355418, -8.567731 ], [ 115.360662, -8.567753 ], [ 115.363304, -8.563243 ], [ 115.360701, -8.558711 ], [ 115.355457, -8.558689 ], [ 115.352815, -8.563199 ] ] ] ] } },
{ "type": "Feature", "properties": { "id": 1139, "fid": 641, "left": 318715.35570974875, "top": 9052550.6931999996, "right": 319870.05624812795, "bottom": 9051550.6931999996, "schools": 0, "distance_to_school": 479.05, "population": 2272.0, "school_per_1000": 0.0, "access_index": 0.52, "access_status": "Low Access", "interpretation": "Access is limited due to fewer schools or distance", "norm_school": 0.0, "norm_dist": 0.83348197792998169, "norm_pop": 0.042070375461163149 }, "geometry": { "type": "MultiPolygon", "coordinates": [ [ [ [ 115.352776, -8.57224 ], [ 115.355379, -8.576772 ], [ 115.360624, -8.576795 ], [ 115.363265, -8.572285 ], [ 115.360662, -8.567753 ], [ 115.355418, -8.567731 ], [ 115.352776, -8.57224 ] ] ] ] } },
{ "type": "Feature", "properties": { "id": 1216, "fid": 658, "left": 320447.40651731764, "top": 9053550.6931999996, "right": 321602.10705569683, "bottom": 9052550.6931999996, "schools": 0, "distance_to_school": 525.75, "population": 2118.0, "school_per_1000": 0.0, "access_index": 0.52, "access_status": "Low Access", "interpretation": "Access is limited due to fewer schools or distance", "norm_school": 0.0, "norm_dist": 0.81724898379423982, "norm_pop": 0.039221257377470099 }, "geometry": { "type": "MultiPolygon", "coordinates": [ [ [ [ 115.375, -8.567814 ], [ 115.375, -8.558772 ], [ 115.37119, -8.558756 ], [ 115.368548, -8.563266 ], [ 115.371151, -8.567797 ], [ 115.375, -8.567814 ] ] ] ] } },
{ "type": "Feature", "properties": { "id": 1217, "fid": 659, "left": 320447.40651731764, "top": 9052550.6931999996, "right": 321602.10705569683, "bottom": 9051550.6931999996, "schools": 0, "distance_to_school": 1525.75, "population": 1616.0, "school_per_1000": 0.0, "access_index": 0.38, "access_status": "Very Low Access", "interpretation": "Area lacks adequate access to educational facilities", "norm_school": 0.0, "norm_dist": 0.46964888572933966, "norm_pop": 0.029908485248285429 }, "geometry": { "type": "MultiPolygon", "coordinates": [ [ [ [ 115.375, -8.574804 ], [ 115.375, -8.567814 ], [ 115.371151, -8.567797 ], [ 115.36851, -8.572307 ], [ 115.369998, -8.574898 ], [ 115.370259, -8.574869 ], [ 115.370526, -8.57489 ], [ 115.370732, -8.574885 ], [ 115.371055, -8.574877 ], [ 115.371845, -8.574856 ], [ 115.372324, -8.574854 ], [ 115.372967, -8.574801 ], [ 115.372968, -8.574801 ], [ 115.373783, -8.574942 ], [ 115.374065, -8.574991 ], [ 115.374418, -8.574974 ], [ 115.374794, -8.574895 ], [ 115.375, -8.574804 ] ] ] ] } },
{ "type": "Feature", "properties": { "id": 1173, "fid": 645, "left": 319581.38111353316, "top": 9058050.6931999996, "right": 320736.08165191236, "bottom": 9057050.6931999996, "schools": 1, "distance_to_school": 0.0, "population": 3261.0, "school_per_1000": 0.31, "access_index": 0.62, "access_status": "High Access", "interpretation": "Area has strong access to educational facilities", "norm_school": 0.07255886996614351, "norm_dist": 1.0, "norm_pop": 0.060416032606593777 }, "geometry": { "type": "MultiPolygon", "coordinates": [ [ [ [ 115.360855, -8.522545 ], [ 115.363458, -8.527077 ], [ 115.368702, -8.527099 ], [ 115.371343, -8.522589 ], [ 115.36874, -8.518057 ], [ 115.363497, -8.518035 ], [ 115.360855, -8.522545 ] ] ] ] } },
{ "type": "Feature", "properties": { "id": 1174, "fid": 646, "left": 319581.38111353316, "top": 9057050.6931999996, "right": 320736.08165191236, "bottom": 9056050.6931999996, "schools": 0, "distance_to_school": 519.16, "population": 3247.0, "school_per_1000": 0.0, "access_index": 0.52, "access_status": "Low Access", "interpretation": "Access is limited due to fewer schools or distance", "norm_school": 0.0, "norm_dist": 0.81954147077758266, "norm_pop": 0.060146711616614675 }, "geometry": { "type": "MultiPolygon", "coordinates": [ [ [ [ 115.360817, -8.531587 ], [ 115.36342, -8.536119 ], [ 115.368664, -8.536141 ], [ 115.371305, -8.531631 ], [ 115.368702, -8.527099 ], [ 115.363458, -8.527077 ], [ 115.360817, -8.531587 ] ] ] ] } },
{ "type": "Feature", "properties": { "id": 1175, "fid": 647, "left": 319581.38111353316, "top": 9056050.6931999996, "right": 320736.08165191236, "bottom": 9055050.6931999996, "schools": 2, "distance_to_school": 0.0, "population": 3134.0, "school_per_1000": 0.64, "access_index": 0.65, "access_status": "High Access", "interpretation": "Area has strong access to educational facilities", "norm_school": 0.15102085031160747, "norm_dist": 1.0, "norm_pop": 0.058052218573238647 }, "geometry": { "type": "MultiPolygon", "coordinates": [ [ [ [ 115.360778, -8.540628 ], [ 115.363381, -8.54516 ], [ 115.368625, -8.545182 ], [ 115.371267, -8.540673 ], [ 115.368664, -8.536141 ], [ 115.36342, -8.536119 ], [ 115.360778, -8.540628 ] ] ] ] } },
{ "type": "Feature", "properties": { "id": 1176, "fid": 648, "left": 319581.38111353316, "top": 9055050.6931999996, "right": 320736.08165191236, "bottom": 9054050.6931999996, "schools": 2, "distance_to_school": 0.0, "population": 3106.0, "school_per_1000": 0.64, "access_index": 0.65, "access_status": "High Access", "interpretation": "Area has strong access to educational facilities", "norm_school": 0.15236943494847185, "norm_dist": 1.0, "norm_pop": 0.057537898754633186 }, "geometry": { "type": "MultiPolygon", "coordinates": [ [ [ [ 115.36074, -8.54967 ], [ 115.363343, -8.554202 ], [ 115.368587, -8.554224 ], [ 115.371228, -8.549714 ], [ 115.368625, -8.545182 ], [ 115.363381, -8.54516 ], [ 115.36074, -8.54967 ] ] ] ] } },
{ "type": "Feature", "properties": { "id": 1177, "fid": 649, "left": 319581.38111353316, "top": 9054050.6931999996, "right": 320736.08165191236, "bottom": 9053050.6931999996, "schools": 0, "distance_to_school": 33.35, "population": 2775.0, "school_per_1000": 0.0, "access_index": 0.59, "access_status": "Moderate Access", "interpretation": "Area has moderate access with reasonable proximity", "norm_school": 0.0, "norm_dist": 0.98840874082586472, "norm_pop": 0.051398962040270953 }, "geometry": { "type": "MultiPolygon", "coordinates": [ [ [ [ 115.360701, -8.558711 ], [ 115.363304, -8.563243 ], [ 115.368548, -8.563266 ], [ 115.37119, -8.558756 ], [ 115.368587, -8.554224 ], [ 115.363343, -8.554202 ], [ 115.360701, -8.558711 ] ] ] ] } },
{ "type": "Feature", "properties": { "id": 1178, "fid": 650, "left": 319581.38111353316, "top": 9053050.6931999996, "right": 320736.08165191236, "bottom": 9052050.6931999996, "schools": 0, "distance_to_school": 683.03, "population": 2291.0, "school_per_1000": 0.0, "access_index": 0.5, "access_status": "Low Access", "interpretation": "Access is limited due to fewer schools or distance", "norm_school": 0.0, "norm_dist": 0.7625771533650384, "norm_pop": 0.042419793604108649 }, "geometry": { "type": "MultiPolygon", "coordinates": [ [ [ [ 115.360662, -8.567753 ], [ 115.363265, -8.572285 ], [ 115.36851, -8.572307 ], [ 115.371151, -8.567797 ], [ 115.368548, -8.563266 ], [ 115.363304, -8.563243 ], [ 115.360662, -8.567753 ] ] ] ] } },
{ "type": "Feature", "properties": { "id": 1179, "fid": 651, "left": 319581.38111353316, "top": 9052050.6931999996, "right": 320736.08165191236, "bottom": 9051050.6931999996, "schools": 0, "distance_to_school": 1471.99, "population": 992.0, "school_per_1000": 0.0, "access_index": 0.39, "access_status": "Very Low Access", "interpretation": "Area lacks adequate access to educational facilities", "norm_school": 0.0, "norm_dist": 0.48833614433039862, "norm_pop": 0.0183340011967956 }, "geometry": { "type": "MultiPolygon", "coordinates": [ [ [ [ 115.369924, -8.574906 ], [ 115.369998, -8.574898 ], [ 115.36851, -8.572307 ], [ 115.363265, -8.572285 ], [ 115.360624, -8.576795 ], [ 115.361182, -8.577767 ], [ 115.361457, -8.577646 ], [ 115.361653, -8.577636 ], [ 115.361728, -8.577632 ], [ 115.361942, -8.577618 ], [ 115.362228, -8.577575 ], [ 115.36272, -8.577404 ], [ 115.36388, -8.576938 ], [ 115.364138, -8.576838 ], [ 115.364255, -8.576793 ], [ 115.364642, -8.576712 ], [ 115.364957, -8.5767 ], [ 115.365331, -8.576508 ], [ 115.365967, -8.576181 ], [ 115.366312, -8.576121 ], [ 115.366444, -8.576085 ], [ 115.367155, -8.575863 ], [ 115.369315, -8.57523 ], [ 115.369504, -8.575124 ], [ 115.369535, -8.575002 ], [ 115.369924, -8.574906 ] ] ] ] } },
{ "type": "Feature", "properties": { "id": 1210, "fid": 652, "left": 320447.40651731764, "top": 9059550.6931999996, "right": 321602.10705569683, "bottom": 9058550.6931999996, "schools": 0, "distance_to_school": 420.26, "population": 2036.0, "school_per_1000": 0.0, "access_index": 0.53, "access_status": "Low Access", "interpretation": "Access is limited due to fewer schools or distance", "norm_school": 0.0, "norm_dist": 0.85391667709429298, "norm_pop": 0.037695697730355832 }, "geometry": { "type": "MultiPolygon", "coordinates": [ [ [ [ 115.375, -8.513563 ], [ 115.375, -8.504521 ], [ 115.37142, -8.504506 ], [ 115.368779, -8.509016 ], [ 115.371382, -8.513548 ], [ 115.375, -8.513563 ] ] ] ] } },
{ "type": "Feature", "properties": { "id": 1211, "fid": 653, "left": 320447.40651731764, "top": 9058550.6931999996, "right": 321602.10705569683, "bottom": 9057550.6931999996, "schools": 0, "distance_to_school": 453.59, "population": 2052.0, "school_per_1000": 0.0, "access_index": 0.53, "access_status": "Low Access", "interpretation": "Access is limited due to fewer schools or distance", "norm_school": 0.0, "norm_dist": 0.84233321207125333, "norm_pop": 0.037989791404115819 }, "geometry": { "type": "MultiPolygon", "coordinates": [ [ [ [ 115.375, -8.522605 ], [ 115.375, -8.513563 ], [ 115.371382, -8.513548 ], [ 115.36874, -8.518057 ], [ 115.371343, -8.522589 ], [ 115.375, -8.522605 ] ] ] ] } },
{ "type": "Feature", "properties": { "id": 1212, "fid": 654, "left": 320447.40651731764, "top": 9057550.6931999996, "right": 321602.10705569683, "bottom": 9056550.6931999996, "schools": 0, "distance_to_school": 716.86, "population": 2068.0, "school_per_1000": 0.0, "access_index": 0.49, "access_status": "Low Access", "interpretation": "Access is limited due to fewer schools or distance", "norm_school": 0.0, "norm_dist": 0.75082025635037075, "norm_pop": 0.038283885077875036 }, "geometry": { "type": "MultiPolygon", "coordinates": [ [ [ [ 115.375, -8.531646 ], [ 115.375, -8.522605 ], [ 115.371343, -8.522589 ], [ 115.368702, -8.527099 ], [ 115.371305, -8.531631 ], [ 115.375, -8.531646 ] ] ] ] } },
{ "type": "Feature", "properties": { "id": 1213, "fid": 655, "left": 320447.40651731764, "top": 9056550.6931999996, "right": 321602.10705569683, "bottom": 9055550.6931999996, "schools": 0, "distance_to_school": 338.58, "population": 2083.0, "school_per_1000": 0.0, "access_index": 0.55, "access_status": "Low Access", "interpretation": "Access is limited due to fewer schools or distance", "norm_school": 0.0, "norm_dist": 0.88230965929069194, "norm_pop": 0.038577978751634059 }, "geometry": { "type": "MultiPolygon", "coordinates": [ [ [ [ 115.375, -8.540688 ], [ 115.375, -8.531646 ], [ 115.371305, -8.531631 ], [ 115.368664, -8.536141 ], [ 115.371267, -8.540673 ], [ 115.375, -8.540688 ] ] ] ] } },
{ "type": "Feature", "properties": { "id": 1214, "fid": 656, "left": 320447.40651731764, "top": 9055550.6931999996, "right": 321602.10705569683, "bottom": 9054550.6931999996, "schools": 1, "distance_to_school": 0.0, "population": 2099.0, "school_per_1000": 0.48, "access_index": 0.64, "access_status": "High Access", "interpretation": "Area has strong access to educational facilities", "norm_school": 0.11271300172732165, "norm_dist": 1.0, "norm_pop": 0.03887207242539182 }, "geometry": { "type": "MultiPolygon", "coordinates": [ [ [ [ 115.375, -8.54973 ], [ 115.375, -8.540688 ], [ 115.371267, -8.540673 ], [ 115.368625, -8.545182 ], [ 115.371228, -8.549714 ], [ 115.375, -8.54973 ] ] ] ] } },
{ "type": "Feature", "properties": { "id": 646, "fid": 736, "left": 307457.02546055103, "top": 9039050.6931999996, "right": 308611.72599893023, "bottom": 9038050.6931999996, "schools": 0, "distance_to_school": 121.97, "population": 3222.0, "school_per_1000": 0.0, "access_index": 0.57, "access_status": "Moderate Access", "interpretation": "Area has moderate access with reasonable proximity", "norm_school": 0.0, "norm_dist": 0.95760319678826289, "norm_pop": 0.059695250905656846 }, "geometry": { "type": "MultiPolygon", "coordinates": [ [ [ [ 115.249948, -8.693844 ], [ 115.25255, -8.698377 ], [ 115.257796, -8.698401 ], [ 115.26044, -8.693892 ], [ 115.257838, -8.68936 ], [ 115.252592, -8.689336 ], [ 115.249948, -8.693844 ] ] ] ] } },
{ "type": "Feature", "properties": { "id": 647, "fid": 737, "left": 307457.02546055103, "top": 9038050.6931999996, "right": 308611.72599893023, "bottom": 9037050.6931999996, "schools": 3, "distance_to_school": 0.0, "population": 3222.0, "school_per_1000": 0.93, "access_index": 0.68, "access_status": "High Access", "interpretation": "Area has strong access to educational facilities", "norm_school": 0.22030236120595964, "norm_dist": 1.0, "norm_pop": 0.059695250905656846 }, "geometry": { "type": "MultiPolygon", "coordinates": [ [ [ [ 115.249906, -8.702885 ], [ 115.252508, -8.707418 ], [ 115.257754, -8.707442 ], [ 115.260398, -8.702933 ], [ 115.257796, -8.698401 ], [ 115.25255, -8.698377 ], [ 115.249906, -8.702885 ] ] ] ] } },
{ "type": "Feature", "properties": { "id": 676, "fid": 481, "left": 308323.05086433544, "top": 9047550.6931999996, "right": 309477.75140271464, "bottom": 9046550.6931999996, "schools": 0, "distance_to_school": 236.33, "population": 1942.0, "school_per_1000": 0.0, "access_index": 0.56, "access_status": "Moderate Access", "interpretation": "Area has moderate access with reasonable proximity", "norm_school": 0.0, "norm_dist": 0.91785069003708986, "norm_pop": 0.03594690152460793 }, "geometry": { "type": "MultiPolygon", "coordinates": [ [ [ [ 115.25817, -8.617031 ], [ 115.260772, -8.621564 ], [ 115.266017, -8.621588 ], [ 115.26866, -8.617079 ], [ 115.266058, -8.612546 ], [ 115.260813, -8.612523 ], [ 115.25817, -8.617031 ] ] ] ] } },
{ "type": "Feature", "properties": { "id": 677, "fid": 482, "left": 308323.05086433544, "top": 9046550.6931999996, "right": 309477.75140271464, "bottom": 9045550.6931999996, "schools": 1, "distance_to_school": 0.0, "population": 1942.0, "school_per_1000": 0.52, "access_index": 0.64, "access_status": "High Access", "interpretation": "Area has strong access to educational facilities", "norm_school": 0.12187020780330336, "norm_dist": 1.0, "norm_pop": 0.03594690152460793 }, "geometry": { "type": "MultiPolygon", "coordinates": [ [ [ [ 115.258129, -8.626072 ], [ 115.260731, -8.630605 ], [ 115.265976, -8.630629 ], [ 115.268619, -8.62612 ], [ 115.266017, -8.621588 ], [ 115.260772, -8.621564 ], [ 115.258129, -8.626072 ] ] ] ] } },
{ "type": "Feature", "properties": { "id": 678, "fid": 483, "left": 308323.05086433544, "top": 9045550.6931999996, "right": 309477.75140271464, "bottom": 9044550.6931999996, "schools": 0, "distance_to_school": 27.23, "population": 2255.0, "school_per_1000": 0.0, "access_index": 0.59, "access_status": "Moderate Access", "interpretation": "Area has moderate access with reasonable proximity", "norm_school": 0.0, "norm_dist": 0.99053471312798547, "norm_pop": 0.041756756417015428 }, "geometry": { "type": "MultiPolygon", "coordinates": [ [ [ [ 115.258087, -8.635114 ], [ 115.260689, -8.639646 ], [ 115.265934, -8.63967 ], [ 115.268578, -8.635161 ], [ 115.265976, -8.630629 ], [ 115.260731, -8.630605 ], [ 115.258087, -8.635114 ] ] ] ] } },
{ "type": "Feature", "properties": { "id": 679, "fid": 484, "left": 308323.05086433544, "top": 9044550.6931999996, "right": 309477.75140271464, "bottom": 9043550.6931999996, "schools": 0, "distance_to_school": 230.68, "population": 3655.0, "school_per_1000": 0.0, "access_index": 0.55, "access_status": "Moderate Access", "interpretation": "Area has moderate access with reasonable proximity", "norm_school": 0.0, "norm_dist": 0.91981656086058772, "norm_pop": 0.06772031478752584 }, "geometry": { "type": "MultiPolygon", "coordinates": [ [ [ [ 115.258046, -8.644155 ], [ 115.260648, -8.648687 ], [ 115.265893, -8.648711 ], [ 115.268536, -8.644202 ], [ 115.265934, -8.63967 ], [ 115.260689, -8.639646 ], [ 115.258046, -8.644155 ] ] ] ] } },
{ "type": "Feature", "properties": { "id": 680, "fid": 485, "left": 308323.05086433544, "top": 9043550.6931999996, "right": 309477.75140271464, "bottom": 9042550.6931999996, "schools": 2, "distance_to_school": 0.0, "population": 3696.0, "school_per_1000": 0.54, "access_index": 0.64, "access_status": "High Access", "interpretation": "Area has strong access to educational facilities", "norm_school": 0.12803470149236088, "norm_dist": 1.0, "norm_pop": 0.068484791507934434 }, "geometry": { "type": "MultiPolygon", "coordinates": [ [ [ [ 115.258004, -8.653196 ], [ 115.260606, -8.657728 ], [ 115.265852, -8.657752 ], [ 115.268495, -8.653243 ], [ 115.265893, -8.648711 ], [ 115.260648, -8.648687 ], [ 115.258004, -8.653196 ] ] ] ] } },
{ "type": "Feature", "properties": { "id": 681, "fid": 740, "left": 308323.05086433544, "top": 9042550.6931999996, "right": 309477.75140271464, "bottom": 9041550.6931999996, "schools": 0, "distance_to_school": 723.87, "population": 1882.0, "school_per_1000": 0.0, "access_index": 0.49, "access_status": "Low Access", "interpretation": "Access is limited due to fewer schools or distance", "norm_school": 0.0, "norm_dist": 0.74838245273754622, "norm_pop": 0.034847347818222012 }, "geometry": { "type": "MultiPolygon", "coordinates": [ [ [ [ 115.26587, -8.658338 ], [ 115.266061, -8.658116 ], [ 115.265852, -8.657752 ], [ 115.260606, -8.657728 ], [ 115.257963, -8.662237 ], [ 115.260565, -8.666769 ], [ 115.261258, -8.666772 ], [ 115.261276, -8.6666 ], [ 115.261455, -8.665629 ], [ 115.261746, -8.664597 ], [ 115.261761, -8.664545 ], [ 115.261918, -8.664222 ], [ 115.261968, -8.664119 ], [ 115.26232, -8.663612 ], [ 115.262996, -8.662576 ], [ 115.263434, -8.661737 ], [ 115.264418, -8.660108 ], [ 115.265091, -8.659257 ], [ 115.26587, -8.658338 ] ] ] ] } },
{ "type": "Feature", "properties": { "id": 682, "fid": 741, "left": 308323.05086433544, "top": 9041550.6931999996, "right": 309477.75140271464, "bottom": 9040550.6931999996, "schools": 0, "distance_to_school": 181.0, "population": 1296.0, "school_per_1000": 0.0, "access_index": 0.57, "access_status": "Moderate Access", "interpretation": "Area has moderate access with reasonable proximity", "norm_school": 0.0, "norm_dist": 0.93708468481246332, "norm_pop": 0.023967335881561712 }, "geometry": { "type": "MultiPolygon", "coordinates": [ [ [ [ 115.261089, -8.668364 ], [ 115.261258, -8.666772 ], [ 115.260565, -8.666769 ], [ 115.257921, -8.671278 ], [ 115.260523, -8.67581 ], [ 115.264261, -8.675827 ], [ 115.264248, -8.675771 ], [ 115.264119, -8.675277 ], [ 115.263635, -8.674125 ], [ 115.263405, -8.6736 ], [ 115.263106, -8.67296 ], [ 115.262799, -8.672344 ], [ 115.26253, -8.671832 ], [ 115.26198, -8.670876 ], [ 115.261666, -8.67033 ], [ 115.261398, -8.669806 ], [ 115.26127, -8.669459 ], [ 115.26127, -8.669459 ], [ 115.261171, -8.669188 ], [ 115.261087, -8.668756 ], [ 115.261089, -8.668364 ] ] ] ] } },
{ "type": "Feature", "properties": { "id": 683, "fid": 742, "left": 308323.05086433544, "top": 9040550.6931999996, "right": 309477.75140271464, "bottom": 9039550.6931999996, "schools": 1, "distance_to_school": 0.0, "population": 2219.0, "school_per_1000": 0.45, "access_index": 0.63, "access_status": "High Access", "interpretation": "Area has strong access to educational facilities", "norm_school": 0.10663781823315205, "norm_dist": 1.0, "norm_pop": 0.041089931551583858 }, "geometry": { "type": "MultiPolygon", "coordinates": [ [ [ [ 115.264404, -8.676447 ], [ 115.264261, -8.675827 ], [ 115.260523, -8.67581 ], [ 115.257879, -8.680319 ], [ 115.260481, -8.684851 ], [ 115.264744, -8.684871 ], [ 115.26468, -8.684616 ], [ 115.264502, -8.683569 ], [ 115.264387, -8.682521 ], [ 115.264386, -8.682514 ], [ 115.264288, -8.681617 ], [ 115.264337, -8.681173 ], [ 115.264497, -8.680347 ], [ 115.264945, -8.678437 ], [ 115.264999, -8.677677 ], [ 115.265036, -8.677205 ], [ 115.265115, -8.677127 ], [ 115.265211, -8.676977 ], [ 115.265198, -8.676845 ], [ 115.265134, -8.676807 ], [ 115.264841, -8.6768 ], [ 115.264652, -8.676762 ], [ 115.264473, -8.6766 ], [ 115.264404, -8.676447 ] ] ] ] } },
{ "type": "Feature", "properties": { "id": 684, "fid": 743, "left": 308323.05086433544, "top": 9039550.6931999996, "right": 309477.75140271464, "bottom": 9038550.6931999996, "schools": 1, "distance_to_school": 0.0, "population": 2781.0, "school_per_1000": 0.36, "access_index": 0.62, "access_status": "High Access", "interpretation": "Area has strong access to educational facilities", "norm_school": 0.085071157556896385, "norm_dist": 1.0, "norm_pop": 0.051521488571758887 }, "geometry": { "type": "MultiPolygon", "coordinates": [ [ [ [ 115.264896, -8.685476 ], [ 115.264744, -8.684871 ], [ 115.260481, -8.684851 ], [ 115.257838, -8.68936 ], [ 115.26044, -8.693892 ], [ 115.265686, -8.693916 ], [ 115.266872, -8.691893 ], [ 115.266793, -8.691216 ], [ 115.266616, -8.690546 ], [ 115.266316, -8.689516 ], [ 115.265946, -8.688267 ], [ 115.265814, -8.688201 ], [ 115.26557, -8.688052 ], [ 115.265482, -8.687892 ], [ 115.265424, -8.687652 ], [ 115.2652, -8.686622 ], [ 115.264896, -8.685476 ] ] ] ] } },
{ "type": "Feature", "properties": { "id": 685, "fid": 744, "left": 308323.05086433544, "top": 9038550.6931999996, "right": 309477.75140271464, "bottom": 9037550.6931999996, "schools": 0, "distance_to_school": 332.41, "population": 2788.0, "school_per_1000": 0.0, "access_index": 0.54, "access_status": "Low Access", "interpretation": "Access is limited due to fewer schools or distance", "norm_school": 0.0, "norm_dist": 0.88445532616589218, "norm_pop": 0.051646485326763074 }, "geometry": { "type": "MultiPolygon", "coordinates": [ [ [ [ 115.266505, -8.6963 ], [ 115.266602, -8.695511 ], [ 115.265686, -8.693916 ], [ 115.26044, -8.693892 ], [ 115.257796, -8.698401 ], [ 115.260398, -8.702933 ], [ 115.264966, -8.702954 ], [ 115.265013, -8.702769 ], [ 115.26502, -8.702709 ], [ 115.265046, -8.702475 ], [ 115.265692, -8.700355 ], [ 115.265988, -8.698763 ], [ 115.266076, -8.698291 ], [ 115.266196, -8.697822 ], [ 115.266414, -8.69697 ], [ 115.266505, -8.6963 ] ] ] ] } },
{ "type": "Feature", "properties": { "id": 1140, "fid": 642, "left": 318715.35570974875, "top": 9051550.6931999996, "right": 319870.05624812795, "bottom": 9050550.6931999996, "schools": 0, "distance_to_school": 986.96, "population": 695.0, "school_per_1000": 0.0, "access_index": 0.46, "access_status": "Very Low Access", "interpretation": "Area lacks adequate access to educational facilities", "norm_school": 0.0, "norm_dist": 0.65693296671509283, "norm_pop": 0.012827708641592812 }, "geometry": { "type": "MultiPolygon", "coordinates": [ [ [ [ 115.36105, -8.577825 ], [ 115.361182, -8.577767 ], [ 115.360624, -8.576795 ], [ 115.355379, -8.576772 ], [ 115.352737, -8.581282 ], [ 115.353668, -8.582902 ], [ 115.353669, -8.5829 ], [ 115.353847, -8.582629 ], [ 115.35391, -8.582561 ], [ 115.35391, -8.582561 ], [ 115.354104, -8.582351 ], [ 115.354183, -8.582158 ], [ 115.354354, -8.581994 ], [ 115.354468, -8.581887 ], [ 115.354782, -8.58163 ], [ 115.355011, -8.581465 ], [ 115.355204, -8.581273 ], [ 115.355532, -8.581009 ], [ 115.35576, -8.580844 ], [ 115.356053, -8.580609 ], [ 115.356153, -8.58053 ], [ 115.356367, -8.580395 ], [ 115.356567, -8.580288 ], [ 115.356646, -8.580245 ], [ 115.356917, -8.580052 ], [ 115.357202, -8.579916 ], [ 115.357538, -8.579624 ], [ 115.357816, -8.579381 ], [ 115.358123, -8.579138 ], [ 115.358366, -8.578938 ], [ 115.358751, -8.578781 ], [ 115.35928, -8.578503 ], [ 115.35953, -8.578417 ], [ 115.359615, -8.578417 ], [ 115.359737, -8.578439 ], [ 115.360008, -8.578303 ], [ 115.360408, -8.578132 ], [ 115.36105, -8.577825 ] ] ] ] } },
{ "type": "Feature", "properties": { "id": 1171, "fid": 643, "left": 319581.38111353316, "top": 9060050.6931999996, "right": 320736.08165191236, "bottom": 9059050.6931999996, "schools": 1, "distance_to_school": 0.0, "population": 3252.0, "school_per_1000": 0.31, "access_index": 0.62, "access_status": "High Access", "interpretation": "Area has strong access to educational facilities", "norm_school": 0.072758053568965864, "norm_dist": 1.0, "norm_pop": 0.060250477788198524 }, "geometry": { "type": "MultiPolygon", "coordinates": [ [ [ [ 115.368832, -8.5 ], [ 115.363545, -8.5 ], [ 115.360932, -8.504462 ], [ 115.363535, -8.508994 ], [ 115.368779, -8.509016 ], [ 115.37142, -8.504506 ], [ 115.368832, -8.5 ] ] ] ] } },
{ "type": "Feature", "properties": { "id": 1172, "fid": 644, "left": 319581.38111353316, "top": 9059050.6931999996, "right": 320736.08165191236, "bottom": 9058050.6931999996, "schools": 0, "distance_to_school": 236.73, "population": 3261.0, "school_per_1000": 0.0, "access_index": 0.56, "access_status": "Moderate Access", "interpretation": "Area has moderate access with reasonable proximity", "norm_school": 0.0, "norm_dist": 0.91771290668843897, "norm_pop": 0.060416032606593777 }, "geometry": { "type": "MultiPolygon", "coordinates": [ [ [ [ 115.360894, -8.513504 ], [ 115.363497, -8.518035 ], [ 115.36874, -8.518057 ], [ 115.371382, -8.513548 ], [ 115.368779, -8.509016 ], [ 115.363535, -8.508994 ], [ 115.360894, -8.513504 ] ] ] ] } }
]
}
